clan,name,Sex,Mum,Sib,HY02-01,HY02-02,HY03-01,HY03-02,HY04-01,HY04-02,HY07-01,HY07-02,HY09-01,HY09-02,HY15-01,HY15-02,HY27-01,HY27-02,HY63-01,HY63-02,HY65-01,HY65-02,Father,comments,typed by,r.a.,dead,type
A,A-001,F,A-,,C,F,C,E,D,K,B,I,E,M,C,D,E,E,M,O,B,G,founder,,BW + OH,,x,b
A,A-206,F,A-001,,C,H,C,F,D,D,B,J,E,H,C,C,E,G,E,O,B,G,L-138,,DT + SK,,x,b
A,A-273,F,A-206,A-274,H,J,E,F,D,K,B,I,H,M,C,D,E,G,E,E,G,I,F-112,,DT + SK,,,m
A,A-396,F,A-273,,I,J,E,F,D,E,H,I,D,H,A,C,A,E,E,L,D,G,unknown,,SK,,,m
A,A-367,F,A-273,,C,J,B,E,I,K,I,I,D,M,D,D,E,J,E,E,G,J,F-139,,SK,,,m
A,A-274,M,A-206,A-273,C,J,F,F,D,K,B,I,H,M,C,D,E,G,E,O,G,I,F-112,,DT + SK,,x,b
A,A-146,M,A-001,,C,H,E,F,K,L,B,I,E,G,C,D,E,F,M,O,B,H,A-011,,KW,L,x,b
A,A-127,M,A-001,A-128,F,H,E,H,D,H,B,J,E,N,A,C,E,I,F,O,B,J,A-042,,AM + DT,,x,b
A,A-128,M,A-001,A-127,F,H,E,H,D,G,B,I,F,M,D,D,E,I,G,M,B,J,A-042,,AM + DT,L,x,b
A,A-107,F,A-001,A-108,F,H,E,F,D,L,H,I,E,G,C,D,E,F,M,M,B,H,A-011,,BW + OH + SK,,,b
A,A-298,F,A-107,A-299,F,H,F,H,L,L,H,I,E,G,C,G,E,F,K,M,A,B,M-203,,DT + SK,,,b
A,A-538,F,A-298,A-539,C,F,B,H,I,L,I,K,E,H,C,E,E,F,D,K,A,A,F-219,,SK,,,
A,A-299,M,A-107,A-298,H,J,F,J,D,L,H,I,E,G,C,G,F,J,D,M,B,B,M-203,,DT + SK,A,,b
A,A-262,F,A-107,A-263,C,H,D,F,D,J,H,K,G,L,A,D,F,G,D,M,H,J,unknown,,DT,,,b
A,A-566,F,A-262,A-567,C,H,D,I,D,J,H,I,F,L,A,D,C,F,A,M,A,H,F-146,,SK,,,
A,A-537,M,A-262,,H,H,D,F,D,G,J,K,J,L,D,D,F,J,D,M,H,J,F-146,,SK,,,
A,A-487,F,A-262,A-488,H,H,F,I,D,J,I,K,F,G,D,D,G,J,D,D,H,J,F-146,could also be GJ in HY04,SK,,,h
A,A-488,M,A-262,A-487,F,H,D,F,D,J,H,H,G,G,B,D,F,G,D,M,H,J,F-160,,SK,,,m
A,A-426,M,A-262,A-427,C,H,F,F,D,D,H,J,F,L,A,D,F,J,A,D,H,H,F-146,,SK,,,m
A,A-427,M,A-262,A-426,H,H,F,I,G,J,H,I,G,J,A,D,C,G,D,D,A,J,F-146,,SK,,,m
A,A-368,F,A-262,,H,H,E,F,D,D,H,I,E,E,A,B,G,G,D,M,H,I,unknown,,SK,,,
A,A-263,M,A-107,A-262,C,H,D,F,D,I,I,I,D,G,D,D,E,G,D,M,B,J,unknown,,DT,A,,m
A,A-243,F,A-107,,C,H,F,H,D,H,E,I,E,G,D,D,E,E,M,O,B,J,X-024,,DT,,x,b
A,A-228,F,A-107,,F,F,E,F,D,L,H,J,D,E,C,D,E,F,B,K,,,A-092,A-092 has FG in HY09 and MM in HY63,DT,,x,b
A,A-179,M,A-107,,C,F,E,F,D,I,I,K,D,E,,,F,G,D,M,,,L-111,,KW + DT,,x,m
A,A-108,F,A-001,A-107,C,F,C,F,D,D,B,H,G,M,,,E,F,,,,,A-011,,BW + OH,,x,b
A,A-101,F,A-001,,C,H,E,F,D,K,B,B,G,M,,,E,F,,,,,A-045,A-045 has MM in HY09,BW + OH,,x,b
A,A-144,F,A-101,,C,F,F,F,F,K,B,F,D,M,,,E,J,N,O,,,M-053,,KW,,x,m
A,A-089,M,A-001,,F,H,E,I,D,F,B,E,D,M,C,D,E,G,O,O,B,B,unknown,,BW + OH + DT,,x,b
A,A-084,M,A-001,,F,H,C,I,D,H,E,I,E,P,B,C,E,G,M,O,D,G,founder,,BW + OH,L,x,m
A,A-010,F,A-001,,C,H,C,C,D,K,B,K,E,M,C,G,E,F,M,O,B,J,A-045,,BW + OH,,x,b
A,A-105,F,A-010,A-106,C,C,C,E,D,L,B,B,M,M,D,G,D,E,E,M,B,D,unknown,,BW + OH,,x,b
A,A-148,M,A-105,A-149,A,C,C,F,D,K,B,J,G,M,,,D,E,E,L,,,X-017,,KW,L,x,b
A,A-149,M,A-105,A-148,A,C,E,F,K,L,B,O,F,M,,,D,E,E,L,,,X-017,,KW,,x,m
A,A-106,F,A-010,A-105,C,H,C,E,D,L,B,J,M,M,D,G,D,E,E,O,A,J,unknown,,BW + OH,,,b
A,A-337,M,A-106,A-338,C,F,E,G,L,M,I,J,G,M,D,G,E,G,D,O,A,J,M-224,M-224 has KL in HY04,SK,A,,m
A,A-338,M,A-106,A-337,F,H,C,G,K,L,I,J,H,H,C,D,E,G,E,M,A,A,M-224,,SK,A,,m
A,A-300,M,A-106,,A,H,C,K,K,L,J,O,F,M,E,G,E,E,N,O,A,E,X-017,,DT,,,b
A,A-266,F,A-106,A-267,C,J,C,F,D,L,B,L,M,P,B,G,D,E,E,O,A,J,L-196,,KW + DT,,,m
A,A-361,F,A-266,,C,H,C,I,D,D,J,L,F,M,D,G,C,D,D,O,H,J,F-146,,SK,,,m
A,A-267,F,A-106,A-266,H,J,C,I,D,H,I,J,D,M,D,I,E,E,O,O,A,J,L-196,,DT,,,b
A,A-441,F,A-267,A-442,H,J,C,I,D,D,I,J,D,F,D,I,C,E,D,O,A,H,F-146,,SK,,,m
A,A-560,M,A-441,,H,J,D,I,D,G,I,L,D,H,C,I,E,G,D,F,A,I,F-214,,SK,,,
A,A-442,M,A-267,A-441,H,J,C,I,D,G,I,J,D,J,D,D,E,J,A,O,H,J,F-146,,SK,,,m
A,A-392,F,A-267,A-393,F,J,F,I,D,H,I,J,D,M,A,D,C,E,K,O,H,J,F-147,,SK,,,m
A,A-393,F,A-267,A-392,F,J,C,F,D,I,J,J,C,M,C,D,E,E,A,O,A,D,F-147,,SK,,,m
A,A-357,F,A-267,,C,H,E,I,D,H,I,I,E,M,B,D,E,J,E,O,J,J,F-139,,SK,,,m
A,A-239,F,A-106,A-240,C,H,B,C,H,L,B,E,E,M,D,G,D,G,L,O,J,J,X-024,,DT,,x,b
A,A-240,M,A-106,A-239,C,H,B,E,D,H,E,B,E,M,D,D,D,E,E,L,A,J,X-024,,DT,,x,b
A,A-215,M,A-106,A-216,C,F,E,I,K,L,B,L,G,M,,,D,J,E,G,,,M-051,,DT,,x,b
A,A-216,M,A-106,A-215,C,F,E,J,K,L,J,J,G,M,B,G,D,J,E,M,A,J,M-051,,DT,,x,b
A,A-182,M,A-106,,H,H,C,H,H,L,E,J,E,M,D,D,E,E,O,O,A,D,X-024,,KW + DT,L,x,m
A,A-163,M,A-106,,C,H,C,I,D,F,B,F,D,M,,,D,J,N,O,,,M-053,M-053 has FI in HY02,KW,L,x,b
A,A-018,F,A-001,A-046,F,H,C,F,D,K,B,I,M,M,C,D,E,F,N,N,C,G,A-045,,BW + OH + DT,,x,b
A,A-046,M,A-001,A-018,C,H,B,C,D,G,H,I,F,M,D,D,E,J,D,O,G,J,founder,,BW + OH,L,x,b
A,A-003,F,A-,,F,H,B,F,H,J,I,J,E,N,A,C,I,J,D,F,A,A,founder,,BW + OH + DT,,x,b
A,A-178,F,A-003,A-177,F,H,B,F,H,J,I,I,E,J,C,D,I,J,F,G,A,H,A-051,,KW,,,b
A,A-434,M,A-178,,F,H,F,F,F,H,F,I,D,J,C,D,G,J,G,N,A,J,N-183,,SK,,,m
A,A-377,M,A-178,,C,F,E,F,I,J,I,I,D,J,D,D,G,J,D,F,A,J,F-139,,SK,F,,m
A,A-323,F,A-178,,,,B,F,H,J,I,J,J,M,D,E,G,I,G,O,A,I,S-123,,DT,,,h
A,A-432,M,A-323,A-433,H,H,F,J,H,L,I,J,G,J,D,G,I,J,G,K,A,A,A-261,,SK,,,m
A,A-433,F,A-323,A-432,F,J,B,H,H,L,I,I,G,J,D,G,I,J,G,K,A,I,A-261,,SK,,,m
A,A-275,M,A-178,,C,F,F,I,H,J,I,J,G,J,B,D,G,I,F,G,H,H,L-128,,DT,,,b
A,A-145,F,A-003,,F,H,B,F,H,L,I,I,D,E,C,I,I,I,F,G,A,H,A-051,,KW,,x,b
A,A-349,M,A-145,A-350,H,H,F,F,D,L,I,K,E,E,B,C,E,I,F,G,A,J,X-063,X-063 has CF in HY09,SK,,,m
A,A-324,F,A-145,,F,H,D,F,D,L,I,N,C,D,I,I,F,I,G,G,A,A,X-063,,DT,,,b
A,A-286,F,A-145,,F,J,B,F,H,K,I,I,C,D,C,D,G,I,F,M,A,I,F-112,,DT,,,m
A,A-365,F,A-286,A-366,C,F,B,F,D,H,I,I,C,D,B,D,I,J,D,M,I,I,F-139,,SK,,,m
A,A-563,F,A-365,,F,H,B,H,G,H,I,L,C,H,C,D,G,I,D,F,I,I,F-214,,SK,,,
A,A-528,M,A-365,,C,H,F,H,G,G,I,J,C,D,B,C,G,I,F,M,I,J,F-214,F-214 has II in HY65,SK,,,
A,A-256,F,A-145,A-257,A,H,F,K,H,K,I,J,D,F,E,I,E,I,F,N,B,H,X-017,,KW + DT,,x,m
A,A-257,M,A-145,A-256,F,H,B,F,H,H,I,J,D,G,A,I,E,I,G,L,B,H,X-017,,KW + DT,A,,b
A,A-231,M,A-145,,C,F,F,F,D,L,E,I,C,D,C,I,E,I,F,L,A,J,L-128,,DT,,x,b
A,A-121,M,A-003,,F,F,B,J,H,K,J,J,M,N,,,I,J,,,,,M-051,,AM,F,x,b
A,A-104,F,A-003,,H,H,B,C,J,L,I,K,E,M,,,F,I,,,,,A-045,,BW + OH,,x,b
A,A-085,M,A-003,,H,H,F,I,F,H,F,J,E,P,,,G,J,,,,,founder,,BW + OH,S,x,m
A,A-006,F,A-,,C,H,C,F,D,L,I,I,D,M,B,I,D,D,N,O,A,I,founder,,BW + OH,,x,m
A,A-207,F,A-006,,H,H,F,F,D,L,I,K,H,M,,,D,E,E,N,,,L-138,,DT,,x,m
A,A-173,F,A-006,,C,H,C,F,D,H,B,I,M,X,B,B,D,F,E,O,D,I,unknown,new allele in HY09,KW + DT,,x,m
A,A-131,M,A-006,A-132,H,H,B,C,D,D,I,I,G,M,,,D,F,,,,,A-011,,AM,,x,m
A,A-132,F,A-006,A-131,C,H,B,C,D,D,H,I,D,G,G,I,D,F,M,N,A,I,A-011,,AM + DT,,x,m
A,A-225,M,A-132,A-226,C,H,C,H,D,D,E,I,G,J,G,I,F,G,M,N,D,I,X-024,X-024 has LO in HY63,DT,F,x,b
A,A-226,F,A-132,A-225,C,H,B,C,D,D,B,I,E,G,,,D,G,L,M,,,X-024,,DT,,x,b
A,A-204,F,A-132,,C,F,C,F,D,D,H,J,D,F,D,I,E,F,M,N,A,H,A-092,,DT,,x,b
A,A-290,F,A-204,A-292,C,H,F,H,D,L,I,J,D,D,A,I,E,J,D,M,A,A,M-203,,DT,,x,m
A,A-292,M,A-204,A-290,C,J,C,J,D,J,F,J,F,H,A,D,E,E,F,M,A,H,X-068,,DT + SK,,x,m
A,A-258,M,A-204,,F,J,C,H,D,L,I,J,D,G,G,I,E,E,D,N,A,H,M-203,,DT,,x,b
A,A-117,M,A-006,,F,H,C,H,D,D,I,I,D,G,,,D,F,,,,,M-041,,AM,,x,b
A,A-100,M,A-006,,C,H,C,C,D,L,B,I,D,M,,,D,F,,,,,A-045,,BW + OH,F,x,m
A,A-009,F,A-,,C,H,E,I,F,H,E,I,G,P,A,B,G,I,M,O,A,B,founder,,BW + OH,,x,b
A,A-200,F,A-009,A-201,H,H,E,H,H,H,E,E,E,P,B,D,G,G,L,O,A,D,X-024,,KW + DT,,x,m
A,A-201,F,A-009,A-200,C,C,B,I,H,H,E,I,G,J,A,I,G,I,L,O,A,D,X-024,,KW,,x,b
A,A-165,F,A-009,A-166,H,H,B,E,F,H,I,I,G,J,A,D,I,I,M,M,B,J,A-051,,KW + DT + SK,,x,b
A,A-166,M,A-009,A-165,H,H,F,I,F,L,E,I,D,P,B,I,F,I,G,O,A,J,A-051,,KW,F,x,b
A,A-143,F,A-009,,C,F,E,J,F,K,E,J,G,P,,,I,J,G,M,,,M-051,,KW,,x,b
A,A-125,M,A-009,A-126,H,H,I,J,F,F,E,J,F,P,B,D,G,J,N,O,A,A,A-040,,AM + KW + DT,F,x,b
A,A-109,M,A-009,,C,H,B,E,H,H,E,I,G,J,,,G,I,,,,,A-051,,BW + OH,,x,b
A,A-013,F,A-,,C,G,F,H,H,J,B,I,G,N,A,C,I,J,D,M,A,J,founder,,BW + OH,,x,b
A,A-222,M,A-013,,C,H,F,H,J,K,I,O,G,N,A,A,E,I,M,N,A,E,X-017,,DT,E,x,b
A,A-194,F,A-013,A-195,F,G,F,F,H,J,I,I,J,N,A,D,I,I,G,M,A,H,A-051,,KW + DT,,,m
A,A-495,F,A-194,A-496,G,H,B,F,D,J,I,I,M,N,A,B,I,J,D,G,H,J,F-167,,SK,,,m
A,A-496,F,A-194,A-495,E,G,F,F,D,J,I,K,F,N,A,B,E,I,D,G,A,H,A-370,,SK,,,m
A,A-445,F,A-194,,F,G,E,F,H,J,I,J,G,N,A,G,I,J,D,M,B,H,A-386,,SK,,,m
A,A-594,M,A-445,A-595,F,G,E,H,I,J,J,M,G,H,C,G,G,J,D,E,B,I,F-214,F-214 has JL in HY07,SK,,,
A,A-595,F,A-445,A-594,F,J,B,F,D,L,H,I,D,P,B,I,E,J,M,M,A,D,,,SK,,,
A,A-558,F,A-445,A-559,G,H,E,F,J,J,I,I,F,G,G,I,F,J,A,M,A,B,F-221,,SK,,,
A,A-559,F,A-445,A-558,F,F,E,F,H,J,J,J,F,G,G,I,D,J,A,D,A,B,F-221,,SK,,,
A,A-529,F,A-445,,F,G,E,G,J,K,I,J,H,N,A,C,G,I,D,M,A,H,A-338,,SK,,,
A,A-411,M,A-194,A-412,F,F,F,I,D,J,I,J,D,N,A,A,E,I,A,G,A,H,F-147,,SK,E,,m
A,A-412,M,A-194,A-411,C,F,B,F,J,L,I,I,D,N,A,I,F,I,G,M,A,J,M-231,,SK,L,,m
A,A-390,M,A-194,,F,H,F,F,G,J,I,I,F,N,A,D,I,J,A,M,A,A,F-146,,SK,S,,m
A,A-383,M,A-194,,F,G,F,F,H,J,I,J,E,J,B,D,G,I,M,O,A,A,M-264,,SK,L,,m
A,A-353,F,A-194,A-356,E,G,F,F,D,J,I,K,F,N,A,B,E,I,G,H,A,H,X-063,,SK,,,b
A,A-493,F,A-353,A-494,E,H,D,F,I,J,I,I,F,D,B,D,E,I,G,M,H,J,A-263,,SK,,,muscle
A,A-494,F,A-353,A-493,C,G,D,F,D,J,I,K,G,N,B,D,G,I,G,M,A,B,A-263,,SK,,,vomit
A,A-457,F,A-353,A-458,E,H,B,F,D,H,I,J,F,G,A,B,E,I,G,L,A,B,A-257,,SK,,,m
A,A-458,M,A-353,A-457,E,H,F,F,D,H,J,K,D,F,A,I,E,I,G,H,A,H,A-257,,SK,L,,m
A,A-431,M,A-353,,E,J,F,J,D,H,I,J,F,N,A,B,E,J,H,K,A,A,A-261,,SK,,,m
A,A-356,M,A-194,A-353,F,H,F,J,J,L,I,I,G,N,A,G,G,I,M,M,A,H,M-224,,SK,F,,b
A,A-326,F,A-194,A-327,C,F,E,F,H,I,I,I,E,N,A,B,G,I,A,G,A,I,F-128,,DT + SK,,,b
A,A-470,F,A-326,A-476,F,J,F,H,H,I,I,J,E,N,A,B,G,J,D,G,A,A,A-261,,SK,,,m
A,A-599,M,A-470,A-600,C,J,F,H,D,H,I,J,C,E,A,D,D,G,D,G,A,C,F-224,,SK,,,
A,A-600,M,A-470,A-599,C,J,F,H,D,H,I,J,C,E,B,D,G,G,G,G,A,J,F-224,,SK,,,
A,A-476,F,A-326,A-470,C,J,F,H,H,H,I,J,E,N,A,B,I,J,A,K,A,A,A-261,,SK,,,m
A,A-574,M,A-476,,F,J,F,H,D,H,I,I,C,N,A,D,D,J,D,K,A,J,F-224,F-224 has BJ in HY07,SK,,,
A,A-541,M,A-476,,H,J,D,F,G,H,I,J,C,N,A,C,G,J,A,E,A,I,F-214,,SK,,,
A,A-429,F,A-326,A-430,F,H,F,J,H,H,I,I,E,G,A,A,I,J,G,K,A,I,A-261,,SK,,,m
A,A-430,M,A-326,A-429,F,H,F,F,I,J,E,J,E,M,B,B,G,I,G,M,I,I,A-276,A-276 has JJ in HY65,SK,L,,m
A,A-386,M,A-326,,F,H,E,H,H,I,I,J,G,N,A,G,I,J,D,G,B,I,A-261,,SK,S,,m
A,A-327,M,A-194,A-326,C,F,B,F,D,H,I,I,E,J,B,D,G,I,L,M,A,I,F-128,,DT + SK,S,x,m
A,A-305,F,A-194,A-306,,,F,G,J,K,I,I,H,H,A,C,G,I,D,G,A,H,M-224,,DT + SK,,,m
A,A-497,M,A-305,,G,H,B,G,D,K,I,I,H,M,B,C,I,J,G,L,A,J,F-167,F-167 has DK in HY63,SK,,,m
A,A-446,F,A-305,A-447,H,H,G,J,D,J,B,I,D,H,C,C,G,J,D,G,A,J,F-167,,SK,,,m
A,A-447,M,A-305,A-446,H,H,B,F,K,K,I,I,H,M,B,C,G,J,D,G,A,J,F-167,,SK,,,m
A,A-413,M,A-305,A-418,C,H,E,G,D,J,I,I,E,H,B,C,G,G,G,L,A,I,F-128,,SK,,,m
A,A-418,M,A-305,A-413,C,H,F,F,D,K,I,I,G,H,C,D,E,I,G,M,H,J,A-263,,SK,E,,m
A,A-385,M,A-305,,H,H,F,G,J,K,I,J,H,H,A,C,E,I,G,L,A,H,A-257,A-257 has HH in HY04 and DG in HY09,SK,S,x,m
A,A-346,M,A-305,,C,H,F,F,G,J,B,I,F,H,C,I,I,I,D,G,A,A,F-135,,SK,S,,m
A,A-306,M,A-194,A-305,C,F,F,F,H,I,I,K,H,J,C,D,G,I,M,O,C,H,L-137,,DT + SK,S,,m
A,A-288,M,A-194,A-289,G,I,D,F,D,H,I,I,H,J,C,D,G,I,G,O,A,G,S-091,,DT,,x,h
A,A-289,M,A-194,A-288,G,J,D,F,D,H,H,I,E,E,A,C,E,I,G,M,A,A,S-091,S-091 has GI in HY65,DT,L,,h
A,A-259,F,A-194,A-260,G,J,E,F,J,K,I,I,M,N,A,D,G,I,E,G,H,I,F-112,,KW + DT,,,b
A,A-452,F,A-259,,G,H,E,I,G,K,I,I,J,N,A,D,C,G,D,G,H,H,F-146,,SK,,,m
A,A-449,F,A-259,,H,J,E,F,G,J,I,I,J,N,D,D,G,J,A,E,A,I,F-146,,SK,,,m
A,A-398,M,A-259,A-399,G,H,D,F,D,K,I,K,F,M,B,D,E,I,E,H,A,H,X-063,,SK,S,,m
A,A-399,M,A-259,A-398,E,J,F,F,D,K,I,N,F,M,B,D,E,G,E,G,A,I,X-063,,SK,S,,m
A,A-373,M,A-259,A-374,E,G,D,F,F,J,I,K,C,N,A,I,F,I,G,H,A,H,X-063,,SK,S,,m
A,A-374,M,A-259,A-373,E,G,E,F,F,J,I,K,F,M,B,D,F,I,E,G,H,J,X-063,,SK,S,,m
A,A-334,F,A-259,A-335,G,H,E,G,K,K,I,I,H,M,C,D,D,G,G,M,A,I,M-224,,DT,,,m
A,A-436,F,A-334,A-437,G,H,G,M,D,K,B,I,J,M,D,I,D,G,M,M,I,J,A-276,A-276 has EJ in HY07,SK,,,m
A,A-584,M,A-436,A-583,G,H,D,M,D,K,B,K,J,M,G,I,D,I,A,M,G,J,unknown,,SK,,,
A,A-335,F,A-259,A-334,C,G,B,F,D,J,I,I,E,N,A,B,G,I,E,L,H,I,F-128,,DT + SK,,,m
A,A-450,M,A-335,A-451,C,H,B,F,J,J,B,I,I,J,A,I,G,G,E,M,I,J,A-276,A-276 has EJ in HY07,SK,,,m
A,A-451,M,A-335,A-450,G,H,F,M,D,D,B,I,I,J,A,I,G,G,L,M,I,J,A-276,A-276 has EJ in HY07,SK,,,m
A,A-428,F,A-335,,C,H,B,F,D,F,F,I,D,E,B,C,E,G,E,N,I,J,N-183,,SK,,,m
A,A-307,M,A-259,,I,J,B,F,H,K,H,I,H,N,A,D,E,G,G,M,H,I,S-123,S-123 has HH in HY02 - same mismatch with other cub,DT,F,,m
A,A-260,F,A-194,A-259,F,J,F,F,H,J,I,L,J,P,B,D,E,I,M,O,A,J,L-196,,DT + SK,,x,m
A,A-313,F,A-260,,F,J,F,J,J,L,I,L,H,P,B,G,E,G,M,M,A,A,M-224,,DT + SK,,,m
A,A-585,F,A-313,,F,H,F,F,G,J,I,I,J,P,B,D,C,E,D,M,A,H,F-146,,SK,,,
A,A-556,M,A-313,,F,F,B,F,H,J,I,I,D,H,G,I,G,I,G,M,A,B,A-257,,SK,,,
A,A-517,F,A-313,,C,J,B,J,D,J,I,I,D,P,B,C,E,J,D,M,A,J,F-167,,SK,,,
A,A-592,M,A-517,A-593,F,J,B,F,D,L,H,I,D,P,B,I,E,J,M,M,A,D,F-230,,SK,,,
A,A-593,M,A-517,A-592,C,F,B,J,D,J,I,J,P,P,B,D,J,J,D,M,A,D,F-230,F-230 has BF in HY03 and DD in HY09,SK,,,
A,A-237,M,A-194,A-238,C,F,F,I,D,J,E,I,C,J,A,C,G,I,F,G,H,H,L-128,,DT,L,,b
A,A-238,F,A-194,A-237,C,G,F,I,H,H,I,J,G,J,B,D,G,I,G,L,H,J,L-128,,DT,,,b
A,A-582,F,A-238,,C,G,F,F,H,I,I,J,F,G,B,D,C,G,L,O,A,J,A-391,,SK,,,
A,A-552,F,A-238,A-553,F,G,F,F,D,H,J,J,F,J,D,D,E,I,D,G,D,J,F-230,F-230 has DD in HY09,SK,,,
A,A-553,F,A-238,A-552,F,G,F,F,H,L,H,J,D,G,B,I,E,I,G,M,D,J,F-230,,SK,,,
A,A-526,F,A-238,,C,F,B,I,D,H,J,J,G,G,B,B,G,I,A,L,H,J,A-395,,SK,,,
A,A-579,M,A-526,A-580,C,C,F,I,D,D,I,J,F,G,B,D,C,G,D,L,H,H,A-391,,SK,,,m
A,A-580,M,A-526,A-579,C,C,B,F,D,H,I,J,F,G,B,D,C,G,A,O,A,H,F-146,F-146 has HH in HY02 and AD in HY63,SK,,,m
A,A-455,F,A-238,A-456,C,H,F,F,D,H,I,J,F,J,D,D,C,G,D,L,H,J,F-146,,SK,,,m
A,A-456,M,A-238,A-455,G,H,F,I,D,H,J,J,E,J,D,D,C,G,D,G,A,J,F-146,F-146 has FJ in HY09,SK,,,m
A,A-405,M,A-238,A-404,G,H,F,I,D,H,I,J,F,J,D,D,G,J,D,G,H,J,F-146,,SK,,,m
A,A-406,M,A-238,A-407,C,E,F,I,F,H,J,K,F,J,B,D,F,G,H,L,A,J,X-063,,SK,,,m
A,A-381,F,A-238,A-382,C,H,I,J,H,L,E,J,F,J,C,D,D,G,D,G,A,H,M-289,,SK,,,m
A,A-581,M,A-381,,F,H,E,I,J,L,E,I,F,J,D,I,D,F,A,G,A,H,F-221,,SK,,,
A,A-550,F,A-381,A-551,C,F,C,I,K,L,I,J,H,J,C,D,D,G,D,E,A,H,A-338,,SK,,,
A,A-551,M,A-381,A-550,H,J,J,J,L,L,E,I,E,J,C,G,F,G,G,M,A,B,A-299,,SK,,,
A,A-521,F,A-381,A-520,C,H,I,J,H,K,E,I,J,M,B,D,D,J,D,G,A,J,F-167,,SK,,,
A,A-586,M,A-521,,H,H,H,J,G,K,I,J,C,M,B,C,G,J,E,G,I,J,F-214,,SK,,,
A,A-486,F,A-381,,C,F,J,J,H,J,E,H,E,E,B,C,D,G,G,M,A,J,F-160,,SK,,,m
A,A-382,M,A-238,A-381,C,H,F,I,D,H,E,I,E,G,B,G,G,I,D,G,H,J,M-289,,SK,,,m
A,A-355,F,A-238,,G,H,F,J,H,H,I,J,J,N,A,D,G,J,G,K,A,J,A-261,,DT + SK,,,b
A,A-575,F,A-355,A-576,F,G,B,J,H,H,I,I,D,D,A,I,E,G,G,L,A,H,A-257,,SK,,,
A,A-576,F,A-355,A-575,H,H,B,F,H,H,I,J,J,J,A,D,E,G,G,K,H,J,A-257,A-257 has DG in HY09,SK,,,
A,A-554,M,A-355,A-555,F,H,F,J,H,H,J,J,H,N,A,A,I,J,G,K,B,J,A-257,A-257 has DG in HY09,SK,,,
A,A-555,F,A-355,A-554,H,H,B,J,H,H,J,J,G,N,A,A,I,J,K,L,A,H,A-257,,SK,,,
A,A-527,M,A-355,,G,H,F,G,H,K,I,J,H,H,A,C,G,G,E,K,A,A,A-338,,SK,,,
A,A-510,M,A-355,,C,H,D,J,D,H,I,J,G,J,D,D,G,J,D,K,A,B,A-263,,SK,,,muscle
A,A-453,F,A-355,,F,H,F,F,H,I,H,J,E,N,A,B,J,J,A,G,A,I,F-160,,SK,,,m
A,A-448,M,A-355,,G,H,F,I,D,H,J,J,J,J,D,D,C,G,D,G,A,J,F-146,,SK,,,m
A,A-287,F,A-238,,G,J,F,H,H,L,I,I,D,G,A,B,I,J,D,L,A,H,M-203,,DT,,,h
A,A-484,M,A-287,A-485,C,G,B,H,D,L,I,I,E,G,A,B,G,J,D,L,H,I,F-128,A-287 cub1,SK,A/F,,m
A,A-485,M,A-287,A-484,F,G,B,H,D,H,I,I,E,G,B,B,G,I,A,L,H,I,F-128,A-287 cub2,SK,,,m
A,A-424,F,A-287,A-425,J,J,F,H,H,H,I,I,G,N,A,B,I,J,D,K,A,A,S-261,,SK,,,m
A,A-369,M,A-287,A-370,G,H,D,F,D,L,I,N,C,D,A,B,E,I,D,H,A,J,X-063,,SK,S,,h
A,A-370,M,A-287,A-369,E,G,F,F,D,L,I,K,F,G,A,B,E,I,D,G,A,H,X-063,,SK,,,m
A,A-195,F,A-013,A-194,G,H,F,F,J,L,B,I,J,N,A,D,I,J,D,M,A,H,A-051,,DT + SK,,,b
A,A-461,F,A-195,A-462,H,H,F,J,D,J,I,I,E,N,A,G,D,J,D,M,A,A,M-289,,SK,,,m
A,A-462,F,A-195,A-461,H,H,F,F,D,J,B,I,E,N,A,G,G,I,D,M,A,A,M-289,,SK,,,m
A,A-417,F,A-195,,G,H,F,I,G,J,I,I,F,N,A,D,I,J,A,D,A,H,F-146,,SK,,,m
A,A-359,F,A-195,A-372,G,H,F,F,H,L,I,J,G,J,B,D,E,I,D,F,A,H,L-128,,SK,,,m
A,A-589,F,A-359,,G,H,F,H,H,I,I,J,H,J,C,D,G,I,F,F,H,I,F-214,,SK,,,
A,A-557,F,A-359,,F,G,B,F,F,H,I,J,G,G,A,B,E,E,F,L,B,H,A-257,A-257 has HH in HY04,SK,,,
A,A-522,F,A-359,A-523,H,J,F,J,L,L,I,I,G,J,D,G,E,F,D,D,B,H,A-299,,SK,,,
A,A-523,F,A-359,A-522,H,H,F,J,D,H,I,J,E,G,B,C,I,J,D,F,A,B,A-299,,SK,,,
A,A-499,F,A-359,,H,H,D,F,D,H,I,I,G,G,B,D,G,I,D,D,A,B,A-263,,SK,,,m
A,A-372,M,A-195,A-359,H,H,F,I,H,L,I,J,G,J,B,D,G,J,D,F,A,J,L-128,,SK,F,,m
A,A-328,M,A-195,A-329,C,H,F,I,H,L,I,J,G,N,A,B,G,I,F,M,A,H,L-128,third sib is A-330,DT,F,,m
A,A-329,F,A-195,A-328,H,H,F,I,H,J,B,J,G,J,B,D,E,I,D,F,A,H,L-128,third sib is A-330,DT + SK,,,m
A,A-596,M,A-329,,F,H,F,G,H,H,J,J,D,G,B,I,E,I,D,G,A,H,A-257,A-257 has BF in HY03,SK,,,
A,A-548,F,A-329,A-549,H,H,I,I,D,H,B,J,F,J,D,D,C,I,A,D,A,H,F-146,,SK,,,
A,A-549,M,A-329,A-548,H,H,F,I,G,H,I,J,G,J,B,D,E,J,A,F,H,H,F-146,,SK,,,
A,A-518,F,A-329,A-519,F,H,J,J,H,J,B,H,C,G,B,C,I,J,D,K,A,H,unknown,,SK,,,
A,A-519,F,A-329,A-518,F,H,I,J,J,J,B,H,C,J,C,D,E,G,F,M,A,J,unknown,,SK,,,
A,A-464,F,A-329,A-465,H,H,F,F,F,H,B,F,D,J,C,D,G,I,D,D,A,B,N-183,,SK,,,m
A,A-465,M,A-329,A-464,H,H,F,I,F,J,F,J,G,M,B,E,G,I,D,N,B,H,N-183,,SK,,,m
A,A-301,F,A-195,A-302,C,H,F,H,H,L,B,B,E,J,D,D,G,J,D,L,A,D,X-024,,DT + SK,,,b
A,A-477,F,A-301,A-478,C,H,E,F,D,L,B,I,D,E,B,D,G,G,D,L,A,I,F-128,,SK,,,m
A,A-478,M,A-301,A-477,F,H,E,H,D,L,B,I,D,E,D,D,G,G,D,L,D,I,F-128,,SK,,,m
A,A-415,M,A-301,A-416,C,H,H,J,H,K,B,B,J,M,B,D,J,J,D,D,D,J,F-167,,SK,,,m
A,A-416,F,A-301,A-415,H,H,B,F,D,H,B,B,J,J,D,I,G,J,L,L,D,J,X-024,,SK,,,m
A,A-375,F,A-301,,C,F,F,H,I,L,B,J,C,J,C,D,E,G,D,K,D,H,F-147,,SK,,,m
A,A-302,F,A-195,A-301,C,H,B,F,D,L,E,I,E,N,A,D,G,I,M,O,H,J,X-024,,DT,,,b
A,A-577,M,A-302,A-578,C,F,E,F,L,L,I,J,D,D,D,I,F,G,L,M,A,H,F-221,,SK,,,
A,A-578,M,A-302,A-577,C,J,F,F,D,L,H,I,G,N,A,G,D,I,D,M,B,J,E-277,,SK,,,
A,A-534,F,A-302,A-535,H,H,B,F,G,L,E,I,E,J,D,D,C,I,A,O,H,J,F-146,,SK,,,
A,A-535,M,A-302,A-534,H,H,B,F,G,L,I,I,J,N,A,D,I,J,A,O,A,J,F-146,,SK,,,
A,A-469,F,A-302,,C,H,B,D,D,I,E,I,D,N,A,D,G,G,D,M,H,J,A-263,,SK,,,m
A,A-407,M,A-302,A-408,C,H,B,M,D,D,E,J,J,N,A,I,G,G,L,O,J,J,A-276,,SK,,,m
A,A-408,M,A-302,A-407,H,H,B,M,J,L,E,J,J,N,A,I,G,J,M,M,J,J,A-276,A-276 has (questionable) FG in HY27,SK,A,,m
A,A-264,M,A-195,A-265,F,H,F,F,J,L,I,I,N,P,A,B,E,I,M,O,H,J,L-196,,DT,L,,b
A,A-265,F,A-195,A-264,C,H,F,I,D,L,E,I,C,J,A,C,E,J,F,F,A,H,L-128,,DT,,,b
A,A-475,M,A-265,,C,H,I,I,D,D,I,J,F,J,A,D,C,E,D,F,A,A,F-146,,SK,,,m
A,A-422,F,A-265,A-423,C,C,B,I,D,I,E,I,E,J,A,D,E,G,A,M,A,I,F-128,,SK,,,m
A,A-423,M,A-265,A-422,F,H,E,I,D,L,I,I,C,E,B,C,E,G,A,F,H,I,F-128,,SK,,,m
A,A-378,F,A-265,A-379,H,H,F,I,D,L,I,J,F,J,A,D,E,J,D,M,A,H,F-146,,SK,,,m
A,A-379,F,A-265,A-378,C,H,F,I,G,L,E,I,J,J,A,D,E,J,D,M,H,H,F-146,,SK,,,m
A,A-341,F,A-265,,C,H,F,I,D,J,E,H,J,M,C,C,E,G,M,N,A,H,A-246,,SK,,,m
A,A-572,F,A-341,,C,H,I,I,D,G,E,I,J,M,C,D,E,J,A,N,H,H,F-146,,SK,,,
A,A-536,F,A-341,,H,H,B,I,H,J,H,J,D,M,C,I,E,G,L,N,A,B,A-257,,SK,,,
A,A-504,M,A-341,,C,H,B,F,D,D,B,E,J,M,C,I,E,G,L,M,A,J,A-276,,SK,E,,m
A,A-481,M,A-341,,F,H,F,I,D,F,F,H,D,M,C,C,E,G,D,N,A,B,N-183,,SK,,,m
A,A-235,M,A-195,A-236,C,G,F,G,D,L,E,I,C,N,A,C,G,J,D,F,A,J,L-128,"L-128 has FI in HY03, mismatch checked, A-235 confirmed to have FG",DT,,x,m
A,A-159,F,A-013,A-160,G,H,F,K,H,K,B,O,G,N,A,A,E,J,M,N,A,E,X-017,,KW + DT + SK,,x,b
A,A-229,F,A-159,,C,H,F,K,H,K,J,O,G,N,A,B,E,J,L,M,A,H,L-128,,DT,,,b
A,A-343,M,A-229,A-342,G,H,F,G,K,L,I,O,G,H,B,C,D,J,D,M,A,H,M-224,M-224 has FH in HY02,SK,S/A,,m
A,A-351,F,A-229,,F,H,G,K,K,K,I,J,G,G,A,C,D,J,M,M,A,H,M-224,,SK,,,b
A,A-281,F,A-229,A-282,H,I,B,F,J,K,J,J,M,N,A,E,E,E,L,O,A,A,S-123,S-123 has HH in HY02 - same mismatch in 1 cub,DT,,,h
A,A-360,M,A-281,,H,H,B,D,D,J,I,J,D,M,D,E,E,E,D,L,A,B,A-263,,SK,,,b
A,A-282,M,A-229,A-281,H,H,B,K,H,J,H,J,G,M,B,E,G,J,L,O,H,I,S-123,,DT,,x,m
A,A-142,M,A-013,A-141,C,C,F,J,J,K,B,J,G,M,B,C,I,J,D,M,A,J,M-051,,KW,F,x,b
A,A-119,F,A-013,A-120,G,H,H,J,F,H,I,J,F,N,A,D,J,J,D,G,A,A,A-040,,AM + KW + DT,,x,m
A,A-297,M,A-119,,F,G,G,H,F,K,I,I,F,H,C,D,D,J,D,D,A,A,M-224,,DT,,x,b
A,A-261,M,A-119,,H,J,H,J,H,L,I,J,G,N,A,G,J,J,D,K,A,B,M-203,,DT,A,x,b
A,A-241,F,A-119,,C,H,H,I,F,K,I,L,F,G,B,D,J,J,G,G,A,J,M-051,,DT,,x,b
A,A-221,F,A-119,,F,H,H,M,D,F,I,J,C,F,C,D,G,J,E,G,A,J,L-095,,DT,,,b
A,A-483,F,A-221,,C,F,B,H,D,D,I,J,D,F,C,D,J,J,D,E,A,J,F-167,A-cute fat,SK,,,m
A,A-573,F,A-483,,C,J,B,F,D,D,I,I,D,G,C,G,I,J,D,D,B,J,E-277,A-573 could also have DG in HY15,SK,,,
A,A-419,F,A-221,,H,H,F,M,D,D,J,N,C,F,B,C,F,J,G,H,A,A,X-063,,SK,,,m
A,A-344,F,A-221,A-345,F,H,G,H,D,K,I,J,C,H,C,C,G,G,D,G,A,A,M-224,,SK,,,m
A,A-345,M,A-221,A-344,F,H,J,M,D,K,I,J,F,H,C,D,D,G,D,E,A,A,M-224,,SK,S,,m
A,A-295,M,A-221,,H,H,B,M,D,H,H,J,F,G,D,D,E,J,G,M,I,J,S-123,S-123 has HM in HY09,DT + SK,S,,b
A,A-199,M,A-119,,C,G,B,J,H,J,H,J,C,N,A,C,F,J,G,J,A,B,L-108,,DT,F,x,m
A,A-154,F,A-119,A-155,F,G,H,J,D,H,I,J,G,N,A,G,J,J,G,M,A,J,M-041,,KW,,x,b
A,A-155,F,A-119,A-154,F,G,H,J,D,H,I,J,E,F,B,D,I,J,D,M,A,J,unknown,M-041 has GM in HY09 and FJ in HY27,KW,,x,m
A,A-114,F,A-013,,C,C,F,F,D,J,I,I,J,N,A,D,F,I,F,M,A,A,A-050,,BW + OH + KW + SK,,x,m
A,A-192,F,A-114,A-193,C,C,F,J,D,D,I,I,J,M,A,D,F,G,K,M,A,H,L-108,,KW + DT,,x,m
A,A-315,F,A-192,,C,H,F,H,D,L,I,I,G,J,D,G,E,G,K,M,A,B,M-203,,DT,,x,b
A,A-279,F,A-192,A-280,C,C,F,H,D,D,E,I,J,M,D,I,F,G,K,O,A,J,X-024,,DT + SK,,x,b
A,A-280,M,A-192,A-279,C,H,F,H,D,H,B,I,E,J,D,D,E,F,M,O,D,H,X-024,,DT,,x,m
A,A-252,F,A-192,A-253,C,F,F,J,D,I,I,I,H,J,C,D,G,G,M,O,H,J,L-137,,DT,,,b
A,A-468,F,A-252,,F,H,I,J,D,I,I,J,F,H,C,D,C,G,A,O,H,H,F-146,,SK,,,m
A,A-391,M,A-252,,C,H,E,F,D,I,I,I,F,H,C,D,C,G,D,O,A,H,F-146,,SK,A,,m
A,A-253,F,A-192,A-252,C,C,F,F,D,I,I,K,H,M,A,C,G,G,E,K,H,J,L-137,,DT,,x,b
A,A-174,M,A-114,,C,I,F,I,D,D,I,I,D,N,A,A,F,J,K,M,A,B,M-053,,KW,,x,m
A,A-150,M,A-114,A-151,C,F,F,I,D,J,E,I,D,N,A,A,I,J,F,K,A,D,M-053,"M-053 has FI in HY07, A-150 must have EI for all his cubs, i.e. mistake must be with A-114",KW,L,x,b
A,A-151,M,A-114,A-150,C,F,F,I,D,J,I,I,D,J,,,F,J,K,M,,,M-053,,KW,L,x,b
A,A-135,F,A-114,A-136,A,C,F,F,D,K,I,J,F,J,,,E,F,L,M,,,X-017,,KW,,x,b
A,A-213,M,A-135,A-214,C,F,F,F,I,K,I,I,D,F,,,F,G,E,L,,,L-137,,DT,,x,m
A,A-186,F,A-135,A-187,A,A,F,K,K,K,I,O,F,F,,,E,F,L,M,,,X-017,,DT,,x,b
A,A-187,M,A-135,A-186,A,C,F,K,D,K,I,O,G,J,,,E,F,L,M,,,X-017,,KW,,x,m
A,A-136,F,A-114,A-135,C,H,F,F,D,K,I,J,F,N,,,F,I,L,M,,,X-017,,KW,,x,b
A,A-181,M,A-136,A-180,C,H,F,H,D,H,E,I,E,N,,,E,F,M,O,,,X-024,,KW,,x,m
A,A-041,M,A-013,,D,G,F,J,J,L,I,J,D,G,C,I,I,J,D,G,A,J,founder,,BW + OH,L,x,b
A,A-015,F,A-,,H,J,C,E,G,G,B,I,E,N,C,G,E,G,M,O,G,J,founder,,BW + OH + SK,,x,b
A,A-210,M,A-015,,H,H,E,K,G,H,I,J,E,G,A,C,E,F,N,O,E,J,X-017,,DT,F,x,m
A,A-137,M,A-015,,F,H,E,I,G,K,I,L,E,G,B,C,E,J,G,M,J,J,M-051,,AM + SK,A/L,x,b
A,A-116,F,A-015,,H,J,C,F,G,H,I,I,E,J,C,D,E,F,G,O,J,J,A-051,,AM + DT,,,b
A,A-380,M,A-116,,H,H,C,I,G,H,I,I,E,E,C,D,C,E,D,O,A,J,F-146,F-146 has FJ in HY09,SK,F,,m
A,A-310,F,A-116,,H,H,C,G,H,K,I,I,H,J,C,D,D,F,D,O,A,J,M-224,was labelled A-331?,SK,,,m
A,A-291,M,A-116,A-293,C,H,C,I,H,H,I,J,E,G,B,C,E,E,F,G,H,J,L-128,,DT + SK,,,m
A,A-293,M,A-116,A-291,C,H,C,I,D,H,E,I,C,E,C,C,E,F,F,O,H,J,L-128,,DT,,,b
A,A-250,F,A-116,,F,J,C,D,D,G,I,I,E,H,C,C,E,G,E,O,J,J,L-095,,DT,,,b
A,A-371,M,A-250,,E,F,D,I,D,I,I,J,C,H,C,C,E,G,,,H,J,F-147,F-147 has FF in HY02,SK,L,,m
A,A-333,M,A-250,,E,J,D,D,D,D,I,N,E,E,B,C,E,F,G,O,A,J,X-063,X-063 has CF in HY09,SK,F,x,m
A,A-227,F,A-116,,C,H,C,F,D,G,I,J,C,E,C,C,E,F,F,O,J,J,L-128,,DT,,x,m
A,A-318,F,A-227,A-319,H,H,F,J,D,L,I,J,D,E,A,C,F,J,D,O,B,J,M-203,,DT + SK,,,b
A,A-319,M,A-227,A-318,C,H,F,J,D,L,I,I,C,G,C,G,F,J,D,F,B,J,M-203,,DT + SK,,,m
A,A-008,F,A-015,,C,J,C,F,D,G,B,I,E,M,C,C,F,G,L,N,G,J,A-045,used to be A-008,BW + OH,,x,b
A,A-016,F,A-,,F,H,F,J,D,G,H,J,F,H,C,D,E,J,D,M,A,A,founder,,BW + OH + DT + SK,,x,m
A,A-224,F,A-016,,C,F,F ,J,G,J,H,H,C,H,,,E,F,D,K,,,L-108,,DT,,x,b
A,A-185,M,A-016,,F,H,B,J,D,L,H,I,D,H,C,I,E,F,M,M,A,H,A-051,,KW + DT,F,,b
A,A-122,M,A-016,A-123,F,I,F,J,F,G,F,J,D,F,C,D,E,J,M,N,A,B,M-053,,AM,N,x,m
A,A-123,M,A-016,A-122,F,H,F,I,D,D,I,J,D,F,A,D,E,J,D,K,A,D,M-053,,KW,F,,m
A,A-102,F,A-016,A-103,F,H,B,F,D,L,I,J,D,H,C,I,E,I,D,G,A,H,A-051,,BW + OH,,x,b
A,A-278,F,A-102,A-285,A,F,B,K,D,K,J,O,D,F,E,I,E,I,D,L,A,B,X-017,,DT,,x,b
A,A-285,M,A-102,A-278,A,H,B,F,D,K,I,J,F,H,C,E,E,E,G,L,A,B,X-017,,DT,,,m
A,A-247,F,A-102,A-248,C,H,F,J,D,K,J,J,D,G,B,C,I,J,G,G,A,J,M-051,,DT,,,b
A,A-459,F,A-247,A-460,F,H,F,J,D,F,J,J,G,M,C,E,G,I,D,G,B,J,N-183,,SK,,,m
A,A-460,F,A-247,A-459,H,H,F,J,F,K,J,J,D,M,C,E,G,J,D,G,A,B,N-183,,SK,,,m
A,A-394,M,A-247,A-395,F,H,B,J,D,D,I,J,D,E,B,C,G,I,G,L,I,J,F-128,,SK,,,m
A,A-395,M,A-247,A-394,C,F,B,J,D,D,I,J,E,G,B,B,G,I,A,G,I,J,F-128,,SK,A,,m
A,A-339,F,A-247,A-340,C,F,F,F,I,K,J,J,C,G,B,C,C,J,G,K,H,J,F-147,,SK,,,m
A,A-587,M,A-339,A-588,C,C,B,F,I,K,I,J,C,H,C,C,E,J,D,G,I,J,F-219,same alleles as sibling A-588,SK,,,
A,A-588,M,A-339,A-587,C,C,B,F,I,K,I,J,C,H,C,C,E,J,D,G,I,J,F-219,same alleles as sibling A-587,SK,,,
A,A-543,M,A-339,A-544,C,H,F,N,I,I,E,J,C,G,B,C,C,I,G,K,I,J,F-232,,SK,,,m
A,A-507,M,A-339,,F,J,B,F,I,J,H,J,C,F,A,C,E,J,G,O,H,K,,,SK,,,muscle
A,A-340,M,A-247,A-339,F,H,F,F,I,K,J,J,C,G,B,C,E,I,A,G,A,H,F-147,,SK,,,m
A,A-248,M,A-102,A-247,C,H,F,J,D,K,I,J,D,G,B,I,I,J,D,G,H,J,M-051,,DT,,x,b
A,A-183,M,A-102,A-184,C,F,F,J,D,J,I,I,H,M,,,E,F,F,G,,,L-108,,KW,,x,b
A,A-184,M,A-102,A-183,C,H,B,F,D,L,H,J,H,M,,,F,I,D,K,,,L-108,,KW + DT,,x,m
A,A-164,F,A-102,,C,F,B,J,J,L,H,J,C,H,C,C,E,G,D,K,A,B,L-108,,KW + DT,,,b
A,A-401,M,A-164,A-402,C,H,B,F,D,D,J,K,F,H,B,C,E,E,D,G,A,B,X-063,,SK,,,m
A,A-402,F,A-164,A-401,F,J,B,J,J,J,H,J,C,G,B,C,G,J,K,M,A,J,F-160,,SK,,,m
A,A-376,M,A-164,,C,H,F,J,D,J,J,J,E,H,C,G,F,G,D,D,A,H,M-289,M-289 has EI in HY07 and DG in HY27,SK,,,b
A,A-303,F,A-164,A-304,C,H,B,F,K,L,J,O,H,H,C,E,F,G,D,N,A,E,X-017,X-017 has FG in HY09,DT,,x,b
A,A-304,F,A-164,A-303,F,H,F,J,H,J,J,J,C,G,A,C,F,G,K,N,A,E,X-017,,DT,,,b
A,A-590,F,A-304,A-591,F,H,F,F,J,L,H,J,D,G,A,I,F,J,M,N,A,E,F-230,,SK,,,
A,A-591,F,A-304,A-590,F,H,F,F,D,J,J,J,F,G,A,D,G,J,D,K,A,D,F-230,F-230 has DD in HY09,SK,,,
A,A-565,M,A-304,A-564,F,H,I,J,G,J,I,J,C,J,C,D,C,F,D,N,A,H,F-146,,SK,,,
A,A-532,F,A-304,A-533,F,H,F,F,G,H,I,J,C,F,C,D,C,F,A,K,A,H,F-146,,SK,,,
A,A-533,F,A-304,A-532,F,H,F,J,D,J,J,J,C,J,C,D,C,F,A,K,E,H,F-146,,SK,,,
A,A-505,F,A-304,A-506,C,H,B,J,G,H,J,L,F,G,A,I,G,G,K,N,D,E,X-104,,SK,,,vomit
A,A-506,F,A-304,A-505,F,H,D,J,D,J,J,L,C,J,C,I,A,F,K,N,E,I,X-104,,SK,,,m
A,A-466,F,A-304,A-467,H,H,F,J,D,H,I,J,F,G,A,D,C,F,A,N,A,H,F-146,,SK,,,m
A,A-400,M,A-304,A-409,F,H,F,J,D,J,I,J,C,D,C,C,F,J,K,K,E,J,F-167,,SK,,,m
A,A-409,F,A-304,A-400,F,H,I,J,G,H,I,J,G,J,A,D,G,J,A,N,A,E,F-146,,SK,,,m
A,A-570,M,A-409,A-571,H,J,J,N,G,J,I,J,J,M,D,E,D,G,N,N,D,E,E-277,E-277 has GI in HY15 but has mismatch with father in HY15,SK,,,
A,A-571,F,A-409,A-570,F,H,F,I,D,G,H,J,G,G,A,G,I,J,N,N,A,D,E-277,,SK,,,
A,A-540,M,A-409,,F,H,H,J,G,G,I,J,G,K,A,D,E,J,E,N,E,G,unknown,,SK,,,
A,A-230,F,A-164,,A,C,J,K,H,L,H,O,F,H,A,C,E,F,D,N,,,X-017,,DT,,x,b
A,A-296,M,A-230,,A,I,C,K,H,H,J,O,H,H,C,D,E,E,D,M,A,B,S-123,S-123 has HH in HY02 - same mismatch in HY02 with other cub,DT + SK,,x,b
A,A-103,M,A-016,A-102,H,H,E,J,D,L,B,H,H,M,C,D,D,J,D,E,A,A,unknown,,BW + OH + SK,F,x,b
A,A-092,M,A-016,,C,F,F,F,D,D,I,J,F,G,D,G,E,F,M,M,A,H,A-011,,BW + OH + DT,A,x,b
A,A-019,F,A-016,,H,H,J,J,G,L,C,H,F,H,,,F,J,,,,,founder,,AM,,x,m
A,A-020,F,A-,,H,H,B,M,G,J,I,J,D,F,A,A,G,I,L,O,A,J,founder,,BW + OH + SK,,x,m
A,A-196,M,A-020,,C,H,M,M,D,J,I,I,C,D,,,G,G,E,L,,,L-095,,DT,,x,b
A,A-139,F,A-020,A-140,C,H,I,M,J,K,J,J,F,M,A,B,I,J,L,M,J,J,M-051,,AM + DT + SK,,x,b
A,A-276,M,A-139,A-277,H,H,,,D,J,E,J,J,M,B,I,F,G,L,M,J,J,X-024,,DT + SK,A,x,m
A,A-277,M,A-139,A-276,C,H,H,M,D,J,B,J,F,J,A,I,E,I,L,M,J,J,X-024,,DT + SK,,x,m
A,A-254,M,A-139,,C,H,I,J,K,L,I,J,F,G,A,A,J,J,D,L,B,J,M-203,,KW + DT + SK,,x,m
A,A-233,F,A-139,A234,C,C,H,I,H,K,E,J,E,M,B,D,G,J,M,O,J,J,X-024,,DT,,x,b
A,A-316,F,A-233,A-317,C,C,E,H,H,I,I,J,D,M,B,D,G,G,L,O,I,J,F-128,,DT + SK,,,m
A,A-234,M,A-139,A233,C,H,H,M,H,K,E,J,E,F,A,D,E,I,L,M,D,J,X-024,,DT,F,x,b
A,A-209,M,A-139,A-208,C,H,B,I,D,K,B,J,F,J,A,I,G,J,M,O,D,J,X-024,,DT,F,x,b
A,A-140,F,A-020,A-139,F,H,J,M,G,K,J,J,D,G,A,B,G,J,G,O,A,J,M-051,,KW,,x,b
A,A-283,F,A-140,A-284,F,J,H,M,K,L,I,J,D,G,A,B,G,J,G,K,B,J,M-203,,DT,,,m
A,A-454,M,A-283,,F,H,F,H,G,K,I,I,G,J,A,D,C,J,D,K,B,B,F-146,F-146 has AH in HY65,SK,,,m
A,A-384,M,A-283,,F,F,I,M,D,K,I,J,C,D,B,C,C,G,A,K,B,H,F-147,,SK,F,,m
A,A-284,F,A-140,A-283,F,H,D,J,G,J,J,L,C,D,A,C,F,J,F,O,A,J,X-072,,DT,,,m
A,A-530,M,A-284,A-531,C,F,C,J,G,H,A,L,D,H,A,C,G,J,O,O,A,D,unknown,,SK,A,,
A,A-491,F,A-284,A-492,C,F,B,D,G,J,J,L,C,F,C,I,A,F,F,H,A,D,X-104,,SK,,,h
A,A-492,F,A-284,A-491,C,F,B,D,D,G,A,J,D,J,A,I,G,J,H,O,D,J,X-104,,SK,,,m
A,A-438,M,A-284,,H,H,D,G,E,J,I,L,C,M,C,G,J,J,,,A,A,unknown,,SK,,,m
A,A-255,F,A-140,,F,F,,,I,K,I,J,D,H,A,C,F,G,O,O,J,J,L-137,,DT,,,b
A,A-479,M,A-255,A-480,C,F,B,F,D,I,I,J,E,H,B,C,G,G,A,O,I,J,F-128,same alleles as sample thought to be from A-480,SK,,,m
A,A-403,M,A-255,A-404,F,H,F,I,G,I,I,I,H,J,C,D,G,J,D,O,A,J,F-146,,SK,S,,m
A,A-404,M,A-255,A-403,F,H,F,M,G,I,I,J,D,F,A,D,G,J,A,O,H,J,F-146,,SK,,,m
A,A-352,F,A-255,,F,H,F,I,D,K,J,J,H,J,C,D,G,J,D,O,H,J,F-146,,SK,,,m
A,A-232,F,A-140,,H,H,B,J,G,H,B,J,D,E,A,I,E,J,G,O,D,J,X-024,,DT,,,b
A,A-545,M,A-232,,H,H,B,N,G,I,B,J,C,D,A,A,I,J,G,G,D,I,F-232,,SK,,,
A,A-515,F,A-232,,H,H,F,J,D,H,J,J,F,F,D,I,J,J,A,O,A,J,F-146,,SK,,,
A,A-443,M,A-232,A-444,F,H,B,F,D,G,J,J,D,D,A,I,C,J,A,G,D,J,F-147,,SK,,,m
A,A-444,M,A-232,A-443,F,H,B,F,H,I,J,J,D,E,A,I,C,E,K,O,H,J,F-147,,SK,,,m
A,A-115,F,A-020,A-118,H,H,B,B,H,J,I,I,F,J,,,F,I,,,,,A-051,,AM + KW,,x,b
A,A-223,F,A-115,,A,H,B,K,J,K,I,O,F,F,A,E,F,F,L,M,E,J,X-017,,DT,,x,b
A,A-118,M,A-020,A-115,H,H,B,B,H,J,I,I,F,J,A,D,F,I,G,O,A,J,A-051,,AM,F,x,b
A,A-111,M,A-020,,H,J,B,O,J,K,B,I,D,G,,,F,G,,,,,unknown,,BW + OH + AM + KW,F,x,m
A,A-081,F,A-020,,H,J,B,B,H,J,H,I,D,G,A,I,G,G,F,L,A,E,unknown,,AM,,x,m
A,A-245,F,A-081,A-246,F,H,B,F,I,J,H,I,D,G,A,D,F,G,L,N,C,E,L-137,L-137 has EO in HY63,DT,,,m
A,A-435,F,A-245,,F,H,B,I,G,J,I,J,D,J,D,D,C,G,D,N,E,H,F-146,,SK,,,m
A,A-561,F,A-435,A-562,H,H,H,I,I,J,I,L,D,H,C,D,G,G,E,N,E,I,F-214,,SK,,,
A,A-562,F,A-435,A-561,H,H,B,D,G,J,J,L,D,H,C,D,C,G,F,N,E,I,F-214,,SK,,,
A,A-363,M,A-245,A-364,H,H,F,I,D,I,I,I,D,F,D,D,G,J,D,N,C,H,F-146,,SK,,,m
A,A-364,M,A-245,A-363,F,H,F,F,D,J,I,J,D,J,D,D,C,G,D,L,C,H,F-146,,SK,,,m
A,A-246,M,A-081,A-245,H,J,B,F,J,L,H,H,G,M,C,I,G,G,L,N,A,J,unknown,,DT,A,x,b
A,A-218,F,A-081,A-219,C,H,B,F,H,H,B,I,G,M,C,I,D,G,L,N,C,E,unknown,,DT,,x,b
A,A-219,M,A-081,A-218,C,J,B,F,H,I,B,H,D,M,A,D,E,G,L,N,C,E,unknown,,DT,,x,b
A,A-198,M,A-081,A-197,A,H,B,K,H,K,I,O,G,G,A,A,E,G,F,N,A,E,X-017,,DT,F,x,b
A,A-138,M,A-081,,F,H,B,J,J,L,I,L,D,M,A,B,G,J,F,M,A,J,M-051,,AM + DT,F,x,b
A,A-124,M,A-081,,F,J,B,J,J,K,H,L,G,G,B,I,G,J,F,M,A,J,M-051,,AM,F,,b
A,A-057,M,A-020,,C,H,I,M,F,G,F,I,D,M,C,G,I,J,K,O,A,B,founder,,BW + OH,E,x,b
A,A-040,M,A-,,F,H,H,J,F,F,H,J,F,N,A,D,G,J,G,N,A,G,founder,,BW + OH,A/R,x,b
A,A-049,M,A-,,C,H,F,I,F,J,F,I,D,E,C,C,G,I,M,N,A,B,founder,,BW + OH,L,x,b
A,A-052,M,A-,,C,F,B,C,H,J,I,P,G,L,,,E,G,,,,,founder,,BW + OH,E,x,b
A,A-054,M,A-,,C,J,F,M,B,L,H,I,G,N,D,G,E,F,M,M,D,J,A-011,,BW + OH + DT + SK,L,x,b
A,A-056,M,A-,,H,J,B,H,G,L,B,J,F,G,D,G,A,F,D,O,A,A,founder,,BW + OH + SK,M,x,b
A,A-080,F,A-002,,F,H,E,F,D,G,I,I,F,G,,,E,F,,,,,A-011,,BW + OH,,x,b
A,A-167,F,A-080,A-168,C,F,E,F,D,G,I,I,F,G,,,E,F,G,M,,,A-092,,KW + DT,,x,b
A,A-129,F,A-080,A-130,F,H,F,I,D,K,I,J,F,G,B,G,E,J,M,M,D,J,M-051,,AM + SK,,,b
A,A-130,M,A-080,A-129,F,H,E,J,G,K,I,J,G,G,,,E,J,,,,,M-051,,AM,,x,b
A,A-110,F,A-080,,F,F,E,F,D,G,I,I,G,M,,,E,F,E,G,,,unknown,,AM + KW,,x,b
A,A-087,M,A-014,,C,H,J,M,G,L,I,I,D,D,A,I,F,J,K,M,B,H,A-051,,BW + OH,M/E,x,b
A,A-093,M,A-,,C,J,J,M,D,G,H,I,E,G,C,G,G,I,F,M,H,J,unknown,,BW + OH,M,x,b
E,E-004,F,E-,,F,J,D,F,D,G,B,H,G,H,A,G,E,G,M,O,J,J,founder,,BW + OH + SK,,x,b
E,E-110,M,E-004,,C,J,B,F,D,E,B,L,G,L,,,E,G,,,,,E-041,E-041 has EK in HY07,AM + KW,,x,h
E,E-006,F,E-004,,C,F,B,F,G,L,E,H,G,L,A,C,E,E,L,O,H,J,E-041,,BW + OH + KW + SK,,x,b
E,E-220,F,E-006,,F,I,F,K,G,G,E,I,G,J,C,C,D,E,M,O,A,H,X-065,X-065 has AH in HY07,SK,,x,muscle
E,E-150,F,E-006,,C,F,B,F,D,G,E,H,F,G,A,I,E,F,L,O,B,H,L-123,,DT,,,b
E,E-254,M,E-150,,F,H,D,F,D,I,H,K,D,D,D,I,D,E,L,O,H,J,L-204,L-204 has EG in HY27,SK,,,m
E,E-230,M,E-150,,F,H,B,F,D,G,E,I,F,G,A,I,E,H,J,O,B,H,E-175,,DT,,x,skin
E,E-218,M,E-150,,C,J,B,C,G,H,H,I,G,L,A,C,D,F,F,O,H,J,E-164,,DT + SK,E,,b
E,E-199,M,E-150,,F,H,B,J,G,H,E,G,G,M,A,B,E,F,O,O,B,I,M-136,,DT + SK,L,x,b
E,E-178,M,E-150,,C,C,F,F,D,L,H,I,F,G,A,I,F,F,L,L,B,H,L-148,,DT,,x,b
E,E-166,F,E-006,,C,H,F,G,H,L,G,H,L,M,B,C,E,E,O,O,A,J,M-136,,DT,,,b
E,E-303,M,E-166,E-304,C,F,E,F,D,L,G,J,F,M,C,I,C,E,M,O,A,A,E-233,E-233 has AA in HY09 but has mismatch with mother in HY09,SK,,,
E,E-304,M,E-166,E-303,H,I,F,M,G,H,H,H,F,M,B,I,E,G,E,O,G,J,E-233,E-233 has AA in HY09 but has mismatch with mother in HY09,SK,,,
E,E-297,M,E-166,,C,C,E,F,D,L,E,E,D,D,C,C,E,G,O,O,A,A,,M-320 has FG in HY09,SK,,,m
E,E-281,F,E-166,,C,H,F,F,H,I,H,I,D,L,C,C,E,J,G,O,A,J,L-202,,SK,,,m
E,E-318,M,E-281,E-317,C,C,F,H,F,I,I,I,E,E,C,D,E,J,M,O,J,J,L-377,same alleles as sibling E-317,SK,,,
E,E-258,M,E-166,E-259,F,H,B,G,D,L,H,I,F,M,B,I,E,G,K,O,A,J,E-144,,SK,,,m
E,E-259,M,E-166,E-258,F,H,F,G,D,H,H,J,F,L,C,C,D,E,I,O,A,J,E-144,E-144 has EI in HY07,SK,E,,m
E,E-241,M,E-166,,C,J,B,F,L,L,H,I,F,M,C,C,E,G,I,O,I,J,E-144,,SK,,,b
E,E-219,F,E-166,,C,I,F,K,H,H,H,H,J,M,B,C,C,E,M,O,A,I,X-065,,DT + SK,,,m
E,E-343,F,E-219,,C,J,F,J,G,H,B,H,G,J,B,C,C,D,G,O,A,J,M-331,,SK,,,
E,E-334,X,E-219,,C,J,D,F,D,H,H,I,M,M,A,C,E,F,M,M,D,I,X-088,,SK,,,
E,E-325,M,E-219,,C,H,,,H,I,H,L,A,DE,I,I,E,H,I,L,A,A,,,SK,,,
E,E-305,M,E-219,E-306,F,I,F,F,F,H,H,I,E,J,C,C,C,E,M,M,I,J,L-377,,SK,,,
E,E-306,M,E-219,E-305,F,I,F,F,G,H,H,I,F,M,B,D,C,E,M,O,I,J,L-377,,SK,,,
E,E-283,F,E-219,E-284,C,H,F,K,H,J,H,M,M,M,B,E,C,J,M,N,A,I,X-083,,SK,,,m
E,E-314,M,E-283,,H,H,F,F,H,K,H,I,H,M,B,C,C,I,M,M,A,H,A-418,,SK,,,
E,E-284,F,E-219,E-283,C,H,F,F,F,H,H,M,C,J,A,C,C,D,M,O,A,D,X-083,,SK,,,
E,E-342,F,E-284,,F,H,E,F,H,H,J,M,C,F,A,C,D,G,E,O,A,D,M-365,,SK,,,
E,E-323,M,E-284,,C,C,E,F,D,H,E,H,G,J,C,G,C,G,O,O,A,A,M-320,,SK,,,
E,E-313,F,E-284,,H,I,D,F,F,G,B,M,C,G,A,B,D,D,G,M,D,K,M-331,,SK,,,
E,E-266,F,E-219,,C,F,E,K,H,H,H,H,A,J,B,C,C,C,D,O,A,I,X-065,,SK,,,m
E,E-249,M,E-219,,F,I,F,K,H,H,H,H,I,J,C,C,C,E,D,M,I,I,X-065,X-065 has AJ in HY09,SK,,,b
E,E-159,M,E-006,,F,H,E,F,L,L,E,I,F,L,C,I,E,E,L,O,H,J,E-133,,DT,M,x,b
E,E-127,M,E-006,E-126,F,J,C,F,D,L,E,I,L,M,C,I,D,E,K,O,H,J,L-116,,KW + DT,M,x,b
E,E-116,F,E-006,E-117,C,C,B,F,G,H,H,I,L,L,C,C,D,E,F,M,J,K,M-092,,KW,,,m
E,E-247,M,E-116,,C,H,B,D,H,I,H,I,D,L,C,D,E,E,D,M,J,K,L-204,,SK,,,b
E,E-191,M,E-116,,C,C,F,F,D,G,I,I,F,L,C,I,D,G,F,L,J,K,L-123,,KW + DT,,,m
E,E-192,M,E-116,,C,C,F,F,D,G,H,K,C,L,C,I,D,F,F,L,J,K,L-148,,KW + DT,,x,m
E,E-164,M,E-116,E-165,C,J,C,F,G,H,I,I,L,M,C,E,D,D,F,J,A,J,L-116,,DT,E/L,x,b
E,E-165,M,E-116,E-164,C,F,F,F,H,H,H,I,L,M,C,E,D,E,K,M,A,J,L-116,,DT,M/S,x,m
E,E-149,M,E-116,,C,H,F,H,H,L,I,J,L,M,B,C,E,G,M,M,D,J,E-108,,DT,M,x,b
E,E-137,F,E-116,E-138,C,J,D,F,G,H,H,H,G,L,B,C,D,J,D,M,J,K,N-047,,DT,,x,b
E,E-185,F,E-137,,C,J,F,F,D,G,H,I,F,G,B,I,G,J,D,L,B,J,L-123,,DT + SK,,,m
E,E-273,M,E-185,,C,I,F,J,G,G,B,H,F,G,B,B,D,J,G,L,J,K,M-331,,SK,,,m
E,E-244,M,E-185,E-245,C,F,F,F,D,F,I,I,C,G,A,B,D,G,L,L,B,D,X-083,X-083 has MN in HY63,SK,,x,muscle
E,E-245,F,E-185,E-244,H,J,F,N,D,J,I,I,G,M,B,E,D,G,D,N,D,J,X-083,,SK,,,b
E,E-320,M,E-245,E-321,C,H,,,,,B,B,,,,,G,G,,,A,D,unknown,,SK,,,
E,E-299,M,E-245,,F,J,N,N,J,J,I,I,M,M,E,E,D,D,D,N,A,J,X-083,,SK,,,
E,E-285,F,E-245,,J,J,D,N,D,D,I,I,M,M,A,E,D,F,L,N,D,H,X-088,,SK,,,m
E,E-327,M,E-285,E-328+E-329,J,J,J,N,D,G,I,I,G,M,B,E,F,J,G,L,H,J,M-331,,SK,,,
E,E-329,M,E-285,E-327+E-328,I,J,D,D,D,G,I,I,G,M,B,E,D,D,G,L,D,K,M-331,,SK,,,
E,E-312,F,E-285,,C,J,D,F,D,K,I,I,H,M,C,E,E,F,M,N,H,J,A-418,,SK,,,
E,E-168,M,E-137,,C,H,D,M,G,G,H,I,D,G,A,B,D,J,M,M,H,K,A-087,,DT,M,x,b
E,E-113,M,E-006,E-114,C,H,F,H,G,L,H,J,L,M,,,E,F,,,,,M-087,,AM,,x,h
E,E-099,F,E-006,E-100,F,I,B,F,G,L,E,I,F,G,,,E,F,M,O,,,M-087,,AM + KW,,x,b
E,E-100,M,E-006,E-099,C,H,F,H,G,L,H,J,G,M,,,E,J,,,,,M-087,,AM,,x,b
E,E-080,F,E-004,,F,H,D,N,G,G,H,H,H,M,A,C,F,G,E,O,A,J,founder,,BW + OH + KW,,x,b
E,E-161,M,E-080,,F,H,D,F,D,G,H,I,F,H,A,I,D,F,K,O,A,J,L-116,E-133 also no mismatch,DT,M,x,b
E,E-134,M,E-080,E-135,H,J,D,F,G,G,H,H,G,M,B,C,D,G,D,E,A,J,N-047,,DT,M,x,b
E,E-135,M,E-080,E-134,F,J,D,F,F,G,H,H,H,M,A,B,D,F,D,E,A,G,N-047,,KW,M,x,b
E,E-123,F,E-080,E-122,H,J,F,N,G,G,H,H,G,M,B,C,D,F,D,E,J,J,N-047,,KW + DT,,x,b
E,E-158,F,E-123,,H,J,D,N,D,G,H,I,G,M,B,C,D,E,D,O,J,K,M-116,,DT,,,b
E,E-261,F,E-158,E-262,C,J,F,N,D,L,I,J,D,G,B,I,E,J,A,D,J,J,L-202,,SK,,,m
E,E-225,M,E-158,,F,J,D,E,D,H,H,I,A,G,B,C,C,D,M,O,I,K,X-065,,DT,,,m
E,E-108,M,E-080,E-109,F,H,H,N,G,L,H,J,F,M,B,C,F,G,M,O,D,J,M-087,M-087 has AJ in HY65,AM + KW,E,x,m
E,E-095,F,E-080,E-096,H,I,B,D,G,L,H,J,H,M,A,B,F,J,O,O,A,J,M-087,,AM + KW,,x,m
E,E-196,F,E-095,E-197,G,H,B,D,L,L,J,J,D,M,B,I,F,J,A,O,A,J,L-202,,DT,,x,b
E,E-162,F,E-095,E-163,F,H,C,D,G,H,I,J,F,M,B,I,D,J,J,O,J,J,L-116,,DT,,x,m
E,E-163,F,E-095,E-162,F,H,B,F,D,G,H,I,F,H,A,I,D,F,J,O,J,J,L-116,,DT,,x,m
E,E-141,F,E-095,E-142,H,J,D,F,F,L,I,J,H,M,A,B,F,J,D,O,J,J,N-047,,DT,,,b
E,E-276,M,E-141,E-282,C,H,C,D,H,L,I,J,L,M,B,C,D,J,F,O,J,J,E-218,,SK,,,m
E,E-282,M,E-141,E-276,C,J,B,F,H,L,I,I,L,M,A,C,F,J,F,O,H,J,E-218,,SK,,,m
E,E-248,F,E-141,,G,J,D,D,F,L,I,J,D,H,A,I,F,J,A,D,J,J,L-202,,SK,,,m
E,E-291,F,E-248,,C,J,D,H,F,L,H,I,H,H,A,I,G,J,D,D,J,J,N-173,,SK,,,m
E,E-226,M,E-141,,H,H,D,N,F,F,I,J,C,M,A,B,D,F,D,D,D,J,X-083,X-083 has MN in HY63,DT + SK,M,,b
E,E-195,F,E-141,E-198,H,H,F,F,F,H,I,J,H,L,A,B,D,J,M,O,J,J,M-170,,DT,,,b
E,E-180,M,E-141,,C,J,D,F,F,L,I,K,D,H,A,D,J,J,D,G,J,J,L-202,L-202 has IJ in HY07,DT,,x,b
E,E-142,M,E-095,E-141,H,J,B,F,F,G,I,J,H,M,A,B,D,J,D,O,J,J,N-047,,DT,M,x,b
E,E-089,M,E-080,E-090,H,I,B,N,G,L,H,I,F,M,C,G,F,F,E,O,J,J,M-087,,BW + OH + KW,E/L,x,b
E,E-090,M,E-080,E-089,H,I,B,N,G,L,H,I,F,H,A,G,F,G,E,O,A,J,M-087,,BW + OH + KW,M,x,b
E,E-044,M,E-004,,F,J,F,F,E,G,B,J,H,M,,,E,G,D,M,,,founder,,AM + KW,N,x,b
E,E-003,F,E-004,,F,H,D,F,G,G,H,K,H,L,A,I,E,G,I,O,J,J,founder,,BW + OH,,x,b
E,E-111,F,E-003,,H,I,F,H,G,L,J,K,H,M,,,G,J,,,,,M-087,,AM + KW,,x,m
E,E-097,M,E-003,E-098,C,F,E,F,G,L,E,K,F,L,,,E,E,,,,,E-041,,AM + KW,,x,b
E,E-087,F,E-003,E-088,C,H,E,F,G,L,K,K,F,L,C,I,E,E,I,L,H,J,E-041,,BW + OH + DT,,x,m
E,E-153,F,E-087,,C,C,F,F,D,L,I,K,C,F,C,C,E,G,L,O,H,J,L-123,,DT,,,b
E,E-269,F,E-153,,C,G,D,F,D,I,I,K,D,D,C,I,G,J,G,I,H,J,L-202,,SK,,,m
E,E-240,M,E-153,,C,H,E,J,D,L,H,K,H,H,C,C,F,G,L,O,H,J,S-117,,SK,T,,b
E,E-147,F,E-087,,C,J,D,F,G,L,I,K,G,L,B,I,D,E,G,L,A,J,N-047,,KW + DT,,,b
E,E-133,M,E-087,E-132,H,J,E,F,D,L,I,K,F,L,I,I,D,E,K,L,H,J,L-116,,KW,E/M,x,b
E,E-124,F,E-087,,H,H,B,E,G,L,I,K,L,M,C,I,E,F,E,I,H,J,E-089,,KW,,,m
E,E-237,F,E-124,,H,H,E,E,G,L,B,K,F,M,A,C,E,J,A,E,G,J,S-117,S-117 has HH in HY09 - same problem with HY09 for E-227,DT,,,b
E,E-202,M,E-124,E-203,C,H,B,D,I,L,I,I,D,E,D,I,A,F,E,G,H,J,L-202,L-202 has HJ in HY27,KW + DT,,,m
E,E-173,M,E-124,,C,H,E,F,D,G,I,I,C,L,C,I,E,G,E,O,B,H,L-123,,DT,N,,b
E,E-104,M,E-087,,C,C,B,E,D,L,J,K,F,G,,,D,E,,,,,M-092,,AM,,x,m
E,E-088,F,E-003,E-087,C,F,B,F,G,L,E,H,F,L,C,I,G,G,I,L,H,J,E-041,,BW + OH + DT,,,b
E,E-183,F,E-088,E-184,C,F,B,H,G,G,E,I,G,L,B,I,D,G,G,I,A,H,M-162,M-162 has DJ in HY65,DT + SK,,,b
E,E-289,F,E-183,,C,G,F,H,G,I,E,I,D,L,D,I,G,J,G,I,A,J,L-202,,SK,,,m
E,E-347,X,E-289,E-346,C,H,E,H,H,I,I,J,D,D,C,D,G,J,E,I,A,J,M-365,M-365 has FM in HY09,SK,,,
E,E-268,F,E-183,E-267,F,F,B,F,F,G,E,I,E,L,C,I,E,G,G,M,H,J,L-377,,SK,,,m
E,E-330,F,E-268,E-331,C,F,B,F,D,F,E,E,F,L,G,I,G,G,G,J,H,J,M-320,,SK,,,
E,E-311,M,E-268,,F,J,D,F,D,F,I,I,E,M,A,C,E,E,G,L,D,H,X-088,,SK,,,
E,E-184,F,E-088,E-183,F,F,B,F,G,G,E,I,G,L,B,I,D,G,G,L,J,J,M-162,,DT,,,m
E,E-307,F,E-184,E-308,C,F,B,D,G,L,E,J,D,L,D,I,D,H,G,L,J,J,L-202,,SK,,,
E,E-308,F,E-184,E-307,F,G,D,F,G,I,I,I,D,G,B,D,D,J,G,G,J,J,L-202,,SK,,,
E,E-290,F,E-184,,C,F,D,F,E,I,E,I,D,D,D,I,G,H,A,G,J,J,L-202,,SK,,,m
E,E-271,F,E-184,E-272,F,I,B,K,G,G,A,E,G,J,B,C,D,D,G,M,A,J,X-065,former E-275,SK,,,m
E,E-272,M,E-184,E-271,F,I,F,K,G,H,A,E,A,G,B,C,C,G,D,G,I,J,X-065,former E-281,SK,,,m
E,E-170,M,E-088,,C,C,F,F,D,L,E,E,C,F,C,C,G,G,I,O,B,J,L-123,,DT,,x,m
E,E-144,M,E-088,,F,J,B,F,D,L,E,I,F,M,C,I,D,G,I,K,J,J,L-116,,DT,E,x,b
E,E-084,F,E-003,,C,F,B,F,E,G,K,K,H,L,,,G,G,,,,,E-041,,BW + OH,,x,b
E,E-001,F,E-004,,F,H,F,F,G,G,H,J,G,L,G,I,G,G,D,M,J,J,founder,,BW + OH + DT,,x,b
E,E-093,F,E-001,E-094,C,H,E,F,E,G,J,K,G,L,,,G,G,,,,,E-041,,BW + OH + KW,,x,b
E,E-139,F,E-093,,C,I,F,M,D,G,I,J,F,G,G,I,E,G,D,E,G,H,L-131,,KW,,,b
E,E-233,M,E-139,E-234,F,I,E,M,D,G,H,J,A,A,C,I,C,G,E,M,A,G,X-065,,SK,E,,b
E,E-234,F,E-139,E-233,C,I,D,M,D,I,J,J,D,F,D,I,E,H,A,E,H,J,L-202,,SK,,,m
E,E-205,M,E-139,,C,F,F,F,D,G,H,I,F,G,B,I,E,F,E,G,A,H,M-162,M-162 has DJ in HY65,DT,,,b
E,E-094,M,E-001,E-093,C,H,E,F,G,L,E,H,F,L,C,I,G,G,D,J,H,J,E-041,,AM,M/E,x,b
E,E-085,F,E-001,E-086,C,F,E,F,G,L,E,H,F,G,C,G,E,G,L,M,H,J,E-041,,BW + OH + DT,,,b
E,E-182,M,E-085,,C,C,E,F,L,L,H,K,F,G,C,I,F,G,L,M,H,J,L-148,,DT,,x,b
E,E-160,F,E-085,E-159,C,F,F,M,L,L,E,I,D,F,C,I,G,J,K,L,B,H,A-087,,DT,,,b
E,E-235,F,E-160,E-236,C,I,F,K,G,L,A,I,D,J,D,I,C,J,L,M,A,H,X-065,,DT,,,m
E,E-236,M,E-160,E-235,F,I,F,K,H,L,E,H,A,D,D,I,D,G,L,M,A,H,X-065,,DT,,,m
E,E-143,M,E-085,,C,F,F,F,D,G,E,H,F,G,G,I,E,F,M,O,B,J,L-123,,DT,,x,b
E,E-128,M,E-085,,C,H,E,J,D,L,H,I,F,H,,,E,E,E,M,,,L-131,,KW,,x,b
E,E-086,M,E-001,E-085,C,H,E,F,G,L,E,H,F,G,,,G,G,,,,,E-041,,BW + OH,T,x,b
E,E-083,F,E-001,,C,H,F,F,D,G,B,H,G,M,C,G,G,H,J,M,H,J,E-040,,BW + OH + KW,,,b
E,E-175,M,E-083,,C,H,F,F,D,G,B,I,F,M,C,I,G,H,J,O,H,J,L-123,,DT,,,m
E,E-151,M,E-083,,H,J,C,F,D,D,H,I,F,G,G,I,D,G,J,O,A,J,L-116,L-116 has JK in HY63,DT,M,x,b
E,E-130,F,E-083,E-131,C,H,F,F,D,G ,H,I,F,G,G,I,F,G,M,O,A,J,L-123,,KW,,,b
E,E-200,F,E-130,E-201,C,F,F,H,G,J,H,H,F,G,D,I,F,G,O,O,A,J,M-162,,DT + SK,,x,b
E,E-201,M,E-130,E-200,F,H,F,H,G,J,H,I,F,G,D,I,F,G,G,O,J,J,M-162,,DT + SK,,x,b
E,E-169,M,E-130,,C,H,F,F,G,L,I,J,D,F,I,I,G,J,G,O,A,J,L-202,,DT,N,x,b
E,E-131,M,E-083,E-130,C,C,F,F,D,D,E,H,C,G,C,G,G,H,M,O,J,J,L-123,,KW,M,x,b
E,E-115,F,E-083,,H,I,F,H,G,L,B,J,F,G,G,G,F,G,M,O,J,J,M-087,,KW + SK,,x,b
E,E-174,F,E-115,,H,I,D,F,G,G,B,H,F,G,D,G,E,F,D,O,I,J,L-204,,DT,,,b
E,E-157,M,E-115,,C,H,F,H,L,L,B,I,C,G,C,G,G,G,L,M,H,J,L-148,,DT,,x,h
E,E-103,F,E-083,,C,J,F,H,D,L,B,I,F,M,C,D,G,I,G,J,J,J,M-042,,AM + SK,,,b
E,E-209,M,E-103,E-210,C,I,F,H,D,L,I,K,F,M,C,I,G,I,J,K,J,J,L-148,L-148 has CC in HY02,DT + SK,,,m
E,E-045,F,E-001,,F,G,C,F,G,L,I,J,A,L,,,G,J,,,,,founder,,BW + OH,,x,b
E,E-042,M,E-,,J,J,F,F,E,F,H,J,M,M,,,A,G,D,G,,,founder,,BW + OH + KW,N,x,b
E,E-043,F,E-,,J,J,D,N,H,L,H,J,E,M,B,C,E,I,G,I,,,founder,,BW + OH + DT,,x,b
E,E-152,F,E-043,,H,J,J,N,D,H,H,I,G,M,C,G,E,I,D,G,B,H,M-188,,DT,,,b
E,E-277,M,E-152,,H,J,F,N,D,J,H,I,G,M,G,I,D,I,D,N,B,D,X-083,X-083 has AE in HY15,SK,A,,m
E,E-253,F,E-152,,H,H,N,N,H,J,H,I,M,M,C,E,D,E,D,M,D,H,X-083,,SK,,,m
E,E-227,M,E-152,,H,H,E,N,D,L,H,H,F,G,A,G,F,I,G,O,G,H,S-117,S-117 has HH in HY09 - same problem with E-237,SK,T,,b
E,E-206,M,E-152,,G,H,F,N,D,L,H,J,D,M,C,I,I,J,G,G,H,J,L-202,,DT,,,b
E,E-136,F,E-043,,C,J,D,N,L,L,E,H,H,M,C,C,E,J,G,O,A,B,M-116,,KW + DT + SK,,,b
E,E-194,M,E-136,E-193,C,H,I,N,L,L,B,E,H,M,C,C,E,F,A,O,A,J,S-117,S-117 has EJ in HY03,DT,,x,m
E,E-176,M,E-136,,C,C,D,D,I,L,H,I,D,M,C,D,E,H,G,G,B,J,L-202,,DT,,x,b
E,E-118,M,E-043,,F,J,F,N,H,H,H,I,M,M,,,E,I,G,J,,,L-116,,KW,,x,muscle
E,E-101,F,E-043,E-102,I,J,H,N,L,L,J,J,M,M,B,C,I,J,I,O,A,A,M-087,,AM + KW + DT + SK,,,b
E,E-188,F,E-101,,F,J,H,K,H,L,H,J,A,M,B,C,D,J,M,O,A,A,X-065,,KW + DT,,x,m
E,E-171,F,E-101,E-172,G,I,F,H,I,L,I,J,D,M,B,D,H,I,G,O,A,J,L-202,,DT,,,b
E,E-302,M,E-171,E-301,F,G,F,H,F,L,J,M,C,M,A,B,H,J,M,O,A,D,X-083,,SK,,,
E,E-288,X,E-171,,G,H,D,F,G,L,H,I,D,F,D,D,G,H,D,O,A,J,L-204,,SK,M,,m
E,E-270,F,E-171,,G,H,H,N,F,L,J,M,C,D,A,D,D,H,N,O,A,J,X-083,,SK,,,
E,E-333,M,E-270,E-332,C,H,E,H,J,L,E,M,D,F,A,G,D,G,J,N,A,J,M-320,,SK,,,
E,E-310,M,E-270,,F,H,F,H,F,L,I,J,D,E,C,D,D,E,M,N,A,J,L-377,,SK,,,
E,E-172,M,E-101,E-171,C,J,F,H,D,L,E,J,F,M,B,I,G,J,I,L,A,J,L-123,,DT,,x,b
E,E-145,F,E-101,,I,J,J,N,D,L,J,K,F,M,B,I,E,J,E,O,A,E,L-131,L-131 has GJ in HY65 (E-145 has to have AJ in HY65),DT,,,b
E,E-309,M,E-145,,C,J,E,N,D,J,E,J,F,F,G,I,G,J,O,O,J,J,M-320,,SK,,,
E,E-294,F,E-145,E-295,F,I,K,N,D,H,H,J,A,M,C,I,C,J,E,M,A,J,X-065,same alleles as sibling E-295,SK,,,m
E,E-295,M,E-145,E-294,F,I,K,N,D,H,H,J,A,M,C,I,C,J,E,M,A,J,X-065,same alleles as sibling E-295,SK,,,
E,E-260,F,E-145,E-163,I,I,J,N,G,L,B,K,G,M,B,B,E,J,G,O,J,J,M-331,,SK,,,m
E,E-238,F,E-145,E-239,H,I,B,N,G,L,H,J,F,M,D,I,E,J,D,E,I,J,L-204,,SK,,,b
E,E-315,F,E-238,E-316,H,I,F,N,G,J,I,J,C,F,A,D,D,J,D,M,A,J,X-083,,SK,,,
E,E-316,F,E-238,E-315,H,H,J,J,DH,J,BH,M,CF,H,A,C,AEG,IJ,E,G,I,J,,,SK,,,
E,E-300,M,E-238,E-298,H,I,B,E,D,L,E,H,F,G,D,G,G,J,E,J,I,J,M-320,,SK,,,
E,E-239,M,E-145,E-238,H,J,D,J,D,G,H,K,F,F,D,I,E,J,D,O,I,J,L-204,,SK,,,b
E,E-207,M,E-145,,I,J,E,J,D,H,H,J,J,M,B,C,D,J,D,E,A,J,X-065,,DT,,,b
E,E-102,F,E-043,E-101,H,J,D,H,L,L,I,J,F,M,C,D,E,F,G,I,A,B,M-042,,AM + KW + DT,,x,b
E,E-179,M,E-102,,C,J,D,F,D,L,E,I,C,F,C,D,F,G,I,L,A,B,L-123,,DT,N,,b
E,E-155,F,E-102,E-156,J,J,D,F,H,L,I,I,M,M,C,E,D,E,E,J,B,J,L-116,,DT,,,b
E,E-214,M,E-155,,G,J,D,H,H,K,I,O,M,N,A,E,E,E,J,M,E,J,A-222,A-222 has CH in HY02,DT + SK,,,b
E,E-156,F,E-102,E-155,H,J,D,D,D,L,E,I,F,G,B,D,E,E,I,O,A,A,M-116,,DT,,,b
E,E-213,M,E-156,,C,J,D,F,D,L,B,I,F,M,D,E,E,G,E,I,A,J,L-227,,DT,,,m
E,E-046,M,E-,,H,H,F,N,E,G,H,H,M,M,,,E,E,,,,,founder,,BW + OH,N,x,b
F,F-001,F,F-,,C,F,C,F,I,K,I,I,E,H,B,C,E,G,E,M,C,I,founder,,BW + OH,,x,b
F,F-081,M,F-001,,A,F,C,F,D,K,B,I,E,F,,,E,E,,,,,F-043,,BW + OH,,x,b
F,F-045,M,F-001,,F,F,E,F,K,L,I,I,H,H,B,C,G,G,E,M,A,C,founder,,BW + OH + DT,M,x,b
F,F-007,F,F-001,,F,F,E,F,D,I,I,J,C,E,B,C,G,J,A,E,H,I,founder,,BW + OH,,x,m
F,F-185,M,F-007,,F,H,E,F,D,I,J,J,E,E,B,C,G,J,A,K,A,I,F-145,,SK,,,b
F,F-159,F,F-007,F-160,F,H,E,F,D,L,I,I,C,D,C,I,G,I,A,G,A,I,A-166,,DT + SK,,,m
F,F-308,M,F-159,,C,H,C,F,L,L,H,I,D,E,C,I,G,H,G,M,C,I,N-254,,SK,,,
F,F-240,F,F-159,,C,F,F,H,D,D,I,I,C,H,C,D,E,G,G,M,I,J,M-298,,SK,,,m
F,F-160,M,F-007,F-159,F,J,F,J,I,J,H,J,E,G,B,B,G,J,A,M,I,J,A-124,,DT + SK,A,,b
F,F-149,F,F-007,,F,F,F,I,D,D,J,J,D,E,A,B,E,J,A,D,D,I,A-123,,DT + SK,,,m
F,F-138,F,F-007,F-139,C,F,B,E,I,J,J,K,E,L,A,B,G,G,A,D,I,J,L-082,,DT,,,b
F,F-294,M,F-138,,C,C,E,E,I,I,I,J,L,M,A,B,E,G,A,H,I,I,T-116,,SK,,,
F,F-269,F,F-138,,C,F,E,H,D,J,I,K,H,H,A,D,E,G,D,M,J,J,M-298,,SK,,,h
F,F-322,M,F-269,,F,F,E,E,J,J,I,I,J,L,A,D,G,J,D,F,J,J,A-377,,SK,,,
F,F-247,M,F-138,F-246,C,C,B,H,D,I,I,J,E,H,B,D,E,G,A,D,J,J,M-298,,SK,,,m
F,F-225,M,F-138,,C,F,B,E,H,I,H,J,L,N,A,A,F,G,D,J,B,J,A-199,,SK,,,m
F,F-176,M,F-138,F-175,F,F,B,J,D,I,H,J,H,L,A,C,E,G,A,M,A,J,A-185,,SK,,,m
F,F-139,M,F-007,F-138,C,F,B,E,D,I,I,I,D,E,B,D,G,J,D,E,I,J,L-082,,DT,A,x,b
F,F-128,M,F-007,,C,F,B,E,D,I,I,J,D,E,B,D,G,G,A,L,I,I,L-082,,KW + DT + SK,A,x,m
F,F-107,F,F-007,F-110,F,H,F,H,G,I,I,J,C,J,C,D,C,G,A,G,H,I,S-042,,KW,,,b
F,F-295,F,F-107,,F,F,F,F,I,L,I,K,F,J,D,D,D,G,A,N,H,J,F-233,,SK,,,
F,F-275,F,F-107,,F,H,E,H,E,I,J,L,J,M,B,D,G,I,A,F,A,I,F-208,,SK,,,m
F,F-231,F,F-107,F-232,F,H,G,H,F,I,E,J,C,J,A,D,C,I,F,G,I,J,X-091,,SK,,,m
F,F-299,F,F-231,F-300,F,H,B,G,E,I,J,K,C,K,A,D,C,J,A,G,I,I,F-208,,SK,,,
F,F-300,M,F-231,F-299,F,H,H,H,I,L,E,K,J,M,B,D,I,J,F,G,A,I,F-208,F-208 has BE in HY03,SK,,,
F,F-273,M,F-231,F-274,H,H,C,H,F,H,E,I,C,F,A,D,C,I,D,F,J,J,A-380,,SK,,,m
F,F-274,F,F-231,F-273,F,H,G,I,F,G,E,I,C,F,A,D,C,C,D,F,A,I,A-380,,SK,,,m
F,F-232,M,F-107,F-231,H,H,F,N,F,I,E,J,C,C,A,C,G,I,F,G,I,J,X-091,,SK,A,,m
F,F-204,F,F-107,,C,H,H,I,I,I,J,J,E,J,C,C,C,J,A,K,I,J,F-145,,SK,,,m
F,F-288,M,F-204,F-289,H,H,D,I,D,I,I,J,D,E,A,C,C,J,A,E,A,I,F-140,,SK,,,
F,F-259,M,F-204,,C,H,D,I,D,I,I,J,E,M,B,C,D,J,A,D,A,J,F-140,,SK,,,m
F,F-235,M,F-204,,C,H,F,H,I,L,I,J,E,J,B,C,E,J,A,E,J,J,T-143,,SK,E,,m
F,F-190,M,F-107,F-191,G,H,H,J,G,H,I,J,C,J,C,D,F,G,G,G,B,I,A-199,F-192 also sibling,SK,,,b
F,F-191,F,F-107,F-190,F,G,F,J,G,H,J,J,J,N,A,D,C,J,A,J,A,H,A-199,F-192 also sibling,SK,,,b
F,F-298,M,F-191,,F,F,E,J,G,L,J,K,J,J,D,I,C,D,J,N,H,J,F-233,F-233 has FF in HY09,SK,,,
F,F-281,M,F-191,,F,F,E,J,D,H,J,K,F,N,A,I,D,J,A,D,A,D,F-233,,SK,A,,m
F,F-267,F,F-191,,F,F,E,J,H,L,J,K,F,J,D,I,C,D,A,L,H,J,M-301,,SK,,,m
F,F-241,M,F-191,F-242,F,G,H,J,D,G,B,J,H,J,A,D,D,J,D,J,A,H,M-298,,SK,A,,m
F,F-242,F,F-191,F-241,C,F,B,J,D,H,B,J,H,N,A,A,E,J,J,M,A,A,M-298,,SK,,,m
F,F-192,F,F-107,F-190,F,H,F,F,D,I,B,J,C,M,C,D,E,G,G,O,C,H,S-087,F-191 also sibling,SK,,,b
F,F-271,M,F-192,,H,I,F,F,I,K,I,J,C,N,A,D,E,G,G,G,H,I,A-307,,SK,,,m
F,F-249,F,F-192,,F,H,E,F,D,I,B,J,C,M,B,D,E,E,H,O,H,J,T-116,,SK,,,m
F,F-224,M,F-192,,C,F,F,H,D,D,B,J,C,H,A,D,D,G,D,G,C,J,M-298,,SK,A,,m
F,F-169,F,F-107,F-170,F,J,H,J,G,K,J,L,C,G,B,C,G,G,F,G,I,J,A-124,,DT,,,b
F,F-276,F,F-169,F-277,F,H,D,H,G,H,J,J,C,M,C,D,G,I,F,O,I,J,S-174,,SK,,,m
F,F-277,M,F-169,F-276,F,F,H,J,G,H,J,L,C,H,C,C,F,G,E,G,I,J,S-174,,SK,,,m
F,F-248,M,F-169,F-250+F-253,H,J,E,J,G,K,J,L,G,H,A,B,A,C,E,G,A,I,T-143,,SK,,,m
F,F-250,M,F-169,F-248+F-253,F,F,F,H,G,G,I,L,C,E,B,C,A,G,E,G,A,I,T-143,,SK,,,m
F,F-253,F,F-169,F-248+F-250,H,J,E,H,G,K,J,J,C,E,B,C,A,G,E,G,A,I,T-143,,SK,,,m
F,F-212,F,F-169,F-214,F,J,E,J,K,L,K,L,C,F,C,I,C,D,F,N,A,J,M-301,,SK,,,m
F,F-306,F,F-212,F-307,,,E,E,K,K,L,L,H,H,,,D,E,F,F,A,C,,,SK,,,
F,F-307,F,F-212,F-306,F,J,E,J,L,L,I,L,C,E,B,C,A,C,E,N,A,J,T-143,,SK,,,
F,F-265,F,F-212,F-266,F,I,B,J,K,L,I,K,F,N,A,I,C,E,F,M,A,H,A-307,,SK,,,m
F,F-214,M,F-169,F-212,F,H,D,H,G,I,J,L,C,H,C,C,G,G,E,F,I,I,T-116,,SK,A,,m
F,F-170,M,F-107,F-169,F,H,F,J,I,K,H,I,C,G,B,C,G,G,A,F,A,I,A-124,,DT + SK,,,m
F,F-146,M,F-107,F-147,H,H,F,I,D,G,I,J,F,J,D,D,C,J,A,D,A,H,A-123,,DT + SK,A,,h
F,F-147,M,F-107,F-146,F,F,F,I,D,I,J,J,C,D,A,C,C,E,A,K,D,H,A-123,,KW + DT + SK,A,x,m
F,F-136,F,F-107,,C,H,F,J,G,K,I,J,J,M,B,D,G,I,A,D,A,I,A-142,,DT,,,b
F,F-215,F,F-130,F-216,C,C,B,J,D,G,I,J,H,J,D,D,E,I,D,M,A,J,M-298,former F-217,SK,,,m
F,F-297,F,F-215,F-296,C,I,B,G,D,G,I,I,J,M,B,D,E,I,M,N,J,J,X-091,X-091 has HH in HY02,SK,,,
F,F-201,F,F-136,F-202,C,H,J,J,D,G,H,I,H,J,C,D,E,I,A,M,A,H,A-185,,SK,,,m
F,F-256,M,F-201,,H,J,F,J,D,D,I,I,F,J,C,E,G,I,A,D,A,H,F-183,,SK,,,m
F,F-202,M,F-136,F-201,F,H,F,J,D,K,H,J,D,J,D,I,F,G,A,M,A,A,A-185,,SK,T,,m
F,F-186,M,F-136,F-187,G,H,B,J,G,H,H,I,M,N,A,B,F,G,D,J,A,I,A-199,,DT,,,b
F,F-173,F,F-136,,H,H,F,I,G,L,I,I,D,M,B,I,F,I,A,O,A,I,A-166,,DT + SK,,,b
F,F-282,F,F-173,,H,H,F,N,F,L,I,I,C,M,A,B,F,I,,,D,I,X-091,,SK,,,h
F,F-323,F,F-173,F-324,C,H,CF,G,,,J,J,A,D,B,G,F,J,A,M,A,I,,could also be HH in HY02,SK,,,
F,F-324,F,F-173,F-323,C,H,C,I,L,L,I,J,D,G,G,I,H,I,A,M,C,I,N-254,,SK,,,
F,F-254,F,F-173,F-255,F,H,H,I,D,L,B,I,D,H,A,I,D,F,M,O,A,A,M-298,,SK,,,m
F,F-313,F,F-254,F-314,F,H,I,I,K,L,B,I,H,J,D,D,D,J,F,F,,,,,SK,,,
F,F-314,M,F-254,F-313,C,H,E,I,I,L,B,I,D,D,D,I,D,G,F,O,A,A,A-377,,SK,,,
F,F-255,F,F-173,F-254,C,H,B,F,D,G,B,I,H,M,A,B,E,F,M,O,A,J,M-298,,SK,,,m
F,F-221,M,F-173,F-222,F,H,E,F,J,L,I,J,D,F,I,I,D,F,A,L,A,A,M-301,,SK,A,,m
F,F-222,F,F-173,F-221,H,J,E,F,J,L,I,J,D,F,G,I,I,I,O,O,A,I,M-301,M-301 has LN in HY63 (mistake of F-222),SK,,,m
F,F-210,M,F-173,,F,H,H,I,D,L,I,I,D,H,D,I,D,I,D,O,I,J,M-298,,SK,T,,m
F,F-174,M,F-136,F-173,H,H,F,J,F,G,I,J,D,M,B,I,F,I,D,O,A,I,A-166,,DT,T,,h
F,F-099,F,F-007,F-100,C,F,B,F,D,I,J,K,D,E,C,D,G,J,A,D,I,J,L-082,,KW + DT,,,m
F,F-226,F,F-099,F-227,C,J,B,J,D,K,K,L,D,G,D,I,J,J,A,F,I,J,A-124,,SK,,,m
F,F-227,F,F-099,F-226,C,F,F,J,I,K,H,K,E,G,B,C,G,G,D,F,I,J,A-124,,SK,,,m
F,F-195,F,F-099,,C,H,B,I,D,I,I,J,D,M,A,D,D,G,A,D,A,J,F-140,,SK,,,b
F,F-290,F,F-195,,C,F,B,D,D,H,H,J,D,H,A,C,G,I,D,O,A,C,S-174,,SK,,,
F,F-258,M,F-195,,C,F,B,H,D,I,I,J,D,H,A,A,D,E,A,M,A,A,M-298,,SK,,,m
F,F-171,F,F-099,F-172,F,F,F,F,D,D,I,K,D,F,D,D,J,J,D,D,D,J,A-123,,DT + SK,,,b
F,F-252,M,F-171,F-251,F,H,F,J,D,D,H,K,F,H,C,D,F,J,D,M,H,J,A-185,,SK,,,m
F,F-233,M,F-171,,F,F,E,F,D,L,I,K,F,F,D,I,D,J,D,N,D,J,M-301,,SK,F/A,,m
F,F-172,F,F-099,F-171,F,H,F,F,D,I,I,K,D,D,A,D,G,J,A,D,D,J,A-123,,DT + SK,,,b
F,F-154,M,F-099,,F,F,B,I,D,I,I,J,D,D,A,D,E,J,A,K,A,I,A-123,,DT + SK,T,,m
F,F-144,F,F-099,F-145,F,F,F,F,D,J,J,K,D,F,A,D,J,J,D,D,D,J,A-123,A-123 has DD in HY04 - HY04 of F-144 checked and 2 peaks confirmed,DT + SK,,,m
F,F-260,M,F-144,F-261,F,F,F,J,D,L,H,J,D,F,,,F,G,D,M,A,D,A-185,,SK,,,m
F,F-228,M,F-144,F-230,F,H,F,J,D,L,H,J,D,F,D,I,E,J,D,M,A,H,A-185,,SK,,,m
F,F-230,M,F-144,F-228,F,F,B,F,D,L,H,J,D,D,D,I,E,J,D,M,A,D,A-185,,SK,A,,m
F,F-211,M,F-144,,F,H,F,J,D,L,H,J,F,H,D,I,E,J,D,M,D,H,A-185,,SK,,,m
F,F-189,F,F-144,,F,H,E,F,D,I,J,J,F,M,B,D,G,G,D,H,D,J,T-116,,DT + SK,,,m
F,F-145,M,F-099,F-144,C,H,F,I,D,I,I,J,D,E,A,C,J,J,D,K,A,J,A-123,,KW + DT + SK,F/T,,m
F,F-133,M,F-099,F-134,C,F,F,J,I,K,B,J,E,M,B,C,I,J,A,D,J,J,A-142,,DT,,x,m
F,F-126,F,F-099,,C,H,D,F,D,D,I,J,D,E,A,C,J,J,D,K,A,J,A-123,A-123 has FI in HY03,DT,,,m
F,F-197,F,F-126,F-198,C,J,B,F,D,J,I,L,D,G,A,I,J,J,K,M,I,J,A-124,,SK,,,m
F,F-198,F,F-126,F-197,C,F,B,F,D,J,J,L,E,G,C,I,G,J,D,F,A,J,A-124,,SK,,,m
F,F-167,M,F-126,F-168,C,H,B,J,D,K,B,I,D,M,B,C,I,J,D,K,J,J,A-142,,DT,A,,b
F,F-168,F,F-126,F-167,H,H,F,I,D,F,E,I,D,P,A,B,F,J,D,G,A,J,A-166,,DT + SK,,,m
F,F-292,M,F-168,E-293,F,H,E,I,D,I,E,I,D,P,B,D,F,G,D,D,J,J,A-377,,SK,,,
F,F-293,M,F-168,F-292,F,H,E,F,D,J,I,I,D,J,A,D,F,G,D,F,J,J,A-377,,SK,,,
F,F-268,F,F-168,,F,H,H,I,D,D,E,I,H,P,B,D,E,F,D,G,A,A,M-298,,SK,,,m
F,F-229,F,F-168,,H,J,E,F,D,L,I,K,F,P,B,I,D,F,D,L,A,J,M-301,,SK,,,m
F,F-100,M,F-007,F-099,C,F,B,F,D,I,I,J,C,D,C,D,G,G,A,D,I,J,L-082,,KW + DT,M,x,b
F,F-088,M,F-007,,C,F,B,E,D,I,J,K,E,F,,,G,G,,,,,L-083,,AM,N,x,b
F,F-002,F,F-001,,F,H,E,F,D,K,I,I,E,M,B,D,G,G,E,M,A,I,founder,,BW + OH,,x,b
F,F-112,M,F-002,,F,J,E,F,K,L,I,I,C,M,C,D,G,G,E,M,I,I,L-093,,KW + DT + SK,A,x,m
F,F-102,M,F-002,,F,J,E,F,K,L,I,I,M,M,B,D,D,G,E,N,A,C,L-089,"L-089 has GH in HY27, mismatch checked, F-102 confirmed to have DG",KW + DT,,x,b
F,F-095,F,F-002,F-096,C,H,D,F,J,K,E,I,C,E,,,G,G,E,O,,,L-083,,KW,,x,b
F,F-096,F,F-002,F-095,A,H,E,F,D,K,I,J,M,M,,,D,G,,,,,F-043,,AM + KW,,x,m
F,F-124,F,F-096,F-125,A,H,F,I,D,D,J,J,D,M,A,D,D,E,G,K,A,D,A-123,,DT,,x,b
F,F-084,M,F-002,,H,H,E,F,K,L,I,K,E,H,B,D,G,J,E,O,A,I,F-040,,BW + OH,L,x,m
F,F-080,M,F-002,F-082,A,F,E,F,D,D,B,I,M,M,D,D,D,G,G,O,A,I,F-043,,AM + DT + SK,T/N,x,b
F,F-082,M,F-002,F-080,F,F,F,I,D,K,I,I,D,M,,,G,J,,,,,unknown,,BW + OH,,x,muscle
F,F-006,F,F-002,,H,I,D,F,D,D,I,K,E,M,B,B,D,G,E,G,A,A,F-042,,BW + OH + SK,,x,m
F,F-177,F,F-006,,H,H,D,K,D,G,I,I,G,M,A,B,D,F,G,N,A,E,A-210,,SK,,,m
F,F-223,X,F-177,,F,H,D,E,D,G,I,E,M,M,B,G,E,F,N,N,A,J,,,SK,,,m
F,F-155,F,F-006,,C,I,D,J,D,J,B,K,E,G,B,C,D,I,D,E,A,A,A-142,,DT,,x,m
F,F-140,M,F-006,,H,H,D,I,D,D,I,I,D,M,A,B,D,J,D,E,A,A,A-123,,DT,F,,b
F,F-129,F,F-006,,C,H,B,F,D,I,I,I,D,E,B,D,D,G,E,L,A,J,L-082,,DT,,x,b
F,F-200,M,F-129,,C,F,B,J,D,I,I,I,D,E,D,D,F,G,,,A,H,A-185,A-185 has CI in HY15,DT + SK,,,h
F,F-181,F,F-129,F-182,H,H,F,F,D,I,I,J,E,E,B,D,D,E,D,E,A,J,A-123,A-123 has DF in HY09,SK,,,b
F,F-283,M,F-181,,F,H,F,J,H,I,I,J,E,M,B,D,D,F,D,E,A,C,S-174,,SK,,,m
F,F-244,M,F-181,,H,J,E,F,D,L,J,K,E,F,D,I,D,E,E,N,J,J,M-301,,SK,,,m
F,F-182,M,F-129,F-181,C,C,B,J,I,J,B,I,D,M,B,D,D,J,L,M,A,J,A-142,,DT + SK,,,b
F,F-161,F,F-129,F-162,A,H,F,K,I,K,I,O,E,G,A,D,D,E,F,L,A,A,A-198,,DT,,,m
F,F-286,F,F-161,F-287,H,H,E,F,G,I,J,O,E,E,A,A,E,E,E,L,A,J,T-143,,SK,,,h
F,F-287,F,F-161,F-286,A,F,E,F,K,L,J,O,H,H,A,D,A,E,D,L,A,J,T-143,,SK,,,h
F,F-264,M,F-161,,A,I,B,K,I,K,I,I,D,E,A,D,E,G,F,M,A,H,A-307,,SK,,,h
F,F-234,M,F-161,,H,J,E,F,I,J,J,O,E,F,D,G,E,I,F,N,A,A,M-301,,SK,,,m
F,F-162,M,F-129,F-161,C,H,F,K,D,K,I,I,D,G,A,B,D,G,E,N,A,A,A-198,,DT + SK,,,b
F,F-113,M,F-006,,H,J,F,F,D,L,H,I,D,M,,,G,H,A,G,,,L-089,,DT,,x,b
F,F-105,F,F-006,,I,J,D,D,D,I,I,I,E,M,,,D,G,A,E,,,L-089,,KW,,x,m
F,F-097,F,F-006,,C,I,B,F,D,D,I,K,F,M,B,E,D,G,D,G,A,I,L-083,,AM,,,b
F,F-219,M,F-097,,C,C,B,E,D,I,I,K,F,H,C,E,D,E,D,H,A,I,T-116,,SK,A,,m
F,F-183,M,F-097,,F,I,F,J,D,J,H,I,F,G,E,I,G,G,D,M,A,A,A-124,,DT + SK,F,,m
F,F-184,M,F-097,,F,I,F,J,D,J,H,K,F,G,B,I,G,J,G,M,A,J,A-124,,DT + SK,,,b
F,F-157,F,F-097,F-158,H,I,B,F,D,L,K,L,F,M,B,E,D,G,F,G,A,I,A-138,,DT + SK,,,m
F,F-278,F,F-157,,F,H,,,D,H,H,L,M,M,D,E,G,I,G,O,,,S-174,,SK,,,h
F,F-257,M,F-157,,H,I,D,F,D,I,I,K,F,M,B,E,D,E,F,H,I,J,T-116,,SK,,,m
F,F-220,M,F-157,,H,H,E,F,I,L,J,K,M,M,B,B,E,G,E,G,A,J,T-116,,SK,,,m
F,F-312,M,F-220,,C,H,C,F,L,L,J,J,G,M,B,G,G,H,G,M,A,J,N-254,,SK,,,
F,F-158,M,F-097,F-157,H,I,F,J,D,J,I,L,D,M,A,B,G,G,F,G,A,I,A-138,,DT,,,b
F,F-142,F,F-097,F-143,C,F,B,B,D,L,K,L,F,M,B,E,G,J,F,G,A,J,A-138,,DT + SK,,,b
F,F-217,F,F-142,,F,H,B,J,D,L,I,L,M,M,B,I,E,J,F,M,H,J,A-185,"former X-124, A-185 has DH in HY09",SK,,,m
F,F-208,M,F-142,F-209,F,F,B,E,E,L,K,L,K,M,A,B,I,J,A,F,A,I,unknown,,SK,F/A,,m
F,F-209,M,F-142,F-208,F,F,B,E,D,E,K,L,M,M,A,E,I,J,A,G,A,I,unknown,,SK,F,,m
F,F-143,F,F-097,F-142,F,I,F,I,D,D,J,K,F,M,B,D,D,J,D,G,A,A,A-123,,DT + SK,,,b
F,F-130,F,F-097,,C,H,B,F,D,H,I,K,J,J,D,E,G,I,D,G,A,J,A-118,,DT,,,m
F,F-179,M,F-130,,C,H,F,F,H,K,I,J,F,M,B,E,I,I,D,D,A,J,A-142,mistake most probably with F-130 because F-179 repeatedly typed with same alleles,DT + SK,,,m
F,F-117,M,F-097,,I,J,B,F,D,L,I,I,C,F,,,D,G,D,J,,,L-093,,KW + DT,,x,m
F,F-120,M,F-097,,C,J,F,I,D,F,J,K,F,M,,,E,G,D,M,,,L-093,,DT,,x,m
F,F-004,F,F-,,F,H,I,M,G,I,E,F,J,N,G,I,I,J,G,M,D,D,founder,,BW + OH + SK,,x,m
F,F-109,F,F-004,F-111,C,H,B,I,G,J,E,K,C,N,C,G,G,I,M,O,C,D,L-083,,DT,,,m
F,F-178,F,F-109,F-180,C,H,B,J,G,K,J,K,G,N,C,G,G,I,M,O,A,D,A-142,,DT,,,b
F,F-180,F,F-109,F-178,C,C,I,J,G,J,B,E,G,N,C,G,G,J,D,O,C,J,A-142,,DT + SK,,,m
F,F-156,M,F-109,,F,H,H,I,E,J,E,F,C,F,B,C,A,I,D,M,C,K,unknown,,DT,,,m
F,F-141,M,F-109,,F,H,,,G,J,H,K,G,N,G,I,G,G,M,O,D,J,A-124,,DT + SK,,,m
F,F-111,F,F-004,F-109,C,F,D,M,G,J,E,K,C,N,C,G,G,J,D,G,C,D,L-083,,KW,,x,b
F,F-132,M,F-111,,C,J,B,D,J,K,H,K,C,G,C,I,G,G,F,G,D,J,A-124,,DT,,,b
F,F-098,F,F-004,,C,F,B,I,D,I,E,K,F,N,,,G,I,D,G,,,L-083,,KW + DT,,x,b
F,F-090,M,F-004,,C,H,F,I,G,I,E,I,F,N,,,I,I,,,,,S-042,,AM,N,x,b
F,F-008,F,F-004,,F,H,F,M,E,I,E,J,H,N,,,J,J,,,,,F-040,,BW + OH,,x,b
F,F-118,F,F-008,F-119,F,I,J,M,E,F,E,J,F,N,D,D,J,J,G,N,A,D,A-125,A-125 has HH in HY02,DT,,x,m
F,F-163,F,F-118,F-164,C,F,B,J,E,H,H,J,F,N,A,D,F,J,G,N,B,D,A-199,,DT,,x,b
F,F-164,M,F-118,F-163,F,G,J,M,E,H,E,J,N,N,A,D,J,J,J,N,A,B,A-199,,DT + SK,,x,b
F,F-119,M,F-008,F-118,F,H,F,J,F,I,E,J,F,N,,,J,J,G,O,,,A-125,,KW + DT,,x,m
F,F-108,F,F-008,,C,F,B,F,I,I,E,I,D,N,,,G,J,D,G,,,L-082,,KW,,x,m
F,F-091,F,F-008,F-092,F,J,D,F,E,I,E,I,D,H,,,H,J,,,,,L-089,,AM,,x,b
F,F-048,F,F-005,,A,C,E,M,D,G,B,J,F,M,G,I,D,G,L,L,E,K,F-043,F-043 has GM in HY63,BW + OH + SK,,x,b
F,F-114,F,F-048,F-115,A,C,C,M,G,L,B,B,C,M,G,I,D,D,L,O,A,K,A-100,A-100 has DM in HY09,DT,,x,m
F,F-148,M,F-114,,C,F,B,C,D,L,B,H,C,H,C,I,D,F,M,O,A,H,A-185,,DT,,,m
F,F-115,M,F-048,F-114,A,C,C,E,D,G,B,J,D,F,,,D,D,L,O,,,A-100,,KW + DT,A,x,b
F,F-103,F,F-048,F-104,A,I,F,M,D,I,B,I,M,M,E,G,E,G,E,L,E,G,L-090,,KW,,,m
F,F-165,F,F-103,,A,C,F,M,D,J,B,I,M,M,B,E,G,I,D,E,A,G,A-142,,DT + SK,,,b
F,F-153,F,F-103,,C,I,J,M,D,J,H,I,M,N,A,E,G,J,G,L,B,G,A-199,,DT,,,b
F,F-137,F,F-103,,A,H,F,I,F,I,B,J,M,P,B,E,G,J,E,O,A,G,A-125,,DT,,,b
F,F-199,F,F-137,,A,H,E,F,G,I,I,J,E,P,B,C,F,J,E,O,A,J,A-210,,SK,,,m
F,F-284,M,F-199,F-285,H,H,D,F,H,I,H,I,H,P,B,C,F,J,E,E,A,C,S-174,,SK,,,h
F,F-262,F,F-199,F-263,A,H,E,J,H,I,I,J,M,P,B,D,F,F,E,O,A,C,S-174,,SK,,,m
F,F-104,F,F-048,F-103,A,I,F,M,G,I,B,I,F,H,C,I,D,E,L,L,J,K,L-090,,KW + DT,,x,m
F,F-152,F,F-104,,H,I,J,M,I,L,B,I,F,M,B,C,D,G,F,L,J,K,A-138,,DT,,,b
F,F-194,F,F-152,,C,I,D,J,I,L,I,I,H,M,B,C,D,G,E,F,I,J,T-116,,DT + SK,,,m
F,F-135,M,F-104,,C,I,F,J,G,K,B,B,F,M,B,I,D,I,D,L,A,K,A-142,,DT,A,x,b
F,F-093,F,F-048,F-094,A,C,B,M,D,J,J,K,L,M,,,D,G,D,L,,,L-082,,AM + KW,,x,b
F,F-094,F,F-048,F-093,A,C,B,M,D,J,J,K,F,L,,,G,G,,,,,L-082,,AM + KW,,x,b
F,F-116,M,F-094,,A,H,I,M,F,J,E,J,F,P,,,G,G,D,O,,,A-125,,KW + DT,,x,b
F,F2,X,F-,,F,H,F,H,,,,,E,E,,,C,J,L,O,D,J,,,SK,,x,h
F,F3,X,F-,,F,H,B,F,D,G,C,C,,,A,D,C,J,G,M,D,J,,,SK,,x,h
L,L-001,F,L-,,H,J,F,F,E,G,H,J,F,L,E,I,E,G,D,I,C,J,founder,,BW + OH,,x,b
L,L-011,F,L-001,,C,H,F,K,G,H,B,J,E,L,C,I,F,G,D,O,C,G,founder,,BW + OH,,x,b
L,L-169,F,L-011,L-170,C,C,F,F,B,H,B,I,L,N,,,E,F,,,,,A-054,,AM,,x,h
L,L-170,M,L-011,L-169,C,J,F,K,B,H,B,I,E,N,,,F,G,D,M,,,A-054,,KW,,x,b
L,L-132,F,L-011,L-133,D,H,F,F,H,L,B,I,D,L,C,I,G,J,G,O,C,J,A-041,,AM,,x,b
L,L-357,F,L-132,L-358,D,H,F,H,H,H,I,J,D,E,D,I,E,G,G,O,A,C,A-182,,DT + SK,,x,b
L,L-305,F,L-132,,D,H,E,F,G,L,I,I,D,F,D,I,I,J,G,G,C,J,A-128,,DT,,x,b
L,L-133,F,L-011,L-132,G,H,J,K,H,L,B,J,D,L,I,I,G,I,D,D,G,J,A-041,,AM + SK,,x,m
L,L-290,F,L-133,L-291,C,G,F,J,H,J,B,I,L,N,A,I,G,I,D,F,A,J,A-150,,DT,,,b
L,L-291,M,L-133,L-290,C,H,I,K,D,H,B,I,D,L,A,I,G,I,D,K,A,G,A-150,,DT,,x,m
L,L-245,F,L-133,,C,H,F,K,G,H,I,J,D,I,B,I,G,G,D,G,G,J,M-104,,KW + DT,,x,m
L,L-107,M,L-011,,C,F,K,M,H,I,B,I,E,H,,,E,G,,,,,L-047,,BW + OH,,x,h
L,L-012,F,L-001,,C,H,B,F,D,G,H,I,G,L,B,I,D,E,I,L,A,C,founder,,BW + OH,,x,b
L,L-112,F,L-012,,C,H,B,F,D,G,H,I,F,G,,,E,F,,,,,L-042,,BW + OH,,x,h
L,L-174,F,L-112,L-175,C,H,F,F,D,H,B,I,F,N,,,E,G,I,M,,,M-104,,KW,,x,h
L,L-175,M,L-112,L-174,C,H,B,F,B,D,I,I,G,N,B,G,E,F,I,M,D,K,A-054,,KW + SK,,x,skin
L,L-084,F,L-012,,C,C,F,J,G,L,H,I,F,L,B,I,D,F,I,O,C,J,L-042,,BW + OH,,x,b
L,L-341,M,L-084,,C,F,B,F,G,G,E,H,F,G,B,I,D,I,D,O,A,J,M-244,,DT + SK,,x,muscle
L,L-295,F,L-084,,C,F,B,F,L,L,I,J,F,F,G,I,A,F,M,O,I,J,M-139,,DT,,,m
L,L-461,M,L-295,L-460,C,F,F,H,G,L,I,I,E,F,I,I,A,E,M,O,,,L-259,A-128 also with only one mismatch,SK,,,m
L,L-460,F,L-295,L-461,E,F,B,I,J,L,I,J,F,J,A,I,A,I,F,O,H,J,A-237,was labelled L-453; A-237 has CF in HY02,SK,,,b
L,L-252,F,L-084,L-251,C,F,F,F,G,L,H,I,F,F,,,F,G,M,O,,,M-139,,KW,,x,muscle
L,L-191,F,L-084,,C,H,F,I,F,L,F,I,F,P,B,I,F,G,D,O,B,C,A-085,,KW,,,h
L,L-361,M,L-191,,C,H,C,F,F,H,I,J,E,P,B,D,E,F,O,O,C,D,A-182,,KW + DT,,x,m
L,L-297,M,L-191,,C,F,F,F,F,J,F,I,M,P,B,E,G,G,N,O,A,B,M-193,,DT + SK,,x,h
L,L-156,F,L-084,L-157,C,C,F,M,B,G,I,I,L,N,B,G,D,E,I,M,J,J,A-054,,AM + SK,,,h
L,L-369,M,L-156,L-368,C,C,I,M,G,J,I,I,L,N,A,B,E,I,F,I,A,J,A-150,,DT,,x,m
L,L-289,M,L-156,,C,C,E,F,G,H,B,I,G,L,B,D,E,J,G,M,J,J,S-101,,DT,S,,b
L,L-264,F,L-156,L-263,C,F,F,I,B,K,I,I,G,L,,,E,J,M,P,,,A-137,A-137 has GM in HY63,KW,,x,muscle
L,L-157,M,L-084,L-156,C,C,F,J,B,G,H,I,L,N,,,E,F,,,,,A-054,,AM,,x,h
L,L-007,F,L-,,C,C,E,F,E,J,I,K,L,M,A,E,D,E,L,O,I,J,founder,,BW + OH,,x,muscle
L,L-088,F,L-007,,C,C,D,F,E,I,K,K,D,M,D,E,D,G,D,O,I,J,L-043,,BW + OH,,x,b
L,L-345,F,L-088,,C,K,B,D,E,M,K,K,D,E,B,D,E,G,D,K,A,J,X-061,,KW + DT + SK,,x,h
L,L-278,M,L-088,,C,F,D,I,I,K,K,L,G,M,B,E,D,E,M,O,I,J,A-137,,DT,S,x,b
L,L-203,M,L-088,L-204,C,H,C,F,G,I,H,K,D,F,,,G,J,D,D,,,A-046,,KW,,x,b
L,L-204,M,L-088,L-203,C,H,B,D,G,I,H,K,D,F,D,D,E,G,D,O,I,J,A-046,,KW + SK,N/E,x,b
L,L-189,M,L-088,L-188,C,F,D,I,H,I,J,K,D,G,,,E,G,M,O,,,M-047,,KW,,x,h
L,L-164,M,L-088,,C,F,C,F,H,I,E,K,D,P,B,D,D,G,O,O,G,I,A-084,,AM,L,x,h
L,L-137,M,L-088,L-138,C,F,F,F,I,I,I,K,D,H,C,D,F,G,E,O,C,J,L-047,L-047 has EG in HY27; HY27 of L-137 checked - seems heterozygous,KW + DT,A,x,b
L,L-138,M,L-088,L-137,C,H,D,F,D,E,J,K,H,M,,,E,G,,,,,L-047,,AM,A,x,b
L,L-129,M,L-088,,C,F,B,D,I,L,J,K,D,M,,,D,D,,,,,L-040,,BW + OH,M,x,b
L,L-111,M,L-088,,C,F,F,F,D,I,I,K,D,H,,,G,G,,,,,L-047,,BW + OH,A,x,b
L,L-004,F,L-007,L-044,C,I,F,J,D,J,I,K,F,M,E,I,E,F,K,L,I,J,L-042,,BW + OH,,x,b
L,L-221,M,L-004,L-222,C,H,B,F,D,L,I,K,M,M,C,E,F,F,E,L,J,J,E-089,,KW + DT + SK,M,x,m
L,L-222,M,L-004,L-221,H,I,F,N,J,L,H,K,F,F,G,I,E,F,L,O,J,J,E-089,,KW + DT + SK,M/E,x,m
L,L-194,M,L-004,,H,I,F,J,D,L,K,K,E,M,D,E,F,J,E,K,I,J,F-084,,KW + SK,L/M,x,h
L,L-172,F,L-004,L-173,G,I,F,F,D,L,J,K,D,F,,,E,J,,,,,A-041,,AM,,x,m
L,L-173,M,L-004,L-172,G,I,F,F,J,L,I,I,D,M,,,E,I,,,,,A-041,,AM,,x,m
L,L-160,F,L-004,L-161,C,D,F,J,D,J,I,K,G,M,C,E,F,I,G,K,A,J,A-041,,AM,,,b
L,L-482,M,L-160,,D,F,F,F,D,F,E,K,H,M,E,G,F,G,E,G,I,J,S-146,S-146 has CJ in HY65; L-258cub,SK,,,m
L,L-449,F,L-160,,C,D,J,J,D,J,F,I,H,M,C,E,E,F,G,K,C,J,S-113,,SK,,,h
L,L-534,F,L-449,,C,H,F,J,D,J,I,I,E,H,B,C,F,G,G,M,A,C,A-383,,SK,,,
L,L-508,F,L-449,,D,H,F,J,J,J,F,J,E,H,B,C,E,I,K,O,A,C,A-383,,SK,,,m
L,L-422,F,L-160,,D,F,F,J,D,D,E,K,D,M,A,E,I,J,F,G,D,I,A-150,,DT + SK,,x,h
L,L-337,F,L-160,,D,F,F,I,D,G,I,J,E,G,C,C,E,F,K,M,A,J,A-137,A-137 has IL in HY07,KW + DT,,,h
L,L-312,F,L-160,,D,J,C,J,D,F,B,I,F,G,B,C,E,I,K,M,G,J,S-093,,DT,,,b
L,L-506,M,L-312,,G,J,C,F,D,H,B,J,E,G,B,C,E,G,K,O,A,G,A-383,,SK,,,m
L,L-494,M,L-312,,C,J,I,J,D,F,B,I,D,G,A,C,E,J,K,K,A,G,A-150,,SK,,,m
L,L-458,M,L-312,,F,J,C,I,D,F,E,I,F,J,A,B,G,I,F,K,G,H,A-237,,SK,,,m
L,L-281,F,L-160,,D,F,I,J,D,J,I,I,D,G,A,C,F,J,F,G,D,J,A-150,,DT,,,h
L,L-454,M,L-281,,D,G,D,I,D,H,I,I,D,E,A,C,F,I,G,M,A,D,A-289,,SK,,,h
L,L-246,F,L-160,L-247,D,H,E,J,D,K,K,K,E,M,B,E,I,J,E,K,I,J,F-084,,DT,,,m
L,L-467,M,L-246,,C,H,F,J,D,K,E,K,D,E,A,B,J,J,E,K,A,I,A-150,thought to be cub of L-413?,SK,,,m
L,L-443,F,L-246,,H,H,E,H,D,L,J,K,E,E,D,E,E,J,K,O,A,I,A-182,,SK,,,m
L,L-501,M,L-443,,H,H,F,H,J,L,I,K,E,N,A,D,E,I,K,M,A,J,A-264,,SK,A,,m
L,L-398,F,L-246,,H,H,E,J,D,K,B,K,M,M,B,D,I,J,K,M,B,J,A-128,,DT + SK,,x,h
L,L-342,F,L-246,,D,H,E,E,K,K,B,K,E,E,B,C,E,I,K,O,,,A-146,,KW + DT + SK,,x,h
L,L-161,F,L-004,L-160,C,D,J,J,D,L,J,K,G,M,,,E,I,,,,,A-041,,AM,,x,m
L,L-130,F,L-004,L-131,C,H,J,M,I,J,I,K,D,M,,,E,G,,,,,L-047,,BW + OH,,x,h
L,L-185,F,L-130,L-186,H,H,F,J,F,J,I,I,E,M,,,G,G,E,M,,,A-049,,KW,,x,m
L,L-186,M,L-130,L-185,C,H,I,M,F,J,F,K,E,M,,,G,I,E,N,,,A-049,,KW,,x,h
L,L-131,M,L-004,L-130,H,I,J,M,D,D,I,K,F,H,C,I,E,E,E,L,G,J,L-047,,BW + OH,E/M,x,h
L,L-117,M,L-004,L-118,F,I,F,J,D,I,J,K,D,F,,,E,F,,,,,L-047,,BW + OH,,x,h
L,L-118,M,L-004,L-117,C,F,F,F,D,D,I,J,D,F,A,I,E,G,E,K,G,J,L-047,,BW + OH + DT,A,x,h
L,L-101,F,L-004,L-102,C,F,C,J,D,H,I,I,F,G,B,I,E,H,K,K,A,J,L-040,L-040 has CJ in HY65,BW + OH,,x,b
L,L-205,F,L-101,L-206,C,C,C,F,D,F,I,I,E,F,C,I,E,G,K,M,B,J,A-049,,KW,,,b
L,L-474,F,L-205,L-475,C,F,C,F,D,D,I,I,E,J,A,C,E,G,F,K,B,H,A-237,,SK,,,m
L,L-567,M,L-474,,C,F,F,F,D,L,I,I,J,M,A,B,G,I,H,K,B,I,T-171,,SK,,,
L,L-543,M,L-474,,C,H,F,F,D,H,E,I,J,M,A,B,E,F,F,H,H,J,T-171,,SK,,,
L,L-475,M,L-205,L-474,C,C,F,I,D,F,E,I,C,E,C,C,E,G,G,K,H,J,A-237,former L1,SK,,,m
L,L-462,F,L-205,L-463,C,F,F,H,D,D,I,I,C,E,C,C,E,G,G,K,H,J,A-237,A-237 has FI in HY03,SK,,,h
L,L-545,M,L-463,L-546,C,F,F,J,D,D,B,I,E,H,A,C,G,J,K,M,H,H,N-275,,SK,,,
L,L-546,M,L-463,L-545,H,H,,,I,I,B,B,C,C,,,AF,I,,,,,,,SK,,,
L,L-512,F,L-462,L-513,F,F,C,H,D,L,I,J,C,F,C,D,G,J,K,L,C,H,L-441,,SK,,,
L,L-513,M,L-462,L-512,F,F,F,I,D,D,I,I,E,E,C,I,D,E,K,O,C,H,L-441,L-441 has FM in HY09 and EJ in HY27,SK,A,,
L,L-498,F,L-462,L-499,H,H,F,H,D,J,I,I,C,N,A,C,E,G,G,O,H,J,A-264,,SK,,,m
L,L-551,M,L-498,L-552,F,F,H,M,D,J,H,I,M,N,A,B,E,I,G,G,H,J,A-430,A-430 has FF in HY03 and EJ in HY07 (with mismatch with mother) and II in HY65 (with mismatch),SK,,,
L,L-552,M,L-498,L-551,F,F,H,M,I,J,I,I,E,N,A,B,E,G,G,M,H,I,A-430,A-430 has FF in HY03 and EJ in HY07 (with mismatch with mother),SK,,,
L,L-540,M,L-498,L-544,F,G,G,H,D,L,I,O,H,H,A,C,G,J,M,O,A,H,A-343,,SK,,,
L,L-544,F,L-498,L-540,H,H,F,H,D,L,I,O,H,H,A,C,D,G,D,G,H,H,A-343,,SK,,,
L,L-463,F,L-205,L-462,C,F,F,F,F,J,I,I,F,J,A,I,E,G,F,M,H,J,A-237,,SK,,,h
L,L-559,F,L-463,,C,C,F,J,D,F,B,I,H,H,A,I,G,I,F,M,H,J,N-275,,SK,,,
L,L-550,M,L-463,,F,H,F,F,F,J,I,J,C,M,B,I,E,G,F,G,H,I,A-430,,SK,,,
L,L-523,F,L-463,L-524,G,G,F,F,H,J,I,I,J,J,D,I,G,J,M,M,A,J,A-383,A-383 has GI in HY27,SK,,,
L,L-556,F,L-523,,F,H,C,F,J,K,I,I,F,J,D,G,G,G,M,M,A,J,S-316,S-316 has DD in HY09,SK,,,
L,L-524,M,L-463,L-523,F,H,F,F,F,H,I,I,J,J,D,I,E,G,M,M,A,J,A-383,A-383 has FG in HY02,SK,,,
L,L-505,M,L-463,,F,H,C,F,F,L,I,J,M,M,D,I,E,G,F,O,A,H,L-441,,SK,,,m
L,L-428,F,L-205,L-429,C,C,F,I,D,F,E,I,D,E,A,C,G,I,F,M,A,J,A-150,,DT + SK,,,h
L,L-547,F,L-428,,C,H,F,F,D,J,E,I,D,P,A,B,I,I,M,O,J,J,A-264,,SK,,,
L,L-514,M,L-428,L-515,C,F,F,I,F,F,E,E,E,E,C,G,E,G,M,M,J,J,S-146,S-146 has HH in HY09,SK,,,
L,L-515,M,L-428,L-514,C,F,F,I,D,F,E,E,D,H,A,C,G,I,F,M,J,J,S-146,,SK,A,,m
L,L-493,M,L-428,,C,I,F,F,F,F,E,I,D,F,A,G,G,I,F,M,J,J,S-146,S-146 has HH in HY09 (S-146 needs F also for L-436 and L-437),SK,,,m
L,L-470,M,L-428,L-471,G,H,C,I,F,L,I,J,E,M,C,D,E,G,F,O,A,A,A-182,,SK,A,,h
L,L-471,M,L-428,L-470,C,H,C,F,D,H,E,E,D,M,A,D,E,I,F,O,A,J,A-182,,SK,,,h
L,L-429,F,L-205,L-428,C,F,F,I,D,J,E,I,D,E,A,C,G,I,F,M,A,B,A-150,,DT,,,h
L,L-548,M,L-429,L-549,H,H,,,,,,,EG,HN,,,C,C,A,KL,D,K,,,SK,,,
L,L-549,F,L-429,L-548,A,C,,,G,J,I,I,H,O,A,A,E,FH,I,O,B,B,,,SK,,,
L,L-517,F,L-429,L-518,F,G,F,F,D,J,I,J,E,E,B,C,G,I,M,O,A,A,A-383,,SK,,,m
L,L-563,M,L-517,,C,F,F,I,D,L,I,J,E,M,C,D,E,G,M,O,A,A,L-441,L-441 has FH in HY02,SK,,,
L,L-518,M,L-429,L-517,F,G,F,F,D,H,E,I,E,J,C,D,G,I,M,O,A,B,A-383,,SK,A,,m
L,L-487,F,L-429,L-488,F,H,F,F,D,L,I,I,E,E,C,I,E,I,F,M,B,B,L-259,L-259 has FF in HY09,SK,,,m
L,L-476,F,L-429,,F,H,H,I,J,L,E,J,E,M,C,D,E,I,F,O,A,B,A-182,,SK,,,m
L,L-464,M,L-429,,C,H,H,I,D,H,E,J,D,E,A,D,E,G,M,O,D,J,A-182,,SK,,,m
L,L-413,F,L-205,L-414,C,F,F,F,F,J,I,I,E,F,C,I,A,E,M,M,I,J,M-139,,DT + SK,,,h
L,L-414,M,L-205,L-413,C,F,F,F,D,K,I,I,E,H,C,C,G,G,E,M,A,B,M-193,,DT + SK,T,,h
L,L-394,F,L-205,L-395,C,F,F,H,D,G,B,I,E,M,C,D,E,E,G,M,B,B,A-128,,DT + SK,,,m
L,L-451,M,L-394,,F,F,F,H,G,G,E,I,E,G,B,C,E,E,G,M,A,B,M-244,,SK,,,h
L,L-395,M,L-205,L-394,C,F,C,E,D,G,I,I,E,F,C,D,E,E,M,M,B,J,A-128,,DT,S,,b
L,L-376,M,L-205,L-377,C,H,E,F,F,G,B,I,E,E,C,D,E,I,G,K,B,J,A-128,A-128 has FM in HY09,DT,E,,b
L,L-377,M,L-205,L-376,C,F,F,H,F,G,I,I,E,F,C,D,E,E,M,M,J,J,A-128,,DT + SK,E,,h
L,L-335,F,L-205,L-336,C,F,F,I,F,J,I,I,F,N,A,I,G,I,F,K,A,B,A-150,,KW + DT,,x,b
L,L-417,M,L-335,L-419,F,I,F,F,H,J,I,I,F,G,D,I,F,G,F,O,B,I,S-114,S-114 has HM in HY09,DT,,x,h
L,L-419,M,L-335,L-417,C,F,I,I,D,J,E,I,C,F,C,I,G,I,G,K,A,H,A-237,,DT + SK,,x,b
L,L-336,F,L-205,L-335,C,C,C,I,D,J,I,I,F,N,A,I,E,I,K,M,A,J,A-150,,DT + SK,,x,b
L,L-442,M,L-336,,C,H,E,I,D,K,I,I,E,F,A,B,E,G,E,M,I,J,L-243,,DT + SK,,,h
L,L-416,F,L-336,,C,H,F,I,G,J,I,I,F,F,D,I,E,E,K,O,I,J,L-259,,DT + SK,,x,h
L,L-320,F,L-205,L-321,C,F,B,F,D,J,I,J,F,F,G,I,E,G,M,M,I,J,M-139,,DT + SK,,x,b
L,L-425,F,L-320,L-426,C,F,B,H,D,L,H,I,D,F,G,I,E,G,M,M,I,I,L-259,,DT,,,h
L,L-519,F,L-425,,C,J,D,H,D,H,H,I,F,N,A,G,E,G,G,M,G,I,A-289,A-289 has EE in HY09 and AA in HY65 but both with mismatch,SK,,,
L,L-426,M,L-320,L-425,C,H,B,F,J,L,H,J,F,F,G,I,E,E,M,M,I,I,L-259,,DT + SK,,x,m
L,L-402,F,L-320,,C,H,F,H,G,J,H,J,E,F,D,G,E,E,M,M,B,J,L-259,"L-259 has FF in HY09, A-128 has BI in HY07 and FM in HY09",DT + SK,,x,h
L,L-321,M,L-205,L-320,C,F,B,F,F,J,I,I,E,F,C,I,A,G,K,M,I,J,M-139,,DT,S,,m
L,L-300,F,L-205,,C,F,F,H,D,G,I,I,E,F,D,I,G,I,K,M,B,J,A-128,,DT,,,b
L,L-481,F,L-300,,C,F,H,I,D,D,E,I,C,E,C,I,I,I,G,M,B,H,A-237,,SK,,,m
L,L-452,M,L-300,,C,F,F,F,D,G,E,I,C,E,C,I,G,G,F,K,H,J,A-237,,SK,,,m
L,L-407,M,L-300,,C,F,F,H,D,H,B,I,E,F,C,D,F,G,M,O,J,J,S-101,,DT + SK,,,m
L,L-371,F,L-300,,F,H,F,H,D,H,H,I,E,H,D,I,G,I,M,O,A,J,S-124,,DT,,x,h
L,L-206,F,L-101,L-205,C,H,I,J,D,J,F,I,E,F,C,I,G,H,K,N,A,J,A-049,,KW,,x,h
L,L-430,F,L-206,L-431,H,H,E,J,J,K,F,I,E,G,B,I,H,J,K,M,A,J,A-137,,DT,,x,h
L,L-431,F,L-206,L-430,F,H,E,H,D,K,I,L,E,E,C,C,E,H,G,K,A,J,A-137,,DT + SK,,x,h
L,L-399,F,L-206,L-400,C,C,E,I,D,K,F,I,E,E,B,C,C,G,D,N,A,K,L-243,L-243 has AI in HY65,DT,,,h
L,L-465,F,L-399,,C,C,F,I,D,K,F,I,C,E,B,C,C,I,G,N,A,H,A-237,,SK,,,m
L,L-400,M,L-206,L-399,C,I,E,J,D,E,I,I,E,E,B,C,G,G,D,K,B,I,L-243,,DT + SK,,x,h
L,L-373,F,L-206,,C,F,F,J,D,D,E,I,E,N,A,I,G,I,K,N,D,J,A-150,,DT,,x,h
L,L-329,F,L-206,L-330,C,C,C,J,D,H,I,I,F,P,B,I,E,G,M,N,A,G,L-192,,KW + DT + SK,,,m
L,L-541,F,L-329,L-542,C,G,C,F,D,K,I,O,F,G,B,I,G,J,M,N,G,H,A-343,,SK,,,
L,L-542,M,L-329,L-541,C,H,G,J,H,K,I,O,F,G,B,I,D,G,M,N,G,H,A-343,,SK,,,
L,L-480,M,L-329,L-483,C,C,I,J,D,H,I,I,C,F,C,I,G,I,F,M,G,H,A-237,,SK,,,m
L,L-483,M,L-329,L-480,C,C,C,F,D,D,I,I,C,P,B,C,E,G,G,N,A,H,A-237,,SK,,,m
L,L-330,M,L-206,L-329,C,H,D,J,J,J,I,I,F,P,B,I,G,H,K,M,G,J,L-192,,KW + DT,,,m
L,L-298,M,L-206,L-299,C,J,E,J,F,J,I,I,E,F,B,C,E,H,K,M,A,J,S-093,,DT,S,x,m
L,L-299,M,L-206,L-298,H,I,C,J,D,F,B,I,F,F,B,I,E,G,N,O,J,J,S-093,"S-093 has HJ in HY02, mistake maybe with L-206, see L-431 + L-400",DT,S,x,h
L,L-180,F,L-101,L-181,C,J,C,F,B,D,I,I,F,N,,,E,F,K,M,,,A-054,,KW,,x,m
L,L-146,F,L-101,L-147,F,F,J,J,D,H,I,J,C,G,B,C,E,H,F,K,J,J,M-047,,AM,,x,h
L,L-396,F,L-146,,C,F,F,J,D,J,E,J,G,N,A,B,H,I,F,K,A,J,A-150,,DT,,x,h
L,L-348,F,L-146,L-349,C,F,D,J,D,E,I,J,F,G,B,B,G,H,E,F,I,J,L-243,,DT + SK,,x,h
L,L-349,M,L-146,L-348,C,F,E,J,E,H,I,J,F,G,B,B,C,E,D,K,A,J,L-243,,KW + DT + SK,L/S,,m
L,L-319,M,L-146,,C,F,I,J,D,H,E,I,D,G,A,B,E,I,F,K,D,J,A-150,,DT,,x,h
L,L-292,F,L-146,L-293,F,J,C,J,D,F,B,J,C,M,C,C,E,J,K,M,G,J,S-093,,DT,,,h
L,L-445,F,L-292,,F,H,C,H,,,B,J,C,M,C,D,E,E,K,O,D,J,A-182,,DT + SK,,,h
L,L-386,M,L-292,L-387,F,H,H,J,D,G,I,J,C,F,C,D,E,J,M,M,I,J,L-259,,DT + SK,,x,h
L,L-387,M,L-292,L-386,C,J,C,H,D,L,B,I,C,F,C,I,E,J,K,O,B,J,L-259,,DT,,x,h
L,L-293,M,L-146,L-292,F,H,C,J,F,H,B,I,F,G,B,B,E,H,K,O,J,J,S-093,,DT,L/E,x,h
L,L-266,F,L-146,L-267,F,F,F,J,D,L,J,J,C,F,C,G,E,G,K,M,A,J,M-139,,DT,,x,b
L,L-267,M,L-146,L-266,F,F,B,J,H,L,I,I,F,G,B,G,A,H,K,M,A,J,M-139,,KW + DT,L,x,m
L,L-230,M,L-146,L-229,F,F,F,J,D,L,I,J,F,G,,,A,E,K,M,,,M-139,,KW,,x,h
L,L-147,F,L-101,L-146,C,F,J,J,D,H,I,J,C,G,,,D,H,,,,,M-047,,KW,,x,h
L,L-139,F,L-101,L-140,C,H,C,J,D,D,I,I,F,M,D,I,E,J,K,O,A,J,A-046,,AM,,,b
L,L-391,F,L-139,,C,F,F,J,D,J,I,I,M,N,A,D,E,I,F,K,A,J,A-150,,DT + SK,,x,m
L,L-331,F,L-139,L-332,C,H,J,M,D,D,B,I,M,M,D,E,E,F,G,O,J,J,L-227,,KW + DT + SK,,x,b
L,L-332,F,L-139,L-331,C,H,C,I,D,G,I,I,I,M,B,D,E,J,M,O,J,K,M-104,,KW + DT,,x,b
L,L-307,F,L-139,L-308,C,H,C,E,D,F,B,I,F,M,B,D,E,E,M,O,G,J,S-093,,DT,,x,h
L,L-308,M,L-139,L-307,C,J,C,E,D,K,I,I,F,M,C,I,E,J,K,M,I,J,S-093,,DT,S,x,h
L,L-277,M,L-139,,C,H,E,J,D,G,I,I,F,M,D,D,I,J,M,O,B,J,A-128,,DT,L/S,,h
L,L-250,F,L-139,,C,H,E,J,D,L,I,I,F,H,D,I,G,J,E,O,I,J,F-084,,DT,,,b
L,L-397,F,L-250,,F,H,E,H,D,F,I,I,F,G,G,I,G,I,D,O,I,J,M-244,,DT + SK,,x,b
L,L-356,M,L-250,,F,H,I,J,D,J,E,I,F,H,A,D,G,I,K,O,D,I,A-150,A-150 has DN in HY09,DT,,x,m
L,L-212,M,L-139,,C,H,F,J,D,K,I,I,F,H,,,E,J,E,K,,,F-084,,KW,,x,skin
L,L-140,M,L-101,L-139,C,F,C,J,G,H,H,I,F,F,,,H,J,,,,,A-046,,AM,,x,h
L,L-102,F,L-004,L-101,F,I,B,F,D,L,I,L,F,G,B,I,E,H,K,L,C,I,L-040,L-040 has IJ in HY07,BW + OH + KW,,x,b
L,L-338,F,L-102,L-339,F,I,B,E,D,K,I,L,G,G,B,B,E,E,G,L,I,J,A-137,,KW + DT + SK,,x,h
L,L-339,F,L-102,L-338,F,F,E,F,D,K,I,L,E,F,C,I,E,J,G,K,C,J,A-137,,KW + DT,,,h
L,L-309,F,L-102,L-310,C,F,F,F,D,J,E,I,G,N,A,B,H,J,K,K,C,D,A-150,,DT + SK,,x,h
L,L-310,M,L-102,L-309,F,I,B,F,D,L,I,I,F,G,B,I,E,H,K,L,C,I,unknown,T-099 would fit without mismatch,DT,,x,h
L,L-275,F,L-102,L-276,F,F,B,I,D,D,E,I,D,F,A,I,E,J,K,L,C,D,A-150,,DT,,,b
L,L-441,M,L-275,L-440,F,H,C,I,D,L,I,J,F,M,D,I,E,J,L,O,A,C,A-182,,SK,L,,b
L,L-405,F,L-275,L-406,C,F,B,I,D,J,E,I,F,J,A,I,E,I,F,L,C,H,A-237,,DT + SK,,x,h
L,L-406,F,L-275,L-405,F,F,B,E,D,J,E,J,F,M,E,I,G,J,K,N,A,C,M-193,,DT,,x,skin
L,L-352,F,L-275,,C,F,B,E,D,L,I,I,D,E,A,C,E,J,K,O,C,H,A-146,,DT + SK,,,b
L,L-333,F,L-275,L-334,,,B,C,D,H,I,J,F,F,A,A,D,E,K,O,D,D,,"A-182 has EM in HY09, DD in HY15 and EE in HY27",SK,,x,h
L,L-261,F,L-102,L-262,H,I,F,H,D,D,B,I,F,G,B,D,E,H,K,M,B,C,A-128,,KW + DT,,,m
L,L-401,M,L-261,,F,I,H,I,D,D,I,I,F,N,A,D,E,I,F,K,A,B,A-150,,DT + SK,,x,b
L,L-354,F,L-261,L-355,C,H,F,H,D,H,B,E,F,F,C,D,H,H,D,M,C,G,L-171,,KW + DT + SK,,x,m
L,L-355,F,L-261,L-354,F,H,H,I,D,J,I,I,F,N,A,D,E,J,F,M,A,B,A-150,,KW + DT,,,m
L,L-262,M,L-102,L-261,F,H,B,H,D,D,B,I,F,M,,,E,H,K,M,,,A-128,,KW + DT,,x,h
L,L-218,F,L-102,,H,I,E,F,L,L,I,K,G,H,B,D,E,J,K,O,A,I,F-084,,KW,,x,m
L,L-408,M,L-218,L-409,H,J,E,F,D,L,B,I,G,H,B,C,G,J,G,O,,,S-113,,DT + SK,,x,h
L,L-409,M,L-218,L-408,C,I,F,F,D,L,B,K,H,L,D,I,E,J,G,O,C,I,S-113,,DT + SK,,x,m
L,L-379,M,L-218,L-380,F,H,E,E,G,L,B,I,G,M,B,D,E,I,M,O,A,B,A-128,,KW + DT + SK,,x,m
L,L-380,F,L-218,L-379,F,H,E,H,D,L,I,K,H,M,D,D,I,J,K,M,I,J,A-128,,DT,,x,b
L,L-288,M,L-218,,F,H,F,I,D,L,E,I,D,H,A,D,I,J,K,O,A,I,A-150,,DT,,x,b
L,L-182,F,L-102,,C,I,F,F,L,L,I,I,G,G,,,E,E,,,,,A-054,,AM + KW,,x,m
L,L-150,M,L-102,L-151,D,I,F,F,D,L,I,I,D,F,,,H,I,,,,,A-041,,AM,,x,h
L,L-151,F,L-102,L-150,F,G,B,F,L,L,I,J,D,G,B,I,E,J,G,L,C,J,A-041,,KW,,,b
L,L-466,F,L-151,,G,J,B,D,D,L,H,J,D,E,C,I,E,J,G,G,A,C,A-289,,SK,,,m
L,L-340,F,L-151,,G,H,F,I,G,L,I,L,D,E,C,I,E,E,G,M,C,J,A-137,,KW + DT + SK,,,h
L,L-492,M,L-340,,G,H,D,F,H,L,H,I,D,N,A,I,E,I,G,M,G,J,A-289,A-289 has EE in HY09 (A-289 should have N to match mother) and AA in HY65 (A-289 should have G to match father),SK,,,m
L,L-315,M,L-151,,G,H,F,I,K,L,J,L,G,G,B,B,E,J,G,L,C,J,A-137,,DT,S,,b
L,L-273,F,L-151,L-274,F,G,B,F,L,L,I,J,D,F,I,I,G,J,L,M,I,J,M-139,,DT,,,h
L,L-436,F,L-273,L-437,F,I,B,F,F,L,H,J,D,F,G,I,G,G,L,M,I,J,S-146,S-146 has HH in HY09 (S-146 needs F also for L-437 and L-493),DT,,,h
L,L-437,M,L-273,L-436,G,I,B,F,F,L,H,I,D,F,G,I,E,J,M,M,C,J,S-146,S-146 has HH in HY09 (S-146 needs F also for L-436 and L-493),DT,,,h
L,L-382,M,L-273,,F,J,F,H,F,L,I,I,F,G,G,I,E,G,G,L,I,J,M-244,,DT + SK,,x,h
L,L-274,F,L-151,L-273,F,G,F,F,J,L,J,J,D,F,I,I,A,J,G,M,A,C,M-139,,DT,,x,b
L,L-135,F,L-102,,F,H,B,J,H,L,I,J,G,G,,,E,E,,,,,M-047,,AM,,x,b
L,L-090,M,L-004,,H,I,F,J,D,I,I,K,H,M,C,E,E,G,E,L,G,J,L-047,,BW + OH,F/N,x,b
L,L-044,M,L-007,L-004,C,I,E,J,D,J,I,I,F,M,,,E,F,,,,,L-043,,BW + OH,M/T,x,m
L,L-008,F,L-007,,C,J,D,F,J,K,I,L,D,M,E,I,E,F,G,O,I,J,founder,,BW + OH,,x,b
L,L-177,F,L-008,,F,J,C,F,H,K,I,I,D,P,,,F,G,,,,,A-084,,AM + KW,,x,m
L,L-141,F,L-008,L-142,C,C,F,F,K,L,H,I,D,F,I,I,E,F,O,O,B,I,L-042,,AM + SK,,x,b
L,L-381,F,L-141,,C,F,F,J,H,K,B,H,D,G,B,I,F,H,O,O,I,J,L-293,,DT,,x,h
L,L-316,M,L-141,,C,C,F,F,D,K,I,I,D,D,A,I,E,I,F,O,A,B,A-150,,DT + SK,S,,h
L,L-258,F,L-141,L-259,C,F,E,F,G,L,I,I,D,F,D,I,E,E,G,O,I,J,A-128,,DT,,,h
L,L-491,F,L-258,,C,C,F,F,J,L,I,I,C,F,C,D,E,G,F,G,H,I,A-237,,SK,,,m
L,L-423,F,L-258,,F,H,F,H,G,L,I,J,D,M,D,I,E,E,G,O,D,J,A-182,,DT,,,h
L,L-364,F,L-258,L-365,F,F,F,H,G,G,E,I,F,G,B,D,E,E,D,O,A,I,M-244,,DT + SK,,x,h
L,L-365,F,L-258,L-364,F,J,F,H,G,G,I,I,F,G,B,D,E,I,G,G,A,J,M-244,,DT + SK,,x,h
L,L-259,M,L-141,L-258,C,H,F,H,G,L,H,I,F,F,D,I,E,E,M,O,B,I,A-128,,KW + DT,L,,h
L,L-142,M,L-008,L-141,C,C,D,J,J,L,I,L,D,F,,,E,F,,,,,L-042,,AM,,x,b
L,L-124,F,L-008,L-125,C,J,F,F,K,L,H,L,D,F,,,E,F,,,,,L-042,,BW + OH,,x,h
L,L-240,M,L-124,,H,J,F,F,G,K,H,I,F,N,,,E,G,M,O,,,M-104,,KW + DT,,x,h
L,L-196,M,L-124,,F,J,F,I,H,L,I,L,D,P,B,I,E,E,O,O,G,J,A-084,,KW + DT,A,x,h
L,L-125,M,L-008,L-124,C,J,F,J,J,L,H,I,F,M,,,E,F,,,,,L-042,,BW + OH,,x,m
L,L-105,F,L-008,L-106,C,J,C,F,J,L,I,I,G,M,B,E,D,E,G,K,J,J,L-040,,BW + OH,,x,h
L,L-231,F,L-105,L-232,C,H,C,F,J,K,I,I,E,M,,,E,J,,,,,F-084,,KW + DT,,x,m
L,L-167,M,L-105,L-168,C,H,C,F,D,L,I,J,G,M,,,D,J,,,,,X-014,,AM,,x,h
L,L-168,M,L-105,L-167,H,J,C,F,D,L,I,J,M,M,,,D,I,,,,,X-014,,AM + KW,,x,h
L,L-106,M,L-008,L-105,C,F,C,D,H,K,I,L,G,M,,,D,E,,,,,L-040,,BW + OH,S,x,h
L,L-086,M,L-008,L-087,C,H,D,F,I,J,I,I,D,H,C,I,E,F,E,G,G,J,L-047,,BW + OH + DT,T,x,b
L,L-087,F,L-008,L-086,C,F,D,M,D,J,I,J,D,M,A,E,F,G,E,O,G,I,L-047,,BW + OH + KW,,x,b
L,L-265,F,L-087,,C,F,B,M,D,J,J,J,D,F,A,I,A,F,E,M,A,G,M-139,,DT,,,m
L,L-447,F,L-265,L-446,C,C,I,M,D,D,I,J,C,D,A,C,F,I,E,G,A,H,A-237,,SK,,,b
L,L-412,F,L-265,,F,F,B,I,D,J,E,J,D,N,A,A,F,I,F,M,A,D,A-150,,DT + SK,,x,b
L,L-351,M,L-265,,C,F,E,M,D,H,B,J,E,F,D,I,F,J,E,O,A,J,S-101,,DT,,x,h
L,L-227,M,L-087,L-228,C,C,F,M,D,H,B,J,M,N,A,E,F,G,E,G,I,J,M-104,,KW,L/E,x,h
L,L-228,M,L-087,L-227,C,C,F,M,H,J,B,J,M,N,,,G,G,E,G,,,M-104,,KW,,x,m
L,L-192,M,L-087,L-193,C,H,C,D,H,J,I,J,M,P,B,E,E,G,M,O,D,G,A-084,,KW,L,x,h
L,L-165,F,L-087,L-166,C,F,C,M,J,L,I,I,D,G,,,D,G,,,,,L-040,,AM,,x,m
L,L-136,F,L-087,,C,F,F,M,D,L,H,J,D,G,A,D,E,G,M,O,D,G,A-054,,AM,,,b
L,L-403,M,L-136,L-404,C,F,E,F,G,L,H,I,E,G,C,D,E,J,M,O,G,J,A-137,,DT,,x,b
L,L-350,F,L-136,,C,F,E,F,J,L,H,J,D,M,D,E,G,G,E,O,A,D,M-193,,KW + DT,,,m
L,L-539,M,L-350,,C,F,E,F,J,L,F,J,C,D,A,D,G,G,O,O,D,K,X-150,,SK,,,
L,L-510,F,L-350,L-511,F,G,F,F,H,J,H,I,E,M,B,E,G,I,O,O,A,A,A-383,,SK,,,
L,L-511,F,L-350,L-510,C,G,E,F,H,L,H,I,J,M,D,E,G,I,M,O,A,D,A-383,,SK,,,m
L,L-489,M,L-350,L-490,F,F,F,F,L,L,I,J,D,P,B,D,E,G,O,O,A,H,A-264,,SK,,,m
L,L-490,M,L-350,L-489,C,F,E,F,L,L,H,I,D,P,B,D,G,I,E,O,A,H,A-264,,SK,,,m
L,L-313,M,L-136,L-314,C,F,E,F,D,K,H,I,D,H,A,C,G,G,M,N,A,G,M-193,,DT,,x,m
L,L-314,M,L-136,L-313,C,C,F,M,D,J,I,J,D,N,A,A,E,I,F,M,D,G,A-150,,DT,,x,b
L,L-271,F,L-136,L-272,F,H,E,M,D,L,B,H,F,G,D,D,E,G,M,M,G,J,A-128,,DT,,x,b
L,L-224,F,L-136,,C,F,B,M,L,L,H,J,F,G,,,A,E,M,M,,,M-139,,KW + DT,,x,b
L,L-045,M,L-008,,C,J,B,F,H,K,B,L,D,E,,,A,E,,,,,founder,,BW + OH,M/T,x,b
L,L-002,F,L-007,,C,I,B,F,D,J,E,K,C,L,A,C,E,G,L,L,H,I,founder,,BW + OH + SK,,x,b
L,L-296,F,L-002,,C,F,E,F,D,J,E,J,C,H,C,C,G,G,L,N,A,I,M-193,,DT,,x,b
L,L-219,F,L-002,,C,I,F,N,D,L,E,H,C,F,,,F,G,E,L,,,E-089,,KW,,x,m
L,L-187,F,L-002,,C,D,F,F,J,L,E,J,D,L,A,I,E,I,D,L,H,J,A-041,,KW,,,m
L,L-509,F,L-187,,D,J,F,F,D,J,H,J,D,E,C,I,E,E,D,M,G,H,A-289,,SK,,,m
L,L-469,F,L-187,L-468,D,G,F,F,H,J,E,I,L,N,A,A,I,I,D,M,G,J,A-289,A-289 has EE in HY09 and AA in HY65 (A-289 should have N in HY09 and G in HY65),SK,,,m
L,L-439,F,L-187,,C,D,B,F,J,L,E,I,D,F,I,I,A,E,D,M,H,J,L-321,,DT,,,h
L,L-553,M,L-439,,D,H,F,F,H,L,I,I,D,J,D,I,E,I,M,M,A,H,A-383,A-383 has FG in HY02,SK,,,
L,L-359,F,L-187,L-360,D,H,F,F,H,J,E,E,L,M,A,D,E,I,D,F,C,J,S-124,,DT + SK,,,b
L,L-533,F,L-359,,D,G,F,F,H,H,E,I,J,M,D,D,G,I,D,M,A,J,A-383,,SK,,,
L,L-516,F,L-359,,G,H,F,F,J,J,E,I,E,E,A,C,E,I,D,M,C,C,A-383,A-383 has BD in HY15 and AA in HY65,SK,,,
L,L-485,M,L-359,,D,H,F,F,H,L,E,I,L,P,A,B,E,I,D,M,H,J,A-264,,SK,,,m
L,L-360,M,L-187,L-359,D,H,C,F,H,L,E,J,H,L,A,D,F,I,D,O,C,H,S-124,,DT,,x,h
L,L-303,M,L-187,L-302,D,H,F,I,G,J,E,L,D,E,A,C,E,E,L,M,H,J,A-137,,DT,S,,b
L,L-148,M,L-002,L-149,C,C,F,J,D,L,I,K,C,F,C,I,F,G,K,L,H,J,L-042,,AM,E,x,h
L,L-149,M,L-002,L-148,C,C,B,F,B,D,E,I,C,N,,,E,F,,,,,A-054,,AM,,x,m
L,L-128,M,L-002,,C,H,F,I,D,H,E,J,C,G,B,C,E,G,F,L,H,J,M-047,,BW + OH,A,x,m
L,L-096,F,L-002,L-097,C,H,B,F,D,I,I,K,C,D,,,E,E,,,,,L-047,,BW + OH,,x,b
L,L-197,F,L-096,,H,H,F,F,I,J,I,K,D,E,A,C,E,G,E,M,B,C,A-049,,KW,,x,b
L,L-410,F,L-197,L-411,F,H,F,I,D,J,E,I,D,E,A,A,E,I,E,F,A,B,A-150,,DT + SK,,x,h
L,L-411,M,L-197,L-410,C,H,F,I,D,J,E,K,D,E,A,C,G,I,F,M,B,J,A-150,A-150 has AD in HY65,DT + SK,,x,h
L,L-389,M,L-197,L-388,I,J,B,F,F,I,E,K,E,G,C,G,E,E,E,G,A,B,M-244,,DT,,x,h
L,L-328,F,L-197,,H,H,F,H,D,J,B,K,E,E,C,D,G,I,M,M,C,J,A-128,A-128 has FM in HY09,KW + DT,,,h
L,L-301,M,L-197,,H,H,E,F,J,L,I,K,D,G,A,D,E,G,E,O,C,H,A-146,,DT,,x,muscle
L,L-162,F,L-096,L-163,C,H,F,I,D,F,I,K,D,D,A,C,E,G,L,N,A,I,A-049,,AM,,x,h
L,L-346,M,L-162,L-347,F,H,E,I,D,G,I,L,D,E,A,C,E,E,L,M,J,J,A-137,,DT + SK,,x,h
L,L-347,M,L-162,L-346,F,H,E,F,F,K,I,L,D,G,A,B,G,J,G,L,A,J,A-137,,DT + SK,,x,h
L,L-285,F,L-162,,F,H,F,H,D,F,E,K,D,H,A,D,E,I,L,M,H,I,M-158,,DT,,x,b
L,L-163,M,L-096,L-162,C,H,B,F,I,J,I,I,C,D,,,E,I,,,,,A-049,,AM,,x,h
L,L-097,F,L-002,L-096,C,J,B,I,D,I,E,I,C,F,,,G,H,,,,,L-041,,BW + OH,,x,muscle
L,L-082,M,L-002,,C,C,B,D,I,J,I,K,D,L,A,D,G,G,D,L,I,J,L-043,,BW + OH,F/L,x,b
L,L-013,F,L-002,,C,C,D,F,D,I,E,I,C,D,C,D,G,H,A,L,H,J,L-043,,BW + OH,,x,b
L,L-255,F,L-013,,C,C,F,F,D,H,E,I,C,J,C,D,H,I,A,G,H,J,S-042,,KW + DT,,,h
L,L-383,F,L-255,L-384,C,F,F,F,D,G,E,J,C,H,A,C,A,I,,,G,H,N-129,,DT,,x,h
L,L-384,M,L-255,L-383,C,J,F,F,D,G,E,J,H,J,,,A,H,F,G,A,J,N-129,,DT,,x,h
L,L-202,M,L-013,,C,G,D,F,I,L,I,J,D,D,D,I,H,J,A,G,J,J,A-041,,KW + DT + SK,E,,m
L,L-176,F,L-013,,C,C,B,D,G,I,I,J,C,F,D,D,E,G,A,D,G,H,A-046,A-046 has HI in HY07,AM,,x,h
L,L-145,F,L-013,,C,H,D,I,H,I,E,E,C,P,,,G,G,,,,,A-084,,AM,,x,b
L,L-122,F,L-013,L-123,C,C,D,J,I,L,E,H,C,F,,,F,H,,,,,L-042,,BW + OH,,x,b
L,L-123,M,L-013,L-122,C,C,F,F,D,D,E,I,C,F,C,I,F,G,L,O,B,J,L-042,,BW + OH,E,x,b
L,L-095,M,L-013,,C,F,D,M,D,D,I,J,C,H,C,C,G,G,E,L,G,J,L-047,,BW + OH,A,x,b
L,L-005,F,L-007,,C,C,B,F,J,L,E,I,C,M,C,E,E,G,J,O,H,I,founder,,BW + OH,,x,b
L,L-154,M,L-005,L-155,C,H,B,I,F,J,E,I,C,D,,,G,G,,,,,A-049,,AM,,x,h
L,L-155,M,L-005,L-154,C,H,F,F,F,L,F,I,D,M,C,E,G,G,J,M,B,H,A-049,,KW + DT,,x,h
L,L-108,M,L-005,L-109,C,C,B,J,D,J,H,I,C,M,,,F,G,,,,,L-042,,BW + OH,L/A,x,h
L,L-109,M,L-005,L-108,C,I,B,J,D,J,H,I,M,M,,,E,F,,,,,L-042,,BW + OH,,x,h
L,L-083,M,L-005,,C,C,B,D,D,J,E,K,C,F,,,G,G,,,,,L-043,,BW + OH,F,x,b
L,L-009,F,L-005,,C,J,F,F,D,L,I,I,C,F,C,I,E,E,J,L,I,J,founder,,BW + OH,,x,b
L,L-153,F,L-009,,C,C,F,F,F,L,F,I,D,F,C,I,E,I,L,M,A,J,A-049,,AM,,x,h
L,L-372,F,L-206,,C,H,F,H,F,L,I,J,D,E,C,D,E,E,L,O,A,D,A-182,,DT,,x,m
L,L-282,F,L-153,,C,H,F,I,G,L,I,L,E,F,C,I,E,I,L,M,A,J,A-137,,DT,,x,h
L,L-114,F,L-009,L-116,C,J,B,F,D,L,I,I,F,G,B,I,E,H,J,K,I,J,L-040,,BW + OH,,x,h
L,L-279,F,L-114,L-280,C,H,E,F,D,G,I,I,E,F,C,I,E,H,G,K,I,J,A-137,,DT,,x,h
L,L-280,M,L-114,L-279,F,J,B,E,G,L,I,I,G,G,B,B,E,H,K,M,A,J,A-137,,DT,,x,h
L,L-225,F,L-114,L-226,H,J,F,F,K,L,I,I,F,H,D,D,E,J,J,O,I,J,F-084,,KW + DT,,x,h
L,L-385,F,L-225,,C,H,F,F,G,L,B,I,E,E,C,I,J,J,G,O,A,I,S-101,,DT + SK,,x,h
L,L-116,M,L-009,L-114,F,J,C,F,D,H,I,I,F,M,E,I,D,E,J,K,A,J,L-040,L-040 has CJ in HY65,BW + OH,E/M,x,b
L,L-093,M,L-009,,J,J,F,I,F,L,I,J,C,F,,,E,G,,,,,L-041,,BW + OH,F,x,b
L,L-010,F,L-,,C,H,B,F,E,L,I,J,F,F,B,C,C,G,D,J,A,J,founder,,BW + OH,,x,b
L,L-256,F,L-010,L-257,C,C,B,F,G,L,I,I,F,F,,,C,G,G,J,,,S-042,,DT,,x,m
L,L-257,M,L-010,L-256,F,H,B,H,D,E,I,I,F,M,B,D,C,E,D,M,A,J,A-128,,DT,L,x,m
L,L-152,M,L-010,,C,F,B,J,E,H,I,J,F,G,,,D,G,,,,,M-047,,AM,,x,h
L,L-134,M,L-010,,F,H,F,M,D,E,J,J,F,H,C,C,G,G,D,E,G,J,L-047,,AM + DT,,x,m
L,L-119,F,L-010,,F,H,B,F,I,L,I,J,F,H,,,C,E,,,,,L-047,,BW + OH,,x,b
L,L-190,F,L-119,,C,H,F,F,F,I,I,I,D,H,C,C,C,I,J,N,B,J,A-049,,KW + SK,,,m
L,L-318,M,L-190,,C,K,B,F,I,M,H,I,D,M,C,I,C,G,J,K,A,B,X-061,,DT,,x,h
L,L-014,F,L-,,H,J,D,F,E,K,B,B,F,G,,,C,F,,,,,founder,,BW + OH,,x,b
L,L-158,F,L-014,L-159,H,H,C,D,E,G,B,I,F,F,,,C,E,,,,,A-046,,AM,,x,m
L,L-159,M,L-014,L-158,H,H,B,D,G,K,B,H,F,G,,,C,J,,,,,A-046,,AM,,x,m
L,L-121,M,L-014,,F,H,F,M,I,K,B,I,F,H,,,C,E,,,,,L-047,,BW + OH,,x,muscle
L,L-094,F,L-014,,C,H,F,J,D,E,B,H,F,M,,,C,F,,,,,L-042,,BW + OH,,x,h
L,L-015,F,L-,,C,C,D,F,D,E,E,I,C,F,B,C,C,H,D,L,A,I,founder,,BW + OH,,x,b
L,L-306,M,L-015,,C,F,F,H,D,E,B,E,C,M,B,D,E,H,G,L,I,J,A-128,,DT,,x,b
L,L-243,M,L-015,L-242,C,H,D,E,E,K,I,I,E,F,B,B,C,G,D,E,A,I,F-084,,KW + SK,L,,m
L,L-171,M,L-015,,C,F,C,F,E,H,E,I,E,F,B,C,E,H,D,O,G,I,A-084,,AM,L,x,b
L,L-126,M,L-015,L-127,C,J,D,F,D,L,B,I,C,F,C,I,C,F,D,K,A,K,N-043,,BW + OH + DT,E/M,x,m
L,L-127,M,L-015,L-126,C,F,D,F,D,D,E,J,C,H,C,C,C,G,E,L,G,I,L-047,,BW + OH + DT + SK,N,x,m
L,L-099,M,L-015,L-100,C,H,F,F,D,E,E,J,F,H,,,E,H,,,,,L-047,,BW + OH,,x,muscle
L,L-100,M,L-015,L-099,C,H,D,F,D,E,E,I,F,H,,,C,G,,,,,L-047,,BW + OH,,x,b
L,L-046,M,L-,,H,J,B,F,D,E,B,J,C,F,,,D,H,,,,,founder,,BW + OH,F,x,b
L,L-089,M,L-003,,F,J,D,F,I,L,H,I,D,M,,,G,H,,,,,L-043,,BW + OH,F,x,b
M,M-001,F,M-,,H,J,F,F,J,L,H,J,D,G,D,I,D,F,M,O,D,I,founder,,BW + OH + SK,,x,m
M,M-084,M,M-001,,I,J,F,H,H,J,I,J,D,G,,,E,F,,,,,M-008,,BW + OH,C,x,b
M,M-009,F,M-001,,C,H,B,F,H,J,H,I,G,J,D,D,D,F,M,O,A,D,founder,,BW + OH + SK,,x,b
M,M-235,M,M-009,M-240,C,F,B,F,J,K,I,I,G,G,D,E,F,J,G,O,D,J,U-080,,DT,,x,b
M,M-240,M,M-009,M-235,C,F,B,F,D,H,I,J,G,M,D,G,F,J,F,M,A,J,U-080,U-080 has BI in HY07,KW + DT,S,x,h
M,M-208,M,M-009,M-209,C,H,B,J,G,H,H,I,E,J,,,F,I,F,M,,,A-093,,KW,,x,b
M,M-209,M,M-009,M-208,H,J,B,M,D,J,H,I,G,J,,,D,I,F,O,,,A-093,,KW,,x,b
M,M-204,M,M-009,,C,H,F,M,G,J,H,I,D,G,,,D,F,M,M,,,A-087,,KW,,x,h
M,M-162,M,M-009,,C,F,F,H,G,J,H,I,G,G,B,D,D,F,G,O,D,J,N-045,,AM,E,x,b
M,M-142,M,M-009,M-143,F,H,E,F,H,J,I,I,J,M,,,D,I,,,,,M-046,M-046 has CF in HY03,BW + OH,C,x,h
M,M-143,M,M-009,M-142,H,H,C,F,H,H,I,I,G,M,,,D,I,,,,,M-046,,BW + OH,,x,m
M,M-117,M,M-009,,C,C,B,H,H,H,I,I,E,G,,,E,F,,,,,M-008,,BW + OH,A/F,x,b
M,M-091,F,M-009,,H,H,B,J,J,L,G,H,E,G,D,G,F,G,M,O,D,I,M-040,,BW + OH + DT,,x,m
M,M-321,F,M-091,M-322,F,H,F,J,L,L,E,H,G,L,C,D,E,F,K,M,H,I,E-127,,DT + SK,,x,h
M,M-285,F,M-091,M-286,F,H,B,F,D,L,G,I,E,G,E,G,G,J,F,M,D,G,U-080,,DT,,x,b
M,M-286,M,M-091,M-285,C,H,B,C,J,K,H,I,E,G,E,G,G,J,F,O,D,J,U-080,,DT,S,x,b
M,M-264,M,M-091,,H,H,F,J,I,J,H,J,E,H,B,D,F,G,O,O,A,D,T-091,T-091 has EM in HY63,DT,A,x,h
M,M-232,F,M-091,M-233,H,H,F,J,I,L,H,I,E,E,B,G,F,G,E,M,,,T-091,,KW + DT,,x,b
M,M-418,F,M-232,M-420,C,H,F,J,F,L,B,I,E,H,C,G,G,G,E,M,J,J,N-144,,SK,,x,m
M,M-420,F,M-232,M-418,H,H,F,J,I,L,I,K,E,H,C,G,G,G,E,E,I,J,N-144,,SK,,x,m
M,M-397,F,M-232,,F,H,E,J,J,L,E,H,E,H,B,C,D,F,E,O,E,I,X-066,,DT,,x,m
M,M-367,M,M-232,,C,H,H,J,G,I,H,J,E,H,A,B,F,G,E,G,I,J,N-115,,DT,N,,h
M,M-328,F,M-232,,H,J,F,J,G,I,H,H,E,G,C,G,D,G,E,M,A,J,E-134,,DT + SK,,x,h
M,M-233,M,M-091,M-232,F,H,B,F,I,J,G,J,E,H,,,G,I,M,M,,,T-091,,KW + DT,,x,h
M,M-201,F,M-091,M-202,C,H,B,J,J,L,H,I,D,G,D,I,F,J,K,O,D,H,A-087,,KW,,x,h
M,M-384,M,M-201,,H,H,J,J,L,L,I,K,E,G,D,D,F,F,E,K,H,J,L-194,,DT,,,h
M,M-355,F,M-201,,H,I,J,N,J,L,H,H,D,D,G,I,F,F,O,O,A,H,E-090,E-090 has FH in HY09,DT + SK,,x,h
M,M-290,F,M-201,M-291,F,H,C,J,K,L,I,I,G,G,E,I,F,I,F,K,G,H,U-080,,DT,,x,b
M,M-291,F,M-201,M-290,C,H,C,J,D,J,I,I,,,D,G,F,J,F,K,D,J,U-080,,DT,,x,h
M,M-271,M,M-201,M-270,H,J,F,J,H,L,F,I,D,H,C,I,F,G,M,O,D,H,unknown,N-093 no mismatch but seen last in March 2003,DT,S,x,h
M,M-202,F,M-091,M-201,H,H,J,M,G,J,G,I,D,E,,,F,F,K,M,,,A-087,,KW,,x,h
M,M-163,M,M-091,,H,H,B,D,G,J,G,J,G,I,,,D,F,M,M,,,M-052,,AM + KW + DT,,x,h
M,M-004,F,M-,,C,J,E,J,D,K,H,J,G,G,B,B,C,J,G,G,B,J,founder,,BW + OH + DT,,x,m
M,M-115,F,M-004,,C,F,F,J,J,K,H,I,G,M,,,I,J,,,,,M-046,,BW + OH,,x,b
M,M-051,M,M-004,,C,F,I,J,K,L,J,L,G,M,B,B,J,J,G,M,B,J,founder,,BW + OH + KW + DT,A,x,b
M,M-005,F,M-,,C,H,B,F,H,L,H,I,F,J,D,G,F,F,F,M,A,J,founder,,BW + OH,,x,b
M,M-256,F,M-005,M-257,C,C,F,J,D,L,I,I,J,M,C,D,F,I,F,M,J,J,A-093,A-093 has EG in HY09,DT,,x,b
M,M-231,M,M-005,,C,H,B,M,H,L,I,I,D,F,G,I,F,F,M,M,H,J,A-087,,KW + DT,A,x,h
M,M-212,F,M-005,M-213,C,J,F,H,G,L,B,H,F,F,,,A,F,M,O,,,A-056,,KW,,x,m
M,M-178,F,M-005,M-179,H,H,B,F,G,H,B,H,F,J,D,G,F,F,D,M,A,J,A-056,,KW,,x,b
M,M-252,F,M-178,M-253,H,H,B,N,G,G,B,I,H,J,A,G,F,F,D,O,J,J,E-090,,DT,,x,b
M,M-253,M,M-178,M-252,H,H,B,F,G,L,B,I,F,J,G,G,F,G,E,M,A,A,E-090,,DT,,x,h
M,M-179,M,M-005,M-178,H,H,B,H,L,L,H,J,G,J,,,A,F,D,M,,,A-056,,KW,,x,b
M,M-159,F,M-005,M-160,H,J,D,F,H,H,H,I,F,J,,,F,I,,,,,N-042,,AM,,x,b
M,M-160,F,M-005,M-159,C,H,D,F,H,L,H,I,J,M,,,F,I,,,,,N-042,,AM,,x,b
M,M-118,F,M-005,M-119,H,H,F,J,H,H,G,I,J,M,,,F,H,,,,,M-040,,BW + OH,,x,b
M,M-119,F,M-005,M-118,C,H,F,J,H,L,G,I,J,M,,,F,G,,,,,M-040,,BW + OH,,x,m
M,M-101,M,M-005,M-102,C,H,B,C,J,L,H,I,F,M,,,F,I,,,,,M-046,,BW + OH,,x,h
M,M-102,M,M-005,M-101,F,H,F,F,J,L,I,J,G,J,,,F,I,,,,,M-046,,BW + OH,,x,b
M,M-006,F,M-003,,F,I,B,F,F,L,I,L,F,H,D,G,F,G,D,M,A,A,founder,,BW + OH,,x,b
M,M-151,F,M-006,M-152,H,I,B,H,F,H,E,I,H,M,,,G,I,,,,,N-045,N-045 has FI in HY02,AM + KW,,x,h
M,M-152,F,M-006,M-151,F,I,F,H,F,H,E,I,F,M,D,G,G,I,D,K,A,J,N-045,,AM + DT,,x,b
M,M-295,F,M-152,M-296,C,F,D,H,D,H,E,I,C,M,C,D,F,I,D,K,A,K,L-126,,DT,,,b
M,M-530,M,M-295,M-531,C,F,D,J,D,G,H,I,C,M,C,G,E,F,D,N,A,A,X-117,,SK,,,
M,M-531,M,M-295,M-530,C,H,D,I,H,J,E,H,C,M,C,G,E,F,F,K,J,K,X-117,,SK,,,
M,M-508,F,M-295,M-509,C,I,F,H,H,L,E,E,C,J,C,C,G,I,K,M,A,A,M-425,M-425orM-426,SK,,,
M,M-509,M,M-295,M-508,C,I,F,H,D,I,E,I,C,E,C,C,G,I,K,O,A,I,M-425,,SK,,,
M,M-491,M,M-295,,F,F,D,E,D,I,E,E,J,M,C,D,G,I,K,M,I,K,M-409,,SK,N,,
M,M-468,F,M-295,M-480,C,I,H,J,D,F,E,J,G,M,D,G,E,I,K,M,C,K,N-196,,SK,,,m
M,M-480,M,M-295,M-468,C,H,D,H,D,G,E,J,C,G,C,G,E,F,D,M,A,C,N-196,,SK,,,m
M,M-454,M,M-295,M-455,C,H,D,F,H,I,I,I,H,M,C,D,I,J,D,D,A,G,N-123,,SK,,,m
M,M-455,M,M-295,M-454,F,H,H,J,D,F,B,I,C,G,B,C,I,J,D,D,G,K,N-123,,SK,N,,m
M,M-435,M,M-295,,C,H,D,F,F,H,B,I,G,M,B,D,F,J,D,L,A,G,N-123,,SK,N,,m
M,M-414,F,M-295,M-416,F,F,D,F,D,G,B,E,C,H,A,C,G,I,D,D,A,G,N-115,,SK,,,m
M,M-537,M,M-414,M-538,F,H,D,D,D,F,B,I,C,C,A,C,D,I,D,D,D,G,E-226,,SK,,,
M,M-538,F,M-414,M-537,F,H,D,N,D,F,E,J,C,C,A,C,F,G,D,D,D,G,E-226,,SK,,,
M,M-523,F,M-414,,F,F,E,F,D,L,B,L,C,E,C,C,G,I,D,M,A,I,M-425,,SK,,,
M,M-500,F,M-414,M-501,F,H,B,D,J,J,E,L,C,M,E,E,G,I,D,G,G,G,M-431,,SK,,,
M,M-501,M,M-414,M-500,,,,,D,J,,,C,C,,,,,G,G,,,,,SK,M,,
M,M-486,F,M-414,M-487,F,H,F,G,B,G,B,K,C,G,C,C,E,G,X,D,A,G,X-113,,SK,,,
M,M-511,F,M-486,,C,H,,,,,E,E,C,E,,,C,E,D,O,,,,,SK,,,
M,M-517,M,M-486,,H,H,G,G,E,G,J,K,C,G,,,G,G,X,X,A,J,,,SK,,,
M,M-487,F,M-414,M-486,F,H,D,G,B,D,B,K,C,E,C,D,G,I,X,D,A,A,X-113,,SK,,,
M,M-525,M,M-487,M-524,C,H,D,H,B,F,B,H,E,E,C,C,I,J,D,M,A,A,M-453,M-453 has II in HY02 and FF in HY09,SK,,,
M,M-470,M,M-414,M-471,F,H,F,J,G,G,E,H,H,M,A,G,I,I,D,N,A,A,X-117,,SK,N,,m
M,M-416,F,M-295,M-414,C,F,D,H,D,G,E,J,C,G,B,C,G,I,G,K,A,G,N-115,,SK,,,m
M,M-520,M,M-416,M-521,C,J,D,G,D,J,E,K,C,E,C,C,E,G,F,K,A,A,X-113,,SK,,,
M,M-521,M,M-416,M-520,F,J,D,G,D,J,E,K,C,E,C,C,G,I,X,K,A,G,X-113,,SK,,,
M,M-498,M,M-416,M-499,C,H,D,F,D,J,J,K,C,G,B,C,E,G,F,G,A,A,X-113,,SK,,,
M,M-481,F,M-416,M-482,F,F,D,J,G,J,E,J,C,F,C,E,E,G,K,N,G,J,X-117,X-117 has JM in HY09,SK,,,m
M,M-516,M,M-481,,F,H,F,J,G,G,J,J,F,F,C,I,F,G,E,K,A,G,N-257,N-257 has IL in HY09,SK,,,
M,M-482,F,M-416,M-481,C,H,H,J,D,J,E,H,C,F,C,E,G,I,G,N,A,A,X-117,X-117 has JM in HY09,SK,,,
M,M-518,M,M-482,M-519,C,H,B,J,J,J,E,L,F,M,E,E,G,I,G,G,A,J,M-431,,SK,,,
M,M-519,M,M-482,M-518,C,C,B,J,D,I,H,L,C,H,C,C,G,I,G,N,A,G,M-431,,SK,,,
M,M-464,M,M-416,,F,H,H,N,D,F,E,I,C,C,A,C,F,I,D,G,D,G,E-226,,SK,N,,m
M,M-381,F,M-295,,C,C,D,F,D,H,E,H,C,M,C,D,F,G,K,M,A,J,E-131,,KW,,,m
M,M-544,M,M-381,,C,F,C,D,H,H,E,I,F,M,D,G,D,F,G,K,A,A,N-261,N-261 has HH in HY09,SK,,,
M,M-513,M,M-381,M-512,C,H,F,F,D,G,H,J,C,C,D,I,F,G,H,K,A,J,N-257,N-257 has IL in HY09,SK,,,
M,M-492,F,M-381,M-493,C,H,D,D,F,H,E,J,M,M,B,D,D,G,M,N,J,J,E-226,E-226 has DD in HY63,SK,,,
M,M-493,F,M-381,M-492,C,H,D,D,D,F,E,J,M,M,B,D,D,F,M,N,D,J,E-226,E-226 has DD in HY63,SK,,,
M,M-467,F,M-381,,C,H,D,J,D,F,H,K,G,M,D,G,G,G,E,K,J,J,N-144,,SK,,,m
M,M-522,F,M-467,,C,H,D,N,F,F,H,J,C,M,A,D,D,G,D,K,D,J,E-226,,SK,,,
M,M-446,M,M-381,M-447,C,H,F,F,G,H,H,H,C,H,A,D,D,F,K,K,A,A,X-100,,SK,,,m
M,M-447,M,M-381,M-446,C,H,D,F,D,G,H,H,C,H,A,C,D,G,K,O,A,J,E-161,,SK,,,m
M,M-429,F,M-381,M-430,C,F,F,F,D,G,H,H,H,M,A,C,F,F,K,K,A,A,E-161,,SK,,,m
M,M-529,M,M-429,M-528,C,F,F,I,G,J,H,H,H,H,C,E,E,F,F,K,A,A,X-117,X-117 has JM in HY09,SK,,,
M,M-504,M,M-429,,F,H,F,F,B,D,H,K,E,M,C,C,E,F,X,K,A,I,X-113,,SK,,,
M,M-472,M,M-429,M-473,F,F,F,F,D,J,H,H,H,H,A,C,F,J,G,K,A,I,X-106,,SK,M,,h
M,M-473,M,M-429,M-472,C,H,F,F,D,D,H,H,G,M,C,E,F,G,G,K,A,I,X-106,,SK,,,m
M,M-430,F,M-381,M-429,C,H,D,D,D,D,E,I,C,F,C,I,D,G,K,O,J,J,E-161,,SK,,,m
M,M-510,F,M-430,,C,F,D,J,D,G,E,H,C,M,C,G,D,E,N,O,A,J,X-117,,SK,,,
M,M-296,F,M-152,M-295,I,J,F,H,F,L,E,I,C,F,C,G,F,I,D,K,J,K,L-126,,DT,,x,m
M,M-474,M,M-296,M-475,I,J,F,H,I,L,E,L,C,E,C,C,F,G,K,M,A,K,,M-425orM-426,SK,E,,h
M,M-475,M,M-296,M-474,I,I,D,H,F,L,E,E,F,J,C,G,G,I,K,M,A,J,,M-425orM-426,SK,,,m
M,M-445,F,M-296,M-448,H,J,H,J,F,L,E,I,C,G,B,C,I,J,D,D,G,J,N-123,,SK,,,m
M,M-505,M,M-445,M-506,H,H,H,H,G,L,I,J,C,E,C,I,G,J,D,H,G,H,N-257,N-257 has IL in HY09,SK,,,
M,M-506,F,M-445,M-505,C,H,F,H,G,I,I,I,H,H,C,I,F,I,D,H,A,G,N-257,N-257 has IL in HY09,SK,,,
M,M-488,M,M-445,,F,H,E,J,I,L,I,L,G,J,B,C,G,I,D,M,A,J,M-425,,SK,,,
M,M-448,M,M-296,,I,I,H,J,F,F,B,E,H,H,C,G,F,G,D,L,G,J,N-123,N-123 has HH in HY02,SK,N,,h
M,M-417,M,M-296,M-419,H,J,F,H,F,I,B,E,F,H,C,G,F,G,D,K,G,K,N-123,,SK,E,,m
M,M-419,F,M-296,M-417,F,I,F,H,L,L,I,I,C,H,C,C,I,I,D,L,J,J,M-207,M-207 has EM in HY63,SK,,,m
M,M-533,M,M-419,,C,H,F,F,G,I,I,I,H,H,C,I,F,J,D,E,A,J,,,SK,,,
M,M-484,F,M-419,M-485,H,I,G,H,B,I,I,K,G,H,B,C,H,I,X,L,G,I,X-113,,SK,,,
M,M-527,F,M-484,M-526,C,H,G,H,B,F,H,K,F,G,B,D,E,I,X,G,A,I,M-453,M-453 has II in HY02 and CC in HY15,SK,,,
M,M-485,F,M-419,M-484,I,J,G,H,B,I,I,K,C,E,C,C,I,I,F,L,I,J,X-113,,SK,,,
M,M-466,M,M-419,,I,I,H,H,F,L,I,J,G,H,C,G,E,I,M,M,C,J,N-196,,SK,,,m
M,M-403,F,M-296,,I,J,F,F,F,L,E,K,C,E,C,D,F,I,D,E,J,K,L-194,,DT + SK,,x,h
M,M-463,F,M-403,,H,I,F,H,F,L,J,K,E,G,D,G,F,J,E,G,C,J,N-196,,SK,,x,m
M,M-440,M,M-403,,H,I,F,H,F,F,E,J,E,G,C,G,E,I,D,G,C,J,N-196,,SK,,,h
M,M-278,M,M-152,,F,I,F,F,D,H,E,I,M,M,D,G,G,J,F,K,A,J,U-080,,DT,N,,h
M,M-260,F,M-152,,H,I,B,F,F,L,E,I,F,F,G,G,G,I,K,O,A,A,E-090,,DT,,x,b
M,M-329,M,M-260,,C,H,B,F,D,L,E,I,F,G,G,G,G,H,K,O,A,J,E-131,,DT,,,m
M,M-304,M,M-260,,C,I,B,F,D,F,E,I,F,G,G,G,G,G,M,O,A,J,E-131,,DT,,x,b
M,M-238,F,M-152,M-239,C,I,E,H,F,G,H,I,F,L,G,I,G,G,D,K,A,H,E-094,,KW + DT,,x,b
M,M-311,F,M-238,M-310,F,I,H,J,F,L,I,I,F,H,C,G,G,G,D,M,A,A,M-207,,DT,,x,h
M,M-277,M,M-238,M-279,C,F,H,I,G,L,I,I,D,L,A,I,F,G,D,M,A,B,M-183,,DT,N,x,b
M,M-279,F,M-238,M-277,C,H,H,J,G,L,H,I,D,L,A,I,F,G,D,M,A,H,M-183,,DT,,x,b
M,M-394,M,M-279,M-395,F,H,D,H,G,I,E,I,D,H,C,E,D,F,D,L,A,E,X-066,could also have DN in HY63,DT,,,h
M,M-395,M,M-279,M-394,C,F,E,J,I,L,E,I,H,L,C,I,D,G,D,L,A,I,X-066,,DT + SK,,,h
M,M-361,M,M-279,,C,H,F,J,G,I,H,I,D,D,D,I,F,G,A,M,A,I,F-100,,DT + SK,,,h
M,M-239,F,M-152,M-238,C,I,F,F,F,L,E,H,F,F,G,I,G,I,D,D,J,J,E-094,,KW + DT,,x,h
M,M-421,F,M-239,M-422,C,H,F,J,F,I,E,K,F,H,C,G,G,G,D,G,G,J,N-144,,SK,,,m
M,M-532,F,M-421,,C,C,H,J,G,I,J,J,F,F,G,I,G,G,D,E,G,H,N-257,N-257 has IL in HY09,SK,,,
M,M-503,M,M-421,,C,H,E,F,G,I,J,K,H,H,C,I,F,G,D,H,A,G,N-257,N-257 has FH in HY03 and IL in HY09,SK,,,
M,M-422,M,M-239,M-421,C,C,F,J,F,L,H,K,F,H,C,C,G,I,D,G,J,J,N-144,,SK,,,m
M,M-293,M,M-239,,I,J,F,F,F,L,B,H,F,F,G,I,C,G,D,K,J,K,L-126,,DT,,x,b
M,M-220,M,M-152,,C,F,F,H,F,G,E,I,D,F,,,F,G,D,K,,,A-087,A-087 has JM in HY03,KW,,x,h
M,M-197,M,M-152,,F,F,B,F,F,L,E,I,F,H,C,G,G,G,D,E,C,J,F-045,F-045 has EF in HY03,KW,S,x,b
M,M-144,M,M-006,M-145,F,H,C,F,F,J,I,J,F,M,E,G,G,I,F,M,A,H,M-046,,BW + OH + KW,A/S/L,x,b
M,M-145,M,M-006,M-144,F,F,F,F,J,L,J,L,H,M,,,F,I,,,,,M-046,,BW + OH,,x,m
M,M-122,F,M-006,M-123,F,F,F,F,J,L,J,L,F,M,E,G,G,I,M,N,A,A,M-046,,BW + OH + DT,,x,h
M,M-376,F,M-122,M-377,F,F,F,F,J,L,I,J,H,M,C,G,G,I,M,M,A,J,M-207,,DT + SK,,x,m
M,M-469,F,M-376,,F,H,D,F,F,L,I,J,C,H,A,C,D,I,M,N,J,J,E-226,,SK,,,m
M,M-536,M,M-469,M-535,H,H,D,N,F,F,I,J,C,M,A,B,D,F,D,N,D,J,E-226,,SK,,,
M,M-433,F,M-376,M-434,F,H,F,F,I,L,J,K,H,H,C,C,G,I,G,M,A,G,N-144,,SK,,x,m
M,M-434,M,M-376,M-433,C,F,F,J,I,L,B,J,H,M,C,G,G,G,G,M,A,J,N-144,,SK,,,m
M,M-377,M,M-122,M-376,F,F,F,J,J,L,B,L,F,H,C,G,G,I,E,N,A,J,M-207,,DT + SK,,,h
M,M-344,F,M-122,M-345,F,F,F,J,H,L,I,J,F,M,A,G,G,I,E,N,A,A,M-207,,DT,,x,h
M,M-345,F,M-122,M-344,F,F,F,J,H,J,B,L,F,H,C,G,G,I,,,A,A,M-207,,DT + SK,,x,m
M,M-299,M,M-122,M-300,F,H,E,F,D,J,K,L,F,L,G,I,E,I,K,M,A,J,E-133,,DT,,x,b
M,M-300,M,M-122,M-299,C,F,C,F,D,L,I,L,F,M,G,G,G,I,G,M,A,J,U-080,,DT,,x,h
M,M-280,M,M-122,M-281,F,H,F,F,H,J,I,L,H,M,C,E,I,I,E,M,A,A,T-091,,DT,,x,m
M,M-261,M,M-122,M-262,F,F,F,F,D,L,I,L,F,M,G,G,I,J,G,N,A,G,U-080,,DT,S/N,x,h
M,M-262,M,M-122,M-261,F,F,C,F,D,L,I,J,M,M,E,G,G,I,G,N,A,J,U-080,,DT,S/N,x,h
M,M-242,F,M-122,M-243,F,H,B,F,L,L,I,L,F,F,E,G,F,I,E,N,A,A,E-090,,KW + SK,,x,h
M,M-385,F,M-242,M-386,H,J,F,F,G,L,H,L,G,G,B,E,D,F,E,N,A,J,E-134,,DT + SK,,x,h
M,M-364,F,M-242,,H,H,B,J,D,L,K,L,F,H,C,G,E,I,L,N,A,J,L-131,,DT,,x,h
M,M-305,F,M-242,,F,F,B,J,L,L,I,I,F,F,E,G,F,F,M,N,A,B,M-183,,DT,,x,b
M,M-368,F,M-305,,F,J,E,J,L,L,I,K,F,F,E,I,D,F,K,M,A,H,E-133,,DT + SK,,x,b
M,M-243,F,M-122,M-242,F,H,E,F,J,L,E,J,F,F,C,G,G,I,J,N,A,J,E-094,,KW,,x,h
M,M-365,M,M-243,M-366,F,H,E,F,H,L,I,J,F,M,A,C,G,G,E,J,A,J,M-207,,DT + SK,E,,h
M,M-366,M,M-243,M-365,F,F,E,J,H,J,E,I,F,H,C,C,G,G,J,M,A,J,M-207,,DT + SK,,,h
M,M-320,M,M-243,M-319,C,H,E,F,D,J,E,E,F,G,G,G,G,G,J,O,A,J,E-131,,KW + DT + SK,E,,m
M,M-301,M,M-243,,F,J,E,E,J,L,J,K,F,F,G,I,D,I,L,N,A,J,E-133,,DT,N/F,x,m
M,M-217,F,M-122,M-218,F,F,F,H,H,L,E,J,F,M,,,I,I,K,M,,,N-045,,KW,,x,m
M,M-218,M,M-122,M-217,F,I,F,H,H,L,E,J,M,M,,,F,G,G,N,,,N-045,,KW + DT,,x,h
M,M-193,M,M-122,M-194,F,F,E,F,J,K,I,J,H,M,C,E,G,G,E,N,A,A,F-045,,KW + DT,M/L,x,m
M,M-194,M,M-122,M-193,F,F,E,F,L,L,I,J,H,M,C,G,G,G,E,N,A,C,F-045,,KW,N,,m
M,M-172,M,M-122,,F,H,F,F,H,L,J,L,F,L,,,D,G,,,,,M-052,,AM + KW,,x,h
M,M-123,M,M-006,M-122,F,H,B,F,J,L,I,J,H,M,,,G,I,,,,,M-046,,BW + OH,,x,m
M,M-098,F,M-006,M-099,H,I,B,H,F,H,E,L,E,H,A,D,G,J,M,M,A,J,M-008,M-008 has CI in HY02,BW + OH + KW,,x,b
M,M-263,F,M-098,,C,I,F,H,F,L,H,L,E,F,A,C,G,J,J,M,A,H,E-094,,DT,,,h
M,M-489,M,M-263,,C,H,F,F,F,I,B,L,E,H,A,C,G,J,D,M,A,G,N-123,,SK,,,
M,M-483,F,M-263,,C,J,G,H,B,L,H,K,E,E,C,C,E,G,F,J,A,H,X-113,,SK,,x,skin
M,M-452,M,M-263,M-453,C,H,H,J,F,F,J,L,E,F,A,G,G,J,M,M,A,C,N-196,,SK,,,m
M,M-453,M,M-263,M-452,I,I,H,H,D,F,H,J,F,F,C,C,E,J,G,M,A,A,N-196,,SK,M,,m
M,M-425,M,M-263,M-425,F,I,E,F,I,L,E,L,E,J,C,C,G,G,M,O,A,I,X-066,,SK,M,,m
M,M-426,M,M-263,M-426,F,I,D,F,I,L,E,L,E,J,A,C,G,G,L,M,A,I,X-066,,SK,M,,m
M,M-392,M,M-263,M-393,H,I,H,J,L,L,K,L,E,E,C,D,F,J,K,M,A,J,L-194,,DT + SK,,,h
M,M-393,M,M-263,M-392,C,H,F,H,D,F,K,L,E,F,C,E,J,J,J,K,A,I,L-194,,DT + SK,,,h
M,M-315,M,M-263,,C,C,F,F,D,L,H,L,F,G,C,G,G,H,M,O,A,J,E-131,,DT,,x,b
M,M-236,F,M-098,M-237,F,I,B,H,G,H,H,L,E,G,A,B,I,J,G,M,A,J,N-045,,KW,,x,h
M,M-356,F,M-236,M-357,H,I,F,H,G,G,H,L,G,G,A,B,G,J,E,M,A,J,E-134,,DT + SK,,x,h
M,M-357,F,M-236,M-356,F,H,B,D,G,H,H,L,E,G,A,B,G,I,D,M,A,A,E-134,,DT + SK,,x,h
M,M-318,M,M-236,,F,F,D,H,G,I,J,L,E,H,A,C,G,J,M,O,E,J,X-066,,DT + SK,,x,h
M,M-294,M,M-236,,F,F,B,H,G,I,J,L,D,G,B,D,G,I,D,M,A,I,F-100,,DT,N,x,h
M,M-237,F,M-098,M-236,F,I,B,E,D,F,E,J,E,G,,,D,G,F,M,,,M-174,,KW,,x,h
M,M-214,M,M-098,M-215,H,I,H,H,H,H,E,L,E,M,A,D,I,J,K,M,A,J,N-045,,KW,N,x,m
M,M-180,F,M-098,M-181,H,I,B,F,F,J,J,L,H,M,D,E,G,I,F,M,A,H,M-046,,KW,,x,m
M,M-382,F,M-180,,H,J,F,F,G,J,I,J,H,M,A,E,G,J,F,O,A,J,E-142,,DT + SK,,x,h
M,M-343,F,M-180,,I,I,B,F,J,L,K,L,E,M,D,E,G,J,K,M,A,J,L-194,,DT + SK,,x,h
M,M-314,M,M-180,,C,I,B,F,D,J,E,L,C,H,C,D,H,I,F,O,H,J,E-131,,DT,,x,b
M,M-287,F,M-180,,C,H,B,F,G,J,H,L,F,M,C,E,G,G,J,M,A,J,E-094,,DT,,x,b
M,M-476,F,M-287,M-477,H,H,F,N,F,J,I,L,F,M,A,C,D,G,J,N,A,J,E-226,,SK,,x,h
M,M-477,M,M-287,M-476,H,H,D,F,F,J,H,I,C,M,A,E,F,G,D,J,J,J,E-226,,SK,,,h
M,M-450,F,M-287,M-451,C,F,B,D,J,J,E,L,F,J,C,C,D,G,J,O,E,J,X-066,,SK,,x,h
M,M-451,F,M-287,M-450,C,F,B,E,J,J,E,H,F,H,C,C,D,G,M,M,E,J,X-066,X-066 has LO in HY63 (M-451 should have L),SK,,,m
M,M-515,F,M-451,M-514,C,H,E,F,G,J,H,I,E,H,C,C,E,G,F,L,A,E,X-113,X-113 has BJ in HY04 and KK in HY07,SK,,,
M,M-431,M,M-287,M-432,C,H,B,J,I,J,K,L,H,M,C,E,G,G,G,M,G,J,N-144,,SK,M,,m
M,M-432,M,M-287,M-431,C,C,F,J,I,J,H,K,H,M,C,E,G,G,G,M,A,J,N-144,,SK,,,m
M,M-408,M,M-287,M-409,C,F,B,D,G,I,J,L,F,J,C,C,G,G,M,M,I,J,X-066,X-066 has LO in HY63,SK,M,,m
M,M-409,M,M-287,M-408,F,H,B,E,G,I,E,H,F,J,C,C,D,G,L,M,A,I,X-066,,SK,M,,m
M,M-383,F,M-287,,H,I,F,M,D,G,H,I,F,F,C,I,E,G,L,M,A,J,L-131,,DT,,x,h
M,M-465,M,M-383,,H,I,F,F,D,I,I,K,H,H,,,E,G,G,M,A,J,N-144,,SK,,,
M,M-438,M,M-383,M-439,C,I,J,M,D,F,B,H,G,G,C,G,E,G,G,L,A,G,N-144,,SK,,,m
M,M-268,F,M-180,M-269,H,H,F,N,G,J,H,J,H,M,A,E,G,G,E,F,A,H,E-090,,DT,,x,b
M,M-269,M,M-180,M-268,F,H,F,F,D,F,J,J,C,H,C,D,G,I,D,M,H,I,F-100,,DT + SK,S,x,b
M,M-241,M,M-180,,C,H,B,F,D,F,B,L,C,M,C,D,F,G,D,M,H,K,L-126,,KW,E/M,x,b
M,M-181,M,M-098,M-180,H,I,B,F,H,J,E,J,H,M,D,E,G,I,F,M,A,A,M-046,,KW,S,x,m
M,M-157,F,M-098,M-158,H,H,B,C,F,J,J,L,E,M,,,G,I,,,,,M-046,,AM + KW,,x,h
M,M-158,M,M-098,M-157,F,I,F,H,F,H,E,I,G,H,D,D,G,I,F,M,A,H,M-046,,AM + DT + SK,S,x,m
M,M-099,F,M-006,M-098,F,I,B,H,D,F,I,I,G,H,B,D,E,G,D,M,A,J,M-008,,BW + OH,,x,b
M,M-353,M,M-099,M-354,F,J,F,H,D,G,H,I,G,G,B,B,G,G,E,M,A,A,E-134,,DT + SK,,x,h
M,M-354,M,M-099,M-353,I,J,B,D,F,G,H,I,H,M,C,D,D,G,D,E,A,J,E-134,,DT,,x,h
M,M-297,M,M-099,M-298,F,I,H,H,D,D,B,I,H,H,A,D,D,G,D,M,A,J,M-230,,DT,S,x,h
M,M-298,M,M-099,M-297,C,F,B,H,D,D,B,I,F,H,A,D,D,E,D,M,A,J,M-230,,DT + SK,S/F,,h
M,M-272,F,M-099,M-273,H,I,B,B,F,G,I,I,H,H,A,D,E,G,E,M,A,J,E-090,,DT,,x,b
M,M-358,F,M-272,M-359,F,I,B,F,F,G,B,I,G,H,B,D,G,G,E,G,A,J,N-115,,DT + SK,,x,h
M,M-341,M,M-272,M-342,H,I,B,F,D,G,I,K,F,H,A,I,D,E,L,M,A,J,E-133,,DT,,,m
M,M-342,F,M-272,M-341,I,J,B,E,F,L,I,I,H,L,A,I,D,G,E,K,J,J,E-133,,DT,,x,m
M,M-273,F,M-099,M-272,F,I,B,N,F,G,H,I,F,G,B,G,E,G,D,E,A,A,E-090,,DT,,x,b
M,M-449,F,M-273,,F,J,F,N,G,G,H,J,G,M,B,G,F,G,D,D,A,I,X-100,,SK,,x,m
M,M-423,M,M-273,,C,I,F,N,G,I,B,H,G,H,C,G,F,G,E,E,A,G,N-144,N-144 has GG in HY27,SK,,,m
M,M-398,M,M-273,M-399,F,H,F,N,F,G,H,I,G,H,B,G,D,G,E,J,A,H,E-151,E-151 has DD in HY04 and AJ in HY65,SK,M,,m
M,M-399,F,M-273,M-398,F,H,B,C,G,G,I,I,G,G,B,G,D,G,D,J,A,J,E-151,E-151 has DD in HY04,SK,,x,m
M,M-248,F,M-099,M-249,F,H,B,F,D,I,I,J,E,G,B,B,E,G,E,M,A,A,T-091,,KW + SK,,x,h
M,M-350,F,M-248,M-351,C,F,B,B,I,I,I,I,D,G,B,D,G,G,A,M,A,I,F-100,,DT + SK,,x,h
M,M-351,M,M-248,M-350,F,F,B,F,D,D,J,J,C,G,B,C,E,G,,,A,I,F-100,,DT,,x,h
M,M-323,F,M-248,M-324,F,F,B,B,I,I,I,J,D,G,B,D,E,G,D,M,A,J,F-100,,DT + SK,,x,h
M,M-324,F,M-248,M-323,C,J,B,D,F,L,H,I,J,M,B,G,D,I,E,M,A,J,E-135,,DT,,x,h
M,M-249,F,M-099,M-248,F,F,B,F,F,H,I,I,G,H,B,C,E,G,D,E,J,J,T-091,M-207 also no mismatch,DT,,x,b
M,M-437,F,M-249,M-441,F,H,F,J,F,I,I,I,G,H,B,B,E,J,D,D,G,J,N-123,,SK,,x,h
M,M-427,F,M-249,M-428,F,H,F,J,H,I,B,I,H,H,C,C,E,G,D,E,G,J,N-144,,SK,,x,m
M,M-428,M,M-249,M-427,F,H,B,F,F,G,I,J,G,G,B,G,E,J,E,M,G,J,N-198,,SK,,,m
M,M-402,F,M-249,,F,I,F,J,F,L,I,K,G,M,B,E,F,G,D,K,J,J,L-194,,DT + SK,,x,h
M,M-456,F,M-402,M-457,F,J,F,G,B,F,I,K,E,M,C,E,G,I,X,D,I,J,X-113,,SK,,,m
M,M-346,F,M-249,M-347,F,J,B,F,F,G,I,J,H,H,A,C,D,G,E,O,J,J,E-142,,DT + SK,,x,m
M,M-347,M,M-249,M-346,F,J,B,F,F,G,I,J,G,H,A,B,E,J,D,E,J,J,E-142,,DT,,x,h
M,M-325,F,M-249,M-326,F,F,B,E,F,I,I,J,H,H,B,C,D,E,,,E,J,X-066,,DT,,x,h
M,M-228,M,M-099,M-227,C,I,E,H,F,L,E,I,F,H,C,D,G,G,D,M,J,J,E-094,E-094 has CI in HY15,KW + DT,N,x,b
M,M-205,F,M-099,M-206,F,I,H,H,D,G,H,I,G,M,,,G,I,D,G,,,N-045,,KW,,x,b
M,M-206,M,M-099,M-205,F,F,H,H,F,H,E,I,H,M,D,D,E,I,D,K,A,J,N-045,,KW,N,,h
M,M-184,F,M-099,M-185,F,I,F,H,D,H,I,I,G,H,,,G,I,D,N,,,M-046,,KW,,x,h
M,M-185,M,M-099,M-184,F,F,B,F,F,H,I,I,G,G,,,E,I,F,M,,,M-046,,KW,,x,skin
M,M-166,F,M-099,M-167,I,J,B,D,D,D,I,I,G,M,,,G,G,,,,,N-042,,AM,,x,muscle
M,M-167,M,M-099,M-166,F,J,D,H,F,H,I,I,F,G,,,G,G,,,,,N-042,,AM,,x,b
M,M-147,F,M-099,,F,J,B,H,F,L,I,J,G,H,D,G,E,F,D,M,A,A,A-056,,AM,,x,b
M,M-406,M,M-147,M-407,C,J,H,H,F,G,B,J,G,G,B,G,F,J,D,G,A,J,N-115,,DT + SK,,,h
M,M-407,M,M-147,M-406,F,J,H,H,F,G,J,J,H,H,A,G,E,G,G,M,A,G,N-115,,DT + SK,,,h
M,M-363,M,M-147,,H,J,B,F,G,L,H,J,H,L,D,I,F,G,D,M,A,H,E-094,,DT,E,,h
M,M-330,M,M-147,,F,H,B,E,L,L,E,I,F,H,C,D,F,G,D,M,A,J,E-094,,KW + DT,,x,h
M,M-306,F,M-147,,C,F,E,H,G,L,E,I,H,L,D,I,F,G,D,M,A,H,E-094,,DT,,x,m
M,M-442,M,M-306,M-443,F,J,H,J,G,G,I,J,M,M,D,G,F,G,M,N,A,I,X-100,,SK,,,m
M,M-443,M,M-306,M-442,F,J,E,F,G,L,I,J,H,M,D,G,E,F,D,N,A,H,X-100,,SK,,,m
M,M-424,F,M-306,,F,F,F,H,G,L,I,J,G,H,B,D,G,J,G,M,H,J,N-115,,SK,,x,m
M,M-400,F,M-306,,C,H,H,J,G,I,E,K,F,H,C,I,G,G,G,M,A,J,N-144,,SK,,x,m
M,M-282,M,M-147,M-283,C,F,B,E,F,G,H,I,H,H,D,I,E,G,D,D,A,H,E-094,,DT + SK,S,x,h
M,M-283,F,M-147,M-282,C,F,E,H,F,G,H,J,H,L,D,I,F,G,D,D,A,J,E-094,,DT,,x,b
M,M-267,M,M-147,,C,F,B,J,G,L,I,J,E,G,C,G,E,I,F,M,A,H,A-093,,DT,N,x,b
M,M-244,M,M-147,M-245,F,J,B,H,F,G,E,I,G,G,B,G,E,I,D,G,A,J,N-045,,KW + DT,S/L,x,h
M,M-223,F,M-147,M-222,C,F,H,M,F,G,I,I,D,G,,,F,F,M,M,,,A-087,,KW + DT + SK,,x,m
M,M-203,M,M-147,,H,J,H,J,L,L,I,I,D,G,A,G,E,J,D,K,A,B,A-087,,KW,A,x,h
M,M-087,M,M-006,M-088,H,I,B,H,L,L,I,J,F,M,B,G,F,J,M,O,A,J,founder,,BW + OH + KW,E,x,b
M,M-088,F,M-006,M-087,F,I,B,I,L,L,I,J,F,M,B,G,E,G,M,M,A,J,founder,,BW + OH + SK,,x,b
M,M-258,F,M-088,M-259,I,I,B,B,L,L,I,J,F,M,B,G,F,G,E,M,A,J,E-090,,DT + SK,,x,h
M,M-259,M,M-088,M-258,H,I,B,B,L,L,I,J,F,M,B,G,E,F,E,M,J,J,E-090,,DT,,x,h
M,M-225,F,M-088,M-226,C,I,B,J,G,L,I,J,D,F,A,G,F,G,M,M,H,J,A-087,,KW,,x,m
M,M-316,F,M-225,M-317,I,I,B,M,D,G,J,K,D,H,A,C,E,F,E,M,G,H,L-131,,DT + SK,,x,h
M,M-317,M,M-225,M-316,H,I,J,J,D,L,I,J,D,H,A,C,E,G,L,M,G,J,L-131,,DT,,x,b
M,M-292,F,M-225,,H,I,B,F,D,L,I,K,D,M,A,E,F,G,E,M,I,J,L-221,,DT,,x,m
M,M-226,M,M-088,M-225,C,I,B,J,G,L,I,J,D,M,A,B,G,J,M,M,A,B,A-087,,KW + DT,S,x,m
M,M-183,M,M-088,,F,H,I,J,L,L,I,I,D,F,A,G,E,F,M,M,A,B,A-087,,KW,M,x,b
M,M-168,M,M-088,M-169,H,I,C,I,H,L,J,J,G,M,,,G,I,,,,,M-046,,AM,,x,b
M,M-169,M,M-088,M-168,F,F,B,C,H,L,I,J,F,G,,,G,I,,,,,M-046,,AM,,x,b
M,M-138,M,M-088,M-139,F,F,F,I,D,L,I,I,F,M,,,A,E,,,,,M-097,,BW + OH,M,x,m
M,M-139,M,M-088,M-138,F,F,B,F,J,L,I,J,F,F,G,I,A,G,M,M,A,I,M-097,,BW + OH,L,x,m
M,M-007,F,M-003,M-041,F,H,F,J,D,G,B,I,G,H,A,G,D,F,D,M,A,K,founder,,BW + OH,,x,b
M,M-195,M,M-007,,F,F,F,H,G,H,H,I,H,M,,,F,F,D,K,,,N-045,,KW,,x,b
M,M-175,F,M-007,M-176,F,H,F,F,D,J,I,I,G,M,,,D,I,,,,,M-046,,AM,,x,skin
M,M-176,M,M-007,M-175,F,H,F,F,G,H,B,I,G,G,,,D,I,F,M,,,M-046,,KW,,x,h
M,M-148,F,M-007,M-149,F,I,H,J,D,H,B,H,H,M,A,D,D,I,K,M,J,K,N-045,,AM + SK,,x,b
M,M-331,M,M-148,M-332,I,J,D,J,G,H,B,I,G,M,B,D,D,J,G,M,J,K,N-047,,DT,E,,h
M,M-332,M,M-148,M-331,I,I,D,J,D,F,H,H,G,H,A,B,D,J,G,M,G,J,N-047,,KW + DT + SK,,x,h
M,M-307,M,M-148,,C,I,F,F,G,J,H,J,H,L,A,I,G,I,J,M,A,G,E-094,E-094 has EH in HY07 and HJ in HY65,DT,,,m
M,M-274,F,M-148,M-275,C,F,F,J,H,K,B,I,G,M,D,E,I,I,F,K,G,J,U-080,,DT,,x,h
M,M-444,M,M-274,,C,H,H,J,F,H,B,J,F,M,D,D,I,J,F,M,A,G,N-196,,SK,,,m
M,M-415,F,M-274,,C,F,F,J,H,L,I,L,H,M,C,D,G,I,E,K,A,G,M-207,M-207 has BI in HY07,SK,,x,m
M,M-391,F,M-274,,F,J,F,F,G,H,B,H,M,M,C,E,G,I,D,F,J,J,E-134,,DT + SK,,,h
M,M-461,F,M-391,M-462,F,H,F,F,G,J,B,H,G,M,C,E,G,I,D,G,J,J,N-144,,SK,,,m
M,M-362,M,M-274,,F,H,E,J,D,K,I,I,F,M,D,I,E,I,F,L,I,J,E-133,,DT + SK,,,h
M,M-275,F,M-148,M-274,C,I,C,H,D,D,H,I,H,M,A,G,I,I,G,K,J,K,U-080,,DT,,x,h
M,M-254,M,M-148,M-255,F,F,F,J,H,H,B,J,H,M,C,D,D,I,E,M,J,J,T-091,,DT,S,,b
M,M-230,M,M-148,M-229,C,I,E,H,D,L,B,E,F,H,A,C,D,G,D,M,H,J,E-094,,KW,M/N,x,h
M,M-207,M,M-148,,F,F,F,J,H,L,B,I,H,M,A,C,G,I,E,M,A,J,F-045,,KW + DT,M,x,b
M,M-149,M,M-007,M-148,F,I,H,J,G,H,E,I,H,M,,,F,F,,,,,N-045,,AM,,x,b
M,M-132,F,M-007,M-133,H,H,J,J,D,L,B,I,E,G,G,G,D,H,D,M,A,K,M-040,,BW + OH + DT,,x,b
M,M-413,M,M-132,,H,H,D,J,D,D,I,I,E,F,G,I,F,H,D,K,A,A,E-161,,SK,,,m
M,M-390,M,M-132,M-389,F,H,E,J,J,L,B,J,E,H,C,G,D,H,L,M,I,K,X-066,,DT,,,h
M,M-348,F,M-132,M-349,F,H,B,J,I,L,B,J,D,G,D,G,D,G,D,M,A,J,F-100,,DT,,x,b
M,M-349,F,M-132,M-348,F,H,F,J,D,D,B,J,C,G,C,G,G,H,A,M,A,J,F-100,,DT,,x,h
M,M-288,M,M-132,M-289,C,H,F,J,D,G,B,F,G,L,E,G,G,H,D,M,A,J,unknown,E-094 has EH in HY07 and CI in HY15,DT + SK,A,x,b
M,M-289,M,M-132,M-288,H,H,F,J,D,L,E,I,E,F,C,G,D,G,D,D,A,H,E-094,,DT,A,x,m
M,M-276,F,M-132,,C,H,E,J,L,L,E,I,F,G,C,G,G,H,D,D,A,J,E-094,,DT,,x,b
M,M-250,F,M-132,M-251,F,H,F,J,K,L,B,I,G,H,C,G,D,G,E,M,A,K,M-193,,DT,,x,b
M,M-224,M,M-132,,F,H,G,J,K,L,I,I,G,H,C,G,D,G,D,M,A,A,F-045,F-045 has EF in HY03,KW,A,x,b
M,M-210,F,M-132,,H,J,J,M,G,L,B,H,G,G,,,H,I,D,M,,,A-093,,KW,,x,m
M,M-188,M,M-132,,C,H,J,M,D,D,I,I,G,G,G,G,H,I,D,M,A,H,A-093,,KW + DT + SK,E,x,h
M,M-177,F,M-132,,C,H,J,M,D,G,B,I,D,G,,,D,J,,,,,A-087,,AM,,x,h
M,M-133,M,M-007,M-132,F,H,F,G,G,L,G,I,E,H,,,D,G,,,,,M-040,,BW + OH,A,x,m
M,M-100,F,M-007,,C,F,F,J,D,H,I,J,H,L,A,A,D,J,D,F,C,K,unknown,,BW + OH,,x,b
M,M-302,F,M-100,M-303,C,J,J,J,D,I,I,J,E,H,A,C,D,I,F,F,H,K,A-093,A-093 has DG in HY04,DT,,x,m
M,M-265,F,M-100,M-266,F,F,F,F,H,J,I,J,L,M,A,E,D,G,E,F,A,K,M-193,,DT,,x,h
M,M-266,F,M-100,M-265,F,F,F,I,H,I,I,I,H,L,A,C,D,G,D,M,A,K,T-091,T-091 has FF in HY03,DT,,x,h
M,M-234,F,M-100,,C,J,J,J,D,H,H,I,G,L,A,G,G,J,D,F,C,J,A-093,,KW,,x,h
M,M-352,F,M-234,,C,H,J,J,D,L,I,K,E,L,A,D,F,J,D,E,J,J,L-194,,DT,,x,h
M,M-308,F,M-234,,C,J,F,J,D,D,H,I,C,G,G,G,G,G,F,O,J,J,E-131,,DT + SK,,x,b
M,M-170,M,M-100,M-171,C,H,D,F,G,H,I,J,H,L,A,A,D,D,D,M,J,K,M-052,,AM + KW + SK,M/E,x,m
M,M-171,M,M-100,M-170,C,H,D,J,G,H,I,J,H,L,,,D,D,,,,,M-052,,AM,,x,m
M,M-140,F,M-100,M-141,C,F,F,F,D,G,I,I,H,I,,,D,J,,,,,M-052,,BW + OH,,x,m
M,M-141,M,M-100,M-140,C,F,F,F,H,H,J,J,H,L,A,A,D,J,D,M,C,J,M-052,,BW + OH + SK,A/F,x,m
M,M-041,M,M-003,M-007,F,I,H,J,D,L,I,J,G,M,B,G,F,J,M,M,A,J,M-008,,BW + OH + KW + DT,A/L,x,b
M,M-012,F,M-,,C,C,B,I,G,H,B,I,L,N,A,C,G,J,,,A,K,founder,,BW + OH + SK,,x,b
M,M-164,M,M-012,M-165,C,C,B,D,D,G,B,B,F,N,,,G,G,,,,,X-006,,AM + KW,,x,b
M,M-125,M,M-012,M-126,C,H,D,I,G,H,I,I,L,N,,,G,J,,,,,M-052,,BW + OH,,x,m
M,M-126,M,M-012,M-125,C,F,D,I,G,H,B,G,I,L,,,D,G,,,,,M-052,M-052 has IJ in HY07,BW + OH,A,x,m
M,M-103,F,M-012,M-104,C,F,B,F,G,H,I,J,L,L,,,J,J,,,,,M-052,,BW + OH,,x,muscle
M,M-104,M,M-012,M-103,C,H,F,I,G,H,B,I,I,N,A,B,G,J,G,M,J,K,M-052,,BW + OH,L,x,b
M,M-092,M,M-012,,C,C,B,F,D,H,I,J,G,L,,,D,J,,,,,founder,,BW + OH,E,x,b
M,M-043,F,M-012,,C,I,B,C,D,G,B,E,G,N,,,E,J,,,,,M-008,,BW + OH,,x,b
M,M-116,M,M-043,,C,H,B,D,D,L,E,I,G,H,B,C,E,J,N,O,A,K,unknown,,BW + OH,M/E,x,b
M,M-107,M,M-043,,C,H,C,F,D,H,B,I,G,G,,,I,J,,,,,M-046,,BW + OH,,x,muscle
M,M-014,F,M-,,C,F,B,D,D,D,H,K,E,F,C,G,D,G,H,L,A,I,founder,,BW + OH + SK,,x,b
M,M-150,F,M-014,,F,F,D,H,D,G,H,K,F,M,,,D,I,,,,,N-045,,AM,,x,m
M,M-120,F,M-014,M-121,F,H,D,F,D,J,H,J,E,M,,,D,I,,,,,M-046,,BW + OH,,x,h
M,M-121,M,M-014,M-120,C,H,D,F,D,H,I,K,F,G,,,D,I,,,,,M-046,,BW + OH,,x,b
M,M-106,M,M-014,,C,G,B,D,D,H,,,E,J,,,C,D,,,,,unknown,,BW + OH,,x,h
M,M-017,F,M-014,,C,H,B,J,D,L,H,J,F,F,A,G,E,G,F,L,A,I,founder,,BW + OH + SK,,x,b
M,M-191,M,M-017,,F,H,E,J,D,L,H,I,F,H,,,E,G,E,F,,,F-045,,KW,,x,h
M,M-155,M,M-017,M-156,C,C,B,C,D,L,E,J,E,F,A,A,E,J,D,O,A,J,M-008,"could also have EG in HY09, see new run V33_2011",AM,M,x,h
M,M-156,M,M-017,M-155,H,I,C,J,D,L,H,I,F,G,,,G,J,,,,,M-008,,AM,,x,b
M,M-136,M,M-017,,H,H,G,J,H,L,G,J,F,M,B,G,E,G,L,O,A,I,M-040,,BW + OH,E,x,b
M,M-113,F,M-017,M-114,C,I,C,J,D,H,I,J,E,F,,,G,J,,,,,M-008,,BW + OH,,x,h
M,M-114,M,M-017,M-113,C,H,H,J,D,D,I,J,F,G,,,E,J,,,,,M-008,,BW + OH,,x,h
M,M-042,M,M-,,H,J,B,H,G,L,I,J,F,F,B,D,F,I,F,G,,,founder,,BW + OH + KW,E/N,x,b
M,M-047,M,M-,,F,H,I,J,D,H,J,J,C,G,,,D,E,,,,,founder,,BW + OH,L,x,b
M,M-053,M,M-,,F,I,F,I,D,F,F,I,D,D,,,J,J,K,N,,,founder,,BW + OH + KW,A,x,b
M,M-081,F,M-002,,C,C,F,H,H,H,I,I,E,J,,,F,J,,,,,M-008,,BW + OH,,x,b
M,M-082,F,M-003,,F,F,J,J,H,L,I,J,F,L,,,D,F,,,,,M-052,M-052 has DF in HY03,BW + OH,,x,b
M,M-246,F,M-082,,C,F,E,J,H,L,E,J,F,L,,,F,G,F,J,,,E-094,,KW,,x,m
M,M-247,M,M-082,,F,H,E,J,L,L,H,J,F,F,C,G,F,G,F,J,I,J,E-094,,KW + SK,,x,m
M,M-221,M,M-082,,C,F,B,J,D,L,J,J,E,F,,,D,J,F,M,,,M-155,,KW,,x,m
M,M-198,F,M-082,M-199,F,H,J,M,G,L,I,J,D,F,A,G,F,F,F,M,A,B,A-087,,KW + DT,,x,b
M,M-173,M,M-082,M-174,C,F,D,J,D,L,B,J,F,G,,,F,G,,,,,X-006,,AM + KW,,x,h
M,M-174,M,M-082,M-173,C,F,E,J,D,H,I,J,G,L,,,D,F,,,,,X-006,,AM + KW,M,x,m
M,M-128,F,M-082,M-129,F,I,C,J,H,L,E,I,F,H,,,F,F,,,,,N-046,,BW + OH,,x,m
M,M-129,M,M-082,M-128,F,H,C,J,H,L,J,J,L,M,,,D,F,,,,,N-046,,BW + OH,F,x,m
M,M-097,M,M-016,,F,J,C,F,D,J,I,J,F,M,G,I,A,G,F,M,G,I,unknown,,BW + OH + DT,M/N,x,b
M,M-110,F,M-002,M-111,C,H,J,J,H,L,G,I,E,H,,,C,H,,,,,M-040,,BW + OH,,x,h
M,M-111,M,M-002,M-110,F,H,F,G,H,H,G,I,E,H,,,F,H,,,,,M-040,,BW + OH,,x,h
N,N-001,F,N-,,J,J,D,D,J,L,F,I,G,M,B,B,D,I,E,P,G,J,founder,,BW + OH + KW + SK,,x,b
N,N-104,M,N-001,,J,J,D,F,F,J,F,J,M,M,,,A,D,D,E,,,E-042,,KW,,x,m
N,N-098,F,N-001,N-099,H,J,D,I,F,J,B,I,G,G,,,D,G,D,E,,,N-044,,KW,,x,b
N,N-119,F,N-098,N-120,H,I,F,I,D,F,I,I,G,M,E,G,D,G,D,L,G,G,L-090,,KW + SK,,x,b
N,N-153,F,N-119,,C,H,C,I,F,H,H,I,G,M,D,E,F,G,L,O,G,I,S-085,,DT,,,b
N,N-242,F,N-153,N-243,C,F,F,I,H,L,I,J,G,M,D,G,F,G,E,O,A,G,M-194,,SK,,,m
N,N-120,M,N-098,N-119,H,H,I,J,D,J,I,K,G,H,,,G,G,D,L,,,L-090,,DT,U,x,m
N,N-092,M,N-001,,J,J,D,F,F,L,H,I,G,M,,,A,I,,,,,E-042,,BW + OH,,x,h
N,N-003,F,N-,,C,I,C,J,L,L,H,K,E,N,A,C,H,J,M,O,A,J,founder,,BW + OH,,x,m
N,N-108,F,N-003,N-109,C,J,F,J,G,L,B,H,E,H,A,C,E,J,M,O,C,J,E-044,,AM,,x,b
N,N-193,M,N-108,,C,H,F,M,D,L,H,I,C,H,A,E,E,F,,,A,A,X-025,,DT,,x,h
N,N-165,M,N-108,,C,F,F,F,F,G,F,H,D,E,C,C,E,E,M,M,A,A,A-122,,DT + SK,,x,h
N,N-140,F,N-108,,C,J,F,J,J,L,H,I,E,F,C,I,A,J,M,M,C,I,M-097,,DT,,x,b
N,N-132,F,N-108,,C,I,F,J,G,G,B,J,E,F,C,D,E,E,M,N,A,C,A-122,,DT,,x,h
N,N-109,M,N-003,N-108,C,F,F,J,G,L,H,J,M,N,A,E,G,H,D,O,A,J,E-044,,AM + DT,N,x,b
N,N-102,F,N-003,N-103,C,F,C,F,E,L,H,J,E,M,C,E,G,H,M,M,C,J,E-044,,AM + SK,,,b
N,N-254,M,N-102,N-255,C,C,C,J,L,L,H,J,E,G,C,G,H,I,M,M,A,C,M-267,,SK,F,,m
N,N-255,F,N-102,N-254,C,C,F,J,E,G,I,J,E,E,C,C,E,G,F,M,H,J,M-267,,SK,,,m
N,N-217,F,N-102,N-218,C,C,C,F,E,G,I,J,M,M,C,E,G,J,M,O,C,I,S-085,,DT + SK,,,b
N,N-218,M,N-102,N-217,C,C,E,F,E,G,I,J,E,M,C,C,F,H,G,M,G,J,S-085,,DT,,,m
N,N-190,F,N-102,N-191,C,F,C,H,D,E,E,J,H,M,A,E,D,H,D,M,C,H,M-230,,DT,,,h
N,N-304,F,N-190,,C,H,D,H,E,L,I,J,D,M,E,E,F,H,I,M,A,C,unknown,maybe X-152 who was seen once in N-territory but from which we have no sample,SK,,,m
N,N-276,M,N-190,N-277,F,F,E,H,E,L,E,I,H,M,C,E,G,H,D,N,A,H,M-194,,SK,,,m
N,N-277,M,N-190,N-276,F,J,C,G,D,H,E,I,G,H,B,E,E,H,G,M,H,J,X-095,X-095 has CE in HY15 and AA in HY65,SK,,,m
N,N-261,M,N-190,,E,F,C,J,E,H,E,I,H,H,A,G,D,I,G,M,A,H,X-094,,SK,M,,m
N,N-191,F,N-102,N-190,F,I,F,H,E,L,B,H,E,F,C,C,G,G,D,M,J,J,M-230,,DT + SK,,x,h
N,N-169,F,N-102,N-170,F,I,C,J,E,F,H,J,D,E,C,C,G,J,M,N,B,C,A-122,,KW + DT + SK,,x,m
N,N-170,F,N-102,N-169,F,F,C,J,E,G,H,J,D,E,C,C,E,G,M,M,A,C,A-122,,DT + SK,,x,b
N,N-149,F,N-102,N-150,C,I,F,F,E,G,F,H,F,M,C,D,E,H,M,N,B,J,A-122,,DT,,x,b
N,N-150,M,N-102,N-149,C,F,F,F,E,F,F,J,E,M,D,E,E,G,M,M,B,J,A-122,A-122 has DF in HY09,DT + SK,,x,b
N,N-133,F,N-102,,F,J,F,F,D,L,I,J,E,M,E,G,A,G,M,M,C,I,M-097,,DT + SK,,,m
N,N-125,M,N-102,,C,I,F,J,D,E,I,J,M,M,E,E,E,G,E,M,J,J,L-090,,KW,N/S,x,b
N,N-103,M,N-003,N-102,J,J,F,J,G,L,B,H,M,N,,,G,H,D,M,,,E-044,,KW + DT + SK,T,x,m
N,N-082,M,N-003,N-083,H,I,C,I,F,L,B,K,E,G,C,G,G,H,D,M,C,J,N-044,,BW + OH + DT + SK,S/N,x,m
N,N-083,M,N-003,N-082,I,J,C,I,G,L,H,J,L,N,,,G,J,,,,,N-044,,BW + OH + KW,S,x,b
N,N-005,F,N-,,C,F,D,H,G,G,H,J,G,I,B,B,I,J,D,G,G,J,founder,,AM + SK,,x,m
N,N-107,F,N-005,,F,H,H,I,G,L,J,J,G,J,B,I,G,I,D,D,C,J,N-044,,KW + SK,,,b
N,N-097,F,N-005,,C,F,F,H,G,G,B,H,G,H,,,G,I,D,M,,,E-044,,KW,,x,m
N,N-110,F,N-097,,F,H,F,N,G,G,H,H,H,M,A,C,E,G,D,N,A,C,E-046,,KW + DT,,x,b
N,N-179,F,N-110,N-180,F,H,F,F,F,G,H,J,D,M,C,C,E,E,D,M,A,C,A-122,,DT + SK,,x,m
N,N-180,M,N-110,N-179,F,I,F,J,F,G,F,H,D,M,C,C,E,J,M,N,A,A,A-122,,DT,,x,m
N,N-157,F,N-110,N-158,F,I,F,N,G,G,H,J,F,H,A,D,E,E,D,N,A,C,A-122,,DT,,x,b
N,N-158,M,N-110,N-157,H,J,C,N,G,J,H,I,F,H,A,I,G,G,M,N,C,G,M-097,,DT,,x,b
N,N-141,F,N-110,N-142,F,H,F,F,G,J,H,I,F,M,C,I,E,G,D,F,C,I,M-097,,DT,,x,b
N,N-129,M,N-110,,F,J,F,F,D,G,H,J,F,H,A,I,A,E,D,F,A,G,M-097,,DT,N/T,x,m
N,N-087,F,N-005,N-088,C,H,F,H,F,G,B,J,G,G,B,G,G,J,D,G,C,G,N-044,,BW + OH + KW,,,b
N,N-196,M,N-087,N-197,H,I,H,J,F,G,J,J,F,G,D,G,E,J,G,M,A,C,A-122,sib also N-198,DT + SK,M,x,m
N,N-197,M,N-087,N-196,C,I,F,F,F,G,B,J,F,G,D,G,E,G,G,N,B,C,A-122,sib also N-198,DT + SK,,,m
N,N-198,M,N-087,N-196,F,H,F,H,G,G,J,J,F,G,D,G,E,J,G,M,B,G,A-122,sib also N-197,DT + SK,M,,m
N,N-175,F,N-087,N-177,C,F,H,H,F,H,B,E,G,M,D,G,I,J,G,K,A,G,M-206,"HY27 could also be GI, see basepairs",DT,,,m
N,N-234,F,N-175,,C,H,F,H,G,H,E,I,C,M,C,D,E,J,K,O,B,G,E-173,,SK,,,m
N,N-295,M,N-234,,C,H,H,J,D,G,I,I,C,M,C,C,E,J,D,O,,,M-455,,SK,,,
N,N-212,F,N-175,N-213,C,C,F,H,D,F,B,E,M,M,B,G,E,J,X,G,I,J,X-067,,DT,,,b
N,N-279,M,N-212,,C,J,F,J,D,H,B,L,F,M,B,G,E,I,X,G,A,J,X-094,,SK,,,m
N,N-266,F,N-212,N-267,C,E,F,H,F,H,B,L,F,M,G,G,I,J,G,G,A,I,X-094,X-094 has EH in HY09,SK,,,m
N,N-309,X,N-266,,C,C,D,F,F,F,I,L,M,M,D,G,I,J,G,L,A,I,M-435,,SK,,,
N,N-302,F,N-266,,C,H,F,F,,,L,L,C,P,,,CF,J,DG,JL,A,A,,,SK,,,
N,N-267,F,N-212,N-266,C,E,F,J,F,H,B,L,F,M,B,G,E,I,X,G,I,I,X-094,X-094 has EH in HY09,SK,,,m
N,N-177,M,N-087,N-175,C,I,F,H,G,H,E,J,E,G,A,G,G,I,D,M,G,J,M-214,,DT,S,x,b
N,N-159,F,N-087,N-160,C,F,E,H,D,G,B,B,G,M,D,G,D,J,G,G,A,G,F-080,sib also N-161,DT,,x,b
N,N-160,M,N-087,N-159,C,F,F,H,D,G,B,I,G,M,D,G,G,J,G,G,A,G,F-080,sib also N-161,DT,,,b
N,N-161,M,N-087,N-159,C,F,E,F,D,G,B,J,G,M,D,G,G,G,G,O,C,I,F-080,sib also N-160,DT,,x,b
N,N-143,F,N-087,N-144,C,I,F,J,D,G,B,K,G,M,B,E,E,J,D,L,C,G,L-090,,DT,,,b
N,N-297,M,N-143,,C,C,D,J,D,H,I,K,G,G,D,D,E,J,D,L,G,G,M-435,,SK,,,
N,N-288,F,N-143,N-289,C,I,J,J,G,G,,,,,,,E,G,I,L,E,G,,,SK,,,
N,N-322,X,N-288,,C,H,F,J,F,L,I,I,C,M,C,D,F,G,I,L,A,B,M-435,,SK,,,
N,N-289,F,N-143,N-288,I,J,D,F,G,L,B,E,F,M,D,E,E,G,I,L,B,C,E-179,,SK,,,
N,N-306,X,N-289,,C,G,D,D,F,L,B,B,C,M,B,E,E,F,D,L,A,B,M-435,M-435 has GM in HY09,SK,,,
N,N-282,M,N-143,,C,F,F,H,G,H,E,K,G,M,B,D,E,E,D,D,C,J,M-206,,SK,F,,m
N,N-271,M,N-143,N-270,C,I,F,F,D,G,I,K,C,G,B,C,E,J,E,L,C,H,E-173,,SK,,,m
N,N-229,F,N-143,N-230,C,I,F,J,D,G,I,K,F,G,B,I,J,J,L,O,G,J,E-169,,DT,,,m
N,N-230,F,N-143,N-229,F,I,F,J,G,L,B,I,G,H,B,C,E,G,E,L,A,C,M-194,,SK,,,b
N,N-281,F,N-230,,C,F,D,F,D,L,E,I,F,G,B,D,F,G,I,L,A,B,E-179,,SK,,,m
N,N-200,F,N-143,N-201,I,I,F,H,D,G,B,B,G,H,A,B,D,J,L,M,C,H,M-230,,DT + SK,,,b
N,N-283,F,N-200,,F,I,F,H,D,H,C,L,E,H,A,C,E,J,G,L,H,J,X-095,"X-095 has AA in HY65, should have J also for N-277",SK,,,m
N,N-310,X,N-283,,H,I,D,H,F,L,B,I,C,H,C,C,F,J,L,L,B,J,E-179,E-179 has CJ in HY02,SK,,,
N,N-272,X,N-200,N-275,F,I,B,F,G,G,B,I,E,G,B,C,D,E,F,M,A,H,M-267,,SK,,,m
N,N-275,M,N-200,N-272,C,I,F,J,D,I,B,I,E,H,A,C,I,J,M,M,H,H,M-267,M-267 has GL in HY04,SK,L,,m
N,N-248,M,N-200,,C,I,E,F,G,G,B,I,C,G,B,C,G,J,E,M,B,H,E-173,,SK,,,m
N,N-201,F,N-143,N-200,C,C,F,H,D,L,E,K,F,M,C,E,D,E,L,M,G,J,M-230,,DT,,,b
N,N-176,M,N-143,,C,C,E,F,D,F,I,K,G,H,B,D,G,J,L,M,C,J,M-228,,DT + SK,S,x,b
N,N-144,M,N-087,N-143,C,H,F,J,F,I,B,K,G,H,C,G,G,G,E,G,G,J,L-090,,DT,N/M,,b
N,N-134,F,N-087,N-135,H,I,H,J,F,G,J,J,F,G,D,G,G,J,D,N,A,G,A-122,,DT,,,m
N,N-208,M,N-134,,H,H,H,M,D,G,I,J,C,F,E,G,F,J,L,N,A,A,X-025,,DT,,,m
N,N-178,F,N-134,,H,I,H,H,F,H,J,L,E,F,A,D,G,I,D,K,A,J,M-214,,DT,,x,m
N,N-127,F,N-087,N-128,C,H,H,J,F,L,H,J,G,N,A,B,H,J,D,G,G,J,N-109,,DT,,x,m
N,N-187,F,N-127,N-188,C,I,F,J,D,F,H,I,G,M,B,E,G,J,D,E,G,J,N-125,L-090 also no mismatch,DT,,,m
N,N-172,F,N-127,N-173,C,C,E,J,D,F,B,H,H,N,A,A,D,H,D,M,G,J,M-230,,DT + SK,,,b
N,N-278,F,N-172,,C,I,E,F,D,D,E,H,H,M,A,G,D,G,F,M,J,J,M-278,,SK,,x,blood
N,N-265,M,N-172,,C,I,F,J,D,D,H,I,H,M,A,G,D,J,K,M,G,J,M-278,,SK,,,m
N,N-252,M,N-172,,C,H,F,J,D,D,B,I,C,H,A,C,G,H,D,O,B,J,E-173,,SK,,,m
N,N-238,M,N-172,N-239,C,C,E,J,D,F,B,I,C,N,A,C,G,H,D,O,G,H,E-173,,SK,M,,h
N,N-239,F,N-172,N-238,C,C,E,F,D,F,H,I,C,E,A,C,G,H,D,E,H,J,E-173,,SK,,,h
N,N-227,F,N-172,N-226,C,F,E,H,D,H,H,I,M,N,A,D,E,H,D,M,J,J,M-206,,SK,,,b
N,N-264,F,N-227,,C,F,E,E,D,G,H,I,L,M,C,D,E,G,D,O,B,J,E-173,,SK,,,m
N,N-210,F,N-172,N-211,C,H,J,J,D,F,B,M,C,N,A,C,C,D,X,M,G,I,X-067,,DT + SK,,,b
N,N-260,M,N-210,,F,H,H,J,F,H,B,E,C,M,C,D,C,I,D,M,G,J,M-206,,SK,,,m
N,N-211,M,N-172,N-210,C,F,D,E,D,D,H,J,F,H,A,C,C,H,D,E,G,G,L-127,L-127 has CH in HY09,DT,M,,m
N,N-173,M,N-127,N-172,C,C,H,H,D,L,B,H,H,N,A,A,G,H,D,M,J,J,M-230,,DT + SK,M/E,,b
N,N-147,M,N-127,N-148,F,H,H,J,F,H,H,I,G,M,B,D,I,J,G,K,A,J,M-206,,DT,T,,b
N,N-148,M,N-127,N-147,C,F,H,H,H,L,E,H,H,N,A,D,I,J,G,K,J,J,M-206,,DT,T,,m
N,N-128,F,N-087,N-127,C,F,F,H,G,L,B,J,G,N,A,B,G,J,D,D,A,G,N-109,,DT,,,b
N,N-244,M,N-128,N-245,F,I,H,H,G,K,B,J,G,G,B,D,E,J,D,M,A,A,unknown,former N-247,SK,,,m
N,N-299,M,N-244,N-300,F,J,H,J,G,H,J,L,E,G,B,C,I,J,X,M,A,A,X-094,X-094 has BI in HY07,SK,,,
N,N-300,M,N-244,N-299,I,J,F,H,G,H,I,J,F,G,B,G,E,I,D,G,A,I,X-094,X-094 has EH in HY09,SK,,,
N,N-206,M,N-128,N-207,C,C,F,H,G,G,B,F,M,N,B,E,H,J,D,O,A,G,N-109,,DT + SK,,,h
N,N-207,F,N-128,N-206,F,F,F,H,G,L,H,J,G,G,A,B,G,H,D,O,A,J,N-109,N-109 has MN in HY09,DT,,,h
N,N-181,M,N-128,,C,C,F,H,D,G,B,J,G,M,B,E,E,G,D,E,A,J,N-125,,DT,,,m
N,N-171,F,N-128,,C,F,F,F,E,G,J,J,G,M,B,E,G,J,D,M,G,J,N-125,,DT + SK,,,b
N,N-262,M,N-171,N-263,C,J,D,F,G,L,I,J,F,G,B,D,G,J,D,I,B,J,E-179,,SK,,,m
N,N-263,F,N-171,N-262,C,C,F,F,G,L,I,J,F,G,B,D,G,J,D,I,B,G,E-179,,SK,,,m
N,N-236,F,N-171,N-237,C,F,E,F,G,G,I,J,L,M,E,I,G,G,D,E,B,G,E-173,,SK,,,h
N,N-294,M,N-236,N-296,F,J,F,J,G,J,I,J,M,M,E,E,F,G,E,O,B,C,S-225,,SK,,,
N,N-296,M,N-236,N-294,C,J,D,E,D,G,E,J,C,M,C,E,G,G,E,I,A,B,E-179,,SK,,,
N,N-237,M,N-171,N-236,C,C,E,F,D,G,I,J,L,M,E,I,E,J,D,E,H,J,E-173,,SK,,,h
N,N-151,F,N-128,N-152,C,H,H,H,D,G,J,J,G,I,B,I,F,J,D,H,A,D,X-025,,DT + SK,,,b
N,N-318,M,N-151,,H,H,D,H,D,H,I,J,G,M,B,D,F,J,H,L,A,G,M-435,,SK,,,
N,N-257,M,N-151,N-258,C,H,F,H,G,G,I,J,I,L,I,I,F,G,E,H,A,H,E-173,,SK,M,,m
N,N-258,M,N-151,N-257,H,H,E,H,D,G,I,J,C,I,C,I,F,G,D,O,D,H,E-173,,SK,,,m
N,N-222,M,N-151,N-223,C,F,E,H,D,L,I,J,H,H,C,I,F,G,D,E,A,D,M-194,,SK,,,m
N,N-203,F,N-151,,C,C,E,H,D,F,I,J,G,H,B,D,F,G,H,M,A,J,M-228,,DT + SK,,x,b
N,N-152,F,N-128,N-151,F,H,F,M,L,M,B,J,G,I,B,I,G,G,D,L,A,D,X-025,,DT,,,b
N,N-202,F,N-152,,C,F,H,M,D,M,B,J,G,H,A,B,D,G,D,M,A,H,M-230,,DT,,,h
N,N-123,M,N-087,,H,H,F,J,F,I,B,I,G,H,B,C,G,J,D,L,G,G,L-090,,KW,M,,b
N,N-115,M,N-087,N-116,C,F,F,H,G,G,B,J,G,H,A,B,G,J,D,G,G,J,E-044,,KW + DT,M,x,m
N,N-116,M,N-087,N-115,F,H,F,F,F,G,B,J,G,H,,,G,J,D,M,,,E-044,,KW,,x,m
N,N-105,F,N-087,,H,J,F,F,E,F,J,J,G,M,E,G,G,G,D,G,G,J,E-044,,KW,,x,b
N,N-232,F,N-105,N-233,F,J,F,F,F,L,I,J,G,H,C,G,G,G,G,N,A,G,M-194,,SK,,,h
N,N-233,F,N-105,N-232,F,H,E,F,F,L,I,J,G,H,C,G,G,G,D,N,C,G,M-194,,SK,,,h
N,N-183,M,N-105,N-184,F,H,F,F,F,F,F,J,D,M,C,E,E,G,D,N,B,J,A-122,,DT,A,x,h
N,N-184,F,N-105,N-183,F,J,F,J,F,G,J,J,D,G,,,G,J,D,M,A,G,A-122,,DT + SK,,,h
N,N-287,F,N-184,,C,J,H,H,,,H,J,D,E,A,C,F,J,E,M,G,G,M-367,M-367 has IJ in HY65,SK,,,
N,N-269,F,N-184,,F,I,J,J,G,G,J,J,D,E,C,C,E,G,D,F,G,H,M-267,M-267 has CF in HY02,SK,,,m
N,N-241,F,N-184,,H,J,E,F,D,G,I,J,C,D,C,C,E,J,D,E,G,H,E-173,,SK,,,m
N,N-166,F,N-105,N-167,H,H,F,N,E,E,H,J,G,M,E,G,E,G,D,G,A,G,E-046,,DT + SK,,,h
N,N-280,F,N-166,,F,H,E,F,E,L,J,J,G,H,C,G,E,G,E,N,C,G,M-194,,SK,,,m
N,N-250,F,N-166,N-251,H,J,J,N,E,H,H,I,E,M,C,E,E,I,X,G,G,I,X-094,,SK,,,m
N,N-251,F,N-166,N-250,C,H,F,F,D,E,E,H,F,M,D,E,F,G,L,N,A,G,E-179,,SK,,,m
N,N-228,M,N-166,,F,H,B,F,E,E,I,J,E,G,D,G,E,E,F,N,A,G,,M-267 has GL in HY04 and CG in HY15,SK,M,,m
N,N-167,M,N-105,N-166,I,J,F,N,E,G,H,J,E,M,C,E,E,G,G,I,A,J,E-046,E-046 has HH in HY02 and MM in HY09,DT,,x,m
N,N-145,M,N-105,N-146,H,H,F,I,F,L,J,K,E,M,C,E,G,H,G,M,C,J,N-082,,DT,,x,m
N,N-146,M,N-105,N-145,H,H,C,F,F,L,J,K,E,M,C,E,G,H,D,M,C,G,N-082,,DT,,x,b
N,N-130,F,N-105,N-131,I,J,F,I,F,L,B,J,E,M,C,E,G,G,D,D,G,J,N-082,,DT,,x,m
N,N-220,F,N-130,N-221,F,J,F,F,F,L,I,J,E,M,E,G,G,J,D,G,A,G,M-261,,SK,,x,m
N,N-221,M,N-130,N-220,,,F,F,D,L,J,L,D,E,G,G,I,I,D,G,A,G,M-261,,SK,N,,m
N,N-182,F,N-130,,F,J,F,I,F,J,I,J,M,M,E,E,G,G,D,L,G,I,T-099,,DT + SK,,x,b
N,N-164,M,N-130,,F,J,H,I,H,L,E,J,M,M,D,E,E,G,D,D,A,G,M-206,,DT,S,,b
N,N-117,F,N-105,N-118,F,H,C,F,D,E,I,J,F,M,E,I,F,G,D,M,G,J,M-097,M-097 has AG in HY27,KW + DT + SK,,x,m
N,N-199,M,N-117,,H,H,F,F,D,F,F,I,D,M,C,E,E,G,M,N,B,J,A-122,A-122 has FI in HY02,DT + SK,,x,h
N,N-174,M,N-117,,F,F,C,J,E,G,F,I,F,F,D,I,G,J,M,M,A,G,A-122,,DT + SK,,,b
N,N-154,F,N-117,N-155,C,F,C,F,E,L,H,J,M,N,A,E,G,G,D,D,A,G,N-109,,DT,,x,b
N,N-155,M,N-117,N-154,F,F,C,F,D,G,F,I,D,F,C,I,G,J,D,M,A,J,A-122,,DT,N,x,b
N,N-137,M,N-117,N-138,A,F,E,F,D,E,B,J,M,M,D,E,D,G,M,O,A,J,F-080,,DT,T,,b
N,N-138,M,N-117,N-137,F,F,C,E,D,D,I,I,F,M,D,I,F,G,G,M,I,J,F-080,,DT,T,,b
N,N-118,M,N-105,N-117,F,J,C,F,E,J,J,J,F,M,,,A,G,D,F,,,M-097,,KW,T,x,b
N,N-088,M,N-005,N-087,F,H,F,H,F,G,H,J,I,L,,,G,I,,,,,N-044,,AM,S,x,b
N,N-047,M,N-005,,C,J,D,F,F,G,H,I,G,M,B,B,D,J,D,G,G,J,founder,,BW + OH + DT,E/M,x,m
N,N-045,M,N-005,,F,I,H,H,G,H,E,H,G,M,B,D,F,I,G,K,J,J,founder,,BW + OH + DT,M,x,b
N,N-006,F,N-,,C,J,D,F,H,H,I,I,F,H,A,C,G,I,L,L,G,J,founder,,BW + OH + SK,,x,b
N,N-089,F,N-006,,C,J,D,F,G,H,B,I,H,L,C,I,G,G,D,L,C,J,N-044,,BW + OH + DT,,x,h
N,N-156,F,N-089,,C,I,F,F,H,I,I,I,H,L,C,I,E,G,L,L,G,J,L-090,,DT,,,b
N,N-240,M,N-156,,C,I,F,F,H,L,I,I,H,H,C,D,E,F,L,L,B,G,E-179,E-179 has CF in HY09,SK,M,x,h
N,N-139,M,N-089,,A,C,D,F,D,G,I,I,H,M,C,D,G,G,G,L,A,J,F-080,,DT,T,,b
N,N-124,F,N-089,,C,H,D,F,G,K,B,H,L,M,C,I,E,G,I,L,A,J,S-087,,DT,,x,b
N,N-185,F,N-124,N-186,C,C,D,E,D,K,B,B,H,L,A,I,G,G,D,L,H,J,M-230,,DT + SK,,x,b
N,N-162,M,N-124,N-163,C,I,F,H,G,H,H,L,E,L,A,I,E,J,I,K,J,J,M-214,,DT,,,b
N,N-111,F,N-089,N-112,C,F,F,F,G,G,B,I,H,M,A,C,E,G,D,N,C,C,E-044,,KW + SK,,x,b
N,N-112,M,N-089,N-111,H,J,D,F,G,H,B,H,H,M,,,E,G,,,,,E-046,,AM,,x,b
N,N-007,F,N-,,F,J,F,F,D,H,F,I,G,H,C,C,D,G,G,M,D,D,founder,,KW + SK,,x,m
N,N-114,F,N-007,N-113,F,H,C,F,H,H,B,I,G,H,,,D,G,G,K,,,T-080,,KW,,x,b
N,N-106,F,N-007,,J,J,F,I,F,H,I,J,G,H,C,G,G,G,D,G,C,D,N-044,,AM + KW + SK,,x,m
N,N-126,F,N-106,,J,J,C,I,F,H,B,I,F,H,B,C,G,J,D,I,D,I,S-080,,DT,,x,m
N,N-093,M,N-007,N-094,F,J,F,I,G,H,B,F,G,H,C,G,D,G,D,G,D,I,N-044,,BW + OH + DT,,x,b
N,N-094,M,N-007,N-093,J,J,F,F,G,H,B,F,H,L,,,D,G,G,M,,,N-044,,KW,S,x,m
N,N-042,M,N-,,C,J,D,D,D,H,I,I,F,M,,,G,I,,,,,founder,matches N-006 but SNP data don't match,BW + OH,M,x,b
N,N-043,M,N-,,C,J,E,F,G,L,B,I,F,H,,,F,H,,,,,founder,father = X-006?,BW + OH,L,x,b
N,N-046,M,N-,,H,I,C,H,H,L,E,J,H,M,,,F,F,,,,,founder,,BW + OH,M,x,b
N,N-292,M,N-,,C,F,F,F,G,K,I,K,G,G,B,I,E,J,D,L,J,J,unknown,,SK,E,,
S,S-002,F,S-,,C,C,B,J,F,F,J,K,F,F,A,D,D,J,E,O,A,I,founder,,BW + OH + SK,,x,ear
S,S-043,M,S-002,,C,C,B,E,D,F,J,K,F,H,,,G,J,,,,,founder,,BW + OH,A/S,x,b
S,S-004,F,S-,,C,I,E,F,D,L,B,I,L,M,,,D,E,,,,,founder,,BW + OH,,x,m
S,S-041,M,S-004,,C,J,E,F,D,G,I,J,F,L,,,E,E,,,,,founder,,BW + OH,E,x,b
S,S-135,M,A-008,S-136,I,J,C,F,D,J,I,J,E,M,C,E,F,G,F,M,A,J,M-181,,DT,S,x,b
S,S-125,F,A-008,S-126,C,C,C,E,D,L,I,I,H,M,C,C,E,F,O,O,B,J,T-040,,DT + SK,,,b
S,S-357,M,S-125,,C,E,E,F,D,F,I,K,F,M,B,C,F,I,G,O,J,J,A-374,,SK,L,,m
S,S-256,M,S-125,,C,G,C,I,D,L,I,L,G,H,B,C,F,J,G,O,C,J,L-315,,SK,,,m
S,S-216,F,S-125,,C,C,C,E,D,G,H,I,L,M,C,I,E,F,D,O,A,J,M-282,M-282 has HH in HY09,SK,,x,b
S,S-188,M,S-125,S-189,C,C,C,E,G,L,H,I,H,M,C,I,F,G,D,O,J,J,S-188,,DT + SK,S,,h
S,S-189,M,S-125,S-188,C,C,B,C,G,L,H,I,H,M,C,I,E,F,D,O,A,J,M-282,,DT,S,,h
S,S-163,M,S-125,S-164,C,F,C,F,L,L,I,I,H,M,C,G,F,I,G,O,G,J,M-261,,DT + SK,F,,m
S,S-126,F,A-008,S-125,C,H,E,F,D,L,B,B,E,H,,,E,F,O,O,,,T-040,,DT,,x,m
S,S-114,M,A-008,S-115,C,I,D,F,G,H,H,I,H,M,C,D,F,J,I,O,G,I,S-040,,KW + DT,L,x,b
S,S-100,M,A-008,S-101,C,I,C,D,D,G,B,H,E,H,,,G,J,I,O,,,S-040,,KW,,x,b
S,S-101,M,A-008,S-100,C,C,E,F,G,H,B,I,E,G,C,D,F,J,G,O,I,J,S-040,,KW + DT,L,x,b
S,S-091,M,A-008,,I,J,C,D,D,D,H,I,E,H,C,C,E,G,G,O,G,I,S-040,,AM + SK,A/F,x,b
S,S-085,M,A-008,,C,J,C,E,G,H,H,I,G,M,C,D,F,J,G,O,G,I,S-040,,BW + OH,N,x,b
S,S-105,F,A-018,,C,H,C,D,H,K,B,H,G,M,D,D,E,F,I,O,C,I,S-040,,KW + SK,,x,m
S,S-208,F,S-105,S-209,F,H,C,J,H,K,B,B,M,M,D,D,D,F,E,I,C,J,M-254,,SK,,x,b
S,S-313,M,S-208,,C,H,F,J,K,K,B,I,D,M,D,I,D,I,E,O,A,C,L-316,,SK,,,m
S,S-276,M,S-208,,C,F,C,F,H,K,B,I,D,M,D,I,D,I,E,O,A,J,L-316,,SK,,,m
S,S-209,F,S-105,S-208,F,H,C,F,H,H,B,J,H,H,C,D,E,I,E,I,C,J,M-254,,SK,,x,b
S,S-337,F,S-209,S-338,F,H,C,F,G,H,B,I,H,H,C,D,E,J,A,E,A,J,A-390,,SK,,x,m
S,S-338,F,S-209,S-337,H,H,C,F,G,H,B,I,F,G,D,D,E,I,I,M,A,J,A-390,,SK,,x,m
S,S-279,F,S-209,,C,H,F,F,H,H,J,J,G,G,C,D,E,J,F,I,A,J,M-240,,SK,,x,m
S,S-193,F,S-105,S-194,H,I,B,C,H,J,B,J,G,M,D,E,E,G,F,I,A,I,M-181,,KW + DT,,,m
S,S-405,F,S-193,S-406,G,I,,,,,,,M,M,,,F,G,G,I,,,A-374,,SK,,,
S,S-378,M,S-193,,F,H,C,J,D,H,B,J,,,D,D,E,G,E,I,A,A,A-345,,SK,,,
S,S-284,M,S-193,,C,I,B,I,J,K,J,K,G,G,B,D,D,E,I,M,A,I,L-278,"S-cub, thought to probably be S-288 or S-289",SK,,,m
S,S-250,M,S-193,,F,H,C,D,H,K,B,L,G,G,B,D,D,E,I,O,I,J,L-278,,SK,,,h
S,S-232,M,S-193,S-233,F,I,C,F,H,H,B,J,M,M,D,E,G,I,E,F,I,J,M-254,was named S-241,SK,,,m
S,S-194,F,S-105,S-193,H,I,B,D,H,K,E,H,M,M,D,D,E,I,M,O,A,C,M-181,,DT,,x,m
S,S-314,F,S-194,,F,I,D,F,H,K,E,I,J,M,D,D,I,I,M,O,A,C,A-306,,SK,,x,m
S,S-243,F,S-194,S-244,H,I,D,F,H,K,E,F,H,M,C,D,G,I,O,O,C,D,M-271,,SK,,x,m
S,S-244,M,S-194,S-243,H,J,B,J,H,L,E,I,D,M,D,I,E,F,O,O,C,H,M-271,,SK,,,m
S,S-174,M,S-105,S-175,F,H,D,J,H,H,H,J,H,M,C,D,F,I,E,O,C,J,M-254,,DT + SK,F,,b
S,S-175,M,S-105,S-174,C,F,C,J,H,H,B,B,H,H,C,D,E,I,E,O,I,J,M-254,,DT + SK,,,b
S,S-165,F,S-105,S-166,C,I,B,C,J,K,B,J,M,M,D,E,F,I,I,M,A,I,M-181,,DT + SK,,,h
S,S-385,F,S-165,S-386,C,F,C,F,I,K,I,J,H,M,C,D,F,I,I,M,C,I,A-306,,SK,,,
S,S-386,F,S-165,S-385,C,F,B,F,H,K,B,I,J,M,D,E,F,I,M,O,A,H,A-306,,SK,,,
S,S-370,M,S-165,,C,C,C,F,J,K,I,J,D,M,E,I,E,I,F,M,A,B,L-316,,SK,,,
S,S-341,M,S-165,S-342,H,I,B,F,J,L,J,O,H,M,C,E,F,J,I,M,H,I,A-343,,SK,,,m
S,S-327,F,S-165,,H,I,C,J,F,J,B,I,F,M,B,E,E,F,M,O,A,J,L-299,,SK,,x,muscle
S,S-295,F,S-165,S-301,F,I,C,F,D,J,I,J,M,M,E,G,F,I,I,M,I,J,M-240,,SK,,x,m
S,S-301,F,S-165,S-295,C,F,C,F,H,K,I,J,M,M,D,G,F,J,I,M,A,J,M-240,,SK,,x,m
S,S-262,F,S-165,S-263,C,C,C,E,G,J,B,H,L,M,E,I,E,I,D,I,A,A,S-189,"M-282 has XX, S-189 has BC in HY03 and HM in HY09",SK,,x,m
S,S-263,M,S-165,S-262,C,C,,,,,,,H,M,,,G,I,D,I,,,,S-188 or M-282,SK,,,
S,S-234,F,S-165,S-235,C,C,B,I,K,K,J,L,G,M,B,D,E,I,I,M,I,I,L-278,,SK,,,m
S,S-408,F,S-234,S-409,C,H,B,F,J,K,I,J,G,N,A,B,E,I,A,M,A,I,A-390,,SK,,,
S,S-376,M,S-234,S-377,C,G,B,D,F,K,J,K,C,G,B,I,E,I,G,M,A,I,A-373,,SK,,,
S,S-377,M,S-234,S-376,C,G,F,I,F,K,I,J,C,G,B,I,E,F,G,I,A,I,A-373,,SK,,,
S,S-363,M,S-234,S-365,C,C,B,E,K,L,I,L,H,M,C,D,G,I,D,I,I,J,S-188,,SK,,,
S,S-365,F,S-234,S-363,C,C,B,D,K,K,J,L,G,G,B,B,D,E,I,M,I,J,S-224,,SK,,,
S,S-412,F,S-365,S-413,C,H,D,D,D,K,I,L,F,G,B,B,D,E,E,M,A,J,A-398,,SK,,,
S,S-344,M,S-234,S-343,C,C,B,F,K,K,I,L,D,G,B,I,E,I,F,I,B,I,L-316,,SK,,,m
S,S-325,F,S-234,,C,C,F,I,K,K,I,J,D,M,D,I,E,E,M,O,A,I,L-316,,SK,,x,m
S,S-296,F,S-234,S-297,C,J,I,I,H,K,E,L,M,M,D,D,G,I,D,M,G,I,N-164,,SK,,x,m
S,S-297,F,S-234,S-296,C,F,B,I,H,K,E,L,M,M,D,E,E,I,D,I,A,I,N-164,,SK,,x,M
S,S-235,F,S-165,S-234,C,I,B,D,I,J,B,K,M,M,D,E,D,F,M,M,A,J,L-278,,SK,,,m
S,S-426,F,S-365,,G,I,D,F,F,J,B,K,F,M,B,D,D,F,G,M,H,J,A-374,,SK,,,
S,S-414,F,S-365,S-415,G,I,B,F,I,J,I,K,M,M,D,E,D,I,G,M,J,J,A-374,,SK,,,
S,S-415,M,S-365,S-414,C,E,B,F,F,J,B,K,F,M,B,D,D,F,G,M,A,H,A-374,,SK,,,
S,S-394,M,S-235,,E,I,B,F,F,I,B,K,,,B,E,D,F,E,M,J,J,A-374,,SK,,,
S,S-380,F,S-235,,C,C,D,J,D,J,I,K,D,M,D,D,F,I,M,M,B,J,L-277,L-277 has FM in HY09,SK,,,
S,S-353,M,S-235,S-354,C,G,D,D,J,J,A,B,H,M,E,G,D,J,D,M,A,A,unknown,,SK,,,
S,S-354,M,S-235,S-353,G,I,D,F,J,L,B,I,H,M,C,D,D,F,M,M,A,H,A-343,,SK,,,
S,S-294,F,S-235,,H,I,B,I,J,J,B,E,D,M,A,D,D,E,M,M,J,J,L-303,,SK,,x,m
S,S-212,F,S-165,,C,J,C,F,H,K,B,F,H,M,C,E,F,G,I,M,A,D,M-271,,DT + SK,,x,h
S,S-308,F,S-212,S-309,I,J,F,J,D,H,B,I,F,G,C,I,G,G,I,N,A,J,L-299,,SK,,x,m
S,S-309,M,S-212,S-308,I,J,C,J,F,H,B,F,F,G,B,C,E,F,I,N,D,J,L-299,,SK,,,m
S,S-259,F,S-212,,C,J,F,F,H,K,F,I,D,G,C,I,F,I,M,O,A,A,L-316,,SK,,,m
S,S-410,M,S-259,S-411,C,G,F,F,H,L,I,J,D,D,A,C,I,I,H,O,A,G,A-369,A-369 has IN in HY07 and AJ in HY65,SK,,,
S,S-411,M,S-259,S-410,H,J,F,F,H,L,F,N,D,D,A,C,E,F,H,M,A,A,A-369,,SK,,,
S,S-375,F,S-259,S-374,J,J,F,F,H,K,I,I,D,M,D,I,E,F,G,M,A,A,A-399,,SK,,,
S,S-367,M,S-259,,C,C,E,F,H,L,F,I,H,H,C,C,F,F,D,O,A,J,S-188,,SK,,,
S,S-166,F,S-105,S-165,H,H,B,D,H,K,B,E,H,M,D,D,E,G,I,M,A,I,M-181,,DT + SK,,x,h
S,S-286,F,S-166,S-287,C,H,B,B,D,H,E,J,H,M,D,G,F,G,F,I,I,J,M-240,,SK,,,m
S,S-419,M,S-286,S-418,C,H,B,F,D,I,J,K,H,M,C,G,F,I,F,O,C,J,A-306,,SK,,,
S,S-388,M,S-286,,C,H,B,F,H,J,B,J,H,H,C,D,F,I,G,I,A,I,A-346,,SK,,,
S,S-287,F,S-166,S-286,F,H,B,B,D,K,B,I,M,M,D,G,G,J,M,M,A,A,M-240,,SK,,x,m
S,S-271,F,S-166,,H,H,B,F,F,K,E,J,H,M,D,D,G,I,D,I,H,I,M-269,,SK,,x,skin
S,S-222,F,S-166,S-223,F,I,B,F,H,H,E,J,H,H,C,D,D,E,E,M,A,J,M-254,,SK,,,m
S,S-422,F,S-222,,G,H,B,F,D,H,E,K,H,H,B,C,D,E,E,H,A,A,A-398,A-398 has FM in HY09,SK,,,
S,S-351,M,S-222,S-352,C,I,F,F,H,K,I,J,D,H,D,I,D,E,F,M,A,A,L-316,,SK,,,m
S,S-352,M,S-222,S-351,C,F,B,F,H,K,I,J,D,G,A,C,D,E,M,O,A,A,L-316,,SK,,,m
S,S-223,M,S-166,S-222,F,H,D,F,H,K,B,B,H,M,C,D,D,G,M,M,I,J,M-254,,SK,,,m
S,S-201,F,S-166,S-202,H,H,B,C,H,K,B,H,E,M,D,G,G,G,I,O,A,D,M-286,,DT + SK,,x,h
S,S-347,F,S-201,,H,I,C,F,G,H,H,L,E,E,C,D,E,E,M,O,A,H,L-303,L-303 has DH in HY02,SK,,x,m
S,S-290,M,S-201,S-291,H,J,B,I,H,H,B,J,M,M,D,D,E,G,D,I,A,G,N-164,,SK,,,h
S,S-291,M,S-201,S-290,H,J,B,I,H,H,E,H,M,M,D,D,E,G,D,I,A,D,N-164,,SK,,,m
S,S-202,F,S-166,S-201,H,H,B,C,H,J,B,I,G,H,D,E,G,G,F,I,I,J,M-286,,DT,,x,h
S,S-152,F,S-105,S-153,C,I,C,F,H,J,E,H,G,M,D,E,E,I,F,O,A,I,M-181,,DT,,x,b
S,S-272,F,S-152,S-273,C,I,F,J,F,J,H,I,F,G,B,D,G,I,F,N,A,J,L-299,,SK,,x,h
S,S-273,F,S-152,S-272,C,I,D,F,J,K,E,L,G,M,B,E,E,I,F,M,A,J,L-278,,SK,,x,m
S,S-236,M,S-152,S-237,F,I,C,E,F,H,H,I,H,H,D,D,G,I,D,O,H,I,M-282,,SK,,,m
S,S-237,M,S-152,S-236,F,I,B,C,G,J,E,H,G,L,D,I,G,I,D,O,H,I,M-282,M-282 has HH in HY09,SK,,,m
S,S-215,F,S-152,,C,F,C,F,D,H,H,J,M,M,E,G,E,J,M,O,I,J,M-240,,SK,,x,h
S,S-289,F,S-215,S-288,C,C,F,F,D,H,H,I,E,M,B,E,G,J,L,O,A,I,A-327,,SK,,x,m
S,S-153,F,S-105,S-152,H,H,C,F,H,J,H,J,M,M,D,E,F,G,M,O,A,C,M-181,,DT + SK,,,b
S,S-389,F,S-153,S-390,C,H,F,F,H,J,H,I,J,M,D,E,F,G,M,O,C,H,A-306,,SK,,,
S,S-390,M,S-153,S-389,F,H,F,F,H,I,J,K,H,M,C,E,G,G,O,O,A,C,A-306,,SK,,,
S,S-358,M,S-153,S-359,C,H,F,F,H,H,H,I,J,M,D,D,G,I,M,M,C,H,A-306,same alleles,SK,,,m
S,S-359,F,S-153,S-358,C,H,F,F,H,H,H,I,J,M,,,G,I,M,M,C,H,A-306,same alleles,SK,,,m
S,S-331,F,S-153,,H,J,C,I,H,L,E,J,M,M,D,E,E,G,D,O,A,C,N-164,,SK,,x,m
S,S-292,M,S-153,S-293,H,I,C,F,F,H,I,J,F,M,D,I,F,G,M,O,C,J,L-299,,SK,S,,m
S,S-293,M,S-153,S-292,D,H,C,F,G,H,H,L,D,M,A,D,E,G,M,O,C,H,L-303,,SK,,,m
S,S-254,M,S-153,S-255,H,H,F,J,F,J,B,J,F,M,B,D,G,G,M,N,C,J,L-299,,SK,,,m
S,S-255,M,S-153,S-254,F,H,F,J,H,J,B,B,H,M,C,E,G,I,E,M,A,J,M-254,,SK,,,m
S,S-225,M,S-153,,H,J,C,J,H,J,H,I,G,M,C,E,F,G,O,O,C,H,M-271,M-271 has DH in HY09,SK,N,,m
S,S-210,M,S-153,,H,H,F,F,H,L,F,H,D,M,D,I,F,G,M,O,A,D,M-271,,SK,,,m
S,S-190,M,S-153,S-191,C,H,B,C,D,J,J,J,G,M,D,E,F,J,F,O,A,A,M-240,,DT + SK,T/L,,b
S,S-191,F,S-153,S-190,C,H,B,F,D,H,H,J,M,M,D,G,G,J,M,O,C,J,M-240,,DT + SK,,x,m
S,S-148,M,S-105,S-149,H,H,B,D,J,K,H,J,M,M,D,E,E,I,M,O,A,I,M-181,,KW + DT,,x,b
S,S-137,F,S-105,S-138,H,H,C,C,F,K,H,I,M,M,D,E,E,G,F,O,A,I,M-144,,DT + SK,,x,b
S,S-138,F,S-105,S-137,H,H,C,F,F,K,B,I,F,M,D,G,E,G,M,O,C,H,M-144,,DT,,,b
S,S-381,F,S-138,,E,H,D,F,F,J,I,I,F,N,A,G,E,I,H,O,A,C,A-373,,SK,,,
S,S-355,M,S-138,S-356,F,H,C,E,I,K,I,I,G,M,D,G,E,J,G,O,B,C,A-386,,SK,,,m
S,S-356,M,S-138,S-355,H,H,F,H,F,H,B,J,F,G,G,G,G,I,G,O,H,I,A-386,,SK,L,,m
S,S-302,F,S-138,,F,H,C,F,H,K,B,I,G,M,D,D,F,G,F,O,C,J,M-240,,SK,,,m
S,S-264,F,S-138,,F,H,F,I,F,I,B,K,G,M,B,D,D,E,M,M,H,I,L-278,,SK,,x,m
S,S-229,M,S-138,,H,I,C,F,F,F,B,B,F,F,G,I,E,G,M,O,C,J,L-299,,SK,,,m
S,S-213,M,S-138,,F,H,C,F,H,K,I,J,F,G,D,G,E,F,F,O,H,J,M-240,,SK,L,,h
S,S-180,F,S-138,S-181,H,H,C,F,K,L,F,I,D,F,G,I,G,G,M,M,D,H,M-271,,DT + SK,,x,b
S,S-315,M,S-180,S-316,C,H,F,F,D,L,F,I,D,F,A,I,G,I,F,M,B,H,L-316,,SK,,,m
S,S-316,M,S-180,S-315,C,H,C,F,K,K,I,I,D,D,G,I,E,G,M,O,A,H,L-316,,SK,L,,m
S,S-274,F,S-180,S-275,C,H,F,F,K,L,F,I,D,F,G,I,G,I,F,M,B,D,L-316,,SK,,x,m
S,S-275,M,S-180,S-274,C,H,C,F,D,L,I,I,D,D,A,I,E,G,M,O,B,D,L-316,,SK,L,,m
S,S-242,M,S-180,,F,H,C,H,L,L,I,J,F,M,E,G,E,G,D,M,A,D,N-164,,SK,,,m
S,S-181,F,S-138,S-180,H,J,F,J,F,H,B,I,H,M,C,D,E,G,M,O,C,D,M-271,,DT + SK,,,h
S,S-383,F,S-181,S-384,F,J,F,J,D,H,I,I,F,M,D,D,G,G,D,M,A,D,A-345,,SK,,,
S,S-384,M,S-181,S-383,H,J,J,J,D,F,B,I,F,M,D,D,G,G,E,M,A,C,A-345,,SK,,,
S,S-346,M,S-181,S-345,F,H,E,F,H,I,B,I,G,G,C,G,E,J,G,M,C,I,A-386,,SK,,,m
S,S-299,M,S-181,S-298,C,H,J,J,E,H,I,I,F,M,B,D,E,E,D,O,C,J,L-349,,SK,,,m
S,S-269,F,S-181,S-268,C,H,E,J,H,H,B,J,G,G,B,C,E,G,K,O,C,J,L-349,,SK,,x,m
S,S-251,F,S-181,,C,H,F,J,F,K,I,I,D,M,D,I,G,I,F,M,B,D,L-316,,SK,,x,m
S,S-167,F,S-138,S-168,F,H,C,F,D,F,B,J,C,F,C,G,G,I,D,O,C,H,M-269,,DT,,x,h
S,S-168,M,S-138,S-167,F,H,C,F,D,F,B,I,F,M,G,G,E,I,G,M,C,J,M-262,,DT + SK,,x,h
S,S-128,F,S-105,S-129,C,I,D,F,H,K,B,J,H,M,D,D,F,I,I,M,A,C,M-181,,DT,,x,b
S,S-186,F,S-128,,C,J,F,F,H,K,B,F,D,M,D,I,F,F,I,O,A,D,M-271,,DT + SK,,x,m
S,S-240,M,S-186,,C,F,F,H,H,H,E,F,D,M,E,I,E,F,D,O,D,G,N-164,,SK,,,m
S,S-155,F,S-128,S-156,C,I,D,F,H,K,B,J,H,M,D,D,F,I,I,M,A,A,M-240,M-181 also no mismatch,DT,,x,h
S,S-265,F,S-155,,H,I,F,F,E,H,I,J,H,M,D,E,G,I,E,M,C,J,N-125,N-125 has CI in HY02,SK,,,m
S,S-373,M,S-265,,I,J,F,F,D,E,I,I,,,B,E,G,I,E,M,I,J,A-399,,SK,,,
S,S-224,M,S-155,,C,C,D,F,H,K,J,L,G,M,B,D,D,I,I,M,I,J,L-278,,SK,S/A,,h
S,S-156,M,S-128,S-155,F,I,B,D,H,H,I,J,G,H,D,D,F,J,F,M,A,J,M-240,,DT + SK,,,h
S,S-129,F,S-105,S-128,H,I,C,F,H,J,B,J,H,M,D,E,F,I,M,O,A,C,M-181,,DT,,x,b
S,S-238,F,S-129,S-239,C,H,C,F,F,H,B,K,H,M,C,D,G,I,M,O,A,J,N-176,N-176 has BD in HY15,SK,,x,m
S,S-239,M,S-129,S-238,C,I,C,E,D,J,J,K,G,M,B,E,I,J,L,M,C,C,N-176,,SK,,,m
S,S-184,F,S-129,S-185,I,I,C,F,F,J,B,B,F,H,B,D,G,I,N,O,A,J,L-299,,DT + SK,,,h
S,S-397,F,S-184,S-398,C,I,C,F,F,J,B,I,H,H,B,C,G,I,N,O,A,C,A-306,A-306 has HI in HY04,SK,,,
S,S-398,M,S-184,S-397,F,I,C,F,I,J,B,K,J,J,D,D,G,I,M,N,A,H,A-306,,SK,,,
S,S-300,M,S-184,,C,I,F,F,F,J,B,I,F,F,B,C,A,I,K,O,A,I,L-321,,SK,,,m
S,S-260,M,S-184,,C,I,C,F,G,J,B,I,F,L,B,B,G,J,M,N,J,J,L-289,,SK,,,m
S,S-185,F,S-129,S-184,C,I,B,F,H,H,B,I,G,H,D,D,F,J,M,M,A,A,M-240,,DT + SK,,,h
S,S-154,M,S-129,,F,H,F,F,F,H,J,J,H,H,D,D,I,I,M,M,C,H,M-269,,DT + SK,A,x,h
S,S-123,M,S-105,S-124,H,H,B,C,H,J,H,J,H,M,D,E,E,G,M,O,A,I,M-181,,DT + SK,A,x,b
S,S-124,M,S-105,S-123,H,H,C,F,H,H,E,H,H,M,D,D,F,I,F,O,A,C,M-181,,DT,L,x,b
S,S-119,F,S-105,,H,J,D,F,G,K,B,H,G,L,D,I,E,G,G,O,D,I,N-094,,DT,,x,m
S,S-092,F,A-018,S-093,H,J,E,F,D,F,I,I,F,M,,,F,J,,,,,S-080,,AM,,x,b
S,S-093,M,A-018,S-092,H,J,C,E,F,K,B,I,F,M,B,C,E,J,M,O,G,J,S-080,,AM,L,x,m
S,S-086,F,A-018,S-087,F,I,E,F,H,K,B,I,G,M,D,D,F,J,I,O,C,I,S-080,,AM + DT,,x,b
S,S-182,F,S-086,S-183,F,H,F,F,H,J,B,J,G,M,D,E,F,I,F,O,A,I,M-181,M-144 also no mismatch. HY09 coiuld also be HM,DT,,x,h
S,S-310,F,S-182,,C,H,F,F,H,H,B,B,F,G,D,D,F,J,M,O,I,J,L-289,L-289 has GL in HY09 (F of S-310 may be Vorbande of G),SK,,x,m
S,S-183,M,S-086,S-182,F,H,F,F,H,H,E,I,M,M,D,E,F,I,F,I,A,C,M-181,,DT + SK,N,,m
S,S-161,F,S-086,S-162,F,I,E,F,H,H,I,I,G,M,D,D,J,J,I,M,A,I,M-240,,DT + SK,,,h
S,S-391,M,S-161,S-392,E,F,F,F,F,H,I,K,C,M,D,I,F,J,G,M,H,I,A-373,,SK,,,
S,S-360,M,S-161,S-361,C,F,F,F,H,K,I,I,D,M,D,I,I,J,F,I,A,B,L-316,,SK,L,,
S,S-361,M,S-161,S-360,F,F,E,E,E,H,I,I,F,G,B,D,C,J,D,I,A,I,L-349,,SK,,,
S,S-311,F,S-161,S-312,C,F,B,E,D,H,I,I,E,M,B,D,I,J,I,L,I,I,A-327,,SK,,x,m
S,S-312,M,S-161,S-311,F,I,E,F,H,H,I,I,G,M,D,D,F,J,I,M,I,J,M-240,,SK,L,,m
S,S-277,M,S-161,S-278,F,F,E,F,F,H,I,J,H,M,D,D,I,J,D,I,I,I,M-269,,SK,,,h
S,S-230,M,S-161,S-231,C,I,F,F,H,H,H,I,G,M,D,E,E,J,M,M,A,J,E-165,,SK,,,m
S,S-231,M,S-161,S-230,C,I,F,F,H,H,I,I,G,M,D,E,D,J,K,M,I,J,E-165,,SK,,,m
S,S-162,F,S-086,S-161,F,F,E,F,H,K,B,I,G,M,D,D,F,F,M,O,C,J,M-240,,DT + SK,,x,h
S,S-219,F,S-162,,F,F,F,H,K,L,B,E,G,M,D,E,F,G,D,O,A,J,N-164,,SK,,x,h
S,S-141,M,S-086,S-142,F,F,F,F,F,K,E,I,G,G,D,D,I,J,I,M,A,C,M-158,,DT + SK,,x,b
S,S-142,M,S-086,S-141,F,F,F,H,H,H,B,I,G,M,D,D,F,G,F,I,C,H,M-158,,DT,N,x,b
S,S-127,F,S-086,,F,I,E,F,K,L,B,I,H,M,C,D,F,G,E,I,C,J,M-197,,DT + SK,,x,b
S,S-307,M,S-127,,G,I,F,F,L,L,B,J,G,H,B,C,E,G,E,L,C,J,L-315,,SK,,,m
S,S-249,M,S-127,,F,F,E,F,H,L,I,I,E,H,D,D,F,F,E,M,J,J,M-240,M-240 has GM in HY09,SK,S,,m
S,S-214,M,S-127,,F,I,E,F,F,K,I,J,H,H,D,D,F,I,D,E,C,I,M-269,,DT,,,m
S,S-176,F,S-127,S-177,C,F,E,F,G,L,B,I,G,M,C,D,G,J,I,M,C,J,L-289,sib also S-178,DT,,x,h
S,S-177,M,S-127,S-176,F,H,E,J,D,K,B,I,F,M,D,I,D,G,I,N,A,J,L-299,"L-299 has EG in HY27, sib also S-178",DT,,,b
S,S-157,F,S-127,S-158,F,I,E,F,H,L,B,J,H,H,C,C,D,F,E,M,C,J,M-254,,DT + SK,,x,b
S,S-257,M,S-157,,H,I,E,I,J,L,B,E,D,H,A,C,D,E,E,L,H,J,L-303,,SK,,,m
S,S-158,F,S-127,S-157,F,F,E,F,F,L,B,J,H,H,C,D,G,I,D,I,A,I,M-269,,DT + SK,,x,h
S,S-147,M,S-127,,C,F,E,F,D,K,I,J,M,M,D,G,G,J,E,F,C,J,M-240,,KW + DT,,x,b
S,S-118,F,S-086,,F,F,F,F,F,H,I,I,F,G,,,F,I,I,M,,,M-144,,KW + DT,,x,b
S,S-087,M,A-018,S-086,H,I,D,F,D,K,B,H,H,M,C,C,E,J,I,O,C,J,S-040,,AM + KW + SK,N/F,x,b
S,S-143,M,A-019,S-144,H,I,H,J,H,L,C,E,F,G,A,D,F,I,G,M,G,H,M-158,,DT,,x,m
S,S-144,F,A-019,S-143,H,I,F,J,F,L,C,E,H,H,D,D,I,J,A,M,A,G,M-158,,DT,,x,b
S,S-116,F,A-019,S-117,H,H,E,J,G,L,C,I,H,M,D,G,F,J,G,O,G,J,T-040,,KW + DT + SK,,x,b
S,S-305,F,S-116,,H,H,F,J,K,L,I,L,G,M,B,G,F,J,G,G,C,G,L-315,,SK,,x,m
S,S-258,F,S-116,,H,H,F,J,D,L,I,J,C,M,C,G,F,G,G,M,G,I,M-269,,SK,,x,m
S,S-217,F,S-116,S-218,C,H,B,E,G,J,C,I,E,H,D,G,G,J,F,G,G,J,M-286,,SK,,x,b
S,S-218,M,S-116,S-217,H,H,C,J,G,K,I,I,E,H,D,G,F,J,G,O,D,G,M-286,,SK,,,h
S,S-187,F,S-116,,H,H,F,J,D,L,C,J,C,H,C,D,I,J,D,G,G,I,M-269,,DT + SK,,x,b
S,S-159,F,S-116,,F,H,F,J,L,L,I,I,H,H,C,D,F,G,E,G,G,J,M-197,,DT + SK,,x,m
S,S-247,F,S-159,S-248,F,I,C,F,D,L,I,I,F,H,D,I,E,F,G,M,J,J,L-308,,SK,,x,m
S,S-248,F,S-159,S-247,C,H,E,J,K,L,I,I,H,M,C,C,E,F,G,M,J,J,L-308,,SK,,,m
S,S-399,F,S-248,S-400,E,H,E,F,D,K,I,N,M,M,B,C,F,G,G,G,A,J,A-399,,SK,,,
S,S-145,F,S-116,,F,H,F,J,G,H,C,E,G,H,D,D,F,I,M,O,A,J,M-158,,DT,,x,m
S,S-303,F,S-145,,G,H,F,I,G,K,E,J,G,H,B,D,I,J,M,M,A,C,L-315,L-315 has GL in HY63,SK,,x,m
S,S-227,M,S-145,S-228,H,I,J,J,D,H,E,I,F,G,B,D,G,I,M,N,J,J,L-299,,SK,,,m
S,S-228,M,S-145,S-227,H,H,C,J,F,H,E,I,F,H,B,D,E,F,O,O,A,J,L-299,,SK,,,m
S,S-117,M,A-019,S-116,H,H,E,J,L,L,B,H,H,H,A,C,F,J,A,O,G,J,T-040,,KW,E,x,b
S,S-094,M,A-019,S-095,H,I,D,J,G,H,B,C,H,H,,,F,J,,,,,S-040,,AM,,x,b
S,S-089,F,A-019,S-090,C,H,E,J,H,L,C,H,H,H,,,E,F,,,,,S-040,,AM,,x,b
S,S-090,F,A-019,S-089,H,I,D,J,H,L,C,H,F,G,,,F,J,,,,,S-040,,AM + KW,,x,b
S,S-083,F,A-019,S-084,C,H,E,J,D,L,B,H,H,H,C,D,E,J,G,G,G,I,S-040,,BW + OH + SK,,x,m
S,S-096,M,S-083,,F,H,E,M,I,L,H,I,H,M,,,E,E,,,,,S-088,,KW,,x,b
S,S-084,F,A-019,S-083,C,H,E,J,D,G,B,H,H,H,C,D,E,F,G,I,I,J,S-040,,BW + OH + SK,,x,b
S,S-195,M,S-084,,H,H,E,F,D,F,B,J,H,H,D,D,F,I,D,G,H,J,M-269,,KW + SK,,x,m
S,S-160,M,S-084,,C,F,F,J,D,L,B,J,H,M,C,E,E,G,G,G,I,J,M-262,,DT,,x,h
S,S-139,F,S-084,S-140,H,H,E,F,D,J,H,J,H,M,C,E,E,G,F,G,A,I,M-144,M-181 also no mismatch,DT,,x,b
S,S-335,M,S-139,S-336,C,H,E,F,H,J,J,K,J,M,D,E,G,G,G,M,A,C,A-306,,SK,,,m
S,S-336,M,S-139,S-335,C,H,F,F,F,J,H,K,H,M,D,E,E,J,G,M,I,J,N-176,,SK,,,m
S,S-261,M,S-139,,H,H,E,F,J,K,J,J,H,H,B,C,G,J,G,L,C,I,L-315,L-315 has GG in HY09,SK,,,m
S,S-226,F,S-139,,H,H,E,F,D,D,H,J,H,M,D,E,E,G,F,M,I,I,M-269,,SK,,,m
S,S-387,F,S-226,,C,H,E,F,D,H,J,K,J,M,D,E,G,G,F,M,H,I,A-306,,SK,,,
S,S-203,M,S-139,S-204,H,I,F,H,D,H,H,I,G,H,C,D,G,I,G,M,A,H,M-158,,DT,,x,m
S,S-204,F,S-139,S-203,C,H,E,F,D,G,H,I,L,M,B,E,E,J,F,M,A,J,L-289,,DT,,x,m
S,S-140,M,S-084,S-139,C,H,F,J,G,J,H,J,F,H,D,G,F,I,F,G,H,J,M-144,,DT,S,x,b
S,S-120,F,S-084,S-121,C,J,E,F,G,H,F,H,H,H,C,D,E,G,G,I,D,I,N-094,,DT,,x,b
S,S-179,M,S-120,,C,H,E,F,G,H,E,F,H,H,C,D,E,G,G,M,A,D,M-181,,DT + SK,N,,h
S,S-150,F,S-120,,C,C,B,F,D,G,H,J,H,M,D,G,,,G,M,I,J,M-240,,DT,,x,b
S,S-266,M,S-150,,C,D,B,I,G,J,J,L,D,H,A,D,E,J,G,M,H,I,L-303,,SK,,,m
S,S-220,M,S-150,S-221,C,C,B,F,G,K,H,I,D,H,D,I,I,J,F,G,B,I,L-316,,SK,,,m
S,S-121,M,S-084,S-120,C,J,E,F,G,G,F,H,H,L,D,I,F,G,G,I,C,I,N-094,,DT,,x,b
S,S-112,F,S-084,S-113,H,J,F,J,D,H,B,F,H,H,,,D,E,G,I,,,N-094,,KW,,x,b
S,S-113,M,S-084,S-112,C,J,F,J,D,G,B,F,H,L,C,I,E,G,G,G,C,I,N-094,,KW + DT,L,x,b
S,S-042,M,S-,,C,H,F,H,G,H,E,I,F,J,,,C,I,,,,,founder,,BW + OH,F/L,x,b
S,S-080,M,S-,,I,J,C,E,F,H,B,I,F,G,B,D,J,J,I,M,I,J,S-040,,BW + OH + KW,S/N,x,b
S,S-082,F,S-,,F,I,D,J,D,F,H,I,F,H,B,C,C,E,I,M,I,J,S-040,,BW + OH + SK,,x,m
S,S-146,M,S-082,,F,I,F,J,D,F,E,H,H,H,C,G,E,G,E,M,C,J,M-197,,KW + DT,L,,b
S,S-131,F,S-082,S-132,F,I,F,J,D,H,H,I,G,H,C,D,C,G,F,M,A,J,M-158,,DT,,x,b
S,S-326,F,S-131,,C,F,B,J,D,H,H,I,G,J,C,D,G,I,M,M,A,A,A-327,,SK,,x,h
S,S-245,F,S-131,S-246,C,I,C,J,D,K,H,I,G,H,C,G,G,J,M,O,J,J,M-286,,SK,,x,m
S,S-246,F,S-131,S-245,H,I,B,F,H,J,H,I,E,G,D,G,G,J,F,O,A,D,M-286,,SK,,x,m
S,S-206,F,S-131,S-207,H,I,B,J,H,K,I,I,G,H,C,E,G,J,M,O,D,J,M-286,,DT + SK,,x,h
S,S-207,M,S-131,S-206,C,I,C,J,H,J,H,H,E,H,C,G,G,G,F,M,D,J,M-286,,SK,,,b
S,S-172,F,S-131,S-173,F,F,F,F,H,H,B,H,G,M,D,D,D,G,F,M,J,J,M-254,M-254 has FF in HY02,DT + SK,,x,h
S,S-173,F,S-131,S-172,F,F,F,J,D,H,H,J,H,M,C,D,G,I,F,M,A,J,M-254,,DT + SK,,,h
S,S-424,M,S-173,,E,F,F,J,H,J,H,I,H,M,D,D,I,I,F,H,A,J,A-374,A-374 has EG in HY63,SK,,,
S,S-371,F,S-173,S-372,F,F,F,F,H,H,H,K,H,H,C,C,G,I,F,M,H,J,A-306,,SK,,,
S,S-372,F,S-173,S-371,F,F,F,F,D,H,I,J,H,H,C,C,G,I,M,O,C,J,A-306,,SK,,,
S,S-270,M,S-173,,F,H,B,F,D,H,H,H,G,M,D,D,G,J,G,M,I,J,A-295,,SK,,,m
S,S-132,F,S-082,S-131,F,F,D,H,D,F,I,I,F,H,C,D,C,G,I,M,A,J,M-158,,DT,,x,b
T,T-007,F,T-,,H,H,E,F,D,L,B,I,M,M,D,G,D,F,E,H,A,J,unknown,,KW + DT,,x,m
T,T-109,F,T-007,T-110,H,J,E,F,D,K,I,L,E,M,,,A,D,H,O,,,L-045,,KW,,,b
T,T-177,F,T-109,T-178,F,J,B,E,I,K,I,L,D,M,D,D,A,J,A,H,G,I,F-154,,SK,,,m
T,T-178,F,T-109,T-177,F,H,E,I,D,K,I,L,D,M,A,D,A,E,A,H,A,A,F-154,,SK,,,m
T,T-159,M,T-109,,C,J,D,F,G,K,I,L,E,H,C,C,A,G,H,L,G,J,N-139,,SK,,,m
T,T-133,M,T-109,,J,J,E,F,G,K,B,L,E,M,C,E,A,G,M,O,G,J,N-103,,DT + SK,,,b
T,T-110,M,T-007,T-109,H,J,B,F,D,K,I,L,D,M,,,A,D,G,H,,,L-045,,KW,M/N,x,b
T,T-088,F,T-007,T-089,C,H,E,F,D,H,B,B,E,M,,,A,F,,,,,L-045,,AM,,x,b
T,T-008,F,T-,,A,J,C,E,H,L,B,I,G,M,B,D,E,J,A,K,I,J,founder,,AM + DT,,x,m
T,T-011,F,T-008,,A,F,C,F,I,L,I,I,M,M,B,D,D,J,A,E,I,I,unknown,,KW + DT + SK,,x,m
T,T-108,M,T-011,T-107,A,C,C,F,K,L,I,L,D,M,,,D,E,E,G,,,L-045,,KW,T,x,m
T,T-096,M,T-011,,A,H,C,D,I,I,I,I,H,M,,,F,J,E,G,,,L-086,,KW,,x,m
T,T-010,F,T-,,F,H,F,F,D,H,I,J,D,M,D,G,G,I,E,M,I,I,unknown,,KW + DT + SK,,x,m
T,T-099,M,T-010,,F,I,E,F,D,J,I,I,F,M,,,E,G,E,L,,,L-044,,KW,N,x,b
T,T-013,F,T-,,C,C,D,E,D,L,I,N,H,J,C,C,E,G,G,H,C,J,founder,,KW + DT,,x,b
T,T-085,F,T-013,,C,H,D,E,L,L,J,N,H,M,B,C,F,G,H,O,J,J,unknown,,KW + DT + SK,,,m
T,T-168,M,T-085,,F,H,B,E,D,L,I,N,D,M,A,C,F,J,A,H,I,J,,,SK,,,m
T,T-153,F,T-085,,F,H,D,H,F,L,I,J,G,H,B,C,G,J,G,H,A,J,N-147,,SK,,,h
T,T-195,M,T-153,T-196,H,H,D,F,G,L,J,J,H,M,B,C,F,J,D,G,A,A,F-174,,SK,,,m
T,T-140,F,T-085,T-141,H,J,D,J,L,L,B,N,M,N,A,B,E,H,D,O,J,J,N-103,,DT,,,m
T,T-141,F,T-085,T-140,H,J,E,J,L,L,H,N,M,N,A,C,F,H,D,H,J,J,N-103,,DT + SK,,,m
T,T-194,F,T-141,,C,H,I,J,I,L,J,N,E,E,A,C,F,J,D,K,A,J,F-145,,SK,,,
T,T-241,M,T-194,,C,H,I,J,D,L,J,K,E,E,C,C,F,F,K,L,A,J,E-240,E-240 has HH in HY09 (but mismatch with mother),SK,,,m
T,T-169,M,T-141,,F,H,C,J,D,L,I,N,F,N,A,I,G,H,D,G,I,J,N-138,,SK,,,m
T,T-129,F,T-085,,H,J,E,F,L,L,H,N,M,N,A,B,G,H,H,M,J,J,N-103,,DT,,,b
T,T-209,M,T-129,T-210,F,J,E,F,D,L,H,I,F,N,A,I,G,H,M,M,J,J,N-138,,SK,,,vomit
T,T-210,M,T-129,T-209,F,J,E,E,D,L,I,N,F,M,B,I,G,H,,,J,J,N-138,,SK,,,m
T,T-189,F,T-129,T-190,F,J,E,F,E,L,H,J,M,N,A,E,G,G,H,O,A,J,N-137,,SK,,,m
T,T-123,M,T-085,,C,H,D,F,K,L,I,N,D,H,C,E,E,F,G,H,J,J,T-108,,DT,,x,m
T,T-014,F,T-,,H,H,E,F,I,L,I,J,E,M,B,B,F,G,E,H,I,J,unknown,,KW + DT,,,m
T,T-161,F,T-014,T-171,C,H,F,F,D,L,I,N,M,M,B,D,G,H,G,H,J,J,N-139,N-139 has II in HY07 and GG in HY27,SK,,,m
T,T-171,M,T-014,T-161,F,H,F,H,H,L,E,I,M,M,A,B,F,I,H,K,I,J,N-148,,SK,L,,m
T,T-157,F,T-014,,H,J,E,F,G,L,H,J,H,M,A,B,A,G,D,E,G,J,N-129,,SK,,,m
T,T-234,X,T-157,,H,J,E,F,I,L,H,I,E,M,B,C,A,J,D,K,A,J,F-145,,SK,,,
T,T-226,M,T-157,,H,J,E,H,G,H,H,I,H,M,A,D,A,I,E,G,J,J,N-147,,SK,,,
T,T-213,M,T-157,,H,J,F,J,F,L,H,H,G,M,B,B,G,I,D,G,G,J,N-147,,SK,,,m
T,T-199,M,T-157,,F,H,E,J,F,K,H,H,G,H,A,B,A,I,E,G,J,J,N-147,,SK,,,m
T,T-202,F,T-157,,F,J,F,H,H,L,I,J,H,M,B,D,A,J,E,G,G,J,N-147,,SK,,,m
T,T-135,F,T-014,T-136,H,J,D,F,G,I,J,J,E,L,B,I,D,G,H,P,I,J,X-041,,SK,,,b
T,T-228,M,T-135,,F,J,D,E,D,I,I,J,E,M,B,D,G,G,M,P,I,J,N-138,,SK,,,
T,T-218,F,T-135,T-219,A,J,D,D,D,G,I,J,L,M,D,I,D,G,L,P,A,J,N-139,,SK,,,m
T,T-219,F,T-135,T-218,J,J,D,F,D,I,I,J,E,E,B,D,D,G,G,H,A,I,A-399,is from Shamba clan,SK,,,m
T,T-212,M,T-135,,F,H,B,D,I,I,J,J,D,D,D,I,E,G,A,P,A,J,F-154,,SK,,,m
T,T-197,F,T-135,T-198,F,H,F,H,G,H,I,J,E,M,B,D,G,J,G,H,A,J,N-147,,SK,,,m
T,T-239,F,T-197,,F,H,F,H,H,L,I,J,H,M,D,D,I,J,H,O,J,J,F-210,,SK,,,m
T,T-198,M,T-135,T-197,H,J,D,J,F,G,H,J,E,G,B,B,G,I,H,K,A,I,N-147,T-fluffy,SK,E,,m
T,T-180,F,T-135,,C,J,F,H,G,H,E,J,E,H,B,D,G,I,G,P,J,J,N-148,,SK,,,m
T,T-217,M,T-180,T-216,C,J,H,I,H,I,J,J,E,H,C,D,I,J,K,P,A,J,F-145,,SK,,,
T,T-136,M,T-014,T-135,H,H,E,I,G,I,I,J,E,L,B,I,D,G,H,M,I,J,X-041,,DT + SK,,,m
T,T-158,F,T-014,T-124,C,H,C,F,L,L,I,J,D,E,B,E,E,F,E,H,I,J,T-108,,SK,,,b
T,T-206,M,T-158,,F,H,C,F,D,L,I,I,D,E,C,E,F,G,H,M,A,J,L-414,T-male2,SK,,,m
T,T-188,F,T-158,,C,F,C,C,D,L,I,J,E,M,D,E,E,G,E,G,J,J,N-138,,SK,,,m
T,T-162,M,T-158,,C,F,C,J,F,L,H,I,E,G,B,B,F,J,G,H,I,J,N-147,,SK,L,,m
T,T-147,M,T-158,T-146,F,H,C,F,G,L,I,J,D,H,A,E,A,F,D,E,C,I,N-129,N-129 has AG in HY65,SK,F,,m
T,T-124,M,T-014,T-158,A,H,F,F,L,L,I,J,D,E,B,D,E,G,G,H,I,J,T-108,,DT + SK,,,b
T,T-116,M,T-014,T-117,C,H,D,E,I,I,I,J,H,M,B,C,E,G,E,H,I,J,L-086,,DT + SK,F,,m
T,T-104,F,T-014,,A,H,E,F,I,L,I,J,E,H,,,E,F,E,E,,,L-086,,KW,,,b
T,T-181,M,T-104,,F,H,B,F,I,I,J,J,D,H,C,D,E,J,A,E,A,G,F-154,,SK,,,m
T,T-172,M,T-104,,F,H,E,H,H,I,I,J,H,M,C,D,F,J,E,K,J,J,N-147,,SK,,,m
T,T-127,F,T-104,T-128,H,J,C,F,I,J,I,J,E,F,B,I,F,G,D,E,J,J,N-118,,SK,,,m
T,T-192,M,T-127,T-193,F,H,B,F,H,I,I,J,D,F,A,I,E,F,D,K,I,J,F-154,F-154 has DI in HY04,SK,,,m
T,T-193,M,T-127,T-192,F,H,C,I,I,J,I,I,D,F,D,I,E,G,E,K,I,J,F-154,,SK,,,m
T,T-166,M,T-127,T-167,F,J,C,H,I,L,H,J,E,N,A,B,F,I,D,G,J,J,N-148,,SK,,,m
T,T-150,F,T-104,T-149,H,J,E,F,I,J,I,J,E,E,B,I,A,F,D,E,G,J,N-129,N-129 has DG in HY04 and FH in HY09,SK,,,b
T,T-214,F,T-150,,F,J,E,J,D,J,J,J,D,D,I,I,A,F,A,D,A,G,F-202,,SK,,,m
T,T-185,F,T-150,T-186,F,H,F,I,D,J,I,J,D,F,D,I,E,F,D,K,A,J,F-154,,SK,,,m
T,T-142,F,T-104,T-143,H,J,E,F,J,L,H,I,F,H,C,I,E,E,E,F,G,G,N-129,N-129 has DG in HY04,DT,,,m
T,T-221,M,T-142,T-222,H,H,E,F,L,L,H,H,F,H,A,C,E,F,E,O,G,G,E-227,,SK,,,muscle
T,T-222,F,T-142,T-221,H,J,E,F,D,L,H,I,G,H,C,G,E,I,,,G,G,E-227,,SK,,,muscle
T,T-205,M,T-142,,F,J,F,J,H,L,I,I,F,M,D,I,E,I,F,K,G,J,N-147,,SK,,,m
T,T-179,M,T-142,,A,H,E,E,D,L,B,I,H,M,C,D,D,E,E,M,G,J,N-137,,SK,,,m
T,T-143,M,T-104,T-142,F,H,E,F,G,L,I,J,E,H,A,B,A,E,D,E,A,J,N-129,,DT,F,,m
T,T-100,F,T-,,A,I,E,I,F,I,F,I,M,P,B,B,E,G,E,N,B,I,unknown,,DT,,,b
T,T-131,F,T-100,,A,J,C,I,E,I,I,J,,,B,E,E,G,D,E,B,I,N-118,,DT,,x,muscle
T,T-125,M,T-100,,A,J,E,F,F,G,B,I,M,M,B,E,E,H,M,N,B,J,N-103,,DT,,,b
T,T-040,M,T-,,C,H,E,E,L,L,B,I,H,M,,,E,F,,,,,founder,,AM,S,x,m
T,T-080,M,T-,,F,H,C,F,H,I,B,I,E,H,,,D,D,,,,,founder,,BW + OH,N,x,m
T,T-091,M,T-,,F,H,F,F,H,I,I,J,E,H,B,C,G,I,E,M,A,J,unknown,,AM + DT,M,x,b
T,T-111,M,T-083,T-112,H,J,D,F,D,L,H,N,M,N,,,E,H,M,O,,,N-103,,DT,M/N,x,b
T,T-112,F,T-083,T-111,H,J,D,J,L,L,B,N,M,N,A,B,E,H,D,O,J,J,N-103,,KW + DT + SK,,,b
T,T-203,F,T-112,T-204,H,I,J,J,G,L,B,J,M,M,B,B,H,I,O,O,I,J,F-174,F-174 has HH in HY02,SK,,,m
T,T-204,M,T-112,T-203,H,I,J,J,F,L,B,I,D,D,A,I,E,I,D,O,I,J,F-174,F-174 has HH in HY02,SK,,,m
T,T-182,F,T-112,,C,J,I,J,I,L,J,N,E,M,A,C,H,J,K,O,J,J,F-145,,SK,,,m
T,T-163,M,T-112,,F,H,E,J,D,L,B,B,E,M,B,D,D,E,D,M,J,J,N-137,N-137 has MM in HY09,SK,,,m
T,T-164,F,T-112,,F,J,F,J,D,L,B,B,M,M,B,D,D,H,O,O,A,J,N-137,,SK,,,m
T,T-148,F,T-112,,H,J,J,J,H,L,I,N,M,M,A,D,H,I,D,G,A,J,N-147,,SK,,,m
T,T-229,M,T-148,T-230,H,H,,,,,,,C,C,,,F,,,,,,,,SK,,,
T,T-208,F,T-148,,F,H,I,J,D,L,I,N,D,N,A,A,I,J,D,K,A,A,F-154,,SK,,,m
T,T-184,F,T-148,,H,H,F,J,D,L,I,N,E,M,C,D,H,J,D,G,A,J,F-145,,SK,,,m
T,T-134,F,T-112,,J,J,F,J,E,L,J,N,M,N,A,E,E,G,D,D,J,J,N-118,,SK,,,m
T,T-200,M,T-134,T-201,C,J,F,H,E,H,E,J,H,M,D,E,E,I,D,G,J,J,N-148,,SK,L,,m
T,T-201,F,T-134,T-200,F,J,F,J,D,E,I,N,E,M,C,E,G,G,D,M,A,J,L-414,,SK,,,m
T,T-174,F,T-134,,F,J,F,J,E,F,H,J,G,N,A,B,E,J,D,K,A,J,N-147,,SK,,,m
T,T-113,F,T-092,T-114,A,H,F,F,D,J,I,I,D,M,,,D,F,E,E,,,L-086,,KW,,x,m
T,T-126,M,T-,,H,I,G,J,L,L,B,B,M,N,A,A,E,H,D,M,J,J,N-103,N-103 has JJ in HY02,DT,,x,muscle
T,T-231,X,T-,,F,J,D,E,G,G,I,J,E,M,B,B,G,J,E,P,,,unknown,matches T-135 and T-157 as mother without mismatch but no father. Matches X-041 with one mismatch but then matches no mother,SK,,,
R,R-080,M,X-,,C,J,C,C,J,L,J,K,M,M,,,F,F,,,,,outside,,BW + OH,M,x,b
U,U-080,M,M-115,,C,F,C,F,D,K,B,I,G,M,E,G,I,J,F,G,G,J,outside,,KW,M,x,m
U,U-088,M,M-118,,H,H,B,J,D,H,G,O,J,M,B,D,E,H,F,M,A,I,outside,,DT + SK,M,x,h
X,A-011,M,X-,,C,H,B,F,D,L,H,I,G,G,D,G,F,F,M,M,D,H,founder,,BW + OH + DT,A,x,b
X,A-042,M,X-,,H,H,H,J,G,H,I,J,F,N,A,D,I,J,F,G,A,J,founder,,BW + OH,A,x,b
X,A-045,M,X-,,C,H,C,F,D,L,B,K,M,M,C,G,F,F,O,O,C,J,founder,,BW + OH + DT + SK,A,x,b
X,A-048,M,X-,,C,H,C,F,D,D,B,J,H,M,A,B,D,E,M,O,B,B,founder,,BW + OH,A,x,b
X,A-050,M,X-,,C,H,B,F,D,L,H,I,F,J,D,G,F,F,F,M,A,J,founder,,BW + OH,A,x,b
X,A-051,M,X-,,F,H,B,F,H,L,I,I,D,J,D,I,F,I,G,M,H,J,founder,,BW + OH + DT,A,x,b
X,E-040,M,X-,,C,F,D,F,D,L,B,J,F,M,C,C,E,H,J,N,H,J,founder,,BW + OH,E,x,b
X,E-041,M,X-,,C,C,B,E,E,L,E,K,F,L,A,C,E,G,J,L,H,J,founder,,BW + OH,E,x,b
X,F-040,M,X-,,F,H,F,I,E,L,J,K,H,M,B,D,C,J,F,O,A,I,founder,,BW + OH,F,x,b
X,F-042,M,X-,,H,I,B,D,D,H,J,K,H,M,B,D,D,I,G,H,A,J,founder,,BW + OH,F,x,muscle
X,F-043,M,X-,,A,H,E,F,D,D,B,J,F,M,D,I,D,E,G,M,A,E,founder,,BW + OH,F,x,b
X,F-044,M,X-,,H,H,D,K,F,H,I,J,M,M,C,I,D,F,D,H,A,J,founder,,BW + OH,F,x,b
X,L-040,M,X-,,C,F,B,C,H,L,I,J,G,M,B,E,D,H,K,K,C,J,founder,,BW + OH,L,x,b
X,L-041,M,X-,,J,J,D,I,F,I,I,J,F,F,,,G,H,,,C,I,founder,,BW + OH,L,x,m
X,L-042,M,X-,,C,I,F,J,D,L,H,I,F,M,A,I,F,F,K,O,B,J,founder,,BW + OH,L,x,b
X,L-043,M,X-,,C,J,D,D,D,I,I,K,D,F,D,E,G,H,A,D,C,J,founder,,BW + OH,L,x,muscle
X,L-047,M,X-,,F,H,F,M,D,I,I,J,D,H,A,C,E,G,E,E,C,G,founder,,BW + OH,L,x,m
X,M-008,M,X-,,C,I,C,H,D,H,E,I,E,G,A,B,E,J,,,J,J,founder,,BW + OH + DT,M,x,m
X,M-040,M,X-,,H,H,G,J,H,L,B,G,E,M,B,G,G,H,M,O,A,I,founder,,BW + OH + DT,M,x,b
X,M-046,M,X-,,F,H,C,F,H,J,I,J,G,M,D,E,I,I,F,N,A,H,founder,,BW + OH,M,x,b
X,M-050,M,X-,,C,G,B,B,H,L,B,I,E,F,B,C,E,F,O,O,G,J,founder,,BW + OH,M,x,m
X,M-052,M,X-,,F,H,D,F,G,H,I,J,I,L,A,B,D,J,M,N,A,J,founder,,BW + OH + KW,M/E,x,m
X,N-044,M,X-,,H,J,F,I,F,G,B,J,G,L,G,I,G,G,D,M,C,I,founder,,BW + OH + KW + SK,N,x,b
X,S-040,M,X-,,C,I,D,E,D,H,B,H,G,H,C,D,E,J,G,I,I,J,founder,,BW + OH + KW,S,x,b
X,S-088,M,X-,,F,F,H,M,D,I,I,I,C,M,A,E,D,E,M,M,C,D,outside,,BW + OH,S,x,b
X,X-006,M,X-,,C,J,D,E,D,L,B,J,F,G,G,I,F,G,G,M,I,K,outside,,BW + OH + DT,M,x,b
X,X-010,M,X-,,H,J,C,C,E,J,I,J,L,M,B,G,E,I,E,O,A,A,outside,,BW + OH + SK,E/S,x,m
X,X-014,M,X-,,H,H,C,D,B,D,J,K,H,M,B,C,I,J,E,H,A,C,outside,,AM,L,x,m
X,X-017,M,X-,,A,H,F,K,H,K,J,O,F,G,A,E,E,F,L,N,B,E,outside,,BW + OH + DT,A,x,b
X,X-018,M,X-,,H,H,E,J,K,M,E,I,G,K,D,G,E,G,E,G,A,A,outside,,AM + SK,S,x,b
X,X-019,M,X-,,C,H,C,E,F,J,H,J,F,L,C,D,F,I,D,G,A,A,outside,,AM + SK,S,x,b
X,X-024,M,X-,,C,H,B,H,D,H,B,E,E,J,D,I,E,G,L,O,D,J,outside,,KW + DT,A,x,b
X,X-025,M,X-,,H,H,H,M,D,M,I,J,C,I,E,I,F,G,H,L,A,D,outside,,AM + DT,N,x,b
X,X-041,M,X-,,H,J,D,I,G,L,I,J,G,L,B,I,D,G,M,P,I,I,outside,,DT,T,,b
X,X-061,M,X-,,F,K,B,E,H,M,H,K,E,M,B,I,E,G,G,K,A,A,outside,,DT,L,x,b
X,X-062,M,X-,,C,H,G,K,D,G,I,J,D,M,A,G,E,G,D,F,I,J,outside,,DT,M,x,b
X,X-063,M,X-,,E,H,D,F,D,F,K,N,C,F,B,I,E,F,G,H,A,J,outside,,DT,A,x,b
X,X-065,M,X-,,F,I,E,K,G,H,A,H,A,J,C,C,C,D,D,M,A,I,outside,,DT,E,x,b
X,X-066,M,X-,,F,F,D,E,I,J,E,J,H,J,C,C,D,G,L,O,E,I,outside,,DT,M,x,b
X,X-067,M,X-,,C,H,F,J,D,E,E,M,C,M,B,C,C,E,X,M,A,I,outside,new allele in HY07,DT,N,x,b
X,X-068,M,X-,,H,J,H,J,G,J,F,H,F,H,A,C,A,E,F,L,A,A,outside,could also have a G in HY09,DT,A,x,b
X,X-072,M,X-,,G,H,D,F,G,J,J,L,C,F,C,C,F,G,D,F,A,E,outside,,KW + DT + SK,A,x,m
X,X-075,M,X-,,H,J,C,D,E,K,E,M,K,P,A,A,E,I,D,M,A,I,outside,new allele in HY07,DT + SK,N,x,m
X,X-083,M,X-,,F,H,F,N,F,J,I,M,C,M,A,E,D,J,M,N,A,D,outside,new allele in HY07,DT,E,,b
X,X-088,M,X-,,J,J,D,K,D,D,I,I,F,M,A,B,E,F,L,M,D,H,outside,,SK,E,,m
X,X-091,M,X-,,H,H,G,N,D,F,E,I,C,M,A,B,I,I,F,N,D,J,outside,,SK,F,,m
X,X-094,M,X-,,E,J,F,J,H,H,B,I,E,H,C,G,I,I,X,G,A,I,outside,,SK,N,,m
X,X-095,M,X-,,F,J,F,G,H,K,I,L,E,G,C,E,E,E,G,G,A,A,outside,,SK,N,,m
X,X-096,M,X-,,F,H,D,E,D,L,F,I,D,L,C,D,A,G,H,J,I,I,outside,could also have BC in HY15,SK,E,x,m
X,X-100,M,X-,,J,J,F,J,G,H,J,J,F,M,G,I,E,F,D,N,A,I,outside,,SK,M,x,m
X,X-104,M,X-,,C,H,B,D,D,G,A,L,F,J,I,I,A,G,H,K,D,I,outside,,SK,A,x,m
X,X-106,M,X-,,F,H,F,J,D,J,H,I,G,H,C,E,G,J,G,L,I,J,outside,,SK,M,x,m
X,X-111,M,X-,,H,J,C,H,K,M,H,J,C,F,A,A,F,H,G,O,A,D,outside,could also have a H in HY65,SK,E,x,m
X,X-112,M,X-,,H,H,E,I,G,I,I,J,E,L,B,I,D,G,H,M,I,J,outside,,SK,M,x,m
X,X-113,M,X-,,H,J,F,G,B,J,K,K,E,G,B,C,E,I,X,F,A,I,outside,,SK,M,,m
X,X-117,M,X-,,F,H,I,J,G,J,E,H,J,M,E,G,E,I,F,N,A,J,outside,,SK,M,,m
X,X-150,M,X-,,F,F,C,F,D,H,F,M,C,F,A,I,E,G,H,O,K,K,outside,,SK,L,,
X,X-151,M,X-,,H,H,C,H,I,J,H,J,J,K,A,I,C,I,O,P,D,I,outside,,SK,L,,
X,X-154,M,X-,,H,H,F,F,J,K,I,K,F,M,A,C,E,G,X,F,A,B,outside,,SK,M,,
X,X-155,M,X-,,G,H,B,G,F,F,E,K,A,C,A,C,E,F,E,O,A,H,outside,,SK,F,,
X,X-159,M,X-,,H,J,D,G,D,H,H,J,F,M,A,I,D,IJ,X,O,I,J,outside,,SK,F,,
