name,sex,birthclan,birthdate,mothergenetic,mothersocial,father,litterdominance,DNA,litterdominancegenetic,name2,deathconfirmed,deathcause,comments,resident
A-001,2,A,1988-05-21,,,,,TRUE,,,,,,native
A-002,2,A,1992-10-21,,,,,FALSE,,,,,,native
A-003,2,A,1989-05-21,,,,,TRUE,,,,old age?,,native
A-004,2,A,1988-07-13,,,,,FALSE,,,,,,native
A-006,2,A,1991-07-17,,,,,TRUE,,,,,,native
A-007,2,A,1988-07-14,,,,,FALSE,,,,,,native
A-008,2,A,1994-05-21,A-015,A-015,A-045,,TRUE,,S-008,,,,native
A-009,2,A,1994-01-16,,,,,TRUE,,,,,,native
A-010,2,A,1994-09-21,A-001,A-001,A-045,1,TRUE,1,,,,,native
A-011,1,X,1992-04-14,,,,,TRUE,,,,,,founder
A-013,2,A,1991-12-07,,,,,TRUE,,,,,,native
A-014,2,A,1983-09-25,,,,,FALSE,,,,old age?,,native
A-015,2,A,1990-07-17,,,,,TRUE,,,,,,native
A-016,2,A,1991-06-18,,,,,TRUE,,,,,,native
A-017,2,A,1985-04-10,,,,,FALSE,,,,,,native
A-018,2,A,1994-09-21,A-001,A-001,A-045,3,TRUE,3,S-018,,,A-018+A-046 thought to be twins with birthday 1995-05-18 but birth intervals between A-010 / A-018+A-046 / A-084 are too short. Upon inspection of ID pictures on 20201203 decided to consider A-010+A-018+A-046 as triplet litter,native
A-019,2,A,1994-09-17,A-016,A-016,,,TRUE,,S-019,,,,native
A-020,2,A,1991-08-03,,,,,TRUE,,,,,,native
A-040,1,A,1994-04-13,,,,,TRUE,,,,,,native
A-041,1,A,1994-07-14,A-013,A-013,,,TRUE,,Sapok,,,,native
A-042,1,X,1991-07-13,,,,,TRUE,,,,,,founder
A-043,1,A,1993-05-21,,,,,FALSE,,,,,,native
A-044,1,X,1984-05-21,,,,,FALSE,,,,,,founder
A-045,1,X,1988-07-13,,,,,TRUE,,,,,,founder
A-046,1,A,1994-09-21,A-001,A-001,,2,TRUE,2,Subiri,,,A-018+A-046 thought to be twins with birthday 1995-05-18 but birth intervals between A-010 / A-018+A-046 / A-084 are too short. Upon inspection of ID pictures on 20201203 decided to consider A-010+A-018+A-046 as triplet litter,native
A-047,1,X,1989-04-26,,,,,FALSE,,,,,,founder
A-048,1,X,1993-07-13,,,,,TRUE,,,,,,founder
A-049,1,A,1994-04-14,,,,,TRUE,,Mashavu,,,,native
A-050,1,X,1993-09-07,,,,,TRUE,,,,,,founder
A-051,1,X,1993-03-10,,,,,TRUE,,,,,,founder
A-052,1,A,1993-08-07,,,,,TRUE,,,,,,native
A-053,1,A,1993-08-01,,,,,FALSE,,,,,,native
A-054,1,A,1995-12-23,,,A-011,,TRUE,,Kureti,,,mother might be A-004,native
A-055,1,X,1990-08-18,,,,,FALSE,,,,,,immigrant
A-056,1,A,1994-06-06,,,,,TRUE,,Mwezi,,,,native
A-057,1,A,1994-04-07,A-020,A-020,,,TRUE,,,,,,native
A-058,,A,1995-05-20,,,,,FALSE,,,,,,native
A-059,1,A,2002-10-19,,,,,FALSE,,"A-cub7, A-153-x",,,,native
A-060,2,A,2002-10-20,,,,,FALSE,,"A-cub4, A-153-y",,,,native
A-061,,A,2003-07-25,A-016,A-016,,1,FALSE,1,,,,,native
A-062,,A,2006-08-02,A-145,A-145,,1,FALSE,1,,,,,native
A-063,,A,2006-08-02,A-145,A-145,,2,FALSE,2,,,,,native
A-080,2,A,1996-06-11,A-002,A-002,A-011,,TRUE,,Tifu,,,,native
A-081,2,A,1996-06-21,A-020,A-020,,,TRUE,,Vumbi,,,,native
A-082,1,A,1995-11-13,A-007,A-007,,,FALSE,,,,,mother might be A-007,native
A-083,1,A,1996-02-08,,,,,FALSE,,,,,,native
A-084,1,A,1995-10-08,A-001,A-001,,,TRUE,,Morani,2003-10-20,lions,"lions, we heard fighting/screaming at hippo pool by hy, four days before A-084 died. We saw A-084 with severe injuries the day before he died and wounds on dead body clearly indicated pucture holes by lions.",native
A-085,1,A,1995-10-20,A-003,A-003,,,TRUE,,,,shot by rangers,shot by rangers in S-terr,native
A-086,1,A,1996-10-28,A-014,A-014,,1,FALSE,1,,,,,native
A-087,1,A,1996-10-28,A-014,A-014,A-051,2,TRUE,2,Hamisi,,,,native
A-088,2,A,1996-12-12,A-001,A-001,,1,FALSE,1,,,,,native
A-089,1,A,1996-12-12,A-001,A-001,,2,TRUE,2,,,,,native
A-090,1,A,1997-01-20,A-015,A-015,,1,FALSE,1,,,,,native
A-091,1,A,1997-01-20,A-015,A-015,,2,FALSE,2,,,,,native
A-092,1,A,1996-10-29,A-016,A-016,A-011,,TRUE,,,,,,native
A-093,1,A,1996-12-26,,,,,TRUE,,Vamizi,,,mother might be A-017,native
A-094,,A,1997-05-07,A-004,A-004,,,FALSE,,,,,,native
A-095,1,A,1996-11-20,,,,,FALSE,,,,,,native
A-096,2,A,1997-06-12,A-003,A-003,,1,FALSE,1,,,,,native
A-097,1,A,1997-06-12,A-003,A-003,,2,FALSE,2,,,,,native
A-098,2,A,1997-07-22,A-010,A-010,,1,FALSE,1,,,,,native
A-099,1,A,1997-07-22,A-010,A-010,,2,FALSE,2,,,,,native
A-100,1,A,1997-08-15,A-006,A-006,A-045,,TRUE,,,,shot by rangers,shot by rangers in F-terr,native
A-101,2,A,1998-01-18,A-001,A-001,A-045,,TRUE,,,,,,native
A-102,2,A,1998-06-15,A-016,A-016,A-051,1,TRUE,1,,,,,native
A-103,1,A,1998-06-15,A-016,A-016,,2,TRUE,2,,,shot by rangers,shot by rangers in F-terr,native
A-104,2,A,1998-08-15,A-003,A-003,A-045,,TRUE,,,,,,native
A-105,2,A,1998-10-15,A-010,A-010,,1,TRUE,1,,,,,native
A-106,2,A,1998-10-15,A-010,A-010,,2,TRUE,2,,,,,native
A-107,2,A,1999-03-17,A-001,A-001,A-011,1,TRUE,1,,,,,native
A-108,2,A,1999-03-17,A-001,A-001,A-011,2,TRUE,2,,,,,native
A-109,1,A,1999-04-20,A-009,A-009,A-051,,TRUE,,,,,,native
A-110,2,A,1999-09-04,A-080,A-080,,,TRUE,,,,,,native
A-111,1,A,1998-03-15,A-020,A-020,,,TRUE,,,,,,native
A-112,2,A,1998-03-03,,,,,FALSE,,,,,,native
A-113,1,A,1995-12-25,,,,,FALSE,,,,,,native
A-114,2,A,1997-08-23,A-013,A-013,A-050,,TRUE,,,,,,native
A-115,2,A,1999-11-13,A-020,A-020,A-051,1,TRUE,1,,,,,native
A-116,2,A,1999-11-14,A-015,A-015,A-051,,TRUE,,,,,,native
A-117,1,A,1999-11-28,A-006,A-006,M-041,,TRUE,,,,,,native
A-118,1,A,1999-11-13,A-020,A-020,A-051,2,TRUE,2,,,,,native
A-119,2,A,1999-12-03,A-013,A-013,A-040,1,TRUE,1,,,,,native
A-120,2,A,1999-12-03,A-013,A-013,,2,FALSE,2,,,,,native
A-121,1,A,2000-02-09,A-003,A-003,M-051,,TRUE,,,,shot by rangers,shot by rangers in F-terr,native
A-122,1,A,2000-04-01,A-016,A-016,M-053,1,TRUE,1,,,,,native
A-123,1,A,2000-04-01,A-016,A-016,M-053,2,TRUE,2,,,,,native
A-124,1,A,2000-04-21,A-081,A-081,M-051,,TRUE,,Msalaba,,,,native
A-125,1,A,2000-06-25,A-009,A-009,A-040,1,TRUE,1,,,,,native
A-126,1,A,2000-06-25,A-009,A-009,,2,FALSE,2,,,,,native
A-127,1,A,2000-07-25,A-001,A-001,A-042,1,TRUE,1,,,shot by rangers (?),,native
A-128,1,A,2000-07-25,A-001,A-001,A-042,2,TRUE,2,Kipimo,,,,native
A-129,2,A,2000-09-11,A-080,A-080,M-051,1,TRUE,1,,,,,native
A-130,1,A,2000-09-11,A-080,A-080,M-051,2,TRUE,2,,,,,native
A-131,1,A,2001-02-25,A-006,A-006,A-011,1,TRUE,1,,,,,native
A-132,2,A,2001-02-25,A-006,A-006,A-011,2,TRUE,2,Baerli,,,,native
A-133,2,A,2001-04-20,A-003,A-003,,1,FALSE,1,,,,,native
A-134,1,A,2001-04-20,A-003,A-003,,2,FALSE,2,,,,,native
A-135,2,A,2001-04-10,A-114,A-114,X-017,1,TRUE,1,,,,,native
A-136,2,A,2001-04-10,A-114,A-114,X-017,2,TRUE,2,,,,,native
A-137,1,A,2000-12-11,A-015,A-015,M-051,,TRUE,,Shiriki,,,,native
A-138,1,A,2001-02-15,A-081,A-081,M-051,,TRUE,,,,,,native
A-139,2,A,2001-05-05,A-020,A-020,M-051,1,TRUE,1,,,,,native
A-140,2,A,2001-05-05,A-020,A-020,M-051,2,TRUE,2,,,,,native
A-141,,A,2001-10-02,A-013,A-013,,1,FALSE,1,,,,,native
A-142,1,A,2001-10-02,A-013,A-013,M-051,2,TRUE,2,,,,,native
A-143,2,A,2001-11-18,A-009,A-009,M-051,,TRUE,,,,,,native
A-144,2,A,2002-03-01,A-101,A-101,M-053,,TRUE,,,,,,native
A-145,2,A,2002-05-21,A-003,A-003,A-051,1,TRUE,1,,,,,native
A-146,1,A,2002-05-01,A-001,A-001,A-011,,TRUE,,Nondo,,,,native
A-147,,A,2002-05-21,A-003,A-003,,2,FALSE,2,,,,,native
A-148,1,A,2002-04-11,A-105,A-105,X-017,1,TRUE,1,Tofali,,,,native
A-149,2,A,2002-04-11,A-105,A-105,X-017,2,TRUE,2,,,,,native
A-150,1,A,2002-07-28,A-114,A-114,M-053,1,TRUE,1,Jibini,,,,native
A-151,1,A,2002-07-28,A-114,A-114,M-053,2,TRUE,2,Panzi,,,,native
A-152,1,A,2002-08-12,A-006,A-006,,1,FALSE,1,,,,,native
A-153,,A,2002-08-12,A-006,A-006,,2,FALSE,2,,,,,native
A-154,2,A,2002-12-10,A-119,A-119,M-041,1,TRUE,1,,,,,native
A-155,2,A,2002-12-10,A-119,A-119,,2,TRUE,2,,,,,native
A-156,1,A,2002-11-20,A-016,A-016,,,FALSE,,,,,,native
A-157,,A,2002-11-30,,,,1,FALSE,1,,,,,native
A-158,,A,2002-11-30,,,,2,FALSE,2,,,,,native
A-159,2,A,2002-12-17,A-013,A-013,X-017,1,TRUE,1,,,,,native
A-160,1,A,2002-12-17,A-013,A-013,,2,FALSE,2,,,,,native
A-161,,A,2002-12-23,A-080,A-080,,,FALSE,,,,,,native
A-162,,A,2003-01-07,A-081,A-081,,,FALSE,,A-cub1,,,,native
A-163,1,A,2003-01-01,A-106,A-106,M-053,,TRUE,,A-cub5,2006-02-08,lions,"lions, neck broken, paralised, puncture holes on neck and both sides of body, lungs punctured/collapsed, stomach punctured, bleeding a lot from neck wounds, blood in lungs, liver, kidney",native
A-164,2,A,2002-07-25,A-102,A-102,L-108,,TRUE,,Hekima,,,,native
A-165,2,A,2003-05-31,A-009,A-009,A-051,1,TRUE,1,,,,,native
A-166,1,A,2003-05-31,A-009,A-009,A-051,2,TRUE,2,,,,,native
A-167,2,A,2003-06-28,A-080,A-116,A-092,1,TRUE,1,A-171,,,,native
A-168,1,A,2003-06-28,A-080,A-080,,,FALSE,2,,,,,native
A-169,,A,2003-07-09,A-015,A-015,,1,FALSE,1,,,,,native
A-170,,A,2003-07-09,A-015,A-015,,2,FALSE,2,,,,,native
A-171,,A,2003-07-25,A-016,A-016,,2,FALSE,2,,,,,native
A-172,2,A,2003-07-17,A-116,A-116,,2,FALSE,,,,,,native
A-173,2,A,2003-08-15,A-006,A-006,,,TRUE,,,,,,native
A-174,1,A,2004-03-02,A-114,A-114,M-053,,TRUE,,,,,,native
A-175,2,A,2004-04-13,A-135,A-135,,1,FALSE,1,,,,,native
A-176,1,A,2004-04-13,A-135,A-135,,2,FALSE,2,,,,,native
A-177,2,A,2004-04-16,A-003,A-003,,1,FALSE,1,,,,,native
A-178,2,A,2004-04-16,A-003,A-003,A-051,2,TRUE,2,,,,,native
A-179,1,A,2004-04-19,A-107,A-107,L-111,,TRUE,,,,,,native
A-180,2,A,2004-06-22,A-136,A-136,,1,FALSE,1,,,starvation,starved after mother died,native
A-181,1,A,2004-06-22,A-136,A-136,X-024,2,TRUE,2,,,starvation,starved after mother died,native
A-182,1,A,2004-09-05,A-106,A-106,X-024,,TRUE,,Jirani,,,,native
A-183,1,A,2004-09-06,A-102,A-102,L-108,1,TRUE,1,,,,,native
A-184,1,A,2004-09-06,A-102,A-102,L-108,2,TRUE,2,,,,,native
A-185,1,A,2004-10-27,A-016,A-016,A-051,,TRUE,,,,,,native
A-186,2,A,2004-11-21,A-135,A-135,X-017,1,TRUE,1,,,,,native
A-187,1,A,2004-11-21,A-135,A-135,X-017,2,TRUE,2,,,,,native
A-188,2,A,2004-11-14,A-001,A-001,,1,FALSE,1,,,,,native
A-189,1,A,2004-11-14,A-001,A-001,,2,FALSE,2,,,,,native
A-190,2,A,2004-12-12,,,,,FALSE,,,,,,native
A-191,2,A,2004-12-29,A-129,A-129,,,FALSE,,,,,,native
A-192,2,A,2005-01-13,A-114,A-116,L-108,,TRUE,1,,,,"reared by A-116, thought to be cub of A-116 born on 050112, but genetics show that it is second cub of A-114 that was adopted by A-116. A-116 must have had a litter at this time that she lost early, or A-193 is genetic cub of A-116 that was adopted by A-114.",native
A-193,2,A,2005-01-13,A-114,A-114,,,FALSE,2,,,starvation,starved after mother died,native
A-194,2,A,2005-01-28,A-013,A-013,A-051,1,TRUE,1,"Malkia, X-136",2019-07-06,disease,"Streptococcus, front leg and shoulder of ad HY found in A-territory, CW on by A-441 and given ID X-136. Could be A-194 who was last seen on 2019-07-03 with severe Streptococcus swelling. Confirmed by genetics.",native
A-195,2,A,2005-01-28,A-013,A-013,A-051,2,TRUE,2,,,,,native
A-196,1,A,2005-02-27,A-020,A-020,L-095,,TRUE,,,,,,native
A-197,2,A,2005-03-18,A-081,A-081,,1,FALSE,1,,,,,native
A-198,1,A,2005-03-18,A-081,A-081,X-017,2,TRUE,2,,,,,native
A-199,1,A,2005-05-08,A-119,A-119,L-108,,TRUE,,,,,,native
A-200,2,A,2005-08-02,A-009,A-009,X-024,1,TRUE,1,,,,,native
A-201,2,A,2005-08-02,A-009,A-009,X-024,2,TRUE,2,,,,,native
A-202,,A,2005-07-10,A-080,A-080,,1,FALSE,1,,,starvation,starved after mother died,native
A-203,1,A,2005-07-10,A-080,A-080,,2,FALSE,2,,,starvation,starved after mother died,native
A-204,2,A,2005-07-28,A-132,A-132,A-092,,TRUE,,,,,,native
A-205,2,A,2005-09-17,A-115,A-115,,,FALSE,,,,,,native
A-206,2,A,2005-10-22,A-001,A-001,L-138,,TRUE,,X-064,,,,native
A-207,2,A,2005-12-25,A-006,A-006,L-138,,TRUE,,,,,,native
A-208,1,A,2005-12-14,A-139,A-139,,1,FALSE,1,,,,,native
A-209,1,A,2005-12-14,A-139,A-139,X-024,2,TRUE,2,,,,,native
A-210,1,A,2006-01-27,A-015,A-015,X-017,,TRUE,,,,,,native
A-211,,A,2006-02-09,A-107,A-107,,,FALSE,,,,,,native
A-212,2,A,2006-02-06,A-164,A-164,,,FALSE,,,,,,native
A-213,1,A,2006-03-09,A-135,A-135,L-137,1,TRUE,1,A-mcub,,,,native
A-214,,A,2006-03-09,A-135,A-135,,2,FALSE,2,,,,,native
A-215,1,A,2006-07-17,A-106,A-106,M-051,1,TRUE,1,,,,thought to be cubs of A-145 but on 070626 seen su from A-106,native
A-216,1,A,2006-07-17,A-106,A-106,M-051,2,TRUE,2,,,,"bent left ear, thought to be cubs of A-145 but on 070626 seen su from A-106",native
A-217,1,A,2006-08-10,A-140,A-140,,,FALSE,,,,,,native
A-218,2,A,2006-08-01,A-081,A-081,,1,TRUE,1,,,,,native
A-219,1,A,2006-08-01,A-081,A-081,,2,TRUE,2,,,,,native
A-220,,A,2006-09-25,A-164,A-164,,,FALSE,,,,,,native
A-221,2,A,2006-10-16,A-119,A-119,L-095,,TRUE,,,,,"thought to be cub of A-013, but is genetic cub of A-119. Not seen su from either female, but prob adopted by A-013",native
A-222,1,A,2006-10-17,A-013,A-013,X-017,,TRUE,,Eado,,,,native
A-223,2,A,2007-03-09,A-115,A-115,X-017,,TRUE,,large,,,,native
A-224,2,A,2007-04-13,A-016,A-016,L-108,,TRUE,,light,,,,native
A-225,1,A,2007-04-20,A-132,A-132,X-024,1,TRUE,1,,,,,native
A-226,2,A,2007-04-20,A-132,A-132,X-024,2,TRUE,2,,,,,native
A-227,2,A,2007-06-17,A-116,A-116,L-128,,TRUE,,beauty,,,,native
A-228,2,A,2006-10-28,A-107,A-102,A-092,,TRUE,,,,,,native
A-229,2,A,2006-10-12,A-159,A-159,L-128,,TRUE,,,,,,native
A-230,2,A,2007-06-13,A-164,A-164,X-017,,TRUE,,dark,,,,native
A-231,1,A,2007-06-22,A-145,A-145,L-128,,TRUE,,,,,,native
A-232,2,A,2007-09-20,A-140,A-140,X-024,,TRUE,,well-fed,,,,native
A-233,2,A,2007-10-12,A-139,A-139,X-024,1,TRUE,1,,,,assigned to A-139 only on 083020 when both su from A-139,native
A-234,1,A,2007-10-12,A-139,A-139,X-024,2,TRUE,2,,,,,native
A-235,1,A,2007-11-14,A-195,A-195,L-128,1,TRUE,1,,,,,native
A-236,,A,2007-11-14,A-195,A-195,,2,FALSE,2,,,,,native
A-237,1,A,2008-01-29,A-194,A-194,L-128,2,TRUE,2,,,,,native
A-238,2,A,2008-01-29,A-194,A-194,L-128,1,TRUE,1,Kilema,,,,native
A-239,2,A,2008-02-05,A-106,A-106,X-024,1,TRUE,1,,,,,native
A-240,1,A,2008-02-05,A-106,A-106,X-024,2,TRUE,2,,,,,native
A-241,2,A,2008-02-27,A-119,A-119,M-051,1,TRUE,1,,,,,native
A-242,1,A,2008-02-27,A-119,A-119,,2,FALSE,2,,,,,native
A-243,2,A,2008-03-02,A-107,A-107,X-024,,TRUE,,,,,,native
A-244,2,A,2008-03-04,A-102,A-102,,,FALSE,,,,,,native
A-245,2,A,2008-08-30,A-081,A-081,L-137,1,TRUE,1,,,,,native
A-246,1,A,2008-08-30,A-081,A-081,,2,TRUE,2,,,,,native
A-247,2,A,2008-09-27,A-102,A-102,M-051,1,TRUE,1,,,,,native
A-248,1,A,2008-09-27,A-102,A-102,M-051,2,TRUE,2,,2011-02-08,lions,"lions, deadly injuries",native
A-249,,A,2008-10-05,A-164,A-164,,,FALSE,,,,,,native
A-250,2,A,2008-10-23,A-116,A-116,L-095,1,TRUE,1,Ritalina,,,,native
A-251,,A,2008-10-23,A-116,A-116,,2,FALSE,2,,,,,native
A-252,2,A,2008-10-25,A-192,A-192,L-137,1,TRUE,1,,,,"on 090721 A-192 su 2 cubs for an extended time, one is A-252, the other what we termed A-249?. Either A-192 had two from the beginning but several times su only A-252, or she adopted either A-251 or A-249. Genetics show that A-192 has two cubs - A-164 must have lost her cub. Second cub of A-192 given the number A-253 and other cubs given following numbers",native
A-253,2,A,2008-10-25,A-192,A-192,L-137,2,TRUE,2,,,,,native
A-254,1,A,2009-02-21,A-139,A-139,M-203,,TRUE,,,,,,native
A-255,2,A,2009-02-22,A-140,A-140,L-137,,TRUE,,,,,,native
A-256,2,A,2009-03-01,A-145,A-145,X-017,2,TRUE,2,,,,,native
A-257,1,A,2009-03-01,A-145,A-145,X-017,1,TRUE,1,,,,,native
A-258,1,A,2009-06-01,A-204,A-204,M-203,,TRUE,,,,,,native
A-259,2,A,2009-06-12,A-194,A-194,F-112,1,TRUE,1,,,,,native
A-260,2,A,2009-06-12,A-194,A-194,L-196,2,TRUE,2,,,,,native
A-261,1,A,2009-08-02,A-119,A-119,M-203,,TRUE,,,,,,native
A-262,2,A,2009-09-01,A-107,A-107,,1,TRUE,1,Kina,,,,native
A-263,1,A,2009-09-01,A-107,A-107,,2,TRUE,2,Mtindo,,,,native
A-264,1,A,2009-09-12,A-195,A-195,L-196,1,TRUE,1,,,,,native
A-265,2,A,2009-09-12,A-195,A-195,L-128,2,TRUE,2,,,,,native
A-266,2,A,2009-09-24,A-106,A-106,L-196,1,TRUE,1,,,,,native
A-267,2,A,2009-09-24,A-106,A-106,L-196,2,TRUE,2,,,,,native
A-268,1,A,2009-10-20,A-006,A-006,,,FALSE,,,,,,native
A-269,,A,2009-11-28,A-229,A-229,,1,FALSE,1,,,,,native
A-270,,A,2009-11-28,A-229,A-229,,2,FALSE,2,,,,,native
A-271,1,A,2010-01-24,A-164,A-164,,1,FALSE,1,,,,,native
A-272,1,A,2010-01-24,A-164,A-164,,2,FALSE,2,,,,,native
A-273,2,A,2010-01-29,A-206,A-206,F-112,2,TRUE,2,,,,,native
A-274,1,A,2010-01-29,A-206,A-206,F-112,1,TRUE,1,,,,,native
A-275,1,A,2010-02-18,A-178,A-178,L-128,,TRUE,,,,,,native
A-276,1,A,2010-05-10,A-139,A-139,X-024,1,TRUE,1,,,,,native
A-277,1,A,2010-05-10,A-139,A-139,X-024,2,TRUE,2,,,,,native
A-278,2,A,2010-05-15,A-102,A-102,X-017,,TRUE,1,,,,,native
A-279,2,A,2010-05-20,A-192,A-192,X-024,2,TRUE,2,,,,,native
A-280,1,A,2010-05-20,A-192,A-192,X-024,1,TRUE,1,,,,,native
A-281,2,A,2010-06-14,A-229,A-229,S-123,1,TRUE,1,,,,,native
A-282,1,A,2010-06-14,A-229,A-229,S-123,2,TRUE,2,,,,,native
A-283,2,A,2010-06-24,A-140,A-140,M-203,1,TRUE,1,X-087,,,,native
A-284,2,A,2010-06-24,A-140,A-140,X-072,2,TRUE,2,,,,,native
A-285,1,A,2010-05-15,A-102,A-145,X-017,1,TRUE,2,,,,,native
A-286,2,A,2010-06-30,A-145,A-145,F-112,2,TRUE,,,,,,native
A-287,2,A,2010-07-05,A-238,A-238,M-203,,TRUE,,Sipahi,2019-06-18,disease,Streptococcus,native
A-288,1,A,2010-07-10,A-194,A-194,S-091,1,TRUE,1,,,,,native
A-289,1,A,2010-07-10,A-194,A-194,S-091,2,TRUE,2,,,,,native
A-290,2,A,2010-07-25,A-204,A-204,M-203,1,TRUE,1,,,,,native
A-291,1,A,2010-08-07,A-116,A-116,L-128,2,TRUE,2,Msaidizi,,,,native
A-292,1,A,2010-07-25,A-204,A-204,X-068,2,TRUE,2,,,,,native
A-293,1,A,2010-08-07,A-116,A-116,L-128,1,TRUE,1,,,,,native
A-294,1,A,2010-10-01,A-006,A-006,,,FALSE,,,,,,native
A-295,1,A,2010-10-15,A-221,A-221,S-123,,TRUE,,,,,,native
A-296,1,A,2011-02-05,A-230,A-230,S-123,,TRUE,,AcubA,,,,native
A-297,1,A,2011-02-07,A-119,A-119,M-224,,TRUE,,AcubF,,,,native
A-298,2,A,2011-02-10,A-107,A-107,M-203,1,TRUE,1,AcubC,,,,native
A-299,1,A,2011-02-10,A-107,A-107,M-203,2,TRUE,2,"AcubB, X-089",,,thought to be immigrant X-089 from outside estimated to be born 2011-06-09,native
A-300,1,A,2011-02-16,A-106,A-106,X-017,,TRUE,,,,,,native
A-301,2,A,2011-03-02,A-195,A-195,X-024,1,TRUE,1,"Kursi, AcubD",,,,native
A-302,2,A,2011-03-02,A-195,A-195,X-024,2,TRUE,2,"Yoshi, AcubE",,,,native
A-303,2,A,2011-05-04,A-164,A-164,X-017,1,TRUE,1,AcubG,,,,native
A-304,2,A,2011-05-04,A-164,A-164,X-017,2,TRUE,2,"Kataa, AcubH",,,,native
A-305,2,A,2011-06-12,A-194,A-194,M-224,1,TRUE,1,Muskarana,,,,native
A-306,1,A,2011-06-12,A-194,A-194,L-137,2,TRUE,2,,,,,native
A-307,1,A,2011-09-07,A-259,A-259,S-123,,TRUE,,,,,,native
A-308,1,A,2011-10-18,A-206,A-206,,1,FALSE,1,,,,,native
A-309,1,A,2011-10-18,A-206,A-206,,2,FALSE,2,,,,,native
A-310,2,A,2012-11-15,A-116,A-116,M-224,,TRUE,,A-331?,,,,native
A-311,1,A,2011-11-20,A-139,A-139,,1,FALSE,1,,,,,native
A-312,1,A,2011-11-20,A-139,A-139,,2,FALSE,2,,,,,native
A-313,2,A,2011-12-13,A-260,A-238,M-224,,TRUE,,,,,reared by A-238,native
A-314,1,A,2011-12-20,A-140,A-140,,,FALSE,,,,,,native
A-315,2,A,2011-12-29,A-192,A-192,M-203,,TRUE,,,,disease,,native
A-316,2,A,2012-01-20,A-233,A-233,F-128,1,TRUE,1,,,,,native
A-317,2,A,2012-01-20,A-233,A-233,,2,FALSE,2,,,,,native
A-318,2,A,2012-01-23,A-227,A-227,M-203,1,TRUE,1,,,,,native
A-319,1,A,2012-01-23,A-227,A-227,M-203,2,TRUE,2,,,,,native
A-320,,A,2012-01-27,,,,,FALSE,,,,disease,,native
A-321,,A,2012-04-19,A-145,A-145,,,FALSE,,,,,,native
A-322,,A,2012-04-22,A-116,A-116,,,FALSE,,,,disease,,native
A-323,2,A,2012-04-25,A-178,A-178,S-123,,TRUE,,A-female2,,,,native
A-324,2,A,2012-05-01,A-145,A-102,X-063,,TRUE,,A-female3,,,,native
A-325,1,A,2012-06-11,,,,,FALSE,,A-cub2,,,,native
A-326,2,A,2012-07-15,A-194,A-194,F-128,1,TRUE,1,Makini,,,,native
A-327,1,A,2012-07-15,A-194,A-194,F-128,2,TRUE,2,,2018-08-10,disease,died after consuming a dead hyena near ranger post according to rangers,native
A-328,1,A,2012-08-15,A-195,A-195,L-128,1,TRUE,1,,,,,native
A-329,2,A,2012-08-15,A-195,A-195,L-128,2,TRUE,2,Sanaa,,,,native
A-330,1,A,2012-08-15,A-195,A-195,,3,FALSE,3,,,,,native
A-331,1,A,2012-08-20,A-230,A-230,,1,FALSE,1,,,starvation,starved after mother died,native
A-332,1,A,2012-08-20,A-230,A-230,,2,FALSE,2,,,starvation,starved after mother died,native
A-333,1,A,2012-08-25,A-250,A-250,X-063,,TRUE,,,,,,native
A-334,2,A,2012-10-26,A-259,A-259,M-224,1,TRUE,1,,,,,native
A-335,2,A,2012-10-26,A-259,A-259,F-128,2,TRUE,2,,,,,native
A-336,1,A,2013-01-06,A-164,A-164,,,FALSE,,,,,,native
A-337,1,A,2013-04-08,A-106,A-106,M-224,1,TRUE,1,,,,,native
A-338,1,A,2013-04-08,A-106,A-106,M-224,2,TRUE,2,Kahawa,,,,native
A-339,2,A,2013-05-12,A-247,A-247,F-147,1,TRUE,1,,,,,native
A-340,1,A,2013-05-12,A-247,A-247,F-147,2,TRUE,2,,,,,native
A-341,2,A,2013-06-05,A-265,A-265,A-246,,TRUE,,,,,mother derived from genetic data (not seen suckling),native
A-342,2,A,2013-06-28,A-229,A-229,,1,FALSE,1,,,,,native
A-343,1,A,2013-06-28,A-229,A-229,M-224,2,TRUE,2,"X-158, A-cut_muzzle",,,,native
A-344,2,A,2013-07-20,A-221,A-221,M-224,1,TRUE,1,,,,,native
A-345,1,A,2013-07-20,A-221,A-221,M-224,2,TRUE,2,"Mchini, X-102",,,,native
A-346,1,A,2013-08-04,A-305,A-305,F-135,,TRUE,,Muhanga,,,,native
A-347,1,A,2013-09-06,A-232,A-232,,1,FALSE,1,,,,,native
A-348,1,A,2013-09-06,A-232,A-232,,2,FALSE,2,,,,,native
A-349,1,A,2013-09-08,A-145,A-145,X-063,1,TRUE,,,,,"mother derived from genetic data (not seen suckling), likely was adopted because A-145 last seen before conception of A-349",native
A-350,1,A,2013-09-08,A-145,A-145,,2,FALSE,,,,,,native
A-351,2,A,2012-03-27,A-229,A-229,M-224,,TRUE,,A-cub1,,,mother derived from genetic data (not seen suckling),native
A-352,2,A,2013-11-17,A-255,A-255,F-146,,TRUE,,A-361,,,mother derived from genetic data (not seen suckling),native
A-353,2,A,2013-07-12,A-194,A-194,X-063,1,TRUE,1,Aurat,,,mother derived from genetic data (not seen suckling),native
A-354,1,A,2013-07-22,A-252,A-252,,,FALSE,,,,,,native
A-355,2,A,2013-08-15,A-238,A-238,A-261,,TRUE,,Hafla,,,mother derived from genetic data (not seen suckling),native
A-356,1,A,2013-07-12,A-194,A-194,M-224,2,TRUE,2,,,,mother derived from genetic data (not seen suckling),native
A-357,2,A,2013-11-23,A-267,A-267,F-139,1,TRUE,1,,,,mother derived from genetic data (not seen suckling),native
A-358,,A,2013-11-23,A-267,A-267,,2,FALSE,2,,,,,native
A-359,2,A,2014-01-22,A-195,A-195,L-128,1,TRUE,1,,,,,native
A-360,1,A,2014-03-04,A-281,A-281,A-263,,TRUE,,A-male2,,,mother derived from genetic data (not seen suckling),native
A-361,2,A,2013-08-20,A-266,A-266,F-146,,TRUE,,Enigma,,,,native
A-362,1,A,2014-01-27,A-284,A-284,,,FALSE,,,,,,native
A-363,1,A,2014-02-22,A-245,A-245,F-146,1,TRUE,1,,,,,native
A-364,1,A,2014-02-22,A-245,A-245,F-146,2,TRUE,2,,,,,native
A-365,2,A,2014-03-19,A-286,A-286,F-139,1,TRUE,1,,,,,native
A-366,,A,2014-03-19,A-286,A-286,,2,FALSE,2,,,,either is A-366 that was adopted by A-238 or sample/faeces not taken from A-382 but confused with faeces of A-365 (A-382 + A-365 have exactly the same alleles),native
A-367,2,A,2014-03-26,A-273,A-273,F-139,,TRUE,,,,,,native
A-368,2,A,2014-04-03,A-262,A-262,,,TRUE,1,A-nice,,,thought to be cub of A-262 and given birth date 2014-04-07. Then genetics suggest that A-178 is genetic mothersuggesting that A-262 must have had cubs that died early as she was not seen suckling cubs other than A-368. BUT this was based on a confusion of samples. Re-analysis of sample of A-368 is under-way.,native
A-369,1,A,2014-05-26,A-287,A-287,X-063,1,TRUE,1,A-dark,,,,native
A-370,1,A,2014-05-26,A-287,A-287,X-063,2,TRUE,2,A-ear notch,,,,native
A-371,1,A,2014-06-02,A-250,A-250,F-147,,TRUE,,A-male3,,,,native
A-372,1,A,2014-01-22,A-195,A-195,L-128,2,TRUE,2,A-3xx,,,,native
A-373,1,A,2014-01-10,A-259,A-259,X-063,1,TRUE,1,Robo,,,mother derived from genetic data (not seen suckling),native
A-374,1,A,2014-01-10,A-259,A-259,X-063,2,TRUE,2,T-shingo_ndefu,,,mother derived from genetic data (not seen suckling),native
A-375,2,A,2014-04-15,A-301,A-301,F-147,,TRUE,,A-female2,,,,native
A-376,1,A,2014-03-10,A-164,A-164,M-289,,TRUE,,A-male1,,,,native
A-377,1,A,2014-04-07,A-178,A-178,F-139,,TRUE,2,"Bahari, A-cubX",,,,native
A-378,2,A,2014-06-18,A-265,A-265,F-146,1,TRUE,1,"Etana, A-shy",,,,native
A-379,2,A,2014-06-18,A-265,A-265,F-146,2,TRUE,2,A-cubY,,,,native
A-380,1,A,2014-01-08,A-116,A-116,F-146,,TRUE,,A-light,,,,native
A-381,2,A,2014-02-14,A-238,A-238,M-289,1,TRUE,1,A-female1,,,,native
A-382,1,A,2014-02-14,A-238,A-238,M-289,2,TRUE,2,A-male5,,,either is A-366 that was adopted by A-238 or sample/faeces not taken from A-382 but confused with faeces of A-365 (A-382 + A-365 have exactly the same alleles),native
A-383,1,A,2014-07-03,A-194,A-194,M-264,,TRUE,,,,,,native
A-384,1,A,2014-07-27,A-283,A-283,F-147,,TRUE,,,,,,native
A-385,1,A,2014-09-09,A-305,A-305,A-257,,TRUE,,A-beauty,,,,native
A-386,1,A,2014-10-02,A-326,A-326,A-261,,TRUE,,,,,,native
A-387,1,A,2014-10-18,A-302,A-302,,1,FALSE,1,,,,,native
A-388,,A,2014-10-18,A-302,A-302,,2,FALSE,2,,,,,native
A-389,,A,2014-10-28,,,,,FALSE,,,,,,native
A-390,1,A,2015-03-02,A-194,A-194,F-146,,TRUE,,large dark,,,,native
A-391,1,A,2015-06-17,A-252,A-252,F-146,,TRUE,,,,,,native
A-392,2,A,2015-06-23,A-267,A-267,F-147,1,TRUE,1,,,,,native
A-393,2,A,2015-06-23,A-267,A-267,F-147,2,TRUE,2,,,,,native
A-394,1,A,2015-06-25,A-247,A-247,F-128,1,TRUE,1,,,,A-129 also suckling,native
A-395,1,A,2015-06-25,A-247,A-247,F-128,2,TRUE,2,,,,A-129 also suckling,native
A-396,2,A,2015-07-22,A-273,A-273,,,TRUE,,,,,,native
A-398,1,A,2015-08-19,A-259,A-259,X-063,1,TRUE,1,,,,,native
A-399,1,A,2015-08-19,A-259,A-259,X-063,2,TRUE,2,,,,,native
A-400,1,A,2015-09-22,A-304,A-302,F-167,1,TRUE,1,,,,birthday given before genetics: 2015-08-26,native
A-401,1,A,2015-09-03,A-164,A-302,X-063,2,TRUE,1,,,,birthday given before genetics: 2015-08-26,native
A-402,2,A,2015-09-03,A-164,A-238,F-160,1,TRUE,2,,,,birthday given before genetics: 2015-09-12,native
A-403,1,A,2015-09-12,A-255,A-238,F-146,2,TRUE,1,,,,birthday given before genetics: 2015-09-12,native
A-404,1,A,2015-09-12,A-255,A-255,F-146,1,TRUE,2,,,,birthday given before genetics: 2015-09-20,native
A-405,1,A,2015-09-29,A-238,A-255,F-146,2,TRUE,1,,,,birthday given before genetics: 2015-09-20,native
A-406,1,A,2015-09-29,A-238,A-164,X-063,1,TRUE,2,,,,birthday given before genetics: 2015-10-08,native
A-407,1,A,2015-10-11,A-302,A-164,A-276,2,TRUE,1,,,,birthday given before genetics: 2015-10-08,native
A-408,1,A,2015-10-11,A-302,A-304,A-276,2,TRUE,2,Trey,,,birthday given before genetics: 2015-10-15,native
A-409,2,A,2015-09-22,A-304,A-304,F-146,1,TRUE,2,A-mama_unknown,,,birthday given before genetics: 2015-10-15,native
A-410,1,A,2015-08-22,,,,,FALSE,,,,,,native
A-411,1,A,2016-01-02,A-194,A-194,F-147,1,TRUE,1,,,,,native
A-412,1,A,2016-01-02,A-194,A-194,M-231,2,TRUE,2,Mpole,,,,native
A-413,1,A,2016-01-10,A-305,A-305,F-128,1,TRUE,1,,,,,native
A-414,1,A,2015-12-15,A-298,A-298,,,FALSE,,,,,,native
A-415,1,A,2016-01-03,A-301,A-301,F-167,1,TRUE,1,,,,,native
A-416,2,A,2016-01-03,A-301,A-301,X-024,2,TRUE,2,,,,,native
A-417,2,A,2016-01-05,A-195,A-195,F-146,,TRUE,,,,,,native
A-418,1,A,2016-01-10,A-305,A-305,A-263,2,TRUE,2,Finesse,,,,native
A-419,2,A,2016-01-15,A-221,A-221,X-063,,TRUE,,,,,,native
A-420,1,A,2016-01-23,A-266,A-266,,1,FALSE,1,,,,not sure about maternity,native
A-421,2,A,2016-01-23,,,,2,FALSE,2,,,,,native
A-422,2,A,2016-01-26,A-265,A-265,F-128,1,TRUE,1,,,lions,"last sight with large puncture hole, fresh bleeding",native
A-423,1,A,2016-01-26,A-265,A-265,F-128,2,TRUE,2,,,,,native
A-424,2,A,2016-02-10,A-287,A-287,A-261,1,TRUE,1,Jaldi,,,,native
A-425,1,A,2016-02-10,A-287,A-287,,2,FALSE,2,A2,,,,native
A-426,1,A,2016-02-19,A-262,A-262,F-146,1,TRUE,1,,,,,native
A-427,1,A,2016-02-19,A-262,A-262,F-146,2,TRUE,2,,,,,native
A-428,2,A,2016-03-12,A-335,A-335,N-183,,TRUE,,,,,,native
A-429,2,A,2016-04-04,A-326,A-326,A-261,1,TRUE,1,"Vosnos, A5",,,one of these thought to be cub of A-245,native
A-430,1,A,2016-04-04,A-326,A-326,A-276,2,TRUE,2,"Harappa, A8",,,one of these thought to be cub of A-245,native
A-431,1,A,2016-06-25,A-353,A-353,A-261,,TRUE,,Mehrgarh,,,,native
A-432,1,A,2016-06-18,A-323,A-323,A-261,1,TRUE,1,A3,,,,native
A-433,2,A,2016-06-18,A-323,A-323,A-261,2,TRUE,2,A4,,,,native
A-434,1,A,2016-04-24,A-178,A-178,N-183,,TRUE,,,,,,native
A-435,2,A,2016-03-08,A-245,A-245,F-146,,TRUE,,"Kijiko, A6",,,should be cub of A-245 because A-245 thought to have suckled cubs,native
A-436,2,A,2016-08-13,A-334,A-334,A-276,1,TRUE,1,"Kiporo, A11",,,,native
A-437,1,A,2016-08-13,A-334,A-334,,2,FALSE,2,A10,,,,native
A-438,1,A,2016-09-18,A-284,A-284,,,TRUE,,A12,,,,native
A-441,2,A,2016-11-24,A-267,A-267,F-146,1,TRUE,1,S-light,,,,native
A-442,1,A,2016-11-24,A-267,A-267,F-146,2,TRUE,2,,,,,native
A-443,1,A,2016-12-06,A-232,A-232,F-147,1,TRUE,1,,,,,native
A-444,1,A,2016-12-06,A-232,A-232,F-147,2,TRUE,2,,,,,native
A-445,2,A,2016-12-24,A-194,A-194,A-386,,TRUE,,"Fianna, A-unknown",,,,native
A-446,2,A,2017-01-20,A-305,A-305,F-167,1,TRUE,1,,,,,native
A-447,1,A,2017-01-20,A-305,A-305,F-167,2,TRUE,2,,,,,native
A-448,1,A,2017-02-02,A-355,A-355,F-146,1,TRUE,1,A-skinny,,,,native
A-449,2,A,2017-01-22,A-259,A-259,F-146,1,TRUE,1,,,,,native
A-450,1,A,2017-03-01,A-335,A-335,A-276,1,TRUE,1,,,,"might have died and then another, younger cub (i.e. of A-313) started SU from A-335",native
A-451,1,A,2017-03-01,A-335,A-335,A-276,2,TRUE,2,,,,suckled by A-335 but looks very different and older than A-450,native
A-452,2,A,2017-01-22,A-259,A-259,F-146,2,TRUE,2,A-spotty,,,,native
A-453,2,A,2017-02-02,A-355,A-355,F-160,2,TRUE,2,,,,,native
A-454,1,A,2017-02-12,A-283,A-283,F-146,,TRUE,,A-nice male,,,,native
A-455,2,A,2017-02-18,A-238,A-238,F-146,1,TRUE,1,A-cub1,,,,native
A-456,1,A,2017-02-18,A-238,A-238,F-146,2,TRUE,2,A-sampled,,,,native
A-457,2,A,2017-03-09,A-353,A-353,A-257,1,TRUE,1,,,,,native
A-458,1,A,2017-03-09,A-353,A-353,A-257,2,TRUE,2,Kuhani,,,,native
A-459,1,A,2017-03-20,A-247,A-247,N-183,1,TRUE,1,,,,,native
A-460,2,A,2017-03-20,A-247,A-247,N-183,2,TRUE,2,,,,,native
A-461,2,A,2017-03-18,A-195,A-195,M-289,1,TRUE,1,A-skinny,2018-12-07,disease/starved,"found dead 2018-12-07, seen very skinny on 2018-12-02, managed to pull hair from it without it moving",native
A-462,2,A,2017-03-18,A-195,A-195,M-289,2,TRUE,2,,,,,native
A-463,,A,2017-03-25,A-313,A-313,,,FALSE,,,,,"A-313 had cub but we do not know if A-463 is really her cub or a cub from another mother. If genetics show it is from another mother, then A-463 needs a different ID. On 171109 seen su from A-341; given new ID A-481.",native
A-464,2,A,2017-04-18,A-329,A-329,N-183,1,TRUE,1,A-newbie,,,,native
A-465,1,A,2017-04-18,A-329,A-329,N-183,2,TRUE,2,A-black,,,,native
A-466,2,A,2017-02-08,A-304,A-304,F-146,1,TRUE,1,A-shy,,,,native
A-467,2,A,2017-02-08,A-304,A-304,,2,FALSE,2,A-brown,,,,native
A-468,2,A,2017-03-16,A-252,A-252,F-146,,TRUE,,A-safi,,,,native
A-469,2,A,2017-06-04,A-302,A-302,A-263,,TRUE,,,,,,native
A-470,2,A,2017-06-26,A-326,A-326,A-261,1,TRUE,1,,,,,native
A-471,,A,2017-06-28,A-266,A-266,,1,FALSE,1,,,,,native
A-472,,A,2017-06-28,A-266,A-266,,2,FALSE,2,,,,,native
A-473,,A,2017-07-04,A-194,A-194,,1,FALSE,1,,,,,native
A-474,,A,2017-07-04,A-194,A-194,,2,FALSE,2,,,,,native
A-475,1,A,2017-07-07,A-265,A-265,F-146,,TRUE,,,,,,native
A-476,2,A,2017-06-26,A-326,A-326,A-261,2,TRUE,2,,,,,native
A-477,2,A,2017-07-14,A-301,A-301,F-128,1,TRUE,1,,,,,native
A-478,1,A,2017-07-14,A-301,A-301,F-128,2,TRUE,2,,,,,native
A-479,1,A,2017-07-19,A-255,A-255,F-128,1,TRUE,1,,,,,native
A-480,1,A,2017-07-19,A-255,A-255,,2,FALSE,2,,,,,native
A-481,1,A,2017-03-28,A-341,A-341,N-183,,TRUE,,A-kiwi,,,,native
A-482,2,A,2017-08-28,,,,,FALSE,,A-big,,,sample collected but it disappeared/never reached IZW,native
A-483,2,A,2017-10-25,A-221,A-221,F-167,,TRUE,,"Tewagi, A-cute fat",,,mother determined based on genetic data,native
A-484,1,A,2017-12-12,A-287,A-287,F-128,2,TRUE,2,A-287_cub1,,,"2019-06-24: A-485 CW on bone, seems dominant",native
A-485,1,A,2017-12-12,A-287,A-287,F-128,1,TRUE,1,A-287_cub2,,,"2019-06-24: A-485 CW on bone, seems dominant",native
A-486,2,A,2018-01-02,A-381,A-381,F-160,,TRUE,,A-381_cub,,,,native
A-487,2,A,2017-12-22,A-262,A-262,F-146,1,TRUE,1,A-Light1,,,,native
A-488,1,A,2017-12-22,A-262,A-262,F-160,2,TRUE,2,A-Light2,,,,native
A-489,1,A,2018-03-01,A-245,A-245,,1,FALSE,1,"Milos, A-Dark",,,,native
A-490,2,A,2018-03-01,A-245,A-245,,2,FALSE,2,A-Shiny,,,,native
A-491,2,A,2018-02-28,A-284,A-284,X-104,1,TRUE,2,A-spotty,,starvation,"seen last alive 2018-06-26, starved when (social?) mother disappeared for 19 months",native
A-492,,A,2018-02-28,A-284,A-284,,2,FALSE,3,A-tiny,,starvation,"seen last alive 2018-06-17, starved when mother disappeared for 19 months",native
A-493,2,A,2018-04-25,A-353,A-353,A-263,2,TRUE,2,"Vardahn, A-Black",2019-06-20,disease,Streptococcus,native
A-494,2,A,2018-04-25,A-353,A-353,A-263,1,TRUE,1,"Khagemba, A-Black2",,,,native
A-495,2,A,2018-05-27,A-194,A-194,F-167,1,TRUE,1,"Dharma, A-194_cub1",,,,native
A-496,2,A,2018-05-27,A-194,A-194,A-370,2,TRUE,2,"Arete, A-194_cub2",,,,native
A-497,1,A,2018-06-14,A-305,A-305,F-167,,TRUE,,Cona,,,,native
A-498,2,A,2018-05-12,A-326,A-326,,,FALSE,,spotty,,,,native
A-499,2,A,2018-06-11,A-359,A-359,A-263,,TRUE,,,,,,native
A-500,2,A,2018-06-23,A-238,A-238,,1,FALSE,1,A-Shaggy,,,,native
A-501,2,A,2018-06-23,A-238,A-238,,2,FALSE,2,A-Shaggy2,,,,native
A-502,2,A,2018-07-01,A-355,A-355,,,FALSE,,,,,,native
A-503,2,A,2018-07-04,A-259,A-259,,,FALSE,,,,,,native
A-504,1,A,2018-08-21,A-341,A-341,A-276,,TRUE,,"A-Stripes, A-fluffy",,,,native
A-505,2,A,2018-09-18,A-304,A-304,X-104,1,TRUE,1,A-Bone,,,,native
A-506,2,A,2018-09-18,A-304,A-304,X-104,2,TRUE,2,A-Bone2,,,,native
A-507,1,A,2018-10-01,A-339,A-339,,,TRUE,,"A-339_cub, X-135",2019-06-21,disease,"Streptococcus, foot of subadult that was carried around and eaten by A-470 and given ID X-135. Could be A-507 who died 2019-06-21 and was eaten by Airstrips 2019-06-22. ID confirmed by genetics.",native
A-508,2,A,2018-11-23,A-335,A-335,,,FALSE,,A-335_cub,,,,native
A-509,2,A,2018-02-28,A-284,A-284,X-104,,TRUE,1,A-Nice,,,first estimate of birth was 2018-06-23 but interbirth interval to A-491+A-492 would have been too short,native
A-510,1,A,2019-03-16,A-355,A-355,A-263,,TRUE,,,2019-06-16,disease,"Streptococcus, seen very ill on 2019-06-14 and found with big hole below throat when dead body examined",native
A-511,2,A,2019-04-24,A-429,A-429,,1,FALSE,1,,,,,native
A-512,1,A,2019-04-24,A-429,A-429,,2,FALSE,2,,,,,native
A-513,2,A,2019-05-01,A-287,A-287,,,FALSE,,stealer,,,not sure about maternity; starved after mother died?,native
A-514,1,A,2019-05-12,A-445,A-445,,,FALSE,,,,,,native
A-515,2,A,2019-02-12,A-232,A-232,F-146,,TRUE,,Heshima,,,,native
A-516,,A,2019-05-27,A-302,A-302,,,FALSE,,,,,,native
A-517,2,A,2019-06-03,A-313,A-313,F-167,,TRUE,,A-isolated,,,,native
A-518,2,A,2019-06-26,A-329,A-329,,1,TRUE,1,,,,,native
A-519,1,A,2019-06-26,A-329,A-329,,2,TRUE,2,,,,,native
A-520,2,A,2019-09-02,A-381,A-381,,1,FALSE,1,,,,,native
A-521,2,A,2019-09-02,A-381,A-381,F-167,2,TRUE,2,A-spotty,,,,native
A-522,2,A,2019-10-12,A-359,A-359,A-299,1,TRUE,1,A2,,,,native
A-523,1,A,2019-10-12,A-359,A-359,A-299,2,TRUE,2,A3,,,,native
A-524,,A,2019-10-18,A-305,A-305,,1,FALSE,1,A-chocolate1,,,could maybe be A4,native
A-525,,A,2019-10-18,A-305,A-305,,2,FALSE,2,A-chocolate2,,,,native
A-526,2,A,2019-10-23,A-238,A-238,A-395,,TRUE,,A1,,,,native
A-527,1,A,2019-11-18,A-355,A-355,A-338,,TRUE,,,,,,native
A-528,1,A,2019-11-20,A-365,A-365,F-214,,TRUE,,,,,,native
A-529,2,A,2019-11-22,A-445,A-445,A-338,,TRUE,,"Kombea, A-curious",,,,native
A-530,1,A,2019-11-25,A-284,A-284,,1,TRUE,1,"Tsaobis, A-male1",,,,native
A-531,1,A,2019-11-25,A-284,A-284,,2,FALSE,2,A-male2,,,,native
A-532,2,A,2019-11-29,A-304,A-304,F-146,1,TRUE,1,,,,,native
A-533,2,A,2019-11-29,A-304,A-304,F-146,2,TRUE,2,,,,,native
A-534,2,A,2020-03-02,A-302,A-302,F-146,1,TRUE,1,,,,,native
A-535,1,A,2020-03-02,A-302,A-302,F-146,2,TRUE,2,,,,,native
A-536,2,A,2020-01-24,A-341,A-341,A-257,,TRUE,,"A-341-cub, A-alone",,,,native
A-537,1,A,2020-03-20,A-262,A-262,F-146,,TRUE,,A-grey,,,,native
A-538,2,A,2020-04-24,A-298,A-298,F-219,1,TRUE,1,A-first spots1,,,"genetic data suggest that sample initially assigned to A-542 is from a cub of A-298, which must be A-538 or A-539. Analysis of second sample of A-542 will hopefully confirm this idea.",native
A-539,1,A,2020-04-24,A-298,A-298,,2,FALSE,2,A-first spots2,,,"genetic data suggest that sample initially assigned to A-542 is from a cub of A-298, which must be A-538 or A-539. Analysis of second sample of A-542 will hopefully confirm this idea.",native
A-540,1,A,2020-05-15,A-409,A-409,,,TRUE,,A-boy,,,,native
A-541,1,A,2020-05-28,A-476,A-476,F-214,,TRUE,,A-476_cub1,,,,native
A-542,2,A,2020-06-04,A-378,A-378,,,TRUE,,A-378_cub1,,,"genetic data suggest that sample initially assigned to A-542 is from a cub of A-298, which must be A-538 or A-539. Analysis of second sample of A-542 will hopefully confirm this idea.",native
A-543,1,A,2020-07-28,A-339,A-339,F-232,1,TRUE,1,A-339_cub1,,,,native
A-544,1,A,2020-07-28,A-339,A-339,,2,FALSE,2,A-339_cub2,,,,native
A-545,1,A,2020-07-14,A-232,A-232,F-232,,TRUE,,,,,,native
A-546,,A,2019-11-15,,,,,FALSE,,A4,,,,native
A-547,,A,2020-01-04,A-339,A-339,,,FALSE,,A-339_dark cub,,,,native
A-548,2,A,2021-01-19,A-329,A-329,F-146,1,TRUE,1,,,,,native
A-549,1,A,2021-01-19,A-329,A-329,F-146,2,TRUE,2,Chembe,,,,native
A-550,1,A,2021-01-22,A-381,A-381,A-338,1,TRUE,1,,,,,native
A-551,2,A,2021-01-22,A-381,A-381,A-299,2,TRUE,2,,,,,native
A-552,2,A,2021-01-25,A-238,A-238,F-230,2,TRUE,2,,,,,native
A-553,2,A,2021-01-25,A-238,A-238,F-230,1,TRUE,1,,,,dominant over A-552 at kill on 20210912,native
A-554,1,A,2021-01-28,A-355,A-355,A-257,1,TRUE,1,,,,,native
A-555,2,A,2021-01-28,A-355,A-355,A-257,2,TRUE,2,,,,,native
A-556,1,A,2021-02-03,A-313,A-313,A-257,,TRUE,,,,,,native
A-557,2,A,2021-03-09,A-359,A-359,A-257,,TRUE,,A-beautiful,,,,native
A-558,2,A,2021-03-31,A-445,A-445,F-221,2,TRUE,2,,,,,native
A-559,2,A,2021-03-31,A-445,A-445,F-221,1,TRUE,1,A-sampled1,,,substantially larger than A-558 -> adopted?,native
A-560,1,A,2021-03-17,A-441,A-441,F-214,,TRUE,,A-441_cub,,,,native
A-561,2,A,2021-04-14,A-435,A-435,F-214,1,TRUE,1,"Asilimia, A-shiny",,,,native
A-562,2,A,2021-04-14,A-435,A-435,F-214,2,TRUE,2,X-148; A-435_cub2,2021-08-21,infanticide?,,native
A-563,2,A,2021-04-22,A-365,A-365,F-214,,TRUE,,A-sampled2,,,,native
A-564,1,A,2021-05-04,A-304,A-304,,1,FALSE,1,A-304_male1,,,,native
A-565,1,A,2021-05-04,A-304,A-304,F-146,2,TRUE,2,A-304_male2,,,,native
A-566,2,A,2021-05-22,A-262,A-262,F-146,1,TRUE,1,A-262_cub1,,,,native
A-567,2,A,2021-05-22,A-262,A-262,,2,FALSE,2,A-262_cub2,,,,native
A-568,2,A,2021-06-08,A-284,A-284,,1,FALSE,1,,,,,native
A-569,1,A,2021-06-08,A-284,A-284,,2,FALSE,2,A-male3,,,,native
A-570,2,A,2021-07-21,A-409,A-409,E-277,1,TRUE,1,,,,,native
A-571,2,A,2021-07-21,A-409,A-409,E-277,2,TRUE,2,,,,,native
A-572,2,A,2021-08-10,A-341,A-341,F-146,,TRUE,,,,,,native
A-573,2,A,2021-09-02,A-483,A-483,E-277,,TRUE,,,,,,native
A-574,1,A,2021-09-11,A-476,A-476,F-224,,TRUE,,,,,,native
A-575,2,A,2022-01-20,A-355,A-355,A-257,1,TRUE,1,,,,,native
A-576,2,A,2022-01-20,A-355,A-355,A-257,2,TRUE,2,,,,,native
A-577,1,A,2022-02-01,A-302,A-302,F-221,1,TRUE,1,,,,,native
A-578,1,A,2022-02-01,A-302,A-302,E-277,2,TRUE,2,,,,more spots but submissive,native
A-579,1,A,2022-02-04,A-526,A-526,A-391,1,TRUE,1,A-shrinkear,,,,native
A-580,1,A,2022-02-04,A-526,A-526,F-146,2,TRUE,2,,,,,native
A-581,1,A,2022-02-11,A-381,A-381,F-221,,TRUE,,,,,,native
A-582,2,A,2022-02-15,A-238,A-238,A-391,,TRUE,,A-chubby female,,,,native
A-583,2,A,2022-02-24,A-436,A-436,,1,FALSE,1,,,,,native
A-584,1,A,2022-02-24,A-436,A-436,,2,TRUE,2,,,,,native
A-585,2,A,2022-03-30,A-313,A-313,F-146,,TRUE,,,,,,native
A-586,1,A,2022-04-03,A-521,A-521,F-214,,TRUE,,A-521_son,,,,native
A-587,1,A,2022-04-14,A-339,A-339,F-219,1,TRUE,1,,,,,native
A-588,1,A,2022-04-14,A-339,A-339,F-219,2,TRUE,2,,,,,native
A-589,2,A,2022-05-03,A-359,A-359,F-214,,TRUE,,,,,,native
A-590,2,A,2022-05-21,A-304,A-304,F-230,1,TRUE,1,,,,,native
A-591,2,A,2022-05-21,A-304,A-304,F-230,2,TRUE,2,,,,,native
A-592,1,A,2022-06-24,A-517,A-517,F-230,1,TRUE,1,,,,,native
A-593,1,A,2022-06-24,A-517,A-517,F-230,2,TRUE,2,,,,,native
A-594,1,A,2022-07-22,A-445,A-445,F-214,1,TRUE,1,,,,,native
A-595,2,A,2022-07-22,A-445,A-445,,2,TRUE,2,,,,,native
A-596,1,A,2022-08-12,A-329,A-329,A-257,,TRUE,,,,,,native
A-597,1,A,2022-08-13,A-378,A-378,,1,TRUE,1,,,,,native
A-598,2,A,2022-08-13,A-378,A-378,,2,FALSE,2,,,,,native
A-599,1,A,2022-08-16,A-470,A-470,F-224,1,TRUE,1,,,,,native
A-600,1,A,2022-08-16,A-470,A-470,F-224,2,TRUE,2,,,,,native
A-601,1,A,2022-10-28,A-441,A-441,,1,FALSE,1,,,,,native
A-602,1,A,2022-10-28,A-441,A-441,,2,FALSE,2,,,,,native
A-603,1,A,2022-11-22,A-381,A-381,,1,FALSE,1,,,,,native
A-604,,A,2022-11-22,A-381,A-381,,2,FALSE,2,,,,,native
A-605,,A,2022-11-27,A-365,A-365,,1,FALSE,1,,,,,native
A-606,,A,2022-11-27,A-365,A-365,,2,FALSE,2,,,,,native
A-607,,A,2022-12-01,A-238,A-238,,1,TRUE,1,,,,,native
A-608,1,A,2022-12-01,A-238,A-238,,2,TRUE,2,,,,,native
A-609,,A,2022-12-27,A-435,A-435,,,FALSE,,,,,,native
A-610,2,A,2023-02-12,A-526,A-526,,1,TRUE,1,A-526_cub1,,,,native
A-611,2,A,2023-02-12,A-526,A-526,,2,TRUE,2,A-526_cub2,,,,native
A-612,1,A,2023-05-13,,,,,TRUE,,A-male_sampled,,,,native
A-613,,A,2023-05-25,A-341,A-341,,,TRUE,,A-341_cub1,,,,native
A-614,1,A,2023-06-26,A-359,A-359,,1,TRUE,1,A-359_cub1,,,,native
A-615,2,A,2023-06-26,A-359,A-359,,2,TRUE,2,"A-359_cub2?, A-618/A-unknown1",,,,native
A-616,1,A,2023-07-27,A-518,A-518,,1,TRUE,1,A-518_cub1,,,,native
A-617,,A,2023-07-27,A-518,A-518,,2,TRUE,2,A-518_cub2,,,,native
A-618,2,A,2023-07-08,A-521,A-521,,1,TRUE,1,A-521_cub1,,,,native
A-619,1,A,2023-07-08,A-521,A-521,,2,TRUE,2,A-521_cub2,,,,native
A-620,2,A,2023-07-15,A-435,A-435,,,FALSE,,A-435_cub1,,,,native
A-621,2,A,2023-08-16,A-529,A-529,,,TRUE,,A-female3,,,,native
A-622,2,A,2023-09-02,A-355,A-355,,,FALSE,,A-355_cub1,,,,native
A-623,1,A,2023-08-25,A-483,A-483,,,FALSE,,A-male,,,,native
A-624,,A,2024-01-11,A-313,A-313,,,FALSE,,A-313_dark_cub,,,,native
A-625,,A,2024-01-23,A-381,A-381,,1,TRUE,1,A-381_dark_cub1,,,,native
A-626,,A,2024-01-23,A-381,A-381,,2,FALSE,2,A-381_dark_cub2,,,,native
A-627,2,A,2023-07-21,,,,,FALSE,,"A-cool, A-female_dirty, A-resting",,,,native
A-628,,A,2023-10-24,,,,,FALSE,,A-unknown_sex,,,,native
A-629,1,A,2023-11-19,,,,,FALSE,,A-624_maybe; A-male_nice,,,,native
A-630,,A,2024-02-15,A-534,A-534,,1,FALSE,1,A-534_cub1_maybe,,,,native
A-631,,A,2024-02-15,A-534,A-534,,2,FALSE,2,A-534_cub2_maybe,,,,native
A-632,,A,2023-11-20,,,,,FALSE,,lightcub,,,,native
B-001,2,B,1999-06-15,,,,,FALSE,,,,,,foreigner
B-002,,B,1998-12-15,,,,,FALSE,,,,,,foreigner
B-003,,B,1998-09-15,,,,,FALSE,,,,,,foreigner
C-001,2,C,1992-01-20,,,,,FALSE,,,,,,foreigner
C-002,2,C,1991-03-20,,,,,FALSE,,,,,,foreigner
C-003,,C,1995-03-27,,,,,FALSE,,,,,,foreigner
C-004,2,C,1985-03-21,,,,,TRUE,,X-003,1997-03-21,,,foreigner
C-005,,C,1988-09-27,,,,,FALSE,,,,,,foreigner
C-006,,C,1989-09-27,,,,,FALSE,,,,,,foreigner
C-007,,C,1990-03-27,,,,,FALSE,,,,,,foreigner
C-008,,C,1996-01-27,,,,,FALSE,,,,,,foreigner
C-009,,C,1998-11-15,,,,,FALSE,,,,,,foreigner
C-010,,C,2002-03-17,,,,,FALSE,,,,,,foreigner
C-011,,C,2004-03-17,,,,,FALSE,,,,,,foreigner
C-012,2,C,2016-08-18,,,,,FALSE,,C-mother1,,,,foreigner
C-013,2,C,2015-10-14,,,,,FALSE,,C-female,,,,foreigner
C-014,2,C,2017-02-11,,,,,FALSE,,,,,,foreigner
C-015,2,C,2018-01-15,,,,,FALSE,,,,,,foreigner
C-016,2,C,2007-12-10,,,,,FALSE,,C-adf scar forehead,,,,foreigner
C-017,2,C,2018-04-10,,,,,FALSE,,C-adf Whooper,,,,foreigner
C-018,2,C,2018-12-18,,,,,FALSE,,C-adf Poupette,,,,foreigner
C-020,2,C,2019-06-09,,,,,FALSE,,,,,,foreigner
C-021,2,C,2020-06-14,,,,,FALSE,,C-redhead,,,,foreigner
C-040,1,X,1989-04-14,,,,,FALSE,,,,,,foreigner
C-041,1,X,1992-03-21,,,,,FALSE,,,,,,foreigner
C-042,1,C,1996-12-05,,,,,FALSE,,,,,,foreigner
C-043,,C,1996-05-22,,,,,FALSE,,,,,,foreigner
C-080,,C,1996-01-20,,,,,FALSE,,,,,,foreigner
C-081,,C,1995-12-20,,,,,FALSE,,,,,,foreigner
C-082,,C,1996-06-20,,,,,FALSE,,,,,,foreigner
C-083,,C,1992-09-06,,,,,FALSE,,,,,,foreigner
C-084,,C,1997-11-20,,,,,FALSE,,,,,,foreigner
C-085,,C,1997-06-20,,,,,FALSE,,,,,,foreigner
C-086,,C,2020-01-03,,,,,FALSE,,C-calm,,,,foreigner
C-087,1,C,2020-11-08,,,,1,FALSE,1,C-dark1,,,,foreigner
C-088,1,C,2020-11-08,,,,2,FALSE,2,C-dark2,,,,foreigner
C-089,2,C,2020-04-14,,,,1,FALSE,1,C-spotty1,,,,foreigner
C-090,2,C,2020-04-14,,,,2,FALSE,2,"C-spotty2, C-019",,,,foreigner
C-091,1,C,2020-09-03,,,,1,FALSE,1,C-twin1,,,,foreigner
C-092,2,C,2020-09-03,,,,2,FALSE,2,C-twin2,,,,foreigner
C-093,,C,2021-02-11,,,,,FALSE,,C-subadult1,,,,foreigner
C-094,,C,2021-04-05,,,,,FALSE,,C-subadult2,,,,foreigner
C-095,,C,2021-09-09,,,,,FALSE,,C-subadult3,,,,foreigner
C-096,,C,2022-03-18,C-012,C-012,,1,FALSE,1,C-young1,,,,foreigner
C-097,,C,2022-03-18,C-012,C-012,,2,TRUE,2,C-young2,,,,foreigner
C-098,1,C,2022-06-10,,,,,FALSE,,C-young male,,,,foreigner
C-099,,C,2022-08-13,,,,,FALSE,,C5,,,,foreigner
C-100,,C,2023-01-21,,,,,FALSE,,C-cub1,,,,foreigner
C-101,,C,2023-02-28,,,,,FALSE,,C-cub2,,,,foreigner
E-001,2,E,1992-11-01,E-004,E-004,,,TRUE,,,,,,native
E-002,2,E,1988-04-01,,,,,FALSE,,,,,,native
E-003,2,E,1993-10-10,E-004,E-004,,,TRUE,,,,,,native
E-004,2,E,1986-03-02,,,,,TRUE,,,,old age?,,native
E-005,2,E,1995-03-02,,,,,FALSE,,,,,,native
E-006,2,E,1997-07-01,E-004,E-004,E-041,,TRUE,,,,,,native
E-040,1,X,1987-10-01,,,,,TRUE,,Baridi,,,,founder
E-041,1,X,1990-09-08,,,,,TRUE,,Jitu,,,,founder
E-042,1,E,1994-07-23,,,,,TRUE,,,,,,native
E-043,2,E,1995-10-17,,,,,TRUE,,,,,,native
E-044,1,E,1994-10-10,E-004,E-004,,,TRUE,,,,,,native
E-045,2,E,1995-06-30,E-001,E-001,,,TRUE,,,,,,native
E-046,1,E,1995-07-01,,,,,TRUE,,,,,,native
E-080,2,E,1996-02-01,E-004,E-004,,,TRUE,,,,,,native
E-082,,E,1997-02-24,E-001,E-001,,1,FALSE,1,,,,,native
E-083,2,E,1997-02-24,E-001,E-001,E-040,2,TRUE,2,,,,,native
E-084,2,E,1997-01-20,E-003,E-003,E-041,,TRUE,,,,,,native
E-085,2,E,1998-08-26,E-001,E-001,E-041,1,TRUE,1,,,,,native
E-086,1,E,1998-08-26,E-001,E-001,E-041,2,TRUE,2,Waschbaerli,,,,native
E-087,2,E,1998-09-29,E-003,E-003,E-041,1,TRUE,1,,,,,native
E-088,2,E,1998-09-29,E-003,E-003,E-041,2,TRUE,2,Meli,,,,native
E-089,1,E,1999-06-26,E-080,E-004,M-087,1,TRUE,1,Mandusi,,,reared by E-004,native
E-090,1,E,1999-06-26,E-080,E-004,M-087,2,TRUE,2,Gorigor,,,reared by E-004,native
E-091,,E,2000-02-08,E-003,E-003,,1,FALSE,1,,,,,native
E-092,,E,2000-02-08,E-003,E-003,,2,FALSE,2,,,,,native
E-093,2,E,2000-06-28,E-001,E-001,E-041,1,TRUE,1,,,,,native
E-094,1,E,2000-06-28,E-001,E-001,E-041,2,TRUE,2,Masogo,,,,native
E-095,2,E,2000-08-02,E-080,E-080,M-087,1,TRUE,1,,,,,native
E-096,,E,2000-08-02,E-080,E-080,,2,FALSE,2,,,,,native
E-097,1,E,2000-08-14,E-003,E-003,E-041,1,TRUE,1,,,,,native
E-098,,E,2000-08-14,E-003,E-003,,2,FALSE,2,,,,,native
E-099,2,E,2000-09-12,E-006,E-006,M-087,2,TRUE,2,,,disease,"probably disease, was very thin and went into dh when seen last",native
E-100,1,E,2000-09-12,E-006,E-006,M-087,1,TRUE,1,,,,,native
E-101,2,E,2000-09-21,E-043,E-043,M-087,1,TRUE,1,,,,,native
E-102,2,E,2000-09-21,E-043,E-043,M-042,2,TRUE,2,,,,,native
E-103,2,E,2000-11-19,E-083,E-083,M-042,,TRUE,,,,,,native
E-104,1,E,2001-04-26,E-087,E-087,M-092,,TRUE,,,,,,native
E-105,,E,2001-08-08,E-088,E-088,,1,FALSE,1,,,,,native
E-106,,E,2001-08-08,E-088,E-088,,2,FALSE,2,,,,,native
E-107,2,E,2001-08-21,E-001,E-001,,,FALSE,,,,disease,disease? was thin and moved slowly when seen last,native
E-108,1,E,2001-09-20,E-080,E-080,M-087,1,TRUE,1,,,,,native
E-109,1,E,2001-09-20,E-080,E-080,,2,FALSE,2,,,,,native
E-110,1,E,2001-10-01,E-004,E-004,E-041,,TRUE,,,,,,native
E-111,2,E,2001-09-22,E-003,E-003,M-087,1,TRUE,1,,,,,native
E-112,1,E,2001-09-22,E-003,E-003,,2,FALSE,2,,,,,native
E-113,1,E,2002-02-15,E-006,E-006,M-087,1,TRUE,1,,,disease,"disease? was very thin, apatic when seen last, E-006 also thin and not in good condition, and E-099 also probably died due to disease",native
E-114,1,E,2002-02-15,E-006,E-006,,2,FALSE,2,,,,,native
E-115,2,E,2002-05-15,E-083,E-083,M-087,,TRUE,,,,,,native
E-116,2,E,2002-11-02,E-006,E-006,M-092,1,TRUE,1,Ubanguzi,,,,native
E-117,,E,2002-11-02,E-006,E-006,,2,FALSE,2,,,,,native
E-118,1,E,2002-11-16,E-043,E-043,L-116,,TRUE,,E-cub,2003-09-12,lions,"lions, had large pucture hole on skull",native
E-119,,E,2003-01-07,E-003,E-003,,,FALSE,,,,starvation,starved after mother died,native
E-120,,E,2003-06-02,E-001,E-001,,1,FALSE,1,,,starvation,starved after mother died,native
E-121,,E,2003-06-02,E-001,E-001,,2,FALSE,2,,,starvation,starved after mother died,native
E-122,2,E,2003-06-23,E-080,E-080,,1,FALSE,1,,,,,native
E-123,2,E,2003-06-23,E-080,E-080,N-047,2,TRUE,2,,,,,native
E-124,2,E,2003-06-24,E-087,E-087,E-089,,TRUE,,,,,,native
E-125,,E,2004-03-18,E-095,E-095,,,FALSE,,,,infanticide,"suspected infanticide, a lot of interactions before cub disappeared",native
E-126,2,E,2004-04-02,E-006,E-006,,1,FALSE,1,,,,,native
E-127,1,E,2004-04-02,E-006,E-006,L-116,2,TRUE,2,Darubini,,,,native
E-128,1,E,2004-04-12,E-085,E-085,L-131,,TRUE,,,,,,native
E-129,,E,2004-04-15,E-083,E-083,,,FALSE,,,,infanticide,"suspected infanticide, a lot of interactions before cub disappeared",native
E-130,2,E,2004-10-16,E-083,E-083,L-123,1,TRUE,1,,,,,native
E-131,1,E,2004-10-16,E-083,E-083,L-123,2,TRUE,2,Batili,,,,native
E-132,1,E,2004-10-18,E-087,E-087,,1,FALSE,1,,,,,native
E-133,1,E,2004-10-18,E-087,E-087,L-116,2,TRUE,2,Beleshi,,,,native
E-134,1,E,2004-11-01,E-080,E-080,N-047,1,TRUE,1,Bustani,,,,native
E-135,1,E,2004-11-01,E-080,E-080,N-047,2,TRUE,2,Baruti,,,,native
E-136,2,E,2004-12-05,E-043,E-043,M-116,,TRUE,,,,,,native
E-137,2,E,2005-04-03,E-116,E-116,N-047,1,TRUE,1,,,,,native
E-138,1,E,2005-04-03,E-116,E-116,,2,FALSE,2,,,,,native
E-139,2,E,2005-04-18,E-093,E-093,L-131,,TRUE,,,,,,native
E-140,2,E,2005-05-03,E-006,E-006,,,FALSE,,,,,,native
E-141,2,E,2005-09-25,E-095,E-095,N-047,1,TRUE,1,,,,,native
E-142,1,E,2005-09-25,E-095,E-095,N-047,2,TRUE,2,,,,,native
E-143,1,E,2005-10-10,E-085,E-085,L-123,,TRUE,,,,,,native
E-144,1,E,2006-02-14,E-088,E-088,L-116,,TRUE,,,,,,native
E-145,2,E,2006-02-28,E-101,E-101,L-131,,TRUE,,E-female,,,,native
E-146,,E,2006-03-02,E-102,E-102,,,FALSE,,,,,,native
E-147,2,E,2006-03-03,E-087,E-103,N-047,1,TRUE,,,,,Not seen SU from E-087 but seen SU from E-103 when almost 1 year old,native
E-148,,E,2006-03-05,E-103,E-103,,2,FALSE,,,,,,native
E-149,1,E,2006-03-08,E-116,E-116,E-108,,TRUE,,E-cub1,,,,native
E-150,2,E,2006-04-01,E-006,E-006,L-123,,TRUE,,E-sad1,,,,native
E-151,1,E,2006-05-09,E-083,E-083,L-116,,TRUE,,,,,,native
E-152,2,E,2006-06-09,E-043,E-043,M-188,,TRUE,,"Kivita, E-fcub",,,,native
E-153,2,E,2006-09-06,E-087,E-087,L-123,,TRUE,,,,,,native
E-154,,E,2006-09-16,E-123,E-123,,,FALSE,,,,,cub not seen but derived from behaviour of E-123,native
E-155,2,E,2006-10-12,E-102,E-102,L-116,1,TRUE,1,,,,,native
E-156,2,E,2006-10-12,E-102,E-102,M-116,2,TRUE,2,,,,,native
E-157,1,E,2006-10-19,E-115,E-115,L-148,,TRUE,,,,,,native
E-158,2,E,2007-03-25,E-123,E-080,M-116,1,TRUE,,,,,"thought to be cub of E-080 but genetically cub of E-123, reared by E-080",native
E-159,1,E,2007-03-26,E-006,E-080,E-133,2,TRUE,,,,,"notch 8 ocl, reared by E-080 but genetic cub of E-006",native
E-160,2,E,2007-03-27,E-085,E-085,A-087,,TRUE,,,,,reared by E-085,native
E-161,1,E,2007-04-01,E-080,E-123,L-116,,TRUE,,,,,"notch 1 ocl, thought to be cub of E-123 and prob also raised by E-123 but genetics say that mother is E-080 and father L-116. Is one of E-158 + E-159 cub of E-123?",native
E-162,2,E,2007-06-12,E-095,E-095,L-116,1,TRUE,1,,,,,native
E-163,2,E,2007-06-12,E-095,E-095,L-116,2,TRUE,2,,,,,native
E-164,1,E,2007-06-21,E-116,E-116,L-116,1,TRUE,1,,,,,native
E-165,1,E,2007-06-21,E-116,E-116,L-116,2,TRUE,2,Kijana,,,le ear 12:30 + cut at top,native
E-166,2,E,2007-10-20,E-006,E-006,M-136,1,TRUE,1,Makini,,,,native
E-167,,E,2007-10-20,E-006,E-006,,2,FALSE,2,,,,,native
E-168,1,E,2007-10-27,E-137,E-137,A-087,,TRUE,,,,,,native
E-169,1,E,2007-11-20,E-130,E-130,L-202,,TRUE,,,,,,native
E-170,1,E,2007-11-10,E-088,E-088,L-123,,TRUE,,,,,,native
E-171,2,E,2008-02-04,E-101,E-101,L-202,1,TRUE,1,,,,,native
E-172,1,E,2008-02-04,E-101,E-101,L-123,2,TRUE,2,,,,,native
E-173,1,E,2008-02-28,E-124,E-124,L-123,,TRUE,,,,,,native
E-174,2,E,2008-04-11,E-115,E-115,L-204,,TRUE,,,,,,native
E-175,1,E,2008-05-06,E-083,E-083,L-123,,TRUE,,,,,"cub not seen but heard, could have been two cubs",native
E-176,1,E,2008-06-21,E-136,E-136,L-202,1,TRUE,1,,,,"thought to be sib of E-177, but only E-177 seen su from E-136",native
E-177,1,E,2008-06-21,E-136,E-136,,2,FALSE,2,,,,,native
E-178,1,E,2008-07-10,E-150,E-150,L-148,,TRUE,,,,,with right ear cut on side,native
E-179,1,E,2008-07-22,E-102,E-102,L-123,,TRUE,,E-son1,,,,native
E-180,1,E,2008-07-23,E-141,E-141,L-202,,TRUE,,E-son2,,,"thought to be second cub of E-102, but is cub of E-141 according to genetics",native
E-181,2,E,2008-08-18,E-116,E-116,,,FALSE,,,,,,native
E-182,1,E,2008-08-23,E-085,E-085,L-148,,TRUE,,,,injuries,"LHL dislodged, seemed in rather bad condition when seen last at elephant carcass",native
E-183,2,E,2008-12-20,E-088,E-088,M-162,2,TRUE,2,,,,seems submissive to E-184 on 090406,native
E-184,2,E,2008-12-20,E-088,E-088,M-162,1,TRUE,1,,,,,native
E-185,2,E,2009-03-26,E-137,E-137,L-123,,TRUE,,,,,cub heard 090401,native
E-186,2,E,2009-05-26,,,,,FALSE,,,,,,native
E-187,,E,2009-06-12,E-103,E-103,,,FALSE,,,,,cub not seen su from E-103 but left from E-103 when we ap den on 090825,native
E-188,2,E,2009-06-20,E-101,E-101,X-065,,TRUE,,,2011-03-05,buffalo,large hole in breast - hit by buffalo or wildebeest?,native
E-189,2,E,2009-06-22,E-124,E-124,,,FALSE,,,,,,native
E-190,2,E,2009-06-29,E-130,E-130,,,FALSE,,,,,,native
E-191,1,E,2009-06-30,E-116,E-006,L-123,1,TRUE,1,,,,"SU twice from E-006, could be cub of E-006 or E-116, tried several times to SU from E-116 090828",native
E-192,1,E,2009-06-30,E-116,E-006,L-148,2,TRUE,2,,,disease,"with notch R: 1, could also be cubs of E-116, but SU from E-006 five times",native
E-193,1,E,2009-11-24,E-136,E-136,,1,FALSE,1,,,,,native
E-194,1,E,2009-11-24,E-136,E-136,S-117,2,TRUE,2,,,,,native
E-195,2,E,2009-12-12,E-141,E-095,M-170,3,TRUE,1,,,,reared by E-095,native
E-196,2,E,2009-12-07,E-095,E-095,L-202,2,TRUE,2,,,injuries,handicapped as sad (left foot missing),native
E-197,,E,2009-12-07,E-095,E-095,,1,FALSE,1,,,,,native
E-198,1,E,2009-12-12,E-141,E-141,,,FALSE,2,,,,,native
E-199,1,E,2010-01-06,E-150,E-150,M-136,,TRUE,,e-mcub3,,,,native
E-200,2,E,2010-01-07,E-130,E-130,M-162,1,TRUE,1,e-cub5,,,,native
E-201,1,E,2010-01-07,E-130,E-130,M-162,2,TRUE,2,e-mcub4,,,,native
E-202,1,E,2010-02-08,E-124,E-124,L-202,1,TRUE,1,e-mcub1,,,,native
E-203,,E,2010-02-08,E-124,E-124,,2,FALSE,2,,,,,native
E-204,,E,2010-03-07,E-103,E-103,,,FALSE,,,,,,native
E-205,1,E,2010-03-05,E-139,E-139,M-162,,TRUE,,e-cub6,,,,native
E-206,1,E,2010-06-20,E-152,E-152,L-202,,TRUE,,,,,,native
E-207,1,E,2010-01-13,E-145,E-145,X-065,,TRUE,,e-mcub2,,,,native
E-208,1,E,2010-10-05,E-141,E-141,,,FALSE,,,,,,native
E-209,1,E,2010-11-11,E-103,E-103,L-148,1,TRUE,1,,,,,native
E-210,,E,2010-11-11,E-103,E-103,,2,FALSE,2,,,,,native
E-211,,E,2010-11-14,E-088,E-088,,1,FALSE,1,,,,,native
E-212,,E,2010-11-14,E-088,E-088,,2,FALSE,2,,,,,native
E-213,1,E,2011-01-20,E-156,E-156,L-227,,TRUE,,,,,,native
E-214,1,E,2011-02-18,E-155,E-155,A-222,,TRUE,,,,,,native
E-215,1,E,2011-03-20,E-101,E-101,,1,FALSE,1,,,,,native
E-216,1,E,2011-03-20,E-101,E-101,,2,FALSE,2,,,,,native
E-217,,E,2011-06-15,E-153,E-153,,,FALSE,,,,,,native
E-218,1,E,2011-06-16,E-150,E-150,E-164,,TRUE,,E-220?,,,mother derived from genetic data (not seen suckling),native
E-219,2,E,2011-06-24,E-166,E-166,X-065,,TRUE,,Ujima,,,,native
E-220,2,E,2011-07-31,E-006,E-006,X-065,,TRUE,,E-217?,2014-12-04,disease,Streptococcus,native
E-221,1,E,2011-10-08,E-116,E-116,,,FALSE,,,,,,native
E-222,,E,2011-11-10,E-145,E-145,,,FALSE,,,,,,native
E-223,,E,2011-11-20,E-162,E-162,,,FALSE,,,,,,native
E-224,2,E,2012-03-12,,,,,FALSE,,,,,,native
E-225,1,E,2012-06-02,E-158,E-158,X-065,,TRUE,,,,,,native
E-226,1,E,2012-07-18,E-141,E-141,X-083,,TRUE,,,,,,native
E-227,1,E,2012-10-24,E-152,E-152,S-117,,TRUE,,E-mcub,,,mother derived from genetic data (not seen suckling),native
E-228,,E,2012-10-25,,,,,FALSE,,,,,,native
E-229,,E,2012-10-27,E-162,E-162,,,FALSE,,,,,,native
E-230,1,E,2012-10-28,E-150,E-150,E-175,,TRUE,,,2012-11-12,infanticide,infanticide by E-150?,native
E-231,,E,2012-11-03,E-103,E-103,,1,FALSE,1,,,,,native
E-232,,E,2012-11-03,E-103,E-103,,2,FALSE,2,,,,,native
E-233,1,E,2012-11-13,E-139,E-139,X-065,1,TRUE,1,E-cub1,,,,native
E-234,2,E,2012-11-13,E-139,E-139,L-202,2,TRUE,2,"E-cub2, E-246",,,mother derived from genetic data (seen suckling but only as very small cub),native
E-235,2,E,2013-02-26,E-160,E-160,X-065,1,TRUE,1,,,,,native
E-236,1,E,2013-02-26,E-160,E-160,X-065,2,TRUE,2,,,,,native
E-237,2,E,2013-03-04,E-124,E-124,S-117,,TRUE,,E-nice,,,mother derived from genetic data (not seen suckling),native
E-238,2,E,2013-05-04,E-145,E-145,L-204,2,TRUE,2,"Kiburi, E-spotty",,,,native
E-239,1,E,2013-05-04,E-145,E-145,L-204,1,TRUE,1,,,,,native
E-240,1,E,2013-05-28,E-153,E-153,S-117,,TRUE,,,,,,native
E-241,1,E,2013-09-29,E-166,E-166,E-144,,TRUE,,,,,,native
E-242,1,E,2013-10-10,E-158,E-158,,1,FALSE,1,,,,,native
E-243,,E,2013-10-10,E-158,E-158,,2,FALSE,2,,,,,native
E-244,1,E,2013-10-20,E-185,E-185,X-083,1,TRUE,1,E-2xx,2014-11-30,disease,"Streptococcus, found dead at engitati den 4 days before E-220 found dead at engitati den; E-220 last seen with Streptococcus signs",native
E-245,2,E,2013-10-20,E-185,E-185,X-083,2,TRUE,2,,,,,native
E-247,1,E,2012-12-18,E-116,E-116,L-204,,TRUE,,E-large,,,"could be one of E-227-E-232, mother derived from genetic data (not seen suckling)",native
E-248,2,E,2014-04-08,E-141,E-141,L-202,,TRUE,,Kawaida,,,,native
E-249,1,E,2014-04-19,E-219,E-219,X-065,,TRUE,,E-fat,,,mother derived from genetic data (not seen suckling),native
E-250,,E,2014-05-10,E-183,E-183,,,FALSE,,,,,,native
E-251,2,E,2014-05-15,E-220,E-220,,,FALSE,,,,,,native
E-252,,E,2014-06-24,E-160,E-160,,,FALSE,,,,,,native
E-253,2,E,2014-10-04,E-152,E-152,X-083,,TRUE,,,,,,native
E-254,1,E,2014-10-08,E-150,E-150,L-204,,TRUE,,,,,mother derived from genetic data (not seen suckling),native
E-255,,E,2014-10-22,E-116,E-116,,,FALSE,,,,,,native
E-256,1,E,2014-10-28,E-195,E-195,,,FALSE,,,,,,native
E-257,,E,2014-11-02,E-183,E-183,,,FALSE,,,,,,native
E-258,1,E,2014-12-26,E-166,E-166,E-144,1,TRUE,1,E-large2,,,,native
E-259,1,E,2014-12-26,E-166,E-166,E-144,2,TRUE,2,E-large3,,,,native
E-260,2,E,2015-01-25,E-145,E-145,M-331,1,TRUE,1,E-light-female,,,,native
E-261,2,E,2015-01-31,E-158,E-158,L-202,1,TRUE,1,X-099,,,,native
E-262,2,E,2015-01-31,E-158,E-158,,2,FALSE,2,E-ear-notches,,,,native
E-263,1,E,2015-01-25,E-145,E-145,,2,FALSE,2,E-grey,,,given birth date 2015-03-21 before observing that E-145 is mother of both E-260 and E-263,native
E-264,2,E,2015-05-10,,,,1,FALSE,1,,,,,native
E-265,,E,2015-05-10,,,,2,FALSE,2,,,,,native
E-266,2,E,2015-06-19,E-219,E-219,X-065,,TRUE,,,,,,native
E-267,2,E,2015-06-26,E-183,E-183,,1,FALSE,1,,,,,native
E-268,2,E,2015-06-26,E-183,E-183,L-377,2,TRUE,2,E-dirty,,,,native
E-269,2,E,2015-08-22,E-153,E-153,L-202,,TRUE,,,,,,native
E-270,2,E,2014-11-20,E-171,E-171,X-083,,TRUE,,"Zawadi, E-large1",,,,native
E-271,2,E,2015-12-18,E-184,E-184,X-065,1,TRUE,1,E-275,,,,native
E-272,1,E,2015-12-18,E-184,E-184,X-065,2,TRUE,2,"E-male2, E-281",,,,native
E-273,1,E,2015-12-22,E-185,E-185,M-331,1,TRUE,1,,,,,native
E-274,1,E,2015-12-22,E-185,E-185,,2,FALSE,2,,,,,native
E-276,1,E,2016-02-08,E-141,E-141,E-218,1,TRUE,1,E-male3,,,,native
E-277,1,E,2016-06-27,E-152,E-152,X-083,1,TRUE,1,Karimu,,,,native
E-278,1,E,2016-06-27,E-152,E-152,,2,FALSE,2,,,,,native
E-279,2,E,2016-07-16,,,,,FALSE,,,,,,native
E-280,2,E,2016-07-28,E-145,E-145,,,FALSE,,,,,,native
E-281,2,E,2016-09-26,E-166,E-166,L-202,,TRUE,,"Kuumba, E-spotty",,,,native
E-282,1,E,2016-02-08,E-141,E-141,E-218,2,TRUE,2,E-male1,,,,native
E-283,2,E,2017-02-02,E-219,E-219,X-083,2,TRUE,2,"Nia, E-219-cub1",,,180903 E-284 dominant,native
E-284,2,E,2017-02-02,E-219,E-219,X-083,1,TRUE,1,"Imani, E-219-cub2",,,180903 E-284 dominant,native
E-285,2,E,2017-02-15,E-245,E-245,X-088,,TRUE,,,,,,native
E-286,,E,2017-03-08,E-238,E-238,,2,FALSE,2,,,,,native
E-287,,E,2017-03-08,E-238,E-238,,1,FALSE,1,,,,,native
E-288,1,E,2017-05-05,E-171,E-171,L-204,,TRUE,,"X-153, Tabu, M-spotty",,,,native
E-289,2,E,2016-11-05,E-183,E-183,L-202,,TRUE,,,,,,native
E-290,2,E,2017-11-02,E-184,E-184,L-202,,TRUE,,,,,,native
E-291,2,E,2017-11-26,E-248,E-248,N-173,,TRUE,,,,,,native
E-292,,E,2018-03-30,E-141,E-141,,2,FALSE,2,E-cub1,,,,native
E-293,,E,2018-03-30,E-141,E-141,,1,FALSE,1,E-cub2,,,,native
E-294,2,E,2018-05-23,E-145,E-145,X-065,1,TRUE,1,E-grey,,,,native
E-295,1,E,2018-05-23,E-145,E-145,,2,TRUE,2,,,,,native
E-296,1,E,2018-05-30,E-219,E-219,,,FALSE,,,,,,native
E-297,1,E,2018-05-28,E-166,E-166,M-320,,TRUE,,,,,sex to be confirmed,native
E-298,1,E,2018-07-13,E-238,E-238,,,FALSE,,,,,,native
E-299,1,E,2019-07-25,E-245,E-245,X-083,,TRUE,,,,,,native
E-300,1,E,2019-12-13,E-238,E-238,M-320,,TRUE,,E-sampled,,,,native
E-301,2,E,2019-12-21,E-171,E-171,,1,FALSE,1,E-brown1,,,,native
E-302,1,E,2019-12-21,E-171,E-171,X-083,2,TRUE,2,E-brown2,,,,native
E-303,1,E,2020-01-16,E-166,E-166,E-233,1,TRUE,1,E-first spots1,,,,native
E-304,1,E,2020-01-16,E-166,E-166,E-233,2,TRUE,2,E-first spots2,,,,native
E-305,1,E,2020-01-30,E-219,E-219,L-377,1,TRUE,1,E-219_cub1,,,,native
E-306,1,E,2020-01-30,E-219,E-219,L-377,2,TRUE,2,E-219_cub2,,,,native
E-307,2,E,2020-02-11,E-184,E-184,L-202,1,TRUE,1,E-184_cub1,,,,native
E-308,1,E,2020-02-11,E-184,E-184,L-202,2,TRUE,2,E-184_cub2,,,,native
E-309,1,E,2020-02-23,E-145,E-145,M-320,,TRUE,,E-shiny,,,,native
E-310,1,E,2020-06-03,E-270,E-270,L-377,,TRUE,,E-270_cub1,,,,native
E-311,1,E,2020-08-02,E-268,E-268,X-088,,TRUE,,,,,,native
E-312,2,E,2020-08-10,E-285,E-285,A-418,,TRUE,,,,,,native
E-313,2,E,2020-10-20,E-284,E-284,M-331,,TRUE,,,,,,native
E-314,1,E,2020-11-02,E-283,E-283,A-418,,TRUE,,,,,,native
E-315,2,E,2020-10-12,E-238,E-238,X-083,1,TRUE,1,E-spotty1,,,,native
E-316,2,E,2020-10-12,E-238,E-238,,2,TRUE,2,E-spotty2,,,,native
E-317,2,E,2021-01-14,E-281,E-281,L-377,1,TRUE,1,E-stealer,,,,native
E-318,1,E,2021-01-14,E-281,E-281,L-377,2,TRUE,2,E-shy,,,,native
E-319,,E,2020-10-25,,,,,FALSE,,E-ill,,disease,had large ear notches and was very lethargic on 2021-02-27,native
E-320,1,E,2021-03-25,E-245,E-245,,1,TRUE,1,E-245_light_cub1,,,,native
E-321,2,E,2021-03-25,E-245,E-245,,2,FALSE,2,E-245_dark_cub1,,,,native
E-322,2,E,2021-04-13,E-284,E-284,,1,TRUE,1,E-shy1,,,,native
E-323,1,E,2021-04-13,E-284,E-284,M-320,2,TRUE,2,E-shy2,,,,native
E-324,,E,2021-05-01,,,,,FALSE,,E-grey face,,,,native
E-325,1,E,2021-05-01,E-219,E-219,,,TRUE,,E-219_cub1,,,,native
E-326,,E,2021-06-13,,,,,FALSE,,E-runner,,,,native
E-327,2,E,2021-10-16,E-285,E-285,M-331,1,TRUE,1,E-285_cub1,,,,native
E-328,2,E,2021-10-16,E-285,E-285,,2,FALSE,2,E-285_cub2,,,,native
E-329,1,E,2021-10-16,E-285,E-283,M-331,,TRUE,3,"E-283_son, E-spotty1",,,birth was estimated to have occurred on 2021-11-02 but corrected when paternity analyses showed that E-329 is cub of E-285,native
E-330,2,E,2021-12-07,E-268,E-268,M-320,1,TRUE,1,E-268_cub1,,,,native
E-331,2,E,2021-12-07,E-268,E-268,,2,FALSE,2,E-268_cub2,,,,native
E-332,1,E,2021-12-08,E-270,E-270,,1,TRUE,1,E-270_cub?,,,,native
E-333,1,E,2021-12-08,E-270,E-270,M-320,2,TRUE,2,"Radi, E-big spots, threespots",,,,native
E-334,,E,2022-02-28,E-219,E-219,X-088,,TRUE,,E-young,,,,native
E-335,,E,2022-04-12,E-289,E-289,,,FALSE,,,,,,native
E-336,1,E,2022-06-08,E-238,E-238,,1,FALSE,1,E-238_cub1,,,,native
E-337,,E,2022-06-08,E-238,E-238,,2,TRUE,2,E-238_cub2,,,,native
E-338,,E,2022-05-22,E-284,E-284,,,FALSE,,E-284_cub1,,,,native
E-339,,E,2022-06-14,,,,,FALSE,,E-alone,,,,native
E-340,,E,2022-06-20,E-283,E-283,,,FALSE,,E-283_grey_cub,,,,native
E-341,2,E,2022-07-12,,,,,TRUE,,E-spotty,,,,native
E-342,1,E,2022-12-15,E-284,E-284,M-365,,TRUE,,"E-male1, E-spotty_male",,,,native
E-343,2,E,2022-12-22,E-219,E-219,M-331,,TRUE,,E-sampled,,,,native
E-344,2,E,2023-02-11,,,,,TRUE,,"E-alone, E-351/E-tinny",,,,native
E-345,1,E,2023-03-21,,,,,FALSE,,E-fluffy,,,,native
E-346,,E,2023-05-25,E-289,E-289,,1,FALSE,1,E-289_cub1?,,,,native
E-347,,E,2023-05-25,E-289,E-289,M-365,2,TRUE,2,"E-289_cub2?, E-356/E-striped, E-tale",,,,native
E-348,2,E,2023-04-18,E-285,E-285,,,TRUE,,"E-fair, E-352/E-285_cub1",,,,native
E-349,,E,2023-06-10,,,,,FALSE,,E-notch,,,,native
E-350,2,E,2023-06-14,,,,,TRUE,,E-chubby,,,,native
E-351,1,E,2023-06-24,E-270,E-270,,1,TRUE,1,"E-light, E-dirty",,,,native
E-352,1,E,2023-06-24,E-270,E-270,,2,TRUE,2,"E-dodo, E-fine",,,,native
E-353,,E,2023-08-06,,,,,FALSE,,E-nosy,,,,native
E-354,1,E,2023-10-01,E-307,E-307,,,TRUE,,E-307_cub1,,,,native
E-355,2,E,2023-11-09,,,,,FALSE,,E-playful,,,,native
E-356,,E,2024-02-16,E-268,E-268,,,FALSE,,E-268_cub1,,,,native
E-357,,E,2024-03-08,E-281,E-281,,,FALSE,,E-281_cub,,,,native
E-358,,E,2023-03-18,,,,,TRUE,,E-curious,,,,native
E-359,,E,2024-06-02,E-322,E-322,,,FALSE,,E-322_cub1,,,,native
E-360,1,E,2024-09-27,E-285,E-285,,1,FALSE,1,E-285_cub1,,,,native
E-361,1,E,2024-09-27,E-285,E-285,,2,FALSE,2,E-285_cub2,,,,native
E-362,1,E,2024-10-15,E-281,E-281,,,FALSE,,"E-male1, E-281_cub1",,,,native
E-363,1,E,2024-12-12,E-283,E-283,,1,FALSE,1,"E-male2, E-283_cub1",,,,native
E-364,1,E,2024-12-12,E-283,E-283,,2,FALSE,2,"E-male3, E-283_cub2",,,,native
F-001,2,F,1988-07-12,,,,,TRUE,,,,old age,,native
F-002,2,F,1992-07-12,F-001,F-001,,,TRUE,,,,,,native
F-003,2,F,1991-07-12,,,,,FALSE,,,,,,native
F-004,2,F,1990-07-12,,,,,TRUE,,,,,,native
F-005,2,F,1989-07-12,,,,,FALSE,,,,,,native
F-006,2,F,1996-03-11,F-002,F-002,F-042,,TRUE,,,,,,native
F-007,2,F,1995-01-12,F-001,F-001,,1,TRUE,1,,,,last sight 120930 but F-185 born and survived. Assumed to have died 6 months after birth of F-185.,native
F-008,2,F,1996-01-12,F-004,F-004,F-040,,TRUE,,,,,,native
F-040,1,X,1984-07-12,,,,,TRUE,,Mzee,,old age,,founder
F-041,1,X,1988-07-12,,,,,FALSE,,,,,,founder
F-042,1,X,1992-07-12,,,,,TRUE,,X-002,1997-03-10,lions,"lions, rangers saw how male lion killed F-042, this is confirmed by wounds that we found on dead body shortly after",founder
F-043,1,X,1989-09-10,,,,,TRUE,,,,old age,,founder
F-044,1,X,1994-01-10,,,,,TRUE,,,,,,immigrant
F-045,1,F,1995-01-12,F-001,F-001,,2,TRUE,2,Schueeli,2004-06-25,immobilisation/disease,immobilisation or long-term effect of swelling disease,native
F-046,,F,1994-03-20,,,,,FALSE,,,,,,native
F-047,,F,1993-07-12,,,,,FALSE,,,,,,native
F-048,2,F,1996-06-11,,,F-043,,TRUE,,,,,,native
F-049,,F,2005-07-07,F-006,F-006,,2,FALSE,2,,,,,native
F-080,1,F,1997-11-09,F-002,F-002,F-043,1,TRUE,1,T-042,,,"last sight 080427, but sired triplet litter 080702",native
F-081,1,F,1998-03-09,F-001,F-001,F-043,,TRUE,,,,,,native
F-082,1,F,1997-11-09,F-002,F-002,,2,TRUE,2,X-005,1998-12-23,lions,,native
F-083,,F,1999-05-07,,,,,FALSE,,,,,,native
F-084,1,F,1999-05-08,F-002,F-002,F-040,1,TRUE,1,Mahiri,,shot by rangers (?),,native
F-085,,F,1999-05-08,F-002,F-002,,2,FALSE,2,,,,,native
F-086,1,F,1999-11-11,F-006,F-006,,,FALSE,,,,injuries,disease? infanticide? lions? seen last with injuries on head,native
F-087,2,F,1999-11-12,F-048,F-048,,,FALSE,,,,,,native
F-088,1,F,1999-12-21,F-007,F-007,L-083,1,TRUE,1,F-800,,shot by rangers (?),,native
F-089,1,F,1999-12-21,F-007,F-007,,2,FALSE,2,,,,,native
F-090,1,F,1999-12-22,F-004,F-004,S-042,,TRUE,,F-cub1,,,,native
F-091,2,F,2000-06-24,F-008,F-008,L-089,1,TRUE,1,,,,,native
F-092,2,F,2000-06-24,F-008,F-008,,2,FALSE,2,,,,,native
F-093,2,F,2000-10-10,F-048,F-048,L-082,1,TRUE,1,,,,,native
F-094,2,F,2000-10-10,F-048,F-048,L-082,2,TRUE,2,,,,,native
F-095,2,F,2000-12-10,F-002,F-002,L-083,1,TRUE,1,,,shot by rangers (?),,native
F-096,2,F,2000-12-10,F-002,F-002,F-043,2,TRUE,2,,,,,native
F-097,2,F,2000-12-30,F-006,F-006,L-083,,TRUE,,,,,,native
F-098,2,F,2001-04-21,F-004,F-004,L-083,,TRUE,,,,shot by rangers (?),,native
F-099,2,F,2001-12-19,F-007,F-007,L-082,1,TRUE,1,,,,,native
F-100,1,F,2001-12-19,F-007,F-007,L-082,2,TRUE,2,Aloirobi,,,,native
F-101,2,F,2001-12-25,F-008,F-008,,,FALSE,,,,,,native
F-102,1,F,2002-04-05,F-002,F-002,L-089,,TRUE,,,,,,native
F-103,2,F,2002-04-26,F-048,F-048,L-090,2,TRUE,2,,,,,native
F-104,2,F,2002-04-26,F-048,F-048,L-090,1,TRUE,1,,,,,native
F-105,2,F,2002-06-06,F-006,F-006,L-089,,TRUE,,,,,,native
F-106,2,F,2003-09-28,F-006,F-006,,,FALSE,,,,,,native
F-107,2,F,2003-09-29,F-007,F-007,S-042,1,TRUE,1,Mkakati,,,,native
F-108,2,F,2003-09-30,F-008,F-008,L-082,,TRUE,,,,,,native
F-109,2,F,2003-10-01,F-004,F-004,L-083,,TRUE,1,,,,last sight on 2011-03-07 but gave birth to F-178 + F-180 2012-01-28. Assumed to have died on day of last sight of F-178 + F-180,native
F-110,1,F,2003-09-29,F-007,F-007,,2,FALSE,2,,,,,native
F-111,2,F,2003-10-01,F-004,F-096,L-083,,TRUE,2,,,,initially thought that this is cub of F-096 because it su from F-096; genetics show that it is cub of F-004,native
F-112,1,F,2004-01-13,F-002,F-002,L-093,,TRUE,,,,,,native
F-113,1,F,2004-07-13,F-006,F-006,L-089,,TRUE,,,,,,native
F-114,2,F,2004-03-06,F-048,F-048,A-100,1,TRUE,1,,,,,native
F-115,1,F,2004-03-06,F-048,F-048,A-100,2,TRUE,2,,,,,native
F-116,1,F,2005-05-10,F-094,F-094,A-125,,TRUE,,,,starvation,starved after mother died,native
F-117,1,F,2005-06-03,F-097,F-097,L-093,1,TRUE,1,,,,"were unsure about mother (alternative could have been F-006), but genetics confirmed our suspected mother. Sex to be checked with genetics - thought to be female but genetics confirmed it to be a male. Could have been su by F-006",native
F-118,2,F,2005-06-26,F-008,F-008,A-125,1,TRUE,1,,,,,native
F-119,1,F,2005-06-26,F-008,F-008,A-125,2,TRUE,2,,,,,native
F-120,1,F,2005-06-03,F-097,F-097,L-093,2,TRUE,2,F-shy,,,"thought to be son of F-006, but is son of F-097 according to genetics, could have been su by F-006",native
F-121,1,F,2005-07-07,F-006,F-006,,1,FALSE,1,,,,,native
F-122,,F,2005-11-15,F-105,F-105,,1,FALSE,1,F-121b,,starvation,starved after mother died,native
F-123,1,F,2005-11-15,F-105,F-105,,2,FALSE,2,,,starvation,starved after mother died,native
F-124,2,F,2006-02-15,F-096,F-096,A-123,1,TRUE,1,,,,,native
F-125,,F,2006-02-15,F-096,F-096,,2,FALSE,2,,,,,native
F-126,2,F,2006-11-01,F-099,F-099,A-123,1,TRUE,1,,,,,native
F-127,,F,2006-11-01,F-099,F-099,,2,FALSE,2,,,,,native
F-128,1,F,2006-12-15,F-007,F-007,L-082,,TRUE,,,,,,native
F-129,2,F,2007-05-28,F-006,F-006,L-082,,TRUE,,,,,,native
F-130,2,F,2007-08-25,F-097,F-097,A-118,,TRUE,,,,,,native
F-131,2,F,2007-10-25,F-114,F-114,,,FALSE,,,,,,native
F-132,1,F,2007-11-15,F-111,F-111,A-124,,TRUE,,dark,,,,native
F-133,1,F,2007-12-10,F-099,F-099,A-142,1,TRUE,1,orange,,,,native
F-134,1,F,2007-12-10,F-099,F-099,,2,FALSE,2,,,,,native
F-135,1,F,2007-12-15,F-104,F-104,A-142,,TRUE,,,,,must be cub of F-104 as on 081110 stays very close to F-104 all the time,native
F-136,2,F,2007-12-27,F-107,F-107,A-142,,TRUE,,"nice, Utuliva",,,,native
F-137,2,F,2008-01-07,F-103,F-103,A-125,,TRUE,,,,,,native
F-138,2,F,2008-02-15,F-007,F-007,L-082,1,TRUE,1,,,,,native
F-139,1,F,2008-02-15,F-007,F-007,L-082,2,TRUE,2,,,,,native
F-140,1,F,2008-11-10,F-006,F-006,A-123,,TRUE,,Fenrir,,,,native
F-141,1,F,2008-12-20,F-109,F-109,A-124,,TRUE,,,,,,native
F-142,2,F,2009-01-05,F-097,F-097,A-138,1,TRUE,1,,,,,native
F-143,2,F,2009-01-05,F-097,F-097,A-123,2,TRUE,2,,,,,native
F-144,2,F,2009-03-05,F-099,F-099,A-123,1,TRUE,1,,,,,native
F-145,1,F,2009-03-05,F-099,F-099,A-123,2,TRUE,2,,,,,native
F-146,1,F,2009-04-27,F-107,F-107,A-123,1,TRUE,1,Mshindi,,,,native
F-147,1,F,2009-04-27,F-107,F-107,A-123,2,TRUE,2,,,,,native
F-148,1,F,2009-03-25,F-114,F-114,A-185,,TRUE,,,,,,native
F-149,2,F,2009-06-19,F-007,F-118,A-123,1,TRUE,,,,,reared by F-118,native
F-150,,F,2009-07-03,F-118,F-118,,2,FALSE,1,,,,formula not used because gave wrong value,native
F-151,,F,2009-07-03,F-118,F-118,,3,FALSE,2,,,,formula not used because gave wrong value,native
F-152,2,F,2009-07-17,F-104,F-104,A-138,,TRUE,,,,,seen last 111010 but gave birth to cubs 130330 and reared one cub of this litter,native
F-153,2,F,2009-11-05,F-103,F-103,A-199,,TRUE,,,,,,native
F-154,1,F,2010-03-25,F-099,F-099,A-123,,TRUE,,,,,,native
F-155,2,F,2010-05-02,F-006,F-006,A-142,,TRUE,,,,,,native
F-156,1,F,2010-05-10,F-109,F-109,,,TRUE,,,,,,native
F-157,2,F,2010-08-14,F-097,F-097,A-138,1,TRUE,1,,,,,native
F-158,1,F,2010-08-14,F-097,F-097,A-138,2,TRUE,2,,,,,native
F-159,2,F,2010-10-14,F-007,F-007,A-166,1,TRUE,1,,,,,native
F-160,1,F,2010-10-14,F-007,F-007,A-124,2,TRUE,2,,,,,native
F-161,2,F,2010-11-03,F-129,F-129,A-198,1,TRUE,1,Oshosi,,,,native
F-162,1,F,2010-11-03,F-129,F-129,A-198,2,TRUE,2,,,,,native
F-163,2,F,2010-12-30,F-118,F-118,A-199,1,TRUE,1,,,,formula not used because gave wrong value,native
F-164,1,F,2010-12-30,F-118,F-118,A-199,2,TRUE,2,,,,formula not used because gave wrong value,native
F-165,2,F,2011-01-17,F-103,F-103,A-142,1,TRUE,1,,,,,native
F-166,,F,2011-01-17,F-103,F-103,,2,FALSE,2,,,,,native
F-167,1,F,2011-02-19,F-126,F-126,A-142,1,TRUE,1,,,,,native
F-168,2,F,2011-02-19,F-126,F-126,A-166,2,TRUE,2,,,,,native
F-169,2,F,2011-03-02,F-107,F-107,A-124,1,TRUE,1,,,,mother derived from genetic data (not seen suckling),native
F-170,1,F,2011-03-02,F-107,F-107,A-124,2,TRUE,2,,,,mother derived from genetic data (not seen suckling),native
F-171,2,F,2011-05-04,F-099,F-099,A-123,1,TRUE,1,,,,mother derived from genetic data (not seen suckling),native
F-172,2,F,2011-05-04,F-099,F-099,A-123,2,TRUE,2,,,,mother derived from genetic data (not seen suckling),native
F-173,2,F,2011-05-28,F-136,F-136,A-166,1,TRUE,1,Kidoti,,,mother derived from genetic data (not seen suckling),native
F-174,1,F,2011-05-28,F-136,F-136,A-166,2,TRUE,2,,,,mother derived from genetic data (not seen suckling),native
F-175,1,F,2011-09-14,F-138,F-138,,1,FALSE,1,,,,,native
F-176,1,F,2011-09-14,F-138,F-138,A-185,2,TRUE,2,,,,,native
F-177,2,F,2011-12-27,F-006,F-006,A-210,,TRUE,,,,,mother derived from genetic data (not seen suckling),native
F-178,2,F,2012-01-28,F-109,F-109,A-142,1,TRUE,1,,,,mother derived from genetic data (not seen suckling),native
F-179,1,F,2012-02-05,F-130,F-130,A-142,,TRUE,,,,,probably starved to death after mother disappeared,native
F-180,2,F,2012-01-28,F-109,F-109,A-142,2,TRUE,2,,,,,native
F-181,2,F,2012-04-27,F-129,F-129,A-123,1,TRUE,1,,,,,native
F-182,1,F,2012-04-27,F-129,F-129,A-142,2,TRUE,2,,,,,native
F-183,1,F,2012-05-22,F-097,F-097,A-124,1,TRUE,1,,,,,native
F-184,1,F,2012-05-22,F-097,F-097,A-124,2,TRUE,2,,,,,native
F-185,1,F,2012-07-02,F-007,F-007,F-145,,TRUE,,,,,,native
F-186,1,F,2012-07-24,F-136,F-136,A-199,1,TRUE,1,,,,,native
F-187,,F,2012-07-24,F-136,F-136,,2,FALSE,2,,,,,native
F-188,,F,2013-01-04,F-138,F-138,,,FALSE,,,,,,native
F-189,2,F,2013-02-02,F-144,F-144,T-116,,TRUE,,,,,,native
F-190,1,F,2013-02-15,F-107,F-107,A-199,1,TRUE,1,,,,mother derived from genetic + behavioural data (not seen suckling),native
F-191,2,F,2013-02-15,F-107,F-107,A-199,2,TRUE,2,,,,mother derived from genetic + behavioural data (not seen suckling),native
F-192,2,F,2013-02-15,F-107,F-107,S-087,3,TRUE,3,,,,mother derived from genetic + behavioural data (not seen suckling),native
F-193,2,F,2013-03-30,F-152,F-152,,1,FALSE,1,,,,,native
F-194,2,F,2013-03-30,F-152,F-152,T-116,2,TRUE,2,,,,,native
F-195,2,F,2013-04-15,F-099,F-099,F-140,,TRUE,,light,,,,native
F-196,1,F,2013-05-04,F-169,F-169,,,FALSE,,milky-eye,,,,native
F-197,2,F,2013-07-18,F-126,F-126,A-124,1,TRUE,1,,,,,native
F-198,2,F,2013-07-18,F-126,F-126,A-124,2,TRUE,2,,,,,native
F-199,2,F,2013-08-21,F-137,F-137,A-210,,TRUE,,,,,,native
F-200,1,F,2013-10-28,F-129,F-129,A-185,,TRUE,,,,,mother derived from genetic + behavioural data (not seen suckling),native
F-201,2,F,2013-10-15,F-136,F-136,A-185,1,TRUE,1,,,,,native
F-202,1,F,2013-10-15,F-136,F-136,A-185,2,TRUE,2,,,,,native
F-203,,F,2014-03-12,F-159,F-159,,,FALSE,,,,,,native
F-204,2,F,2014-03-22,F-107,F-107,F-145,,TRUE,,Makhani,,,,native
F-205,2,F,2014-05-17,F-138,F-138,,,FALSE,,,,,,native
F-206,2,F,2014-04-16,,,,1,FALSE,1,,,,not sure these are twins,native
F-207,2,F,2014-04-16,,,,2,FALSE,2,,,,not sure these are twins,native
F-208,1,F,2014-10-10,F-142,F-142,,1,TRUE,1,Mohenjo,,,,native
F-209,1,F,2014-10-10,F-142,F-142,,2,TRUE,2,Daro,,,mother derived from genetic + behavioural data (not seen suckling),native
F-210,1,F,2014-10-28,F-173,F-173,M-298,,TRUE,,,,,,native
F-211,1,F,2014-11-23,F-144,F-144,A-185,,TRUE,,"X-125, F-jaw",2018-07-15,,,native
F-212,2,F,2015-04-04,F-169,F-169,M-301,1,TRUE,1,,,,,native
F-214,1,F,2015-04-04,F-169,F-169,T-116,2,TRUE,2,Viazi,,,,native
F-215,2,F,2015-08-23,F-136,F-136,M-298,1,TRUE,1,F-217,,,,native
F-216,,F,2015-08-23,F-136,F-136,,2,FALSE,2,,,,,native
F-217,2,F,2015-07-14,F-142,F-142,A-185,,TRUE,,"X-124, F-shy",,,,native
F-218,2,F,2015-08-16,F-130,F-130,,,FALSE,,,,,,native
F-219,1,F,2015-08-10,F-097,F-097,T-116,,TRUE,,,,,,native
F-220,2,F,2015-09-08,F-157,F-157,T-116,,TRUE,,,,,,native
F-221,1,F,2016-01-23,F-173,F-173,M-301,1,TRUE,1,Brennus,,,,native
F-222,2,F,2016-01-23,F-173,F-173,M-301,2,TRUE,2,Vaussure,,,,native
F-223,,F,2016-03-24,F-177,F-177,,,TRUE,,,,,,native
F-224,1,F,2016-03-03,F-192,F-192,M-298,,TRUE,,Kiazi,,,,native
F-225,1,F,2016-01-25,F-138,F-138,A-199,,TRUE,,,,,,native
F-226,2,F,2016-04-17,F-099,F-099,A-124,1,TRUE,1,,,,look very different - must be mixed paternity,native
F-227,2,F,2016-04-17,F-099,F-099,A-124,2,TRUE,2,,,,look very different - must be mixed paternity,native
F-228,1,F,2016-03-16,F-144,F-144,A-185,1,TRUE,1,Tulivu,,,,native
F-229,2,F,2016-03-02,F-168,F-189,M-301,,TRUE,,,,,,native
F-230,1,F,2016-03-16,F-144,F-144,A-185,2,TRUE,2,,,,,native
F-231,2,F,2016-02-18,F-107,F-107,X-091,1,TRUE,1,Saranda,,,,native
F-232,1,F,2016-02-18,F-107,F-107,X-091,2,TRUE,2,Meherbaan,,,,native
F-233,1,F,2016-03-25,F-171,F-171,M-301,,TRUE,,Kibali,,,,native
F-234,1,F,2016-04-14,F-161,F-161,M-301,,TRUE,,,,,,native
F-235,1,F,2016-06-07,F-204,F-204,T-143,,TRUE,,Upinde,,,mother probably F-204 (licked F-235),native
F-236,1,F,2016-06-15,F-142,F-142,,,FALSE,,,,,,native
F-237,1,F,2016-07-12,,,,,FALSE,,,,,,native
F-238,,F,2016-09-01,F-157,F-157,,1,FALSE,1,,,,,native
F-239,1,F,2016-09-01,F-157,F-157,,2,FALSE,2,,,,,native
F-240,2,F,2016-10-11,F-159,F-159,M-298,,TRUE,,,,,,native
F-241,1,F,2016-10-16,F-191,F-191,M-298,1,TRUE,1,Vivu,,,,native
F-242,2,F,2016-10-16,F-191,F-191,M-298,2,TRUE,2,,,,,native
F-243,2,F,2016-11-02,F-130,F-130,,,FALSE,,,,,,native
F-244,1,F,2016-11-18,F-181,F-181,M-301,,TRUE,,F3,,,,native
F-245,1,F,2016-11-22,,,,,FALSE,,F1,,,,native
F-246,2,F,2016-12-03,F-138,F-138,,1,FALSE,1,F2,,,,native
F-247,1,F,2016-12-03,F-138,F-138,M-298,2,TRUE,2,F4,,,,native
F-248,1,F,2017-03-12,F-169,F-169,T-143,,TRUE,3,"Shanti, F6",,,SU 5x by F-169,native
F-249,2,F,2017-03-16,F-192,F-192,T-116,,TRUE,,F5,,,,native
F-250,1,F,2017-03-12,F-169,F-107,T-143,2,TRUE,2,F7,,,SU 12x by F-107,native
F-251,,F,2017-04-22,F-171,F-171,,1,FALSE,1,,,,,native
F-252,1,F,2017-04-22,F-171,F-171,A-185,2,TRUE,2,Intezaar,,,,native
F-253,2,F,2017-03-12,F-169,F-107,T-143,1,TRUE,1,Maurya,,,SU 1x by F-169 and 2x by F-107,native
F-254,2,F,2017-04-18,F-173,F-173,M-298,2,TRUE,2,,,,,native
F-255,2,F,2017-04-18,F-173,F-173,M-298,1,TRUE,1,Ahadi,,,,native
F-256,1,F,2017-05-19,F-201,F-201,F-183,,TRUE,,,,,,native
F-257,1,F,2017-01-15,F-157,F-157,T-116,,TRUE,,,,,,native
F-258,1,F,2017-03-18,F-195,F-195,M-298,,TRUE,,F-male,,,,native
F-259,1,F,2017-05-16,F-204,F-204,F-140,,TRUE,,Murgh,,,,native
F-260,1,F,2017-08-03,F-144,F-144,A-185,1,TRUE,1,Teesri,,,darker but dominant,native
F-261,1,F,2017-08-03,F-144,F-144,,2,FALSE,2,,,,,native
F-262,2,F,2017-10-09,F-199,F-199,S-174,2,TRUE,2,Kishmish,,,,native
F-263,2,F,2017-10-09,F-199,F-199,,1,FALSE,1,,,,,native
F-264,1,F,2017-12-19,F-161,F-161,A-307,,TRUE,,"F_unknownspotty, Chauvet",,,,native
F-265,2,F,2018-01-12,F-212,F-159,A-307,1,TRUE,,,,,,native
F-266,1,F,2018-01-12,F-159,F-159,,2,FALSE,,,,,,native
F-267,2,F,2018-01-25,F-191,F-191,M-301,,TRUE,,F-small,,,,native
F-268,2,F,2018-01-02,F-168,F-168,M-298,,TRUE,,Kaju,,,,native
F-269,2,F,2018-03-11,F-138,F-138,M-298,,TRUE,,"F-spotty, FCub4, F-enigma",,,"may not be same cub as ""FCub4"" and therefore not the cub of F-099. Seen suckling from F-138",native
F-270,,F,2017-12-28,,,,,FALSE,,F-New,,,,native
F-271,1,F,2018-08-08,F-192,F-192,A-307,,TRUE,,F-New,,,,native
F-272,1,F,2018-10-09,F-204,F-204,,,FALSE,,F-Brown,,,,native
F-273,1,F,2018-12-07,F-231,F-231,A-380,1,TRUE,1,,,,,native
F-274,2,F,2018-12-07,F-231,F-231,A-380,2,TRUE,2,,,,,native
F-275,2,F,2018-12-02,F-107,F-107,F-208,,TRUE,,,,,,native
F-276,2,F,2019-01-25,F-169,F-169,S-174,1,TRUE,1,F-169_cub1,,,,native
F-277,1,F,2019-01-25,F-169,F-169,S-174,2,TRUE,2,F-169_cub2,,,,native
F-278,2,F,2019-02-11,F-157,F-157,S-174,,TRUE,,Wildcard,,,,native
F-279,2,F,2019-02-25,F-212,F-212,S-174,1,TRUE,1,F-212_cub1,,,,native
F-280,1,F,2019-02-25,F-212,F-212,,2,TRUE,2,F-212_cub2,,,,native
F-281,1,F,2019-03-13,F-191,F-191,F-233,,TRUE,,Lightface,,,,native
F-282,2,F,2019-04-04,F-173,F-173,X-091,,TRUE,,"F-173_cub, F-173_cub1",,,,native
F-283,1,F,2019-04-23,F-181,F-181,S-174,,TRUE,,"F-181_cub1, F-Whooper",,,,native
F-284,1,F,2019-05-03,F-199,F-199,S-174,1,TRUE,1,"F-199_cub1, F-Hook",,,,native
F-285,,F,2019-05-03,F-199,F-199,,2,FALSE,2,F-199_cub2,,,,native
F-286,2,F,2019-05-10,F-161,F-161,T-143,1,TRUE,1,"F-161_cub1, F-dark",,,,native
F-287,2,F,2019-05-10,F-161,F-161,T-143,2,TRUE,2,"F-161_cub2, F-Girl",,,,native
F-288,1,F,2019-06-21,F-204,F-204,F-140,1,TRUE,1,"F-204_cub1, F-Crescent",,,,native
F-289,1,F,2019-06-21,F-204,F-204,,2,FALSE,2,"F-204_cub2, F-Rat",,,,native
F-290,2,F,2019-06-10,F-195,F-195,S-174,,TRUE,,F-Pi,,,,native
F-291,2,F,2019-10-28,F-159,F-159,,,FALSE,,F-159_cub1,,,,native
F-292,1,F,2020-01-16,F-168,F-168,A-377,1,TRUE,1,F-168_cub1,,,,native
F-293,1,F,2020-01-16,F-168,F-168,A-377,2,TRUE,2,F-168_cub2,,,,native
F-294,1,F,2020-01-22,F-138,F-138,T-116,,TRUE,,F-138_cub1,,,,native
F-295,2,F,2020-02-04,F-107,F-107,F-233,,TRUE,,F-107_cub1,,,,native
F-296,2,F,2020-05-10,F-215,F-215,,1,FALSE,1,"F-215_female1, F-wart, F-305",,,,native
F-297,2,F,2020-05-10,F-215,F-215,X-091,2,TRUE,2,F-215_female2,,,,native
F-298,1,F,2020-05-27,F-191,F-191,F-233,,TRUE,,F-male1,,,,native
F-299,2,F,2020-06-05,F-231,F-231,F-208,1,TRUE,1,F-female3,,,,native
F-300,1,F,2020-06-05,F-231,F-231,F-208,2,TRUE,2,F-male2,,,,native
F-301,1,F,2020-06-10,,,,,FALSE,,F-male3,,,,native
F-302,,F,2020-08-12,,,,,FALSE,,F-notch,,,,native
F-303,,F,2020-12-11,F-173,F-173,,1,FALSE,1,,,,,native
F-304,,F,2020-12-11,F-173,F-173,,2,FALSE,2,,,,,native
F-305,1,F,2021-02-28,,,,,FALSE,,F-big_unknown,,,,native
F-306,2,F,2021-04-25,F-212,F-212,,1,TRUE,1,F-212_cub1,,,,native
F-307,2,F,2021-04-25,F-212,F-212,T-143,2,TRUE,2,F-212_cub2,,,,native
F-308,1,F,2021-05-16,F-159,F-159,N-254,,TRUE,,F-159_male1,,,,native
F-309,2,F,2021-06-25,F-222,F-222,,,FALSE,,F-222_cub1,,,,native
F-310,,F,2021-08-15,,,,1,FALSE,1,F-calm,,,,native
F-311,1,F,2021-08-15,,,,2,FALSE,2,F-light_male,,,,native
F-312,1,F,2021-08-03,F-220,F-220,N-254,,TRUE,,F-220_first_born,,,,native
F-313,2,F,2021-12-06,F-254,F-254,,1,TRUE,1,F-spotty1,,,,native
F-314,1,F,2021-12-06,F-254,F-254,A-377,2,TRUE,2,F-spotty2,,,,native
F-315,1,F,2021-12-19,F-240,F-240,,,TRUE,,F-grey face,,,,native
F-316,2,F,2022-01-03,F-204,F-204,,1,FALSE,1,F-204_cub1,,,,native
F-317,,F,2022-01-03,F-204,F-204,,2,FALSE,2,F-204_cub2,,,,native
F-318,2,F,2021-07-09,F-161,F-161,,1,FALSE,1,F-fine spots,,,,native
F-319,2,F,2021-07-09,F-161,F-161,,2,FALSE,2,,,,,native
F-320,1,F,2021-08-28,,,,,FALSE,,F-slim,,,,native
F-321,,F,2022-03-14,F-265,F-265,,,FALSE,,F-265_cub1,,,,native
F-322,1,F,2022-06-16,F-269,F-269,A-377,,TRUE,,F-269_cub,,,,native
F-323,2,F,2022-02-15,F-173,F-173,,1,TRUE,1,"F-173_cub1?, F-chewy",,,,native
F-324,,F,2022-02-15,F-173,F-173,N-254,2,TRUE,2,F-173_cub2?,,,,native
F-325,2,F,2022-08-25,F-159,F-159,,,FALSE,,F-dot,,,,native
F-326,1,F,2022-11-14,F-222,F-222,,,FALSE,,F-222_cub1,,,,native
F-327,,F,2023-03-07,F-212,F-212,,,FALSE,,F-212_cub1?,,,,native
F-328,,F,2023-09-26,F-161,F-161,,,TRUE,,F-161_cub1?,,,,native
F-329,,F,2023-07-14,,,,,FALSE,,F-strip,,,,native
F-330,,F,2023-07-29,F-168,F-168,,,TRUE,,F-liny,,,,native
F-331,,F,2023-11-25,F-269,F-269,,1,TRUE,1,F-269_cub1,,,,native
F-332,,F,2023-11-25,F-269,F-269,,2,TRUE,2,F-269_cub2,,,,native
F-333,1,F,2023-12-18,F-265,F-265,,1,FALSE,1,F-265_cub1,,,,native
F-334,1,F,2023-12-18,F-265,F-265,,2,FALSE,2,F-265_cub2?,,,,native
F-335,,F,2024-03-15,F-217,F-217,,,TRUE,,F-217_cub?,,,,native
F-336,2,F,2024-03-15,F-217,F-217,,,TRUE,,F-slim_cub,,,,native
F-337,,F,2024-12-09,F-240,F-240,,,FALSE,,F-grey face,,,,native
L-001,2,L,1980-04-14,,,,,TRUE,,Wimbi,,,,native
L-002,2,L,1988-04-14,L-007,L-007,,,TRUE,,Misuli,,,,native
L-003,2,L,1979-04-14,,,,,FALSE,,Pipa,,,,native
L-004,2,L,1994-01-08,L-007,L-007,L-042,1,TRUE,1,Sumbua,,,,native
L-005,2,L,1986-04-14,L-007,L-007,,,TRUE,,Kidonda,,disease,"very thin, breathing slowly when seen last",native
L-006,2,L,1991-04-14,,,,,FALSE,,,,,,native
L-007,2,L,1981-04-14,,,,,TRUE,,Kimia,1996-09-05,lions,,native
L-008,2,L,1990-04-14,L-007,L-007,,,TRUE,,Sokota,,,,native
L-009,2,L,1990-04-15,L-005,L-005,,,TRUE,,Beba,,,,native
L-010,2,L,1994-06-14,,,,,TRUE,,Pacha,,,,native
L-011,2,L,1994-03-14,L-001,L-001,,,TRUE,,Zingia,,,,native
L-012,2,L,1987-04-14,L-001,L-001,,,TRUE,,Ujanja,,,,native
L-013,2,L,1994-04-14,L-002,L-002,L-043,,TRUE,,Milia,,,,native
L-014,2,L,1994-01-14,,,,,TRUE,,Shinda,,disease,streptococcus,native
L-015,2,L,1994-04-15,,,,,TRUE,,Nadra,,,,native
L-040,1,X,1991-04-14,,,,,TRUE,,Watatu,,,,founder
L-041,1,X,1989-04-14,,,,,TRUE,,Tamani,,,,founder
L-042,1,X,1987-04-14,,,,,TRUE,,Fowadi,,,,founder
L-043,1,X,1990-04-14,,,,,TRUE,,Askari,1996-07-30,buffalo,prob killed by buffalo,founder
L-044,1,L,1994-01-08,L-007,L-007,L-042,2,TRUE,2,Refu,,,,native
L-045,1,L,1994-01-09,L-008,L-008,,,TRUE,,Tope,,,,native
L-046,1,L,1995-01-08,,,,,TRUE,,Tiririka,,,,native
L-047,1,X,1991-04-14,,,,,TRUE,,Mchango,,,,founder
L-048,1,X,1992-04-14,,,,,FALSE,,,,,,founder
L-049,1,L,1995-04-08,,,,,FALSE,,,,,,native
L-080,1,L,1996-05-18,L-001,L-001,,1,FALSE,1,Cili,,,,native
L-081,1,L,1996-05-18,L-001,L-001,,2,FALSE,2,Chuchu,,,,native
L-082,1,L,1995-09-08,L-002,L-002,L-043,,TRUE,,Jicho,,,,native
L-083,1,L,1995-09-09,L-005,L-005,L-043,,TRUE,,Chuvi,,,,native
L-084,2,L,1996-05-12,L-012,L-012,L-042,2,TRUE,2,Panya,,,"larger, first dom, then sub",native
L-085,2,L,1996-05-12,L-012,L-012,,1,FALSE,1,Tigra,,,"first sub, then dom",native
L-086,1,L,1996-05-27,L-008,L-008,L-047,1,TRUE,1,Nusu,,,,native
L-087,2,L,1996-05-27,L-008,L-008,L-047,2,TRUE,2,Lea,,,,native
L-088,2,L,1995-07-08,L-007,L-007,L-043,,TRUE,,Mafuta,,,,native
L-089,1,L,1995-08-08,L-003,L-003,L-043,,TRUE,,Peke,,,,native
L-090,1,L,1996-06-10,L-004,L-004,L-047,,TRUE,,Epesi,,,,native
L-091,,L,1996-06-26,L-006,L-006,,1,FALSE,1,,,starvation,starved after mother died,native
L-092,,L,1996-06-26,L-006,L-006,,2,FALSE,2,,,starvation,starved after mother died,native
L-093,1,L,1996-06-05,L-009,L-009,L-041,,TRUE,,Donge,,,,native
L-094,2,L,1997-02-04,L-014,L-014,L-042,,TRUE,,Viazi,,,,native
L-095,1,L,1997-02-26,L-013,L-013,L-047,,TRUE,,Richard,,,,native
L-096,2,L,1997-04-07,L-002,L-002,L-047,1,TRUE,1,Dada,,,,native
L-097,2,L,1997-04-07,L-002,L-002,L-041,2,TRUE,2,Pumsika,1998-09-11,lions,,native
L-098,,L,1997-04-14,L-011,L-011,,,FALSE,,,,,,native
L-099,1,L,1997-04-10,L-015,L-015,L-047,1,TRUE,1,,1997-07-04,infanticide,infanticide by L-005,native
L-100,1,L,1997-04-10,L-015,L-015,L-047,2,TRUE,2,Dadu,,,,native
L-101,2,L,1997-05-01,L-004,L-004,L-040,1,TRUE,1,Swala,,,,native
L-102,2,L,1997-05-01,L-004,L-004,L-040,2,TRUE,2,Tungana,,,,native
L-103,,L,1997-06-16,L-005,L-005,,1,FALSE,1,,,,,native
L-104,,L,1997-06-16,L-005,L-005,,2,FALSE,2,,,,,native
L-105,2,L,1997-11-17,L-008,L-008,L-040,1,TRUE,1,"Niuma, X-045",2005-06-08,vehicle collision,"dead hy found by rangers next to road close to hippo pool on 2005-06-08. When they found it, the intestines had already been eaten. Dried out skin and hair left, several pieces found on 2005-06-14",native
L-106,1,L,1997-11-17,L-008,L-008,L-040,2,TRUE,2,Dubu,,,,native
L-107,1,L,1998-01-04,L-011,L-011,L-047,,TRUE,,Zabibu,,,,native
L-108,1,L,1997-12-31,L-005,L-005,L-042,1,TRUE,1,Sabuni,,,,native
L-109,1,L,1997-12-31,L-005,L-005,L-042,2,TRUE,2,Kitimbi,,,,native
L-110,2,L,1997-12-27,L-010,L-010,,,FALSE,,,,,,native
L-111,1,L,1998-04-18,L-088,L-088,L-047,1,TRUE,,Meregesh,,,,native
L-112,2,L,1998-04-24,L-012,L-012,L-042,,TRUE,,Kipepea,,hyenas,head severely injured during intrusion into A/E-terr,native
L-113,,L,1998-04-25,L-001,L-001,,,FALSE,,,,,,native
L-114,2,L,1998-04-19,L-009,L-009,L-040,,TRUE,1,Vinya,,,,native
L-116,1,L,1998-04-19,L-009,L-088,L-040,2,TRUE,2,"Shrink, X-086",2014-02-13,,found dead close to other adult hyena (X-085) close to Munge river,native
L-117,1,L,1998-07-07,L-004,L-004,L-047,1,TRUE,1,Lava,,,,native
L-118,1,L,1998-07-07,L-004,L-004,L-047,2,TRUE,2,Moshi,,,,native
L-119,2,L,1998-07-30,L-010,L-010,L-047,,TRUE,,Pamba,,,,native
L-120,2,L,1998-10-09,L-014,L-014,,1,FALSE,1,Matunda,,,,native
L-121,1,L,1998-10-09,L-014,L-014,L-047,2,TRUE,2,Nyanya,1999-12-17,,,native
L-122,2,L,1999-04-16,L-013,L-013,L-042,1,TRUE,1,Gona,,,,native
L-123,1,L,1999-04-16,L-013,L-013,L-042,2,TRUE,2,Buibui,,,,native
L-124,2,L,1999-05-05,L-008,L-008,L-042,1,TRUE,1,Wali,,,,native
L-125,1,L,1999-05-05,L-008,L-008,L-042,2,TRUE,2,Mchele,,,,native
L-126,1,L,1999-04-27,L-015,L-015,N-043,1,TRUE,1,Fifu,,,,native
L-127,1,L,1999-04-27,L-015,L-015,L-047,2,TRUE,2,Tayo,,,,native
L-128,1,L,1999-05-25,L-002,L-002,M-047,,TRUE,,Pindi,,,,native
L-129,1,L,1999-06-08,L-088,L-088,L-040,,TRUE,,Kimbo,,,,native
L-130,2,L,1999-08-28,L-004,L-004,L-047,1,TRUE,1,Rabanne,,,,native
L-131,1,L,1999-08-28,L-004,L-004,L-047,2,TRUE,2,Paco,,,,native
L-132,2,L,1999-11-20,L-011,L-011,A-041,1,TRUE,1,Tuliza,,,,native
L-133,2,L,1999-11-20,L-011,L-011,A-041,2,TRUE,2,Liwaza,,,,native
L-134,1,L,2000-03-17,L-010,L-010,L-047,,TRUE,,,,,,native
L-135,2,L,2000-04-11,L-102,L-102,M-047,,TRUE,,Tupa,,,,native
L-136,2,L,2000-06-14,L-087,L-087,A-054,,TRUE,,Pua,,,,native
L-137,1,L,2000-06-07,L-088,L-088,L-047,1,TRUE,1,Tamu,,,,native
L-138,1,L,2000-06-07,L-088,L-088,L-047,2,TRUE,2,Chungu,,,,native
L-139,2,L,2000-03-23,L-101,L-101,A-046,1,TRUE,1,Ficha,,,,native
L-140,1,L,2000-03-23,L-101,L-101,A-046,2,TRUE,2,,,,,native
L-141,2,L,2000-09-04,L-008,L-008,L-042,1,TRUE,1,Imena,,,,native
L-142,1,L,2000-09-04,L-008,L-008,L-042,2,TRUE,2,,,,,native
L-143,2,L,2000-08-26,L-084,L-084,,,FALSE,,,,,,native
L-144,,L,2000-10-26,L-009,L-009,,,FALSE,,,,,,native
L-145,2,L,2000-10-22,L-013,L-013,A-084,,TRUE,,,,,,native
L-146,2,L,2001-03-04,L-101,L-101,M-047,1,TRUE,1,Shada,,,,native
L-147,2,L,2001-03-04,L-101,L-101,M-047,2,TRUE,2,,,,,native
L-148,1,L,2001-03-14,L-002,L-002,L-042,1,TRUE,1,Pyramide,,,,native
L-149,1,L,2001-03-14,L-002,L-002,A-054,2,TRUE,2,,,,,native
L-150,1,L,2001-03-24,L-102,L-102,A-041,1,TRUE,1,Kishenzi,,,,native
L-151,2,L,2001-03-24,L-102,L-102,A-041,2,TRUE,2,Palawina,,snare wound,,native
L-152,1,L,2001-04-13,L-010,L-010,M-047,,TRUE,,,,,,native
L-153,2,L,2001-05-18,L-009,L-009,A-049,,TRUE,,Tazama,,,,native
L-154,1,L,2001-06-01,L-005,L-005,A-049,1,TRUE,1,Mtego,,,,native
L-155,1,L,2001-06-01,L-005,L-005,A-049,2,TRUE,2,Mlango,,,,native
L-156,2,L,2001-06-12,L-084,L-084,A-054,1,TRUE,1,Ratte,,,,native
L-157,1,L,2001-06-12,L-084,L-084,A-054,2,TRUE,2,,,,,native
L-158,2,L,2001-07-02,L-014,L-014,A-046,2,TRUE,2,,,,,native
L-159,1,L,2001-07-02,L-014,L-014,A-046,1,TRUE,1,,,,,native
L-160,2,L,2000-11-19,L-004,L-004,A-041,1,TRUE,1,Vimba,2017-06-17,vehicle collision,"road kill, run over by rangers",native
L-161,2,L,2000-11-19,L-004,L-004,A-041,2,TRUE,2,Tambua,,,,native
L-162,2,L,2001-08-02,L-096,L-096,A-049,1,TRUE,1,Dede,,,,native
L-163,1,L,2001-08-02,L-096,L-096,A-049,2,TRUE,2,Dodo,,,,native
L-164,1,L,2001-08-14,L-088,L-088,A-084,,TRUE,,Ologol,,,,native
L-165,2,L,2001-08-18,L-087,L-087,L-040,1,TRUE,1,,,,,native
L-166,,L,2001-08-18,L-087,L-087,,2,FALSE,2,,,,,native
L-167,1,L,2001-08-30,L-105,L-105,X-014,1,TRUE,1,Maharague,,,,native
L-168,1,L,2001-08-30,L-105,L-105,X-014,2,TRUE,2,Dengu,,,,native
L-169,2,L,2001-09-24,L-011,L-011,A-054,1,TRUE,1,,,,,native
L-170,1,L,2001-09-24,L-011,L-011,A-054,2,TRUE,2,,,,,native
L-171,1,L,2001-10-25,L-015,L-015,A-084,,TRUE,,Peponi,,,,native
L-172,2,L,2002-01-12,L-004,L-004,A-041,1,TRUE,1,,,,,native
L-173,1,L,2002-01-12,L-004,L-004,A-041,2,TRUE,2,,,,,native
L-174,2,L,2002-02-03,L-112,L-112,M-104,1,TRUE,1,Kimeta,,,,native
L-175,1,L,2002-02-03,L-112,L-112,A-054,2,TRUE,2,?,2002-05-13,,,native
L-176,2,L,2002-02-28,L-013,L-013,A-046,,TRUE,,,,,,native
L-177,2,L,2002-03-18,L-008,L-008,A-084,,TRUE,,,,,,native
L-178,,L,2002-03-19,L-124,L-124,,,FALSE,,,,,,native
L-179,2,L,2002-04-06,L-122,L-122,,,FALSE,,,,,,native
L-180,2,L,2002-04-19,L-101,L-101,A-054,1,TRUE,1,Kifupa,,,,native
L-181,1,L,2002-04-19,L-101,L-101,,2,FALSE,2,,,,,native
L-182,2,L,2002-05-21,L-102,L-102,A-054,,TRUE,,Keti,,,,native
L-183,,L,2002-06-03,L-010,L-010,,,FALSE,,,,,,native
L-185,2,L,2002-05-25,L-130,L-010,A-049,1,TRUE,1,Ukope,,,adopted by L-010,native
L-186,1,L,2002-05-25,L-130,L-010,A-049,2,TRUE,2,Sharubu,,,adopted by L-010,native
L-187,2,L,2002-06-20,L-002,L-002,A-041,,TRUE,,Omboleza,,,,native
L-188,1,L,2002-10-11,L-088,L-088,,1,FALSE,1,Papa,,,,native
L-189,1,L,2002-10-11,L-088,L-088,M-047,2,TRUE,2,Pomboo,,,,native
L-190,2,L,2002-10-31,L-119,L-119,A-049,,TRUE,,Lupina,,,,native
L-191,2,L,2003-03-17,L-084,L-084,A-085,,TRUE,,Parara,,,,native
L-192,1,L,2003-04-17,L-087,L-087,A-084,1,TRUE,1,Pigo,,,,native
L-193,1,L,2003-04-17,L-087,L-087,,2,FALSE,2,,,,,native
L-194,1,L,2003-06-10,L-004,L-004,F-084,,TRUE,,Majani,,,,native
L-195,1,L,2003-06-25,L-102,L-102,,,FALSE,,,,,,native
L-196,1,L,2003-07-03,L-124,L-124,A-084,,TRUE,,Siafu,,,,native
L-197,2,L,2003-07-13,L-096,L-096,A-049,,TRUE,,Alama,,,,native
L-198,,L,2003-07-17,L-114,L-114,,,FALSE,,,,,,native
L-199,2,L,2003-07-19,L-105,L-105,,1,FALSE,1,,,,,native
L-200,1,L,2003-07-19,L-105,L-105,,2,FALSE,2,,,,,native
L-201,2,L,2003-08-13,L-135,L-135,,,FALSE,,,,,,native
L-202,1,L,2003-08-20,L-013,L-013,A-041,,TRUE,,Nyuzi,,,,native
L-203,1,L,2003-09-04,L-088,L-088,A-046,1,TRUE,1,Akili,,,,native
L-204,1,L,2003-09-04,L-088,L-088,A-046,2,TRUE,2,Ubongo,,,,native
L-205,2,L,2003-09-08,L-101,L-101,A-049,1,TRUE,1,Raha,,,,native
L-206,2,L,2003-09-08,L-101,L-101,A-049,2,TRUE,2,Gandisha,,,,native
L-207,1,L,2003-09-13,L-011,L-011,,1,FALSE,1,,,starvation,starved after mother died,native
L-208,1,L,2003-09-13,L-011,L-011,,2,FALSE,2,,,starvation,starved after mother died,native
L-209,,L,2003-09-16,L-008,L-008,,,FALSE,,,,starvation,starved after mother died,native
L-210,2,L,2003-10-04,L-009,L-009,,1,FALSE,1,,,,,native
L-211,,L,2003-10-04,L-009,L-009,,2,FALSE,2,,,,,native
L-212,1,L,2004-02-14,L-139,L-139,F-084,,TRUE,,"Nywele, X-042",2004-10-13,starvation,"mother stopped su too early, found in L, old carc, only skin and head left",native
L-213,,L,2004-03-10,L-160,L-160,,,FALSE,,,,,,native
L-214,,L,2004-04-08,L-105,L-105,,1,FALSE,1,,,,,native
L-215,,L,2004-04-08,L-105,L-105,,2,FALSE,2,,,,,native
L-216,1,L,2004-05-11,L-132,L-132,,,FALSE,,,,,,native
L-217,,L,2004-05-15,L-015,L-015,,,FALSE,,,,,,native
L-218,2,L,2004-05-19,L-102,L-102,F-084,,TRUE,,Nadala,,,,native
L-219,2,L,2004-05-25,L-002,L-002,E-089,1,TRUE,1,,,,,native
L-220,,L,2004-05-25,L-002,L-002,,2,FALSE,2,,,,,native
L-221,1,L,2004-06-05,L-004,L-004,E-089,2,TRUE,2,Kobwe,,,,native
L-222,1,L,2004-06-05,L-004,L-004,E-089,1,TRUE,1,Jabali,,,,native
L-223,,L,2004-06-22,L-009,L-009,,,FALSE,,,,starvation,starved after mother died,native
L-224,2,L,2004-08-05,L-136,L-136,M-139,,TRUE,,,,,,native
L-225,2,L,2004-08-08,L-114,L-114,F-084,1,TRUE,1,Maisha,,,,native
L-226,1,L,2004-08-08,L-114,L-114,,2,FALSE,2,,,,,native
L-227,1,L,2004-08-15,L-087,L-087,M-104,1,TRUE,1,Lengai,,,,native
L-228,1,L,2004-08-15,L-087,L-087,M-104,2,TRUE,2,,,,,native
L-229,2,L,2004-08-27,L-146,L-146,,1,FALSE,1,,,,,native
L-230,1,L,2004-08-27,L-146,L-146,M-139,2,TRUE,2,,,,,native
L-231,2,L,2004-09-16,L-105,L-105,F-084,1,TRUE,1,,,,,native
L-232,1,L,2004-09-16,L-105,L-105,,2,FALSE,2,,,,,native
L-233,,L,2004-10-05,L-010,L-010,,1,FALSE,1,,,,,native
L-234,,L,2004-10-05,L-010,L-010,,2,FALSE,2,,,,,native
L-235,,L,2004-10-15,L-160,L-160,,,FALSE,,,,,,native
L-236,,L,2004-11-21,L-139,L-139,,1,FALSE,1,,,,,native
L-237,,L,2004-11-09,L-088,L-088,,1,FALSE,1,,,,,native
L-238,,L,2004-11-09,L-088,L-088,,2,FALSE,2,,,,,native
L-239,,L,2004-11-21,L-139,L-139,,2,FALSE,2,,,,,native
L-240,1,L,2004-11-23,L-124,L-124,M-104,,TRUE,,,,starvation,"very thin when seen last, starved after mother died",native
L-241,1,L,2004-12-02,L-141,L-141,,,FALSE,,,,,"also SU by L-124, so could be genetic cub of L-124. If so, L-141 would have had a different, additional cub",native
L-242,2,L,2004-11-18,L-015,L-015,,1,FALSE,1,Ramesa,,,,native
L-243,1,L,2004-11-18,L-015,L-015,F-084,2,TRUE,2,Ororo,,,,native
L-244,,L,2004-12-04,L-084,L-084,,,FALSE,,,,,,native
L-245,2,L,2005-01-21,L-133,L-133,M-104,,TRUE,,,,,,native
L-246,2,L,2005-04-13,L-160,L-160,F-084,1,TRUE,1,Tuhuma,,,,native
L-247,,L,2005-04-13,L-160,L-160,,2,FALSE,2,,,,,native
L-248,2,L,2005-04-29,L-132,L-132,,1,FALSE,1,,,,,native
L-249,,L,2005-04-29,L-132,L-132,,2,FALSE,2,,,,,native
L-250,2,L,2005-05-01,L-139,L-139,F-084,,TRUE,,Laya,,,,native
L-251,2,L,2005-05-20,L-084,L-084,,1,FALSE,1,,,,,native
L-252,2,L,2005-05-20,L-084,L-084,M-139,2,TRUE,2,,2005-06-28,infanticide,,native
L-253,,L,2005-06-15,L-102,L-102,,,FALSE,,,,,,native
L-254,,L,2005-06-17,L-180,L-180,,,FALSE,,,,,,native
L-255,2,L,2005-07-28,L-013,L-013,S-042,,TRUE,,Yatima,,,,native
L-256,2,L,2005-09-08,L-010,L-010,S-042,1,TRUE,1,,,,,native
L-257,1,L,2005-09-08,L-010,L-010,A-128,2,TRUE,2,Bembeo,,,,native
L-258,2,L,2005-09-15,L-141,L-141,A-128,1,TRUE,1,Latika,,,,native
L-259,1,L,2005-09-15,L-141,L-141,A-128,2,TRUE,2,Legevu,,,,native
L-260,1,L,2005-10-24,L-002,L-002,,,FALSE,,,,,,native
L-261,2,L,2005-11-23,L-102,L-102,A-128,2,TRUE,2,Shika,,,,native
L-262,1,L,2005-11-23,L-102,L-102,A-128,1,TRUE,1,,,,,native
L-263,,L,2006-01-02,L-156,L-156,,1,FALSE,1,Speedy,,,,native
L-264,2,L,2006-01-02,L-156,L-156,A-137,2,TRUE,2,Gonzales,2006-01-26,infanticide or warthog,infanticide or warthog?,native
L-265,2,L,2005-11-09,L-087,L-087,M-139,,TRUE,,Hasira,,,,native
L-266,2,L,2005-12-09,L-146,L-146,M-139,1,TRUE,1,,,,,native
L-267,1,L,2005-12-09,L-146,L-146,M-139,2,TRUE,2,Beberu,,,,native
L-268,,L,2006-03-29,L-088,L-088,,,FALSE,,,,,,native
L-269,1,L,2006-07-16,L-206,L-206,,,FALSE,,,,,,native
L-270,2,L,2006-08-18,L-205,L-205,,,FALSE,,,,,,native
L-271,2,L,2006-09-10,L-136,L-136,A-128,1,TRUE,1,,,,,native
L-272,,L,2006-09-10,L-136,L-136,,2,FALSE,2,,,,,native
L-273,2,L,2006-10-24,L-151,L-151,M-139,1,TRUE,1,Chura,,,,native
L-274,2,L,2006-10-24,L-151,L-151,M-139,2,TRUE,2,,,,,native
L-275,2,L,2006-11-23,L-102,L-102,A-150,1,TRUE,1,Hongera,,,,native
L-276,1,L,2006-11-23,L-102,L-102,,2,FALSE,2,,,,,native
L-277,1,L,2006-12-04,L-139,L-139,A-128,,TRUE,,,,,,native
L-278,1,L,2006-12-18,L-088,L-088,A-137,,TRUE,,Ugali,,,,native
L-279,2,L,2006-12-20,L-114,L-114,A-137,1,TRUE,1,,,,,native
L-280,1,L,2006-12-20,L-114,L-114,A-137,2,TRUE,2,Tona,,,,native
L-281,2,L,2007-01-10,L-160,L-160,A-150,,TRUE,,,,,,native
L-282,2,L,2007-02-04,L-153,L-153,A-137,,TRUE,,,,,,native
L-283,,L,2007-02-15,L-132,L-132,,1,FALSE,1,,,,,native
L-284,,L,2007-02-15,L-132,L-132,,2,FALSE,2,,,,,native
L-285,2,L,2007-02-22,L-162,L-162,M-158,,TRUE,,,,,,native
L-286,,L,2007-03-20,L-206,L-206,,1,FALSE,1,,,,,native
L-287,,L,2007-03-20,L-206,L-206,,2,FALSE,2,,,,,native
L-288,1,L,2007-04-03,L-218,L-218,A-150,,TRUE,,,,,,native
L-289,1,L,2007-04-09,L-156,L-156,S-101,,TRUE,,Kijivu,,,,native
L-290,2,L,2007-04-11,L-133,L-133,A-150,1,TRUE,1,Huzuni,,,,native
L-291,1,L,2007-04-11,L-133,L-133,A-150,2,TRUE,2,,,,,native
L-292,2,L,2007-04-06,L-146,L-146,S-093,1,TRUE,1,Ghumia,,,,native
L-293,1,L,2007-04-06,L-146,L-146,S-093,2,TRUE,2,Gomoi,,,,native
L-294,,L,2007-05-08,L-087,L-087,,,FALSE,,,,starvation,starved after mother died,native
L-295,2,L,2007-07-10,L-084,L-084,M-139,,TRUE,,Masizi,,,,native
L-296,2,L,2007-07-20,L-002,L-002,M-193,,TRUE,,,,,,native
L-297,1,L,2007-08-01,L-191,L-191,M-193,,TRUE,,grey,,,,native
L-298,1,L,2007-09-25,L-206,L-206,S-093,2,TRUE,2,Bonde,,,,native
L-299,1,L,2007-09-25,L-206,L-206,S-093,1,TRUE,1,Vipeo,,,,native
L-300,2,L,2007-10-02,L-205,L-205,A-128,,TRUE,,Pevuka,,,,native
L-301,1,L,2007-12-01,L-197,L-197,A-146,,TRUE,,,2007-12-14,infanticide,infanticide maybe by L-187,native
L-302,,L,2007-12-08,L-187,L-187,,1,FALSE,1,,,,,native
L-303,1,L,2007-12-08,L-187,L-187,A-137,2,TRUE,2,,,,,native
L-304,1,L,2007-12-08,L-187,L-187,,3,FALSE,3,,,infanticide,infanticide by L-206,native
L-305,2,L,2007-09-17,L-132,L-132,A-128,,TRUE,,,,,,native
L-306,1,L,2007-10-15,L-015,L-015,A-128,,TRUE,,,,,,native
L-307,2,L,2007-12-22,L-139,L-139,S-093,2,TRUE,2,bent ear,,,,native
L-308,1,L,2007-12-22,L-139,L-139,S-093,1,TRUE,1,Lemburis,,,,native
L-309,2,L,2007-12-05,L-102,L-102,A-150,2,TRUE,2,,,,,native
L-310,1,L,2007-12-05,L-102,L-102,,1,TRUE,1,,,,,native
L-311,2,L,2008-02-12,L-160,L-160,,1,FALSE,1,,,,,native
L-312,2,L,2008-02-12,L-160,L-160,S-093,2,TRUE,2,,,,,native
L-313,1,L,2008-02-16,L-136,L-136,M-193,1,TRUE,1,,,,,native
L-314,1,L,2008-02-16,L-136,L-136,A-150,2,TRUE,2,,,,,native
L-315,1,L,2008-03-31,L-151,L-151,A-137,,TRUE,,,,,,native
L-316,1,L,2008-04-12,L-141,L-141,A-150,1,TRUE,1,Uparo,,,,native
L-317,2,L,2008-04-12,L-141,L-141,,2,FALSE,2,,,,,native
L-318,1,L,2008-06-28,L-190,L-218,X-061,,TRUE,,,,,reared by L-218 but is genetic cub of L-190,native
L-319,1,L,2008-07-12,L-146,L-146,A-150,,TRUE,,,,,,native
L-320,2,L,2008-08-18,L-205,L-205,M-139,1,TRUE,1,Jiona,,,,native
L-321,1,L,2008-08-18,L-205,L-205,M-139,2,TRUE,2,,,,,native
L-322,,L,2008-11-05,L-261,L-261,,,FALSE,,,,,,native
L-323,1,L,2009-02-26,L-133,L-133,,1,FALSE,1,,,,,native
L-324,1,L,2009-02-26,L-133,L-133,,2,FALSE,2,,,,,native
L-325,1,L,2009-03-08,L-190,L-190,,,FALSE,,,,,,native
L-326,,L,2009-03-20,L-191,L-191,,,FALSE,,,,,,native
L-327,,L,2009-03-24,L-153,L-153,,,FALSE,,,,,,native
L-328,2,L,2009-03-25,L-197,L-197,A-128,,TRUE,,,,,,native
L-329,2,L,2009-05-05,L-206,L-206,L-192,1,TRUE,1,Vunjwa,,,,native
L-330,1,L,2009-05-05,L-206,L-206,L-192,2,TRUE,2,,,,,native
L-331,2,L,2009-05-18,L-139,L-139,L-227,1,TRUE,1,,,,,native
L-332,2,L,2009-05-18,L-139,L-139,M-104,2,TRUE,2,,,,,native
L-333,2,L,2009-05-22,L-275,L-218,,1,TRUE,1,,,,suckled by L-218 but alleles match L-275,native
L-334,,L,2009-05-22,L-218,L-218,,2,FALSE,2,,,,,native
L-335,2,L,2009-05-27,L-205,L-205,A-150,1,TRUE,1,Gharama,,,,native
L-336,2,L,2009-05-27,L-205,L-205,A-150,2,TRUE,2,Tajina,,disease,"Streptococcus, seen last with severe swelling",native
L-337,2,L,2009-06-13,L-160,L-160,A-137,,TRUE,,,,,,native
L-338,2,L,2009-06-07,L-102,L-102,A-137,1,TRUE,1,,,lions,"seen last shortly after being badly injured, both hl broken",native
L-339,2,L,2009-06-07,L-102,L-102,A-137,2,TRUE,2,,,,,native
L-340,2,L,2009-05-26,L-151,L-151,A-137,,TRUE,,,,,,native
L-341,1,L,2009-06-10,L-084,L-084,M-244,,TRUE,,,2009-08-17,infanticide,infanticide? dead body carried around by L-321 at locki den,native
L-342,2,L,2009-06-15,L-246,L-246,A-146,,TRUE,,,,,,native
L-343,,L,2009-05-28,L-250,L-250,,,FALSE,,,,,,native
L-344,1,L,2009-07-06,L-258,L-258,,,FALSE,,,,,,native
L-345,2,L,2009-08-01,L-088,L-088,X-061,,TRUE,,,,,,native
L-346,1,L,2009-09-28,L-162,L-162,A-137,1,TRUE,1,,,,,native
L-347,1,L,2009-09-28,L-162,L-162,A-137,2,TRUE,2,,,,,native
L-348,2,L,2009-10-13,L-146,L-146,L-243,2,TRUE,2,,,,,native
L-349,1,L,2009-10-13,L-146,L-146,L-243,1,TRUE,1,Kinga,,,,native
L-350,2,L,2009-10-28,L-136,L-136,M-193,,TRUE,,,,,,native
L-351,1,L,2009-11-10,L-265,L-265,S-101,,TRUE,,,,,,native
L-352,2,L,2009-11-12,L-275,L-275,A-146,1,TRUE,1,,,,,native
L-353,,L,2009-11-12,L-275,L-275,,2,FALSE,2,,,,,native
L-354,2,L,2009-11-14,L-261,L-261,L-171,1,TRUE,1,,,,,native
L-355,2,L,2009-11-14,L-261,L-261,A-150,2,TRUE,2,,,,,native
L-356,1,L,2009-11-15,L-250,L-250,A-150,,TRUE,,,,,,native
L-357,2,L,2009-11-23,L-132,L-132,A-182,1,TRUE,1,,,,,native
L-358,1,L,2009-11-23,L-132,L-132,,2,FALSE,2,,,,,native
L-359,2,L,2009-11-29,L-187,L-187,S-124,2,TRUE,2,,,,,native
L-360,1,L,2009-11-29,L-187,L-187,S-124,1,TRUE,1,,,,,native
L-361,1,L,2009-12-15,L-191,L-191,A-182,1,TRUE,1,,,,,native
L-362,1,L,2009-12-15,L-191,L-191,,2,FALSE,2,,,,,native
L-363,,L,2010-01-29,L-190,L-190,,,FALSE,,brown,,,,native
L-364,2,L,2010-02-10,L-258,L-258,M-244,1,TRUE,1,brown,2010-05-19,infanticide,infanticide by L-205,native
L-365,2,L,2010-02-10,L-258,L-258,M-244,2,TRUE,2,brown,,,,native
L-366,1,L,2010-01-30,L-133,L-133,,1,FALSE,1,,,starvation,starved after mother died,native
L-367,1,L,2010-01-30,L-133,L-133,,2,FALSE,2,,,starvation,starved after mother died,native
L-368,2,L,2010-02-23,L-156,L-156,,1,FALSE,1,,,,foot missing,native
L-369,1,L,2010-02-23,L-156,L-156,A-150,2,TRUE,2,,,,,native
L-370,,L,2010-03-11,L-084,L-084,,,FALSE,,,,,,native
L-371,2,L,2010-03-17,L-300,L-300,S-124,,TRUE,,,,,"was su by L-206 during first few weeks, then by L-300",native
L-372,2,L,2010-03-14,L-153,L-206,A-182,1,TRUE,,,,,"reared by L-206, not seen su from L-153 but L-153 seen deep in dh 100316",native
L-373,2,L,2010-03-18,L-206,L-206,A-150,2,TRUE,,,,,,native
L-374,2,L,2010-02-07,L-255,L-255,,,FALSE,,,,,,native
L-375,1,L,2010-03-27,L-114,L-114,,,FALSE,,,,,,native
L-376,1,L,2010-05-05,L-205,L-205,A-128,2,TRUE,2,,,,,native
L-377,1,L,2010-05-05,L-205,L-205,A-128,1,TRUE,1,,,,,native
L-378,,L,2010-05-16,L-225,L-225,,,FALSE,,,,,,native
L-379,1,L,2010-06-24,L-218,L-218,A-128,1,TRUE,1,,,,,native
L-380,2,L,2010-06-24,L-218,L-218,A-128,2,TRUE,2,,,,,native
L-381,2,L,2010-07-18,L-141,L-141,L-293,,TRUE,,,,starvation,starved after mother died,native
L-382,1,L,2010-10-11,L-273,L-273,M-244,,TRUE,,,,,,native
L-383,2,L,2010-10-23,L-255,L-255,N-129,1,TRUE,1,,,,,native
L-384,1,L,2010-10-23,L-255,L-255,N-129,2,TRUE,2,,,,,native
L-385,2,L,2010-11-17,L-225,L-225,S-101,,TRUE,,,,,,native
L-386,1,L,2010-11-26,L-292,L-292,L-259,2,TRUE,2,,,,,native
L-387,1,L,2010-11-26,L-292,L-292,L-259,1,TRUE,1,,,,,native
L-388,2,L,2010-12-14,L-197,L-197,,1,FALSE,1,,,,,native
L-389,1,L,2010-12-14,L-197,L-197,M-244,2,TRUE,2,,,,,native
L-390,1,L,2011-01-28,L-160,L-160,,,FALSE,,,,,,native
L-391,2,L,2011-01-30,L-139,L-139,A-150,,TRUE,,,,,,native
L-392,,L,2011-02-07,L-102,L-102,,,FALSE,,,,,,native
L-393,,L,2011-02-09,L-275,L-275,,,FALSE,,,,,,native
L-394,2,L,2011-02-11,L-205,L-205,A-128,1,TRUE,1,,,,,native
L-395,1,L,2011-02-11,L-205,L-205,A-128,2,TRUE,2,,,,,native
L-396,2,L,2011-02-19,L-146,L-146,A-150,,TRUE,,L-fcub2,,starvation,starved after mother died,native
L-397,2,L,2011-03-02,L-250,L-250,M-244,,TRUE,,L-fcub3,,,,native
L-398,2,L,2011-02-16,L-246,L-246,A-128,,TRUE,,L-fcub1,,,,native
L-399,2,L,2011-05-25,L-206,L-206,L-243,1,TRUE,1,,,,,native
L-400,1,L,2011-05-25,L-206,L-206,L-243,2,TRUE,2,,,,,native
L-401,1,L,2011-06-28,L-261,L-261,A-150,,TRUE,,,,,,native
L-402,2,L,2011-07-10,L-320,L-320,L-259,,TRUE,,,,,,native
L-403,1,L,2011-09-04,L-136,L-136,A-137,1,TRUE,1,L-cubG,,,,native
L-404,2,L,2011-09-04,L-136,L-136,,2,FALSE,2,,,,,native
L-405,2,L,2011-09-15,L-275,L-275,A-237,1,TRUE,1,,,,,native
L-406,2,L,2011-09-15,L-275,L-275,M-193,2,TRUE,2,X-080,2012-05-30,,"not known, skin found at locki den",native
L-407,1,L,2011-09-26,L-300,L-300,S-101,,TRUE,,L-cubC,,,,native
L-408,1,L,2011-10-11,L-218,L-218,S-113,1,TRUE,1,L-cubH,,,,native
L-409,1,L,2011-10-11,L-218,L-218,S-113,2,TRUE,2,L-cubE,,,,native
L-410,2,L,2011-10-25,L-197,L-197,A-150,1,TRUE,1,L-cubB,,,,native
L-411,1,L,2011-10-25,L-197,L-197,A-150,2,TRUE,2,L-cubD,,,,native
L-412,2,L,2011-10-03,L-265,L-265,A-150,,TRUE,,L-cubA,,,,native
L-413,2,L,2011-12-27,L-205,L-205,M-139,1,TRUE,1,,,,,native
L-414,1,L,2011-12-27,L-205,L-205,M-193,2,TRUE,2,"X-123, T-unknown",,,"adult in Engitati territory, submissive to X-088",native
L-415,2,L,2012-01-02,L-151,L-151,,,FALSE,,,,,,native
L-416,2,L,2012-01-08,L-336,L-336,L-259,,TRUE,,,,,,native
L-417,1,L,2012-01-16,L-335,L-335,S-114,1,TRUE,1,,,,,native
L-418,2,L,2012-01-13,L-162,L-162,,,FALSE,,,,,,native
L-419,1,L,2012-01-16,L-335,L-335,A-237,2,TRUE,2,dark face,,,,native
L-420,,L,2012-04-28,L-281,L-281,,1,FALSE,1,,,,,native
L-421,,L,2012-04-28,L-281,L-281,,2,FALSE,2,,,,,native
L-422,2,L,2012-07-01,L-160,L-160,A-150,,TRUE,,,,,,native
L-423,2,L,2012-07-11,L-258,L-258,A-182,,TRUE,,,,,,native
L-424,1,L,2012-07-15,L-292,L-292,,,FALSE,,,,,,native
L-425,2,L,2012-07-19,L-320,L-320,L-259,1,TRUE,1,Husura,,,,native
L-426,1,L,2012-07-19,L-320,L-320,L-259,2,TRUE,2,L-xxx,,,,native
L-427,,L,2012-09-26,L-255,L-255,,,FALSE,,,,starvation,"starved after mother died, mother seen last 2012-11-26",native
L-428,2,L,2013-01-13,L-205,L-205,A-150,2,TRUE,2,Majira,,,,native
L-429,2,L,2013-01-13,L-205,L-205,A-150,1,TRUE,1,Ligeia,,,,native
L-430,2,L,2013-01-22,L-206,L-206,A-137,1,TRUE,1,,,,,native
L-431,2,L,2013-01-22,L-206,L-206,A-137,2,TRUE,2,,,,,native
L-432,,L,2013-02-02,L-156,L-156,,,FALSE,,,,,,native
L-433,,L,2013-02-18,L-250,L-250,,,FALSE,,,,,,native
L-434,,L,2013-02-25,L-292,L-292,,1,FALSE,1,,,,,native
L-435,1,L,2013-02-25,L-292,L-292,,2,FALSE,2,,,,,native
L-436,2,L,2013-03-03,L-273,L-273,S-146,1,TRUE,1,,,,,native
L-437,1,L,2013-03-03,L-273,L-273,S-146,2,TRUE,2,,,,,native
L-438,,L,2013-03-13,L-261,L-261,,,FALSE,,,,,,native
L-439,2,L,2013-05-04,L-187,L-187,L-321,,TRUE,,,,,,native
L-440,2,L,2013-06-12,L-275,L-275,,1,FALSE,1,L-fcub2,,,,native
L-441,1,L,2013-06-12,L-275,L-275,A-182,2,TRUE,2,"Feniace, Makala, L-mcub3",,,,native
L-442,1,L,2013-07-08,L-336,L-336,L-243,,TRUE,,Davo,,,,native
L-443,2,L,2013-07-24,L-246,L-246,A-182,,TRUE,,Lachha,,,,native
L-444,2,L,2013-09-16,,,,,FALSE,,,,,,native
L-445,2,L,2013-12-18,L-292,L-292,A-182,,TRUE,,,,,,native
L-446,2,L,2014-01-05,L-265,L-265,,1,FALSE,1,L-light,,,,native
L-447,2,L,2014-01-05,L-265,L-265,A-237,2,TRUE,2,L-dark,,,,native
L-448,2,L,2014-02-08,L-205,L-205,,,FALSE,,,,,,native
L-449,2,L,2014-03-21,L-160,L-160,S-113,,TRUE,,,,,,native
L-450,1,L,2014-03-30,L-328,L-328,,,FALSE,,,,,,native
L-451,1,L,2014-04-02,L-394,L-394,M-244,,TRUE,,,,,,native
L-452,1,L,2014-04-13,L-300,L-300,A-237,1,TRUE,1,,,,,native
L-453,2,L,2014-04-13,L-300,L-300,,2,FALSE,2,,,,,native
L-454,1,L,2014-05-08,L-281,L-281,A-289,,TRUE,,X-097,,,,native
L-455,,L,2014-05-11,L-250,L-250,,,FALSE,,,,,,native
L-456,2,L,2014-05-14,L-190,L-190,,,FALSE,,,,,,native
L-457,1,L,2014-05-03,L-258,L-258,,,FALSE,,,,,,native
L-458,1,L,2014-05-24,L-312,L-312,A-237,,TRUE,,,,,,native
L-459,1,L,2014-10-19,L-413,L-413,,,FALSE,,,,,,native
L-460,2,L,2014-04-17,L-295,L-300,A-237,,TRUE,1,L-453,,,adopted by L-300; cub not seen su from L-295 but L-295 seen deep in dh on 140502; is submissive to L-452,native
L-461,1,L,2015-01-04,L-295,L-295,L-259,,TRUE,2,,,,,native
L-462,2,L,2015-03-22,L-205,L-205,A-237,1,TRUE,1,"Timba, X-156",2023-01-13,,"hair and dried out skin found next to den hole on 2023-01-17, estimated to have been dead for several days",native
L-463,2,L,2015-03-22,L-205,L-205,A-237,2,TRUE,2,Vati,,,,native
L-464,1,L,2015-04-18,L-429,L-429,A-182,,TRUE,,,,,,native
L-465,2,L,2015-04-28,L-399,L-399,A-237,,TRUE,,,,,,native
L-466,2,L,2015-07-07,L-151,L-151,A-289,,TRUE,,Uchawi,,,,native
L-467,1,L,2015-10-12,L-246,L-246,A-150,,TRUE,,,,,,native
L-468,,L,2015-11-08,L-187,L-187,,1,FALSE,1,,,,,native
L-469,2,L,2015-11-08,L-187,L-187,A-289,2,TRUE,2,,,,,native
L-470,1,L,2015-12-02,L-428,L-428,A-182,1,TRUE,1,Goose,,,,native
L-471,1,L,2015-12-02,L-428,L-428,A-182,2,TRUE,2,Bump,,,,native
L-472,,L,2015-12-28,L-160,L-160,,,FALSE,,,,,,native
L-473,,L,2016-01-02,L-329,L-329,,,FALSE,,,,,,native
L-474,2,L,2016-01-17,L-205,L-205,A-237,1,TRUE,1,Kisiwa,,,,native
L-475,1,L,2016-01-17,L-205,L-205,A-237,2,TRUE,2,,,,,native
L-476,2,L,2016-01-20,L-429,L-429,A-182,,TRUE,,,,,,native
L-477,2,L,2016-01-26,L-359,L-359,,,FALSE,,,,,,native
L-478,,L,2016-02-28,,,,1,FALSE,1,,,,,native
L-479,,L,2016-02-28,,,,2,FALSE,2,,,,,native
L-480,2,L,2016-09-27,L-329,L-329,A-237,,TRUE,1,L-female1,,,suckled also by L-295,native
L-481,2,L,2016-09-29,L-300,L-300,A-237,,TRUE,,L-female2,,,,native
L-482,1,L,2016-11-01,L-160,L-160,S-146,,TRUE,,L-male1,,,,native
L-483,1,L,2016-09-27,L-329,L-295,A-237,,TRUE,2,,,,,native
L-484,,L,2016-11-14,L-425,L-425,,,FALSE,,,,,,native
L-485,1,L,2016-12-25,L-359,L-359,A-264,,TRUE,,,,,,native
L-486,,L,2017-01-07,L-191,L-191,,,FALSE,,,,,,native
L-487,2,L,2017-01-10,L-429,L-429,L-259,1,TRUE,1,,,,,native
L-488,1,L,2017-01-10,L-429,L-429,,2,FALSE,2,,,,,native
L-489,1,L,2017-01-15,L-350,L-350,A-264,1,TRUE,1,,,,,native
L-490,1,L,2017-01-15,L-350,L-350,A-264,2,TRUE,2,,,,,native
L-491,2,L,2016-11-25,L-258,L-258,A-237,,TRUE,,L-nice,,,,native
L-492,1,L,2017-01-05,L-340,L-340,A-289,,TRUE,,,,,,native
L-493,1,L,2017-03-23,L-428,L-428,S-146,,TRUE,,,,,,native
L-494,1,L,2017-05-08,L-312,L-312,A-150,,TRUE,,,,,,native
L-495,2,L,2017-05-25,L-425,L-425,,,FALSE,,,,,,native
L-496,2,L,2017-09-10,L-295,L-295,,1,FALSE,1,,,,,native
L-497,,L,2017-09-10,L-295,L-295,,2,FALSE,2,,,,,native
L-498,2,L,2017-12-30,L-462,L-462,A-264,2,TRUE,2,Ongoza,,,,native
L-499,2,L,2017-12-30,L-462,L-462,,1,FALSE,1,,,,,native
L-500,1,L,2018-01-10,L-463,L-463,,,FALSE,,,,,,native
L-501,1,L,2018-01-26,L-443,L-443,A-264,,TRUE,,L-443_cub,,,,native
L-502,,L,2018-03-30,L-449,L-449,,1,FALSE,1,,,,,native
L-503,,L,2018-03-30,L-449,L-449,,2,FALSE,2,,,,,native
L-504,,L,2018-05-05,L-429,L-429,,,FALSE,,,,,,native
L-505,1,L,2018-12-12,L-463,L-463,L-441,,TRUE,,L-463_cub,,,,native
L-506,1,L,2018-12-28,L-312,L-312,A-383,,TRUE,,L-312_cub,,,,native
L-507,,L,2019-02-18,L-425,L-425,,,FALSE,,L-425_cub,,,,native
L-508,2,L,2019-03-20,L-449,L-449,A-383,,TRUE,,,,,,native
L-509,2,L,2019-03-30,L-187,L-187,A-289,,TRUE,,,,,,native
L-510,2,L,2019-05-22,L-350,L-350,A-383,1,TRUE,1,Machozi,,,,native
L-511,1,L,2019-05-22,L-350,L-350,A-383,2,TRUE,2,,,,,native
L-512,2,L,2019-06-23,L-462,L-462,L-441,1,TRUE,1,,,,,native
L-513,1,L,2019-06-23,L-462,L-462,L-441,2,TRUE,2,Guapo,,,,native
L-514,1,L,2019-07-12,L-428,L-428,S-146,2,TRUE,2,L-428_cub1,,,,native
L-515,1,L,2019-07-12,L-428,L-428,S-146,1,TRUE,1,L-428_cub2,,,,native
L-516,2,L,2019-07-28,L-359,L-359,A-383,,TRUE,,"Ekimuli, L-359_cub1",,,"shy cub, no picture for age estimation",native
L-517,2,L,2019-08-04,L-429,L-429,A-383,1,TRUE,1,"Usingizi, L-429_cub1",,,,native
L-518,1,L,2019-08-04,L-429,L-429,A-383,2,TRUE,2,L-429_cub2,,,,native
L-519,2,L,2019-08-21,L-425,L-425,A-289,,TRUE,,L-425_cub,,,"no suckling seen, but once carried a cub from one DH to another.",native
L-520,,L,2019-11-09,L-329,L-329,,1,FALSE,1,,,,,native
L-521,,L,2019-11-09,L-329,L-329,,2,FALSE,2,,,,,native
L-522,,L,2019-12-19,L-463,L-463,,,FALSE,,,,,,native
L-523,2,L,2020-07-11,L-463,L-463,A-383,1,TRUE,1,"Zuhura, L-463_cub1",,,,native
L-524,1,L,2020-07-11,L-463,L-463,A-383,2,TRUE,2,"Zebaki, L-463_cub2",,,,native
L-525,,L,2020-12-19,L-449,L-449,,,FALSE,,L-449_cub,,,,native
L-526,,L,2020-12-20,L-425,L-425,,1,FALSE,1,L-425_cub1,,,,native
L-527,,L,2020-12-20,L-425,L-425,,2,FALSE,2,L-425_cub2,2021-02-10,infanticide,"infanticide by L-462, filmed by Wildstar team",native
L-528,,L,2020-12-17,L-462,L-462,,1,FALSE,1,L-462_cub1,,,,native
L-529,,L,2020-12-17,L-462,L-462,,2,FALSE,2,L-462_cub2,,,,native
L-530,,L,2020-12-25,L-329,L-329,,1,FALSE,1,L-329_cub1,,,,native
L-531,,L,2020-12-25,L-329,L-329,,2,FALSE,2,L-329_cub2,,,,native
L-532,,L,2021-02-23,L-429,L-429,,,FALSE,,,,,,native
L-533,2,L,2021-04-27,L-359,L-359,A-383,,TRUE,,L-359_female1,,,,native
L-534,2,L,2021-08-07,L-449,L-449,A-383,1,TRUE,1,L-449_cub1,,,,native
L-535,1,L,2021-08-07,L-449,L-449,,2,TRUE,2,L-449_cub2,,,,native
L-536,,L,2021-08-08,L-429,L-429,,1,FALSE,1,L-429_cub1,,,,native
L-537,,L,2021-08-08,L-429,L-429,,2,FALSE,2,L-429_cub2,,,,native
L-538,1,L,2021-08-15,L-462,L-462,,,FALSE,,L-462_cub1,,,,native
L-539,1,L,2021-09-24,L-350,L-350,X-150,,TRUE,,"Drako, L-350_grey",,,,native
L-540,1,L,2021-10-20,L-498,L-498,A-343,2,TRUE,2,"Mavazi, L-498_first born",,,,native
L-541,2,L,2021-11-03,L-329,L-329,A-343,1,TRUE,1,L-329_cub1,,,,native
L-542,1,L,2021-11-03,L-329,L-329,A-343,2,TRUE,2,L-329_cub2,,,,native
L-543,1,L,2021-11-05,L-474,L-474,T-171,,TRUE,,Mulenzi,,,,native
L-544,2,L,2021-10-20,L-498,L-498,A-343,1,TRUE,1,Malaika,,,,native
L-545,1,L,2022-03-12,L-462,L-462,N-275,1,TRUE,1,,,,,native
L-546,1,L,2022-03-12,L-462,L-462,,2,TRUE,2,,,,,native
L-547,2,L,2022-03-14,L-428,L-428,A-264,,TRUE,1,L-428_daughter,,,,native
L-548,1,L,2022-03-16,L-429,L-429,,1,TRUE,1,Kudeka,,,,native
L-549,2,L,2022-03-16,L-429,L-429,,2,TRUE,2,,,,,native
L-550,1,L,2022-05-21,L-463,L-463,A-430,,TRUE,,,,,,native
L-551,1,L,2022-12-20,L-498,L-498,A-430,1,TRUE,1,L1,,,,native
L-552,1,L,2022-12-20,L-498,L-498,A-430,2,TRUE,2,L3,,,,native
L-553,1,L,2022-12-24,L-439,L-439,A-383,,TRUE,,L2,,,,native
L-554,1,L,2023-01-11,L-449,L-449,,1,FALSE,1,L4,,,,native
L-555,,L,2023-01-11,L-449,L-449,,2,FALSE,2,,,,,native
L-556,2,L,2023-01-25,L-523,L-523,S-316,,TRUE,,L6,,,,native
L-557,2,L,2023-02-13,L-428,L-428,,2,TRUE,2,L5,,,,native
L-558,1,L,2023-02-13,L-428,L-428,,1,TRUE,1,,,,,native
L-559,2,L,2023-02-15,L-463,L-463,N-275,,TRUE,,,,,,native
L-560,1,L,2023-02-25,L-429,L-429,,,FALSE,,,,,,native
L-561,1,L,2023-04-23,L-516,L-516,,1,TRUE,1,L-517_cub?,,,,native
L-562,,L,2023-04-23,L-516,L-516,,2,FALSE,2,,,,,native
L-563,1,L,2023-06-23,L-517,L-517,L-441,,TRUE,,,,,,native
L-564,1,L,2023-07-16,L-508,L-508,,,TRUE,,L-508_cub1,,,,native
L-565,1,L,2023-08-04,L-510,L-510,,1,FALSE,1,,,,,native
L-566,1,L,2023-08-04,L-510,L-510,,2,FALSE,2,,,,,native
L-567,1,L,2023-10-30,L-474,L-474,T-171,,TRUE,,,,,,native
L-568,2,L,2023-11-14,L-429,L-429,,1,TRUE,1,,,,,native
L-569,1,L,2023-11-14,L-429,L-429,,2,TRUE,2,,,,,native
L-570,2,L,2024-02-10,L-350,L-350,,,TRUE,,L-350_cub1,,,,native
L-571,1,L,2024-03-22,L-510,L-510,,,TRUE,,,,,,native
L-572,1,L,2024-08-15,L-449,L-449,,,TRUE,,L-449_cub,,,,native
L-573,1,L,2024-09-18,L-498,L-498,,,FALSE,,L-498_cub,,,,native
L-574,,L,2024-08-20,L-329,L-329,,,FALSE,,L-329_cub,,,,native
L-575,1,L,2024-10-05,L-544,L-544,,,FALSE,,L-544_cub,,,,native
L-576,,L,2024-01-07,L-463,L-463,,,FALSE,,,,,,native
M-001,2,M,1985-06-13,,,,,TRUE,,Wave,,,,native
M-002,2,M,1985-06-12,,,,,FALSE,,Wilma,,,,native
M-003,2,M,1985-06-14,,,,,FALSE,,Goldie,,,,native
M-004,2,M,1981-06-14,,,,,TRUE,,Nyonga,,,,native
M-005,2,M,1992-04-05,,,,,TRUE,,Kunja,,,,native
M-006,2,M,1989-04-14,M-003,M-003,,,TRUE,,Tambaa,,,,native
M-007,2,M,1994-02-14,M-003,M-003,,1,TRUE,1,Changa,,,,native
M-008,1,X,1989-04-14,,,,,TRUE,,Sikio,,,,founder
M-009,2,M,1992-04-06,M-001,M-001,,,TRUE,,Tisa,,,total surviving cubs = 8 (incl M-091),native
M-010,1,X,1991-04-14,,,,,FALSE,,Shimo,,,,founder
M-011,2,M,1985-06-15,,,,,FALSE,,,,,,native
M-012,2,M,1983-06-14,,,,,TRUE,,Tembea,,,,native
M-013,2,M,1987-06-14,,,,,FALSE,,Mikata,,,,native
M-014,2,M,1988-06-13,,,,,TRUE,,Fanaka,,,,native
M-015,2,M,1994-02-15,,,,,FALSE,,,,,,native
M-016,2,M,1988-06-14,,,,,FALSE,,Giza,,disease,"disease, was walking very slowly when seen last",native
M-017,2,M,1994-04-14,M-014,M-014,,,TRUE,,Zuka,,,,native
M-040,1,X,1990-04-14,,,,,TRUE,,Lino,,,,founder
M-041,1,M,1994-02-14,M-003,M-003,M-008,2,TRUE,2,Adonis,,,,native
M-042,1,M,1994-04-15,,,,,TRUE,,,,,,native
M-043,2,M,1994-02-16,M-012,M-012,M-008,,TRUE,,Chopi,,,,native
M-044,1,M,1993-10-12,,,,,FALSE,,Kimbio,,,,native
M-045,1,X,1985-04-14,,,,,FALSE,,,,,,founder
M-046,1,X,1992-04-14,,,,,TRUE,,Domino,,,,founder
M-047,1,M,1993-10-13,,,,,TRUE,,"Olepeti, X-035",2002-09-25,immobilisation/disease,"died during immobilisation, possibly long-term effect of Streptococcus",native
M-048,1,M,1993-04-13,,,,,FALSE,,,,,,native
M-049,1,M,1993-04-14,,,,,FALSE,,laechelnder Fuss,,,,native
M-050,1,X,1992-04-14,,,,,TRUE,,Hamsini,,,,founder
M-051,1,M,1993-10-14,M-004,M-004,,,TRUE,,Kitanzi,,,,native
M-052,1,X,1992-07-14,,,,,TRUE,,Popo,,,,founder
M-053,1,M,1993-04-15,,,,,TRUE,,,,,,native
M-054,1,M,1993-10-15,,,,,FALSE,,,,,,native
M-080,1,M,1995-10-14,M-013,M-013,,,FALSE,,Nannini,,,,native
M-081,2,M,1995-10-15,M-002,M-002,M-008,,TRUE,,Samaki,,,,native
M-082,2,M,1995-09-25,M-003,M-003,M-052,1,TRUE,1,Tawala,,,,native
M-083,1,M,1995-09-25,M-003,M-003,,2,FALSE,2,Square,,,,native
M-084,1,M,1995-12-28,M-001,M-001,M-008,1,TRUE,1,Cookie,,,,native
M-085,1,M,1995-12-28,M-001,M-001,,2,FALSE,2,Kali,,,,native
M-086,2,M,1995-04-14,M-004,M-004,,,FALSE,,Safi,,,,native
M-087,1,M,1995-02-14,M-006,M-006,,2,TRUE,2,Mzizi,,,,native
M-088,2,M,1995-02-14,M-006,M-006,,1,TRUE,1,Ngiri,,,,native
M-089,2,M,1995-11-15,M-014,M-014,,2,FALSE,2,Kiga,,,,native
M-090,2,M,1995-11-15,M-014,M-014,,1,FALSE,1,Moon,,,,native
M-091,2,M,1995-10-16,M-009,M-009,M-040,,TRUE,,Justine,,,,native
M-092,1,M,1995-02-15,M-012,M-012,,,TRUE,,Panda,,,,native
M-093,1,M,1995-12-14,M-005,M-005,,,FALSE,,Kilele,,,,native
M-094,,M,1996-06-19,M-006,M-006,,,FALSE,,,,,,native
M-095,,M,1996-08-31,M-007,M-007,,,FALSE,,,1996-09-15,infanticide,infanticide by M-007,native
M-096,1,M,1996-11-28,M-004,M-004,,,FALSE,,Furahi,,infanticide,infanticide by M-006,native
M-097,1,M,1996-06-01,M-016,M-016,,,TRUE,,Zungu,2008-04-28,,,native
M-098,2,M,1997-01-09,M-006,M-006,M-008,2,TRUE,2,Tara,,disease,"disease, had bad infection on penis/genitals when seen last",native
M-099,2,M,1997-01-09,M-006,M-006,M-008,1,TRUE,1,Doa,,,,native
M-100,2,M,1997-03-27,M-007,M-007,,,TRUE,,Mia,,,,native
M-101,1,M,1997-03-16,M-005,M-005,M-046,2,TRUE,2,Mizani,,,,native
M-102,1,M,1997-03-16,M-005,M-005,M-046,1,TRUE,1,Globi,,,,native
M-103,2,M,1997-04-01,M-012,M-012,M-052,2,TRUE,2,Ndugu,1998-04-13,lions,,native
M-104,1,M,1997-04-01,M-012,M-012,M-052,1,TRUE,1,Enjere,,,,native
M-105,2,M,1997-04-04,M-014,M-014,,1,FALSE,1,Tuya,,,,native
M-106,1,M,1997-04-04,M-014,M-014,,2,TRUE,2,Moyo,,,,native
M-107,1,M,1997-06-11,M-043,M-043,M-046,2,TRUE,2,,1997-09-07,infanticide,infanticide by M-007,native
M-108,2,M,1997-06-26,M-009,M-009,,1,FALSE,1,,,,,native
M-109,2,M,1997-06-26,M-009,M-009,,2,FALSE,2,Punda,,,,native
M-110,2,M,1997-06-22,M-002,M-002,M-040,1,TRUE,1,,1997-10-19,starvation,starved after mother died,native
M-111,1,M,1997-06-22,M-002,M-002,M-040,2,TRUE,2,,1997-10-17,starvation,starved after mother died,native
M-112,2,M,1997-06-11,M-043,M-043,,1,FALSE,1,,,,,native
M-113,2,M,1997-08-18,M-017,M-017,M-008,2,TRUE,2,Ruka,,,,native
M-114,1,M,1997-08-18,M-017,M-017,M-008,1,TRUE,1,Supen,,,,native
M-115,2,M,1997-08-30,M-004,M-004,M-046,,TRUE,,Viringisha,,,,native
M-116,1,M,1998-03-26,M-043,M-043,,,TRUE,,Mbele,,,,native
M-117,1,M,1998-04-01,M-009,M-009,M-008,,TRUE,,Balungi,,,,native
M-118,2,M,1998-06-27,M-005,M-005,M-040,1,TRUE,1,Sungura,,,,native
M-119,2,M,1998-06-27,M-005,M-005,M-040,2,TRUE,2,Bata,,,,native
M-120,2,M,1998-05-30,M-014,M-014,M-046,1,TRUE,1,Mbili,,,,native
M-121,1,M,1998-05-30,M-014,M-014,M-046,2,TRUE,2,,,,,native
M-122,2,M,1998-06-17,M-006,M-006,M-046,1,TRUE,1,Tumba,,,,native
M-123,1,M,1998-06-17,M-006,M-006,M-046,2,TRUE,2,,,,,native
M-124,1,M,1998-07-25,M-088,M-088,,,FALSE,,,,,,native
M-125,1,M,1998-10-03,M-012,M-012,M-052,1,TRUE,1,,,,,native
M-126,1,M,1998-10-03,M-012,M-012,M-052,2,TRUE,2,,,,,native
M-127,,M,1998-10-17,M-016,M-016,,,FALSE,,,,,,native
M-128,2,M,1998-12-11,M-082,M-082,N-046,1,TRUE,1,Malaika,,,,native
M-129,1,M,1998-12-11,M-082,M-082,N-046,2,TRUE,2,Uhuru,,,,native
M-130,1,M,1999-03-25,M-091,M-091,,1,FALSE,1,,,,,native
M-131,1,M,1999-03-25,M-091,M-091,,2,FALSE,2,,,,,native
M-132,2,M,1999-03-14,M-007,M-007,M-040,1,TRUE,1,Kung'ara,,,,native
M-133,1,M,1999-03-14,M-007,M-007,M-040,2,TRUE,2,Sidai,,,,native
M-134,1,M,1999-04-05,M-081,M-081,,1,FALSE,1,Nyangumi,,,,native
M-135,1,M,1999-04-05,M-081,M-081,,2,FALSE,2,,,,,native
M-136,1,M,1999-03-30,M-017,M-017,M-040,1,TRUE,1,Asili,,,,native
M-137,1,M,1999-03-30,M-017,M-017,,2,FALSE,2,,,,,native
M-138,1,M,1999-07-04,M-088,M-088,M-097,1,TRUE,1,Sapatu,,,,native
M-139,1,M,1999-07-04,M-088,M-088,M-097,2,TRUE,2,Fulani,,,,native
M-140,2,M,1999-09-02,M-100,M-100,M-052,1,TRUE,1,Siagi,,,,native
M-141,1,M,1999-09-02,M-100,M-100,M-052,2,TRUE,2,Samli,,,,native
M-142,1,M,1999-06-18,M-009,M-009,M-046,1,TRUE,1,Kibano,,,,native
M-143,1,M,1999-06-18,M-009,M-009,M-046,2,TRUE,2,Tissini,,,,native
M-144,1,M,1999-06-23,M-006,M-006,M-046,2,TRUE,2,Kiko,,,,native
M-145,1,M,1999-06-23,M-006,M-006,M-046,1,TRUE,1,Chupo,,,,native
M-146,1,M,1999-06-28,M-005,M-005,,,FALSE,,,,,,native
M-147,2,M,2000-01-12,M-099,M-099,A-056,,TRUE,,Fyonza,,,,native
M-148,2,M,2000-03-09,M-007,M-007,N-045,1,TRUE,1,Ubingwa,,,,native
M-149,1,M,2000-03-09,M-007,M-007,N-045,2,TRUE,2,Zito,2002-12-17,disease,"Streptococcus, seen last with severe swelling",native
M-150,2,M,2000-04-07,M-014,M-014,N-045,,TRUE,,Ukiwa,,,,native
M-151,2,M,2000-05-27,M-006,M-006,N-045,1,TRUE,1,Busara,,,,native
M-152,2,M,2000-05-27,M-006,M-006,N-045,2,TRUE,2,Woga,,,,native
M-153,2,M,2000-06-28,M-081,M-081,,1,FALSE,1,,,,,native
M-154,1,M,2000-06-28,M-081,M-081,,2,FALSE,2,,,,,native
M-155,1,M,2000-07-12,M-017,M-017,M-008,1,TRUE,1,Jalal,,,,native
M-156,1,M,2000-07-12,M-017,M-017,M-008,2,TRUE,2,Abad,,,,native
M-157,2,M,2000-06-29,M-098,M-098,M-046,1,TRUE,1,Kulia,,,,native
M-158,1,M,2000-06-29,M-098,M-098,M-046,2,TRUE,2,Kushoto,,,,native
M-159,2,M,2000-08-22,M-005,M-005,N-042,1,TRUE,1,Ainura,,,,native
M-160,2,M,2000-08-22,M-005,M-005,N-042,2,TRUE,2,Anajewa,,,,native
M-161,,M,2011-05-14,M-268,M-268,,,FALSE,,,,,,native
M-162,1,M,2000-11-12,M-009,M-009,N-045,,TRUE,,Oloibor,,,,native
M-163,1,M,2000-11-25,M-091,M-091,M-052,,TRUE,,,,,,native
M-164,1,M,2000-12-05,M-012,M-012,X-006,1,TRUE,1,,,,,native
M-165,1,M,2000-12-05,M-012,M-012,,2,FALSE,2,,,,,native
M-166,2,M,2000-12-25,M-099,M-099,N-042,1,TRUE,1,Alapa,2002-04-04,,,native
M-167,1,M,2000-12-25,M-099,M-099,N-042,2,TRUE,2,Engolong,,,,native
M-168,1,M,2001-01-29,M-088,M-088,M-046,1,TRUE,1,Oribitir,,,,native
M-169,1,M,2001-01-29,M-088,M-088,M-046,2,TRUE,2,Upepo,,,,native
M-170,1,M,2001-04-12,M-100,M-100,M-052,1,TRUE,1,Kadiri,,,,native
M-171,1,M,2001-04-12,M-100,M-100,M-052,2,TRUE,2,Loni,,,,native
M-172,1,M,2001-05-12,M-122,M-122,M-052,,TRUE,,Songo,,,,native
M-173,1,M,2001-05-02,M-082,M-082,X-006,2,TRUE,2,Atibu,,,,native
M-174,1,M,2001-05-02,M-082,M-082,X-006,1,TRUE,1,Kaidi,,,,native
M-175,2,M,2001-06-30,M-007,M-007,M-046,2,TRUE,2,,2002-04-09,vehicle collision,run over by lorry,native
M-176,1,M,2001-06-30,M-007,M-007,M-046,1,TRUE,1,,,,,native
M-177,2,M,2001-07-01,M-132,M-132,A-087,,TRUE,,,,,,native
M-178,2,M,2001-12-20,M-005,M-005,A-056,1,TRUE,1,Oloikuma,,,,native
M-179,1,M,2001-12-20,M-005,M-005,A-056,2,TRUE,2,Kobe,,,,native
M-180,2,M,2002-02-12,M-098,M-098,M-046,2,TRUE,2,Beluwa,,,,native
M-181,1,M,2002-02-12,M-098,M-098,M-046,1,TRUE,1,Lampone,,,,native
M-182,2,M,2002-03-08,M-006,M-006,,,FALSE,,,,,,native
M-183,1,M,2002-05-11,M-088,M-088,A-087,,TRUE,,Kiwete,,,,native
M-184,2,M,2002-05-16,M-099,M-099,M-046,1,TRUE,1,,,,,native
M-185,1,M,2002-05-16,M-099,M-099,M-046,2,TRUE,2,Ulimi,2003-09-12,,,native
M-186,,M,2002-05-20,M-009,M-009,,1,FALSE,1,,,,,native
M-187,,M,2002-05-20,M-009,M-009,,2,FALSE,2,,,,,native
M-188,1,M,2002-06-01,M-132,M-132,A-093,,TRUE,,Kivuli,,,,native
M-189,,M,2002-07-01,M-091,M-091,,1,FALSE,1,,,,,native
M-190,,M,2002-07-01,M-091,M-091,,2,FALSE,2,,,,,native
M-191,1,M,2002-07-24,M-017,M-017,F-045,,TRUE,,Grumli,,,,native
M-192,,M,2002-09-04,M-100,M-100,,,FALSE,,,,,,native
M-193,1,M,2002-09-11,M-122,M-122,F-045,1,TRUE,1,Konyek,,,,native
M-194,1,M,2002-09-11,M-122,M-122,F-045,2,TRUE,2,Sobai,,,,native
M-195,1,M,2002-10-23,M-007,M-007,N-045,,TRUE,,Ramu,,,,native
M-196,2,M,2002-12-04,M-006,M-006,,,FALSE,,,,,,native
M-197,1,M,2002-12-27,M-152,M-152,F-045,,TRUE,,Shingo,,,,native
M-198,2,M,2003-03-13,M-082,M-082,A-087,1,TRUE,1,Bayana,,,,native
M-199,,M,2003-03-13,M-082,M-082,,2,FALSE,2,,,,,native
M-200,1,M,2003-04-23,M-100,M-100,,,FALSE,,,,,,native
M-201,2,M,2003-04-08,M-091,M-091,A-087,1,TRUE,1,Hazina,,,,native
M-202,2,M,2003-04-08,M-091,M-091,A-087,2,TRUE,2,,,,,native
M-203,1,M,2003-04-29,M-147,M-147,A-087,1,TRUE,,Andangi,,,,native
M-204,1,M,2003-04-30,M-009,M-147,A-087,2,TRUE,,Hanang,,,,native
M-205,2,M,2003-07-12,M-099,M-099,N-045,1,TRUE,1,,2005-08-09,,,native
M-206,1,M,2003-07-12,M-099,M-099,N-045,2,TRUE,2,Shumbi,,,,native
M-207,1,M,2003-08-10,M-148,M-148,F-045,,TRUE,,Fanano,,,,native
M-208,1,M,2003-08-20,M-009,M-009,A-093,1,TRUE,1,Naibor,,,,native
M-209,1,M,2003-08-20,M-009,M-009,A-093,2,TRUE,2,Narok,,,,native
M-210,2,M,2003-08-30,M-132,M-132,A-093,1,TRUE,1,,,,,native
M-211,,M,2003-08-30,M-132,M-132,,2,FALSE,2,,,,,native
M-212,2,M,2003-09-04,M-005,M-005,A-056,1,TRUE,1,Birika,,,,native
M-213,,M,2003-09-04,M-005,M-005,,2,FALSE,2,,,,,native
M-214,1,M,2003-10-15,M-098,M-098,N-045,1,TRUE,1,Cuahutemoc,,,,native
M-215,1,M,2003-10-15,M-098,M-098,,2,FALSE,2,,,,,native
M-216,2,M,2004-02-29,M-017,M-017,,,FALSE,,,,,,native
M-217,2,M,2004-03-29,M-122,M-122,N-045,1,TRUE,1,Pofu,,,,native
M-218,1,M,2004-03-29,M-122,M-122,N-045,2,TRUE,2,Tofu,,,,native
M-219,1,M,2004-04-10,M-100,M-100,,,FALSE,,,,,,native
M-220,1,M,2004-04-16,M-152,M-152,A-087,,TRUE,,,,,,native
M-221,1,M,2004-06-18,M-082,M-082,M-155,,TRUE,,,,,,native
M-222,2,M,2004-07-07,M-147,M-147,,1,FALSE,1,,,,,native
M-223,2,M,2004-07-07,M-147,M-147,A-087,2,TRUE,2,,,,,native
M-224,1,M,2004-08-06,M-132,M-132,F-045,,TRUE,,Rubani,,,,native
M-225,2,M,2004-08-18,M-088,M-088,A-087,1,TRUE,1,Chimba,,,,native
M-226,1,M,2004-08-18,M-088,M-088,A-087,2,TRUE,2,Cuerno,,,,native
M-227,2,M,2004-10-05,M-099,M-099,,2,FALSE,2,Ohr,,,,native
M-228,1,M,2004-10-05,M-099,M-099,E-094,1,TRUE,1,Maringo,,,,native
M-229,2,M,2004-11-18,M-148,M-148,,1,FALSE,1,,,,,native
M-230,1,M,2004-11-18,M-148,M-148,E-094,2,TRUE,2,Rangi,,,,native
M-231,1,M,2004-12-16,M-005,M-005,A-087,,TRUE,,Chipil,,,,native
M-232,2,M,2004-11-24,M-091,M-091,T-091,1,TRUE,1,Aya,,,,native
M-233,1,M,2004-11-24,M-091,M-091,T-091,2,TRUE,2,,,,,native
M-234,2,M,2005-02-10,M-100,M-100,A-093,,TRUE,,Sheshe,,,,native
M-235,1,M,2005-02-24,M-009,M-009,U-080,1,TRUE,1,Mbogo,,,,native
M-236,2,M,2005-03-14,M-098,M-098,N-045,1,TRUE,1,Fira,,,,native
M-237,2,M,2005-03-14,M-098,M-098,M-174,2,TRUE,2,,,,,native
M-238,2,M,2005-03-21,M-152,M-152,E-094,1,TRUE,1,Patana,,,,native
M-239,2,M,2005-03-21,M-152,M-152,E-094,2,TRUE,2,Tonoka,,,,native
M-240,1,M,2005-02-24,M-009,M-009,U-080,2,TRUE,2,Safiri,,,,native
M-241,1,M,2005-03-10,M-180,M-180,L-126,,TRUE,,Mkazi,,,,native
M-242,2,M,2005-03-28,M-122,M-122,E-090,1,TRUE,1,Nakala,,,,native
M-243,2,M,2005-03-28,M-122,M-122,E-094,2,TRUE,2,Taruma,,,,native
M-244,1,M,2005-06-11,M-147,M-147,N-045,1,TRUE,1,Jambazi,,,,native
M-245,,M,2005-06-11,M-147,M-147,,2,FALSE,2,,,,,native
M-246,2,M,2005-07-28,M-082,M-082,E-094,2,TRUE,2,,,starvation,starved after mother died,native
M-247,1,M,2005-07-28,M-082,M-082,E-094,1,TRUE,1,,,starvation,starved after mother died,native
M-248,2,M,2005-12-17,M-099,M-099,T-091,1,TRUE,1,Ipsa,,,,native
M-249,2,M,2005-12-17,M-099,M-099,T-091,2,TRUE,2,Lena,,,,native
M-250,2,M,2005-12-31,M-132,M-132,M-193,1,TRUE,1,,,,,native
M-251,2,M,2005-12-31,M-132,M-132,,2,FALSE,2,Mcub2,,,,native
M-252,2,M,2006-01-07,M-178,M-178,E-090,1,TRUE,1,,,,,native
M-253,1,M,2006-01-07,M-178,M-178,E-090,2,TRUE,2,,,,,native
M-254,1,M,2006-01-19,M-148,M-148,T-091,1,TRUE,1,"Mcub1, Okobe",,,,native
M-255,1,M,2006-01-19,M-148,M-148,,2,FALSE,2,,,,,native
M-256,2,M,2006-01-10,M-005,M-005,A-093,1,TRUE,1,,,,,native
M-257,1,M,2006-01-10,M-005,M-005,,2,FALSE,2,,,,,native
M-258,2,M,2006-03-25,M-088,M-088,E-090,1,TRUE,1,,,starvation,starved after mother died,native
M-259,1,M,2006-03-25,M-088,M-088,E-090,2,TRUE,2,,,starvation,starved after mother died,native
M-260,2,M,2006-04-25,M-152,M-152,E-090,,TRUE,,Citlalli,,,,native
M-261,1,M,2006-05-10,M-122,M-122,U-080,2,TRUE,2,Babati,,,,native
M-262,1,M,2006-05-10,M-122,M-122,U-080,1,TRUE,1,Turubali,,,,native
M-263,2,M,2006-05-20,M-098,M-098,E-094,,TRUE,,,,,,native
M-264,1,M,2006-06-05,M-091,M-091,T-091,,TRUE,,Schnuefli,,,,native
M-265,2,M,2006-06-14,M-100,M-100,M-193,1,TRUE,1,Mwanga,,,,native
M-266,2,M,2006-06-14,M-100,M-100,T-091,2,TRUE,2,Giza,,,,native
M-267,1,M,2006-07-02,M-147,M-147,A-093,,TRUE,,Clochard,,vehicle collision,"killed by car, both front shoulders broken when seen last 2016-12-01",native
M-268,2,M,2006-07-18,M-180,M-180,E-090,1,TRUE,1,,,,,native
M-269,1,M,2006-07-18,M-180,M-180,F-100,2,TRUE,2,Karibu,,,,native
M-270,2,M,2007-03-09,M-201,M-201,,2,FALSE,2,,,,,native
M-271,1,M,2007-03-09,M-201,M-201,,1,TRUE,1,Rusho,,,were not sure whether this was cub of M-201 because first only a female cub (M-270) seen su from M-201,native
M-272,2,M,2007-04-04,M-099,M-099,E-090,1,TRUE,1,,,,,native
M-273,2,M,2007-04-04,M-099,M-099,E-090,2,TRUE,2,,,,,native
M-274,2,M,2007-04-16,M-148,M-148,U-080,1,TRUE,1,,,,,native
M-275,2,M,2007-04-16,M-148,M-148,U-080,2,TRUE,2,,,,,native
M-276,2,M,2007-04-25,M-132,M-132,E-094,,TRUE,,,,,,native
M-277,1,M,2007-05-27,M-238,M-238,M-183,2,TRUE,2,Jage,,,,native
M-278,1,M,2007-05-26,M-152,M-122,U-080,1,TRUE,,Pofu,,,"su by M-122, notch ri ear 10+11ocl (+small at 7ocl) + bad right eye, Pofu",native
M-279,2,M,2007-05-27,M-238,M-238,M-183,1,TRUE,1,Mapema,,,"prob tried to su from M-122 when M-122 su M-281, later su by M-152, notch ri ear 10ocl, filly su by both M-238 + M-152",native
M-280,1,M,2007-05-29,M-122,M-152,T-091,,TRUE,1,,,,"su by M-152, has patch with Mange on belly",native
M-281,2,M,2007-05-29,M-122,M-122,,2,FALSE,2,,,,"su by M-122, notch le ear 2+3ocl",native
M-282,1,M,2007-07-15,M-147,M-147,E-094,1,TRUE,1,Shenzi,,,,native
M-283,2,M,2007-07-15,M-147,M-147,E-094,2,TRUE,2,,,,,native
M-284,2,M,2008-01-30,M-100,M-100,,,FALSE,,,,,if it is cub on pictures taken 085016 then it most probably is a female,native
M-285,2,M,2008-01-26,M-091,M-091,U-080,1,TRUE,1,,,,,native
M-286,1,M,2008-01-26,M-091,M-091,U-080,2,TRUE,2,Kromo,,,,native
M-287,2,M,2008-01-29,M-180,M-180,E-094,,TRUE,,,,,,native
M-288,1,M,2008-04-02,M-132,M-132,,1,TRUE,1,,,,,native
M-289,1,M,2008-04-02,M-132,M-132,E-094,2,TRUE,2,,,,,native
M-290,2,M,2008-04-05,M-201,M-201,U-080,1,TRUE,1,,,,,native
M-291,2,M,2008-04-05,M-201,M-201,U-080,2,TRUE,2,,,,,native
M-292,2,M,2008-03-28,M-225,M-225,L-194,,TRUE,,,,,"only one cub seen, but must be at least two cubs as both M-225 + M-239 lactate, thought to be male, but when back from Europe, M-225 su a female, were the cubs of M-225 + M-239 switched?",native
M-293,1,M,2008-03-29,M-239,M-239,L-126,,TRUE,,,,,"only one cub seen, but must be at least two cubs as both M-225 + M-239 lactate, maybe cubs of the two females were switched?",native
M-294,1,M,2008-04-29,M-236,M-236,F-100,,TRUE,,,,,,native
M-295,2,M,2008-05-30,M-152,M-152,L-126,1,TRUE,1,Pambana,,,rhl broken during coup but healed,native
M-296,2,M,2008-05-30,M-152,M-152,L-126,2,TRUE,2,Kongozi,,,,native
M-297,1,M,2008-06-15,M-099,M-099,M-230,1,TRUE,1,Fujo,,,,native
M-298,1,M,2008-06-15,M-099,M-099,M-230,2,TRUE,2,Damu,,,,native
M-299,1,M,2008-07-02,M-122,M-122,E-133,1,TRUE,1,,,,,native
M-300,1,M,2008-07-02,M-122,M-122,U-080,2,TRUE,2,,,,,native
M-301,1,M,2008-08-24,M-243,M-243,E-133,,TRUE,,Pongo,,,,native
M-302,2,M,2008-08-28,M-100,M-100,A-093,1,TRUE,1,,,,,native
M-303,1,M,2008-08-28,M-100,M-100,,2,FALSE,2,,,,,native
M-304,1,M,2008-10-01,M-260,M-260,E-131,,TRUE,,,,,,native
M-305,2,M,2008-10-03,M-242,M-242,M-183,,TRUE,,,,,,native
M-306,2,M,2009-02-02,M-147,M-147,E-094,,TRUE,,,,,,native
M-307,1,M,2009-02-27,M-148,M-148,E-094,,TRUE,,,,,,native
M-308,2,M,2009-04-12,M-234,M-234,E-131,,TRUE,,,,,,native
M-309,,M,2009-05-10,M-279,M-279,,,FALSE,,,,,,native
M-310,2,M,2009-05-15,M-238,M-238,,1,FALSE,1,,,,,native
M-311,2,M,2009-05-15,M-238,M-238,M-207,2,TRUE,2,,,,,native
M-312,,M,2009-06-01,M-239,M-239,,,FALSE,,,,,,native
M-313,1,M,2009-07-11,M-132,M-132,,,FALSE,,,,,,native
M-314,1,M,2009-08-07,M-180,M-180,E-131,,TRUE,,,,,M-180 deep in DH in August,native
M-315,1,M,2009-08-14,M-263,M-263,E-131,,TRUE,,,,,M-263 deep in DH in August,native
M-316,2,M,2009-09-10,M-225,M-225,L-131,2,TRUE,2,,,,,native
M-317,1,M,2009-09-10,M-225,M-225,L-131,1,TRUE,1,,,,,native
M-318,1,M,2009-11-12,M-236,M-236,X-066,,TRUE,,,,,,native
M-319,,M,2009-12-18,M-243,M-243,,1,FALSE,1,,,,,native
M-320,1,M,2009-12-18,M-243,M-243,E-131,2,TRUE,2,,,,,native
M-321,2,M,2009-12-06,M-091,M-232,E-127,1,TRUE,1,M-327,,,thought to be M-327 = second cub of M-232 but matches M-091 much better -> must have been adopted by M-232,native
M-322,2,M,2009-12-06,M-091,M-091,,,FALSE,2,,,,,native
M-323,2,M,2009-12-10,M-248,M-248,F-100,1,TRUE,1,,,,,native
M-324,2,M,2009-12-10,M-248,M-248,E-135,2,TRUE,2,,,,,native
M-325,2,M,2010-01-09,M-249,M-249,X-066,1,TRUE,1,,,,,native
M-326,1,M,2010-01-09,M-249,M-249,,2,FALSE,2,,,,,native
M-328,2,M,2010-01-08,M-232,M-232,E-134,2,TRUE,,,,,,native
M-329,1,M,2010-02-17,M-260,M-260,E-131,,TRUE,,,,,cub that seemed smaller than M-329 was around when M-329 su from M-260 - sib of M-329?,native
M-330,1,M,2010-02-26,M-147,M-147,E-094,,TRUE,,,,,,native
M-331,1,M,2010-02-28,M-148,M-148,N-047,1,TRUE,1,,,,,native
M-332,1,M,2010-02-28,M-148,M-148,N-047,2,TRUE,2,,,,,native
M-333,,M,2010-03-27,M-201,M-201,,1,FALSE,1,,,,,native
M-334,,M,2010-03-27,M-201,M-201,,2,FALSE,2,,,,,native
M-335,1,M,2010-03-28,M-100,M-100,,,FALSE,,,,,,native
M-336,,M,2010-04-04,M-239,M-239,,,FALSE,,,,,,native
M-337,,M,2010-04-03,M-273,M-273,,1,FALSE,1,,,,,native
M-338,,M,2010-04-03,M-273,M-273,,2,FALSE,2,,,,,native
M-339,,M,2010-04-13,M-132,M-132,,1,FALSE,1,,,,,native
M-340,,M,2010-04-13,M-132,M-132,,2,FALSE,2,,,,,native
M-341,1,M,2010-05-10,M-272,M-265,E-133,1,TRUE,1,,,,reared by M-265,native
M-342,2,M,2010-05-10,M-272,M-265,E-133,2,TRUE,2,,,,reared by M-265,native
M-343,2,M,2010-06-05,M-180,M-180,L-194,,TRUE,,,,,,native
M-344,2,M,2010-09-26,M-122,M-122,M-207,1,TRUE,1,,,,,native
M-345,2,M,2010-09-26,M-122,M-122,M-207,2,TRUE,2,,,,,native
M-346,2,M,2010-12-03,M-249,M-249,E-142,1,TRUE,1,M-fcub4,,,,native
M-347,1,M,2010-12-03,M-249,M-249,E-142,2,TRUE,2,,,,,native
M-348,2,M,2010-12-08,M-132,M-132,F-100,1,TRUE,1,M-fcub2,,,,native
M-349,2,M,2010-12-08,M-132,M-132,F-100,2,TRUE,2,M-fcub3,,,,native
M-350,2,M,2010-12-13,M-248,M-248,F-100,1,TRUE,1,M-fcub1,,,,native
M-351,1,M,2010-12-13,M-248,M-248,F-100,2,TRUE,2,,,,"first submissive, then on 110226 dominant over M-350",native
M-352,2,M,2010-12-15,M-234,M-234,L-194,,TRUE,,,,,,native
M-353,1,M,2010-12-18,M-099,M-099,E-134,1,TRUE,1,,,,,native
M-354,1,M,2010-12-18,M-099,M-099,E-134,2,TRUE,2,,,,,native
M-355,2,M,2010-12-20,M-201,M-201,E-090,,TRUE,,,,,,native
M-356,2,M,2011-01-12,M-236,M-236,E-134,1,TRUE,1,,,,,native
M-357,2,M,2011-01-12,M-236,M-236,E-134,2,TRUE,2,,,,,native
M-358,2,M,2011-01-16,M-272,M-272,N-115,1,TRUE,1,,,,,native
M-359,1,M,2011-01-16,M-272,M-272,,2,FALSE,2,,,,,native
M-360,,M,2011-01-19,M-256,M-256,,,FALSE,,,,,,native
M-361,1,M,2011-03-26,M-279,M-279,F-100,,TRUE,,,,,,native
M-362,1,M,2011-04-08,M-274,M-274,E-133,,TRUE,,,,,,native
M-363,1,M,2011-04-18,M-147,M-147,E-094,,TRUE,,,,,,native
M-364,2,M,2011-05-09,M-242,M-242,L-131,,TRUE,,,,,,native
M-365,1,M,2011-05-20,M-243,M-243,M-207,1,TRUE,1,,,,,native
M-366,1,M,2011-05-20,M-243,M-243,M-207,2,TRUE,2,,,,,native
M-367,1,M,2011-06-05,M-232,M-232,N-115,,TRUE,,,,,,native
M-368,2,M,2011-07-22,M-305,M-305,E-133,,TRUE,,Aza,,,,native
M-369,,M,2011-08-20,M-260,M-260,,1,FALSE,1,,,,,native
M-370,,M,2011-08-20,M-260,M-260,,2,FALSE,2,,,,,native
M-371,2,M,2011-10-28,M-263,M-263,,1,FALSE,1,,,,,native
M-372,1,M,2011-10-28,M-263,M-263,,2,FALSE,2,,,,,native
M-373,2,M,2011-11-03,M-273,M-273,,1,FALSE,1,,,,,native
M-374,,M,2011-11-03,M-273,M-273,,2,FALSE,2,,,,,native
M-375,,M,2011-11-20,M-295,M-295,,,FALSE,,,,,,native
M-376,2,M,2011-12-08,M-122,M-122,M-207,1,TRUE,1,,,,,native
M-377,1,M,2011-12-08,M-122,M-122,M-207,2,TRUE,2,,,,,native
M-378,,M,2012-01-23,M-283,M-283,,,FALSE,,,,,,native
M-379,,M,2012-04-21,M-234,M-234,,1,FALSE,1,,,,,native
M-380,,M,2012-04-21,M-234,M-234,,2,FALSE,2,,,,,native
M-381,2,M,2012-08-02,M-295,M-295,E-131,,TRUE,,Mantra,2023-11-27,vehicle?,no obvious injuries but found 2m from road,native
M-382,2,M,2012-08-10,M-180,M-180,E-142,,TRUE,,,,,,native
M-383,2,M,2012-08-13,M-287,M-287,L-131,,TRUE,,,,,,native
M-384,1,M,2012-08-19,M-201,M-201,L-194,,TRUE,,,,,,native
M-385,2,M,2012-09-01,M-242,M-242,E-134,1,TRUE,1,,,,,native
M-386,1,M,2012-09-01,M-242,M-242,,2,FALSE,2,,,,,native
M-387,,M,2013-02-01,M-243,M-243,,1,FALSE,1,,,starvation,starved after mother died,native
M-388,,M,2013-02-01,M-243,M-243,,2,FALSE,2,,,starvation,starved after mother died,native
M-389,2,M,2012-10-25,M-132,M-132,,1,FALSE,1,,,,,native
M-390,1,M,2012-10-25,M-132,M-132,X-066,2,TRUE,2,,,,,native
M-391,2,M,2013-07-05,M-274,M-274,E-134,,TRUE,,,,,,native
M-392,1,M,2013-08-01,M-263,M-263,L-194,1,TRUE,1,,,,,native
M-393,1,M,2013-08-01,M-263,M-263,L-194,2,TRUE,2,,,,,native
M-394,1,M,2013-08-23,M-279,M-279,X-066,1,TRUE,1,,,,,native
M-395,1,M,2013-08-23,M-279,M-279,X-066,2,TRUE,2,,,,,native
M-396,2,M,2013-09-30,M-148,M-148,,,FALSE,,,,,,native
M-397,2,M,2013-10-05,M-232,M-232,X-066,,TRUE,,,,,,native
M-398,1,M,2013-10-10,M-273,M-273,E-151,1,TRUE,1,,,,,native
M-399,2,M,2013-10-10,M-273,M-273,E-151,2,TRUE,2,,,,,native
M-400,2,M,2013-11-08,M-306,M-306,N-144,,TRUE,,,,,,native
M-401,,M,2013-11-16,M-260,M-260,,,FALSE,,,,,,native
M-402,2,M,2013-11-19,M-249,M-249,L-194,,TRUE,,,,,,native
M-403,2,M,2013-11-28,M-296,M-296,L-194,,TRUE,,M-chubby,,,,native
M-404,1,M,2014-02-12,M-295,M-295,,1,FALSE,1,M-dark male,,,,native
M-405,2,M,2014-02-12,M-295,M-295,,2,FALSE,2,,,,,native
M-406,1,M,2014-03-21,M-147,M-147,N-115,1,TRUE,1,,,,,native
M-407,1,M,2014-03-21,M-147,M-147,N-115,2,TRUE,2,,,,,native
M-408,1,M,2014-04-02,M-287,M-287,X-066,1,TRUE,1,,,,"not sure if these are cubs of M-287 because no pictures available. When large, they followed her together",native
M-409,1,M,2014-04-02,M-287,M-287,X-066,2,TRUE,2,,,,"not sure if these are cubs of M-287 because no pictures available. When large, they followed her together",native
M-410,1,M,2014-04-14,M-275,M-275,,,FALSE,,,,,,native
M-411,,M,2014-06-05,M-291,M-291,,1,FALSE,1,,,,,native
M-412,,M,2014-06-05,M-291,M-291,,2,FALSE,2,,,,,native
M-413,1,M,2014-12-20,M-132,M-132,E-161,,TRUE,,,,,,native
M-414,2,M,2015-01-17,M-295,M-295,N-115,1,TRUE,1,Haseena,,,,native
M-415,2,M,2015-02-10,M-274,M-274,M-207,,TRUE,,M-female1,,,,native
M-416,2,M,2015-01-17,M-295,M-295,N-115,2,TRUE,2,Ney,,,,native
M-417,1,M,2015-03-21,M-296,M-296,N-123,1,TRUE,1,M-male2,,,,native
M-418,2,M,2015-03-02,M-232,M-232,N-144,1,TRUE,1,M-light,,,,native
M-419,2,M,2015-03-21,M-296,M-296,M-207,2,TRUE,2,"Mandala, M-earnotch = M-female2",,,,native
M-420,2,M,2015-03-02,M-232,M-232,N-144,2,TRUE,2,M-female3,,,,native
M-421,2,M,2015-06-06,M-239,M-239,N-144,1,TRUE,1,"Kitela, M-female4",,,,native
M-422,1,M,2015-06-06,M-239,M-239,N-144,2,TRUE,2,M-male1,,,,native
M-423,2,M,2015-06-14,M-273,M-273,N-144,,TRUE,,M-female5,,,,native
M-424,2,M,2015-08-17,M-306,M-306,N-115,,TRUE,,M-spotty,,,,native
M-425,1,M,2015-08-24,M-263,M-263,X-066,1,TRUE,1,M-unknown,,,,native
M-426,1,M,2015-08-24,M-263,M-263,X-066,2,TRUE,2,"Phekdo, M-small",,,,native
M-427,2,M,2015-08-23,M-249,M-249,N-123,1,TRUE,1,,,,,native
M-428,1,M,2015-08-23,M-249,M-249,N-198,2,TRUE,2,,,,,native
M-429,2,M,2015-11-18,M-381,M-381,E-161,1,TRUE,1,Imara,,,,native
M-430,2,M,2015-11-18,M-381,M-381,E-161,2,TRUE,2,,,,,native
M-431,1,M,2015-11-27,M-287,M-287,N-144,1,TRUE,1,,,,,native
M-432,1,M,2015-11-27,M-287,M-287,N-144,2,TRUE,2,,,,,native
M-433,2,M,2016-05-22,M-376,M-376,N-144,1,TRUE,1,Shukria ,,,,native
M-434,1,M,2016-05-22,M-376,M-376,N-144,2,TRUE,2,,,,,native
M-435,1,M,2016-05-30,M-295,M-295,N-123,,TRUE,,,,,,native
M-436,1,M,2016-06-28,,,,,FALSE,,,,,,native
M-437,2,M,2016-10-25,M-249,M-249,N-123,1,TRUE,1,,,,,native
M-438,1,M,2016-11-18,M-383,M-383,N-144,1,TRUE,1,,,,,native
M-439,,M,2016-11-18,M-383,M-383,,2,FALSE,2,,,,,native
M-440,1,M,2016-11-27,M-403,M-403,N-196,,TRUE,,,,,,native
M-441,,M,2016-10-25,M-249,M-249,,2,FALSE,2,,,,initially given birth date 2017-01-14 but changed to match date of potential sibling M-437,native
M-442,1,M,2017-01-18,M-306,M-306,X-100,1,TRUE,1,,,,,native
M-443,1,M,2017-01-18,M-306,M-306,X-100,2,TRUE,2,,,,,native
M-444,1,M,2017-02-22,M-274,M-274,N-196,,TRUE,,,,,,native
M-445,2,M,2017-03-02,M-296,M-296,N-123,2,TRUE,2,,,,seemed larger than M-448 (birthdate given for 20170302) but submissive to M-448 when both su 20171028. Possible adoption?,native
M-446,1,M,2017-03-12,M-381,M-381,E-161,1,TRUE,1,,,,,native
M-447,1,M,2017-03-12,M-381,M-381,E-161,2,TRUE,2,M9,,,,native
M-448,1,M,2017-03-02,M-296,M-296,N-123,1,TRUE,1,M6,,,,native
M-449,2,M,2016-09-12,M-273,M-273,X-100,,TRUE,,Mushkil,,,mother determined based on genetic data,native
M-450,2,M,2017-05-22,M-287,M-287,X-066,1,TRUE,1,,,,not 100% sure about ID,native
M-451,2,M,2017-05-22,M-287,M-287,X-066,2,TRUE,2,,,,,native
M-452,1,M,2017-05-26,M-263,M-263,N-196,1,TRUE,1,,,,,native
M-453,1,M,2017-05-26,M-263,M-263,N-196,2,TRUE,2,,,,,native
M-454,1,M,2017-08-26,M-295,M-295,N-123,2,TRUE,2,Chotu,,,"with ear notch left ear 1ocl, was dominant in Nov 2017 but submissive and MUCH smaller in Feb 2018",native
M-455,1,M,2017-08-26,M-295,M-295,N-123,1,TRUE,1,,,,,native
M-456,2,M,2017-09-16,M-402,M-402,X-113,2,TRUE,2,M3,,,"sex of cubs of pictures correct, but need confirmation of mother; confirmed 2018-08-12",native
M-457,2,M,2017-09-16,M-402,M-402,,1,FALSE,1,M4,,,"sex of cubs of pictures correct, but need confirmation of mother; confirmed 2018-08-12",native
M-458,,M,2017-10-14,M-416,M-416,,,FALSE,,,,,,native
M-459,,M,2017-12-08,M-414,M-414,,,FALSE,,,,,,native
M-460,,M,2017-10-28,,,,,FALSE,,,,,,native
M-461,2,M,2017-11-24,M-391,M-391,N-144,1,TRUE,1,,,,,native
M-462,,M,2017-11-24,M-391,M-391,,2,FALSE,2,,,,,native
M-463,2,M,2018-03-26,M-403,M-403,N-196,,TRUE,,M-female,,,,native
M-464,1,M,2018-06-01,M-416,M-416,E-226,,TRUE,,Chaand,,,,native
M-465,1,M,2018-06-04,M-383,M-383,N-144,,TRUE,,,,,is male if pictures confirmed,native
M-466,1,M,2018-06-10,M-419,M-419,N-196,,TRUE,,,,,,native
M-467,2,M,2018-10-25,M-381,M-381,N-144,,TRUE,,M-cub2,,,,native
M-468,2,M,2018-12-25,M-295,M-295,N-196,1,TRUE,1,M-cub3,,,,native
M-469,2,M,2019-01-07,M-376,M-376,E-226,,TRUE,,M-cub4,,,,native
M-470,1,M,2019-02-07,M-414,M-414,X-117,1,TRUE,1,M-cub5,,,,native
M-471,1,M,2019-02-07,M-414,M-414,,2,FALSE,2,M-Dark,,,,native
M-472,1,M,2019-02-28,M-429,M-429,X-106,2,TRUE,2,M-429_cub1,,,,native
M-473,1,M,2019-02-28,M-429,M-429,X-106,1,TRUE,1,"M-429_cub2, M-bold spots",,,,native
M-474,1,M,2019-03-07,M-296,M-296,M-426,1,TRUE,1,M-296_cub1,,,,native
M-475,1,M,2019-03-07,M-296,M-296,M-426,2,TRUE,2,M-296_cub1,,,,native
M-476,2,M,2019-01-19,M-287,M-287,E-226,1,TRUE,1,,,,,native
M-477,1,M,2019-01-19,M-287,M-287,E-226,2,TRUE,2,,,,,native
M-478,2,M,2019-02-22,,,,1,FALSE,1,"M-female, M1",,,,native
M-479,,M,2019-02-22,,,,2,FALSE,2,M2,,,,native
M-480,1,M,2018-12-25,M-295,M-295,N-196,2,TRUE,2,M3,,,"M-295 su M-480 but only after M-468 disappeared; M-480 estimated to be born 2019-03-24 but when genetics confirmed that it is son of M-295 and of same father as M-468, birthdate adjusted to be same as for M-468",native
M-481,2,M,2019-08-12,M-416,M-416,X-117,1,TRUE,1,"Uangaza, M-416_cub1",,,,native
M-482,2,M,2019-08-12,M-416,M-416,X-117,2,TRUE,2,M-416_cub2,,,,native
M-483,2,M,2019-08-30,M-263,M-263,X-113,,TRUE,,"Pooza, M-263_cub1",2019-11-12,"was seen paralised three days before death, and seen suckling two days before death. Probably infanticide because it also had a fresh wound on front when first seen paralised",,native
M-484,2,M,2019-12-02,M-419,M-419,X-113,1,TRUE,1,M-shy,,,,native
M-485,2,M,2019-12-02,M-419,M-419,X-113,2,TRUE,2,M-female1,,,,native
M-486,2,M,2019-12-15,M-414,M-414,X-113,1,TRUE,1,M-414_cub1,,,,native
M-487,2,M,2019-12-15,M-414,M-414,X-113,2,TRUE,2,M-414_cub2,,,,native
M-488,1,M,2020-06-01,M-445,M-445,M-425,,TRUE,,M-445_cub1,,,,native
M-489,1,M,2020-06-18,M-263,M-263,N-123,,TRUE,,,,,,native
M-490,2,M,2020-05-05,M-383,M-383,,,FALSE,,M-spotty-female,,,,native
M-491,1,M,2020-07-02,M-295,M-295,M-409,,TRUE,,M-spotty,,,,native
M-492,2,M,2020-08-05,M-381,M-381,E-226,1,TRUE,1,M-381_cub1,,,,native
M-493,2,M,2020-08-05,M-381,M-381,E-226,2,TRUE,2,M-381_cub2,,,,native
M-494,,M,2020-08-26,M-429,M-429,,1,FALSE,1,,,,,native
M-495,,M,2020-08-26,M-429,M-429,,2,FALSE,2,,,,,native
M-496,,M,2021-01-02,M-430,M-430,,1,FALSE,1,M-430-cub1,,,,native
M-497,,M,2021-01-02,M-430,M-430,,2,FALSE,2,M-430-cub2,,,,native
M-498,1,M,2021-03-05,M-416,M-416,X-113,1,TRUE,1,,,,,native
M-499,,M,2021-03-05,M-416,M-416,,2,FALSE,2,,,,,native
M-500,2,M,2021-03-15,M-414,M-414,M-431,1,TRUE,1,,,,,native
M-501,1,M,2021-03-15,M-414,M-414,,2,TRUE,2,,,,,native
M-502,,M,2021-05-09,M-295,M-295,,,FALSE,,,,,,native
M-503,1,M,2021-08-02,M-421,M-421,N-257,,TRUE,,,,,,native
M-504,1,M,2021-10-05,M-429,M-429,X-113,,TRUE,,Hami,,,,native
M-505,1,M,2021-10-12,M-445,M-419,N-257,1,TRUE,1,,,,,native
M-506,2,M,2021-10-12,M-445,M-419,N-257,2,TRUE,2,,,,,native
M-507,2,M,2021-10-29,,,,,FALSE,,M-female1,,,,native
M-508,2,M,2021-11-02,M-295,M-295,M-425,1,TRUE,1,,,,,native
M-509,1,M,2021-11-02,M-295,M-295,M-425,2,TRUE,2,,,,,native
M-510,2,M,2021-11-14,M-430,M-430,X-117,,TRUE,,,,,,native
M-511,2,M,2021-11-29,M-486,M-445,,,TRUE,,,,,,native
M-512,2,M,2022-01-23,M-381,M-381,,1,TRUE,1,M-spotty_female,,,,native
M-513,1,M,2022-01-23,M-381,M-381,N-257,2,TRUE,2,M-slim male,,,,native
M-514,2,M,2022-02-08,M-451,M-451,,1,FALSE,1,,,,,native
M-515,2,M,2022-02-08,M-451,M-451,X-113,2,TRUE,2,M-chubby-female,,,,native
M-516,1,M,2022-04-21,M-481,M-481,N-257,,TRUE,,,,,,native
M-517,1,M,2022-04-25,M-486,M-486,,,TRUE,,,,,,native
M-518,1,M,2022-07-05,M-482,M-482,M-431,1,TRUE,1,,,,,native
M-519,1,M,2022-07-05,M-482,M-482,M-431,2,TRUE,2,,,,,native
M-520,1,M,2022-07-09,M-416,M-416,X-113,1,TRUE,1,,,,,native
M-521,1,M,2022-07-09,M-416,M-416,X-113,2,TRUE,2,,,,,native
M-522,2,M,2022-07-25,M-467,M-467,E-226,,TRUE,,,,,,native
M-523,2,M,2022-08-08,M-414,M-414,M-425,,TRUE,,,,,,native
M-524,1,M,2022-10-28,M-487,M-487,,1,FALSE,1,,,,,native
M-525,1,M,2022-10-28,M-487,M-487,M-453,2,TRUE,2,,,,,native
M-526,2,M,2023-01-09,M-484,M-484,,1,TRUE,1,M-484_cub1,,,,native
M-527,1,M,2023-01-09,M-484,M-484,M-453,2,TRUE,2,M-484_cub2,,,,native
M-528,2,M,2022-12-14,M-429,M-429,,1,TRUE,1,M-445_cub1,,,,native
M-529,1,M,2022-12-14,M-429,M-429,X-117,2,TRUE,2,M-445_cub2,,,,native
M-530,1,M,2023-01-21,M-295,M-295,X-117,1,TRUE,1,M-male,,,,native
M-531,1,M,2023-01-21,M-295,M-295,X-117,2,TRUE,2,M-sampled,,,considerably smaller than M-530,native
M-532,2,M,2023-02-16,M-421,M-421,N-257,,TRUE,,M-421_cub,,,,native
M-533,1,M,2023-03-03,M-419,M-419,,1,TRUE,1,M-light1,,,,native
M-534,2,M,2023-03-20,M-486,M-486,,,TRUE,,"M1, M-486_cub1",,,,native
M-535,2,M,2023-03-06,M-445,M-445,,1,TRUE,1,M2,,,,native
M-536,1,M,2023-03-06,M-469,M-445,E-226,2,TRUE,2,M3,,,,native
M-537,1,M,2023-05-18,M-414,M-414,E-226,1,TRUE,1,M-414_cub1,,,,native
M-538,2,M,2023-05-18,M-414,M-414,E-226,2,TRUE,2,M-414_cub2,,,,native
M-539,2,M,2023-07-29,M-469,M-469,,,TRUE,,M-469_litter1,,,,native
M-540,,M,2023-03-03,M-419,M-419,,2,FALSE,2,"M5, M-unknown",,,,native
M-541,2,M,2023-08-04,M-481,M-481,,,TRUE,,"M-female1, Jani",,,,native
M-542,2,M,2023-08-27,M-482,M-482,,1,TRUE,1,"M-482_cub1, M-scruffy",,,,native
M-543,2,M,2023-08-27,M-482,M-482,,2,TRUE,2,"M-482_cub2, M-female-dark",,,,native
M-544,1,M,2023-06-21,M-381,M-381,N-261,,TRUE,,,,starved after mother died,,native
M-545,2,M,2023-08-21,M-485,M-485,,1,TRUE,1,Dhahabu,,,,native
M-546,2,M,2023-08-21,M-485,M-485,,2,TRUE,2,,,,,native
M-547,,M,2023-10-15,M-430,M-430,,1,FALSE,1,,,,,native
M-548,2,M,2023-10-15,M-430,M-430,,2,TRUE,2,,,,,native
M-549,1,M,2023-10-06,M-416,M-416,,,TRUE,,,,,,native
M-550,1,M,2024-02-04,M-487,M-487,,,FALSE,,M-487_cub1,,,,native
M-551,1,M,2024-02-10,M-467,M-467,,1,TRUE,1,M-467_cub1,,,,native
M-552,,M,2024-02-10,M-467,M-467,,2,FALSE,2,M-467_cub2,,,,native
M-553,1,M,2024-07-18,M-484,M-484,,1,FALSE,1,M-484_cub2,,,,native
M-554,1,M,2024-07-18,M-484,M-484,,2,TRUE,2,M-484_cub1,,,,native
M-555,2,M,2024-08-13,M-508,M-508,,1,TRUE,1,M-508_cub1,,,,native
M-556,1,M,2024-08-13,M-508,M-508,,2,TRUE,2,"M-508_cub2, M-pooper",,,,native
M-557,2,M,2024-09-20,M-451,M-451,,2,TRUE,2,M-451_cub2,,,,native
M-558,2,M,2024-09-20,M-451,M-451,,1,TRUE,1,"M-451_cub1, Mysterious_cub
",,,,native
M-559,1,M,2024-09-28,M-487,M-487,,1,TRUE,1,M-487_cub1,,,,native
M-560,1,M,2024-09-28,M-487,M-487,,2,FALSE,2,M-487_cub2,,,,native
M-561,2,M,2024-10-12,M-429,M-429,,1,FALSE,1,M-429_cub1,,,,native
M-562,2,M,2024-10-12,M-429,M-429,,2,FALSE,2,M-429_cub2,,,,native
M-563,1,M,2024-11-07,M-482,M-482,,1,FALSE,1,M-ivory,,,,native
M-564,2,M,2024-11-07,M-482,M-482,,2,TRUE,2,M-ebony,,,,native
M-565,2,M,2024-11-11,M-414,M-414,,2,FALSE,2,,,,,native
M-566,1,M,2024-11-11,M-414,M-414,,1,FALSE,1,,,,,native
M-567,2,M,2024-12-02,M-416,M-416,,1,FALSE,1,M-419_mystery,,,,native
M-568,1,M,2024-12-02,M-416,M-416,,2,FALSE,2,M_blur,,,,native
M-569,1,M,2024-12-15,M-486,M-486,,1,FALSE,1,M-486_cub1,,,,native
M-570,1,M,2024-12-15,M-486,M-486,,2,FALSE,2,,,,,native
M-571,1,M,2024-12-22,,,,1,FALSE,1,,,,,native
M-572,1,M,2024-12-22,,,,2,FALSE,2,,,,,native
M-573,,M,2025-01-13,M-511,M-511,,,FALSE,,,,,,native
N-001,2,N,1992-06-24,,,,,TRUE,,,,,,native
N-002,2,N,1987-06-24,,,,,FALSE,,,,,,native
N-003,2,N,1987-06-25,,,,,TRUE,,,,,,native
N-005,2,N,1989-06-23,,,,1,TRUE,1,,,,,native
N-006,2,N,1989-06-23,,,,2,TRUE,2,,,,,native
N-007,2,N,1994-01-27,,,,,TRUE,,,,,,native
N-008,2,N,1994-04-17,,,,,FALSE,,,,,,native
N-040,1,N,1994-05-18,,,,,FALSE,,,,,,native
N-041,1,N,1994-11-18,,,,,FALSE,,,,,,native
N-042,1,N,1994-04-15,,,,,TRUE,,Alalashe,,,,native
N-043,1,N,1992-04-14,,,,,TRUE,,Bostich,,,,native
N-044,1,X,1992-01-17,,,,,TRUE,,Chef,,old age,,founder
N-045,1,N,1994-03-28,N-005,N-005,,,TRUE,,Masarie,,,,native
N-046,1,N,1995-04-02,,,,,TRUE,,Ajabu,,,,native
N-047,1,N,1995-09-02,N-005,N-005,,,TRUE,,,,,,native
N-080,,N,1995-07-14,N-003,N-003,,,FALSE,,,,,,native
N-081,1,N,1995-07-21,N-002,N-002,,,FALSE,,,,,,native
N-082,1,N,1997-05-02,N-003,N-003,N-044,1,TRUE,1,,,,,native
N-083,1,N,1997-05-02,N-003,N-003,N-044,2,TRUE,2,,,,,native
N-084,,N,1997-05-23,,,,1,FALSE,1,,,,,native
N-085,,N,1997-05-23,,,,2,FALSE,2,,,,,native
N-086,,N,1997-08-04,N-008,N-008,,,FALSE,,,,,,native
N-087,2,N,1997-06-15,N-005,N-005,N-044,1,TRUE,1,Kiwanda,,,,native
N-088,1,N,1997-06-15,N-005,N-005,N-044,2,TRUE,2,,,,,native
N-089,2,N,1997-12-27,N-006,N-006,N-044,1,TRUE,1,,,,,native
N-090,1,N,1997-12-27,N-006,N-006,,2,FALSE,2,,,,,native
N-091,,N,1998-03-17,N-001,N-001,,1,FALSE,1,,,,,native
N-092,1,N,1998-03-17,N-001,N-001,E-042,2,TRUE,2,,,,,native
N-093,1,N,1998-07-05,N-007,N-007,N-044,1,TRUE,1,,,,,native
N-094,1,N,1998-07-05,N-007,N-007,N-044,2,TRUE,2,,,,,native
N-095,,N,1998-09-28,N-008,N-008,,,FALSE,,,,,,native
N-096,2,N,1999-05-04,N-005,N-005,,1,FALSE,1,,,,,native
N-097,2,N,1999-05-04,N-005,N-005,E-044,2,TRUE,2,,,,,native
N-098,2,N,1999-10-23,N-001,N-001,N-044,1,TRUE,1,X-030,,,,native
N-099,1,N,1999-10-23,N-001,N-001,,2,FALSE,2,,,,,native
N-100,1,N,1999-10-05,N-007,N-007,,1,FALSE,1,N-00X,,,,native
N-101,1,N,1999-10-05,N-007,N-007,,2,FALSE,2,,,,,native
N-102,2,N,2000-02-16,N-003,N-003,E-044,1,TRUE,1,"Theluja, X-029",,,,native
N-103,1,N,2000-02-16,N-003,N-003,E-044,2,TRUE,2,,,,,native
N-104,1,N,2000-11-26,N-001,N-001,E-042,,TRUE,,,,,,native
N-105,2,N,2000-11-10,N-087,N-087,E-044,,TRUE,,Pana,,,,native
N-106,2,N,2000-10-26,N-007,N-007,N-044,,TRUE,,,,,,native
N-107,2,N,2001-04-15,N-005,N-005,N-044,,TRUE,,Aiba,,,,native
N-108,2,N,2001-06-23,N-003,N-003,E-044,2,TRUE,2,,,,,native
N-109,1,N,2001-06-23,N-003,N-003,E-044,1,TRUE,1,,,,,native
N-110,2,N,2001-09-16,N-097,N-097,E-046,,TRUE,,,,,,native
N-111,2,N,2001-11-27,N-089,N-089,E-044,1,TRUE,1,,,,,native
N-112,1,N,2001-11-27,N-089,N-089,E-046,2,TRUE,2,,,,,native
N-114,2,N,2002-01-21,N-007,N-007,T-080,,TRUE,,,,,,native
N-115,1,N,2002-07-10,N-087,N-087,E-044,1,TRUE,1,Meru,,,,native
N-116,1,N,2002-07-10,N-087,N-087,E-044,2,TRUE,2,,,,,native
N-117,2,N,2003-06-27,N-105,N-105,M-097,1,TRUE,1,,,,,native
N-118,1,N,2003-06-27,N-105,N-105,M-097,2,TRUE,2,,,,,native
N-119,2,N,2003-07-11,N-098,N-098,L-090,1,TRUE,1,,,,,native
N-120,1,N,2003-07-11,N-098,N-098,L-090,2,TRUE,2,,,,,native
N-121,2,N,2003-08-07,N-097,N-097,,1,FALSE,1,,,,,native
N-122,1,N,2003-08-07,N-097,N-097,,2,FALSE,2,,,,,native
N-123,1,N,2004-06-20,N-087,N-087,L-090,,TRUE,,Rumbe,,,,native
N-124,2,N,2004-11-06,N-089,N-089,S-087,,TRUE,,,,,,native
N-125,1,N,2005-01-15,N-102,N-102,L-090,,TRUE,,,,,,native
N-126,2,N,2004-12-20,N-106,N-106,S-080,,TRUE,,,,,"were unsure who mother is, genetics indicate that N-106 must have been mother and S-080 father",native
N-127,2,N,2005-09-05,N-087,N-087,N-109,1,TRUE,1,,,,,native
N-128,2,N,2005-09-05,N-087,N-087,N-109,2,TRUE,2,,,,,native
N-129,1,N,2005-11-08,N-110,N-110,M-097,,TRUE,,,,,"thought that father surely is M-097, and genetics later confirmed this",native
N-130,2,N,2005-12-15,N-105,N-105,N-082,1,TRUE,1,,,,,native
N-131,1,N,2005-12-15,N-105,N-105,,2,FALSE,2,,,,,native
N-132,2,N,2005-11-02,N-108,N-108,A-122,,TRUE,,,,,,native
N-133,2,N,2006-07-03,N-102,N-102,M-097,,TRUE,,,,,,native
N-134,2,N,2006-09-22,N-087,N-107,A-122,1,TRUE,1,,,,"assigned to N-107 when only 7 loci of N-107 + N-087 typed, but then seen that is genetic offspring of N-087. May have been adopted by N-107 or other female",native
N-135,2,N,2006-09-22,N-087,N-107,,2,FALSE,2,,,,,native
N-136,1,N,2007-02-17,N-105,N-105,,,FALSE,,,,,,native
N-137,1,N,2007-03-18,N-117,N-117,F-080,1,TRUE,1,,,,,native
N-138,1,N,2007-03-18,N-117,N-117,F-080,2,TRUE,2,,,,,native
N-139,1,N,2007-02-25,N-089,N-089,F-080,,TRUE,,dark,,,,native
N-140,2,N,2007-04-02,N-108,N-108,M-097,,TRUE,,large shy,,,,native
N-141,2,N,2007-04-07,N-110,N-110,M-097,1,TRUE,1,N-female,,,,native
N-142,1,N,2007-04-07,N-110,N-110,,2,FALSE,2,Nice,,,,native
N-143,2,N,2007-08-27,N-087,N-087,L-090,1,TRUE,1,Runda,,,,native
N-144,1,N,2007-08-27,N-087,N-087,L-090,2,TRUE,2,Huru,,,,native
N-145,1,N,2007-09-08,N-105,N-105,N-082,1,TRUE,1,Boegli,,,,native
N-146,1,N,2007-09-08,N-105,N-105,N-082,2,TRUE,2,small spotty,,,,native
N-147,1,N,2007-10-12,N-127,N-127,M-206,1,TRUE,1,,,,,native
N-148,1,N,2007-10-12,N-127,N-127,M-206,2,TRUE,2,,,,,native
N-149,2,N,2008-01-22,N-102,N-102,A-122,1,TRUE,1,,,,,native
N-150,1,N,2008-01-22,N-102,N-102,A-122,2,TRUE,2,,,,,native
N-151,2,N,2008-02-24,N-128,N-128,X-025,2,TRUE,2,,2023-01-01,,already decomposed and full of maggots when found on 2023-01-04,native
N-152,2,N,2008-02-24,N-128,N-128,X-025,1,TRUE,1,,,,,native
N-153,2,N,2008-03-10,N-119,N-119,S-085,,TRUE,,,,,,native
N-154,2,N,2008-06-03,N-117,N-117,N-109,1,TRUE,1,,,,,native
N-155,1,N,2008-06-03,N-117,N-117,A-122,2,TRUE,2,,,,,native
N-156,2,N,2008-06-13,N-089,N-089,L-090,,TRUE,,,,,,native
N-157,2,N,2008-08-08,N-110,N-110,A-122,1,TRUE,1,,,,,native
N-158,1,N,2008-08-08,N-110,N-110,M-097,2,TRUE,2,,,,,native
N-159,2,N,2008-10-20,N-087,N-087,F-080,1,TRUE,1,X-076,2010-05-17,,adf found in Ngoitokitok territory near nama den,native
N-160,1,N,2008-10-20,N-087,N-087,F-080,2,TRUE,2,,,,,native
N-161,1,N,2008-10-20,N-087,N-087,F-080,3,TRUE,3,,,,,native
N-162,1,N,2009-01-08,N-124,N-124,M-214,1,TRUE,1,,,,,native
N-163,1,N,2009-01-08,N-124,N-124,,2,FALSE,2,,,,,native
N-164,1,N,2009-02-07,N-130,N-130,M-206,,TRUE,,,,,,native
N-165,1,N,2009-03-11,N-108,N-108,A-122,,TRUE,,,,,,native
N-166,2,N,2009-03-21,N-105,N-105,E-046,1,TRUE,1,,,,,native
N-167,1,N,2009-03-21,N-105,N-105,E-046,2,TRUE,2,,,,,native
N-168,2,N,2009-03-26,N-107,N-107,,,FALSE,,,,,,native
N-169,2,N,2009-06-03,N-102,N-102,A-122,1,TRUE,1,,,,,native
N-170,2,N,2009-06-03,N-102,N-102,A-122,2,TRUE,2,,,,,native
N-171,2,N,2009-08-03,N-128,N-128,N-125,,TRUE,,,,,,native
N-172,2,N,2009-09-16,N-127,N-127,M-230,1,TRUE,1,,,,,native
N-173,1,N,2009-09-16,N-127,N-127,M-230,2,TRUE,2,,,,,native
N-174,1,N,2009-10-20,N-117,N-117,A-122,,TRUE,,,,,"thought that this could have been cub of N-143, but genetics say it is cub of N-117",native
N-175,2,N,2009-12-22,N-087,N-087,M-206,1,TRUE,1,N-888,,,thought to be cub of N-119 but must have confused fotos,native
N-176,1,N,2009-12-28,N-143,N-143,M-228,,TRUE,,,,,thought to be cub of N-087 but must have confused fotos,native
N-177,1,N,2009-12-22,N-087,N-087,M-214,2,TRUE,2,"N-999, X-115",2016-12-28,,,native
N-178,2,N,2010-02-20,N-134,N-134,M-214,,TRUE,,,,,,native
N-179,2,N,2010-05-14,N-110,N-110,A-122,1,TRUE,1,,,,,native
N-180,1,N,2010-05-14,N-110,N-110,A-122,2,TRUE,2,,,,,native
N-181,1,N,2010-07-23,N-128,N-130,N-125,,TRUE,,,,,SU several times from N-130,native
N-182,2,N,2010-07-24,N-130,N-128,T-099,,TRUE,,,,,reared by N-128,native
N-183,1,N,2010-08-25,N-105,N-105,A-122,1,TRUE,1,,,,,native
N-184,2,N,2010-08-25,N-105,N-105,A-122,2,TRUE,2,,,,,native
N-185,2,N,2010-08-30,N-124,N-124,M-230,1,TRUE,1,,,,,native
N-186,1,N,2010-08-30,N-124,N-124,,2,FALSE,2,,,,,native
N-187,2,N,2010-09-29,N-127,N-127,N-125,1,TRUE,1,Uaminifa,,,,native
N-188,1,N,2010-09-29,N-127,N-127,,2,FALSE,2,,,,,native
N-189,,N,2009-11-27,N-119,N-119,,,FALSE,,,,,,native
N-190,2,N,2010-09-27,N-102,N-102,M-230,1,TRUE,1,Kalama,,,,native
N-191,2,N,2010-09-27,N-102,N-102,M-230,2,TRUE,2,,,,,native
N-192,,N,2010-12-05,N-152,N-152,,,FALSE,,,,,,native
N-193,1,N,2010-11-29,N-108,N-108,X-025,,TRUE,,,,,thought to be cub of N-152 but when back from field in July 2011 seen with N-108 - either N-108 adopted cub of N-152 or we attributed ID picture to wrong cub - genetics show that this is cub of N-108 thus we must have attributed ID picture to wrong cub,native
N-194,,N,2011-01-15,N-089,N-089,,1,FALSE,1,,,,not sure about these cub but N-089 thought to have su 2 cubs (or at least one) on 110310 as one cub seemed to lick its mouth after she gu,native
N-195,2,N,2011-01-15,N-089,N-089,,2,FALSE,2,,,,not sure about these cub but N-089 thought to have su 2 cubs (or at least one) on 110310 as one cub seemed to lick its mouth after she gu,native
N-196,1,N,2011-03-25,N-087,N-087,A-122,2,TRUE,2,,,,,native
N-197,1,N,2011-03-25,N-087,N-087,A-122,3,TRUE,3,,,,,native
N-198,1,N,2011-03-25,N-087,N-087,A-122,1,TRUE,1,,,,,native
N-199,1,N,2011-03-27,N-117,N-117,A-122,,TRUE,,,,,,native
N-200,2,N,2011-04-20,N-143,N-143,M-230,1,TRUE,1,,,,,native
N-201,2,N,2011-04-20,N-143,N-143,M-230,2,TRUE,2,,,,,native
N-202,2,N,2011-07-09,N-152,N-152,M-230,,TRUE,,,,,,native
N-203,2,N,2011-07-14,N-151,N-151,M-228,,TRUE,,,,,,native
N-204,2,N,2011-10-28,N-089,N-089,,,FALSE,,,,,,native
N-205,2,N,2011-11-04,N-130,N-130,,,FALSE,,,,,,native
N-206,1,N,2011-11-12,N-128,N-128,N-109,1,TRUE,1,,,,,native
N-207,2,N,2011-11-12,N-128,N-128,N-109,2,TRUE,2,,,,,native
N-208,1,N,2012-01-07,N-134,N-134,X-025,,TRUE,,,,,,native
N-209,,N,2012-02-02,N-154,N-154,,,FALSE,,,,,,native
N-210,2,N,2012-02-10,N-172,N-172,X-067,1,TRUE,1,,,,,native
N-211,1,N,2012-02-10,N-172,N-172,L-127,2,TRUE,2,,,,,native
N-212,2,N,2012-07-14,N-175,N-175,X-067,1,TRUE,1,,,,,native
N-213,1,N,2012-07-14,N-175,N-175,,2,FALSE,2,,,,,native
N-214,1,N,2012-09-13,N-089,N-089,,,FALSE,,,,,,native
N-215,2,N,2013-01-19,N-108,N-108,,1,FALSE,1,,,,,native
N-216,2,N,2013-01-19,N-108,N-108,,2,FALSE,2,,,,,native
N-217,2,N,2013-02-04,N-102,N-102,S-085,1,TRUE,1,,,,"thought to be cub of N-130, but when back in Nov/Dec 2013, su from N-102 together with N-218. Either N-102 adopted N-217 or mistake was made when assigning the pictures to cub of N-130",native
N-218,1,N,2013-02-04,N-102,N-102,S-085,2,TRUE,2,,,,,native
N-220,2,N,2013-02-15,N-130,N-130,M-261,1,TRUE,1,N-219,,,,native
N-221,1,N,2013-02-15,N-130,N-130,M-261,2,TRUE,2,,,,,native
N-222,1,N,2013-04-25,N-151,N-151,M-194,1,TRUE,1,,,,,native
N-223,1,N,2013-04-25,N-151,N-151,,2,FALSE,2,,,,,native
N-224,2,N,2013-05-23,N-128,N-128,,1,FALSE,1,,,,,native
N-225,2,N,2013-05-23,N-128,N-128,,2,FALSE,2,,,,,native
N-226,2,N,2013-07-04,N-172,N-172,,1,FALSE,1,,,,,native
N-227,2,N,2013-07-04,N-172,N-172,M-206,2,TRUE,2,,,,,native
N-228,1,N,2013-07-12,N-166,N-166,,,TRUE,,Andhera,,,,native
N-229,2,N,2013-10-17,N-143,N-143,E-169,1,TRUE,1,,,,,native
N-230,2,N,2013-10-17,N-143,N-143,M-194,2,TRUE,2,,,,,native
N-231,2,N,2013-10-24,N-087,N-087,,,FALSE,,,,,,native
N-232,2,N,2014-03-16,N-105,N-105,M-194,1,TRUE,1,,,,,native
N-233,2,N,2014-03-16,N-105,N-105,M-194,2,TRUE,2,,,,,native
N-234,2,N,2014-03-29,N-175,N-175,E-173,,TRUE,,,,,,native
N-235,2,N,2014-05-02,N-190,N-190,,,FALSE,,,,,,native
N-236,2,N,2014-06-04,N-171,N-171,E-173,1,TRUE,1,,,,,native
N-237,1,N,2014-06-04,N-171,N-171,E-173,2,TRUE,2,,,,,native
N-238,1,N,2014-08-01,N-172,N-172,E-173,1,TRUE,1,Kibanio,,,,native
N-239,2,N,2014-08-01,N-172,N-172,E-173,2,TRUE,2,,,,,native
N-240,1,N,2014-08-16,N-156,N-156,E-179,,TRUE,,Banio,,,,native
N-241,2,N,2014-08-21,N-184,N-184,E-173,,TRUE,,,,,,native
N-242,2,N,2014-09-04,N-153,N-153,M-194,2,TRUE,2,,,,,native
N-243,1,N,2014-09-04,N-153,N-153,,1,FALSE,1,,,,,native
N-244,2,N,2014-12-08,N-128,N-128,,1,TRUE,1,N-247,,,,native
N-245,,N,2014-12-08,N-128,N-128,,2,FALSE,2,,,,,native
N-246,,N,2014-12-10,N-210,N-210,,,FALSE,,,,,,native
N-248,1,N,2015-01-04,N-200,N-200,E-173,,TRUE,,,,,,native
N-249,2,N,2015-04-17,,,,,FALSE,,,,,,native
N-250,2,N,2015-05-07,N-166,N-166,X-094,1,TRUE,1,,,,mother determined based on genetic data,native
N-251,2,N,2015-05-07,N-166,N-166,E-179,2,TRUE,2,,,,mother determined based on genetic data,native
N-252,1,N,2015-07-22,N-172,N-172,E-173,1,TRUE,1,,,,not sure if this is really N-252 !!,native
N-253,,N,2015-07-22,N-172,N-172,,2,FALSE,2,,,,,native
N-254,1,N,2015-08-05,N-102,N-102,M-267,1,TRUE,1,F-mgeni,,,,native
N-255,2,N,2015-08-05,N-102,N-102,M-267,2,TRUE,2,N-259,,,"described as dark, with notch and thought to be N-259, but sample turned out to have alleles identical to those of N-255; checking ID pictures reveals that N-259 is in fact N-255 -> N-259 removed",native
N-256,,N,2014-11-16,,,,,FALSE,,,,,mother may be N-143,native
N-257,1,N,2016-03-03,N-151,N-151,E-173,1,TRUE,1,,,,,native
N-258,1,N,2016-03-03,N-151,N-151,E-173,2,TRUE,2,,,,,native
N-260,1,N,2016-03-18,N-210,N-210,M-206,,TRUE,,,,,,native
N-261,1,N,2016-04-27,N-190,N-190,X-094,,TRUE,,Cheupe,,,,native
N-262,1,N,2016-05-03,N-171,N-171,E-179,1,TRUE,1,,,,N-156 LK N-262 on 161123,native
N-263,2,N,2016-05-03,N-171,N-171,E-179,2,TRUE,2,,,,,native
N-264,2,N,2016-05-24,N-227,N-227,E-173,,TRUE,,,,,mother determined based on genetic data,native
N-265,1,N,2016-06-09,N-172,N-172,M-278,,TRUE,,,,,mother determined based on genetic data,native
N-266,2,N,2016-06-13,N-212,N-212,X-094,1,TRUE,1,,,,mother determined based on genetic data,native
N-267,2,N,2016-06-13,N-212,N-212,X-094,2,TRUE,2,,,,mother determined based on genetic data,native
N-268,1,N,2016-07-12,N-128,N-128,,,FALSE,,,,,,native
N-269,2,N,2016-07-14,N-184,N-184,M-267,,TRUE,,,,,mother determined based on genetic data,native
N-270,,N,2016-07-23,N-143,N-143,,1,FALSE,1,,,,,native
N-271,1,N,2016-07-23,N-143,N-143,E-173,2,TRUE,2,pug-face,,,mother N-143 needs to be confirmed with genetic data,native
N-272,,N,2016-08-02,N-200,N-200,M-267,1,TRUE,1,,,,,native
N-273,,N,2016-08-15,,,,1,FALSE,1,,,,,native
N-274,,N,2016-08-15,,,,2,FALSE,2,,,,,native
N-275,1,N,2016-08-02,N-200,N-200,M-267,2,TRUE,2,Tengo,,,suckled once from N-143,native
N-276,1,N,2017-10-04,N-190,N-190,M-194,2,TRUE,2,,,,ear notch right ear 8ocl,native
N-277,1,N,2017-10-04,N-190,N-190,X-095,1,TRUE,1,,,,,native
N-278,2,N,2017-12-08,N-172,N-172,M-278,,TRUE,,,,infanticide,severely injured by N-143,native
N-279,1,N,2017-12-02,N-212,N-212,X-094,,TRUE,,,,,,native
N-280,2,N,2017-03-18,N-166,N-166,M-194,,TRUE,,,,,,native
N-281,2,N,2016-09-24,N-230,N-230,E-179,,TRUE,,N-new,,,,native
N-282,1,N,2018-04-05,N-143,N-143,M-206,,TRUE,,Zuzura,,,,native
N-283,2,N,2018-04-22,N-200,N-200,X-095,,TRUE,,N-female1,,,,native
N-284,1,N,2018-07-13,N-172,N-172,,,FALSE,,N-male1,,,,native
N-286,2,N,2018-08-24,N-184,N-184,,2,FALSE,2,N-female2,,,,native
N-287,2,N,2018-08-24,N-184,N-184,M-367,1,TRUE,1,N-female1,,,"could be N-285 based on age and sex (spots do not match N-286); After receiving genetic data showing that N-287 is offspring of N-184 and considering that the spots of N-287 do not match those of N-286, N-287 and N-285 were considered to be the same individuals and N-285 removed from the database",native
N-288,2,N,2019-02-22,N-143,N-143,,1,TRUE,1,N-confident1,,,,native
N-289,2,N,2019-02-22,N-143,N-143,E-179,2,TRUE,2,N-shy1,,,,native
N-290,,N,2019-06-24,N-230,N-230,,,FALSE,,N3,,,,native
N-291,2,N,2019-09-24,,,,1,FALSE,1,N1,,,,native
N-292,1,N,2019-09-24,,,,2,TRUE,2,N2,,,,native
N-293,2,N,2019-12-15,N-220,N-220,,,FALSE,,N-220-daughter,,,,native
N-294,1,N,2019-12-28,N-236,N-236,S-225,1,TRUE,1,N-shy2,,,never seen together with N-296,native
N-295,1,N,2020-09-11,N-234,N-234,M-455,,TRUE,,N-234_son,,,,native
N-296,1,N,2019-12-28,N-236,N-236,E-179,2,TRUE,2,N-notched_male,,,never seen together with N-294,native
N-297,1,N,2021-04-05,N-143,N-143,M-435,,TRUE,,N-143_cub?,,,,native
N-298,,N,2021-06-15,,,,,FALSE,,N3,,,,native
N-299,1,N,2021-07-14,N-244,N-244,X-094,2,TRUE,2,N1,,,,native
N-300,1,N,2021-07-14,N-244,N-244,X-094,1,TRUE,1,"N2, N-few spots, N-308",,,,native
N-301,1,N,2021-07-20,,,,,FALSE,,N-male1,,,,native
N-302,2,N,2021-07-25,N-266,N-266,,,TRUE,,N-266_first born,,,,native
N-303,,N,2021-07-28,,,,,TRUE,,N4,,,,native
N-304,2,N,2021-08-01,N-190,N-190,,,TRUE,,"N5, N-190_cub?",,,seen hanging around together with N-296,native
N-305,,N,2021-10-17,N-156,N-156,,,FALSE,,N-156_cub1,,,,native
N-306,1,N,2021-12-02,N-289,N-289,M-435,,TRUE,,N-speedy,,,mother determined based on genetic data,native
N-307,2,N,2020-03-26,,,,,FALSE,,N-supershy,,,,native
N-309,,N,2022-06-08,N-266,N-266,M-435,,TRUE,,"N-312, N-notched_11am, N-sampled_231104",,,,native
N-310,,N,2022-06-18,N-283,N-283,E-179,1,TRUE,1,"N-striped, N-mtoto1",,,,native
N-311,,N,2022-06-18,,,,2,FALSE,2,N-mtoto2,,,,native
N-313,1,N,2022-08-12,,,,,FALSE,,N-male1,,,,native
N-314,,N,2022-10-08,,,,,TRUE,,N-big belly,,,,native
N-315,,N,2022-10-16,,,,,FALSE,,N-loner,,,,native
N-316,2,N,2022-11-04,,,,,FALSE,,N-female1,,,,native
N-317,,N,2023-01-20,N-289,N-289,,,FALSE,,N-289_cub1,,,,native
N-318,1,N,2023-03-29,N-151,N-283,M-435,1,TRUE,,N-283_cub1,,,,native
N-319,2,N,2023-03-29,N-283,N-283,,2,FALSE,,N-283_cub2,,,,native
N-320,2,N,2023-06-08,N-236,N-236,,1,FALSE,1,N-236_cub1,,,,native
N-321,1,N,2023-06-08,N-236,N-236,,2,FALSE,2,N-236_cub2,,,,native
N-322,,N,2023-08-10,N-288,N-288,M-435,,TRUE,,N-288_cub1,,,,native
N-323,,N,2023-09-02,N-143,N-143,,,FALSE,,N-143_cub,,,,native
R-001,2,R,1998-11-25,,,,,FALSE,,,,,,foreigner
R-002,2,R,1999-11-25,,,,,TRUE,,X-028,,,,foreigner
R-003,2,R,1992-12-12,,,,,FALSE,,,,,,foreigner
R-004,2,R,1994-08-27,,,,,FALSE,,,,,,foreigner
R-040,1,X,1993-08-29,,,,,TRUE,,"X-008, Kuchen, X-026",,,,foreigner
R-041,1,R,1994-07-17,,,,,FALSE,,"X-009, seen together with X-008",,,,foreigner
R-042,,R,1998-05-25,,,,,FALSE,,X-031,,,,foreigner
R-080,1,R,1995-10-17,,,,,TRUE,,X-007,,,,immigrant
S-001,2,S,1989-04-14,,,,,FALSE,,,,,,native
S-002,2,S,1989-07-29,,,,,TRUE,,X-001,1996-12-25,vehicle collision,found dried out next to small bridge on 1996-12-28,native
S-003,2,S,1983-06-06,,,,,FALSE,,,,,,native
S-004,2,S,1988-04-14,,,,,TRUE,,,,,,native
S-005,2,S,1990-01-08,,,,,FALSE,,,,,,native
S-040,1,X,1990-04-14,,,,,TRUE,,,,,,founder
S-041,1,S,1993-04-14,S-004,S-004,,,TRUE,,Siri,,,,native
S-042,1,S,1993-07-19,,,,,TRUE,,Pevu,,,SNP data suggest that S-042 is originally from Munge clan,native
S-043,1,S,1994-01-16,S-002,S-002,,,TRUE,,Yahudi,,,,native
S-044,1,S,1993-10-14,,,,,FALSE,,,,,,native
S-080,1,S,1996-06-18,,,S-040,,TRUE,,Mfalme,,,,native
S-082,2,S,1998-02-06,S-001,S-001,S-040,,TRUE,,,,,,native
S-083,2,S,1998-10-24,A-019,A-019,S-040,1,TRUE,1,,,,,native
S-084,2,S,1998-10-24,A-019,A-019,S-040,2,TRUE,2,,,,,native
S-085,1,S,1998-12-23,A-008,A-008,S-040,,TRUE,,,,,,native
S-086,2,S,1999-11-14,A-018,A-018,S-040,1,TRUE,1,,,,,native
S-087,1,S,1999-11-14,A-018,A-018,S-040,2,TRUE,2,,,,,native
S-088,1,S,1998-11-10,,,,,TRUE,,,,,,native
S-089,2,S,2000-02-29,A-019,A-019,S-040,1,TRUE,1,,,,,native
S-090,2,S,2000-02-29,A-019,A-019,S-040,2,TRUE,2,,,,,native
S-091,1,S,2000-11-26,A-008,A-008,S-040,,TRUE,,,,,,native
S-092,2,S,2000-12-03,A-018,A-018,S-080,1,TRUE,1,,,,,native
S-093,1,S,2000-12-03,A-018,A-018,S-080,2,TRUE,2,Orejo,,,,native
S-094,1,S,2001-02-15,A-019,A-019,S-040,1,TRUE,1,,,,,native
S-095,1,S,2001-02-15,A-019,A-019,,2,FALSE,2,,,,,native
S-096,1,S,2001-06-03,S-083,S-083,S-088,,TRUE,,S-099,,,,native
S-097,1,S,2001-06-27,S-082,S-082,,1,FALSE,1,,,,,native
S-098,,S,2001-06-27,S-082,S-082,,2,FALSE,2,,,,,native
S-099,1,S,2001-07-05,S-084,S-084,,,FALSE,,,,,,native
S-100,1,S,2002-07-24,A-008,A-008,S-040,1,TRUE,1,,,,,native
S-101,1,S,2002-07-24,A-008,A-008,S-040,2,TRUE,2,Tuhumu,,,,native
S-102,,S,2003-03-05,S-084,S-084,,,FALSE,,,,,,native
S-103,2,S,2003-03-01,A-019,A-019,,1,FALSE,1,,,,could be slightly larger than S-102,native
S-104,1,S,2003-03-01,A-019,A-019,,2,FALSE,2,,,,,native
S-105,2,S,2002-01-15,A-018,A-018,S-040,,TRUE,,S-018-cub,,,,native
S-106,1,S,2003-09-08,A-018,A-018,,1,FALSE,1,,,,,native
S-107,1,S,2003-09-08,A-018,A-018,,2,FALSE,2,,,,,native
S-108,1,S,2004-04-29,A-019,A-019,,1,FALSE,1,,,,,native
S-109,,S,2004-04-29,A-019,A-019,,2,FALSE,2,,,,,native
S-110,,S,2004-10-18,S-086,S-086,,1,FALSE,1,,,,,native
S-111,,S,2004-10-18,S-086,S-086,,2,FALSE,2,,,,,native
S-112,2,S,2004-10-10,S-084,S-084,N-094,1,TRUE,1,,,,,native
S-113,1,S,2004-10-10,S-084,S-084,N-094,2,TRUE,2,Karanga,,,,native
S-114,1,S,2004-10-14,A-008,A-008,S-040,1,TRUE,1,Baghami,,,,native
S-115,1,S,2004-10-14,A-008,A-008,,2,FALSE,2,,,,,native
S-116,2,S,2005-05-07,A-019,A-019,T-040,1,TRUE,1,,,,,native
S-117,1,S,2005-05-07,A-019,A-019,T-040,2,TRUE,2,,,,,native
S-118,2,S,2005-06-17,S-086,S-086,M-144,,TRUE,,,,,,native
S-119,2,S,2005-07-29,S-105,S-105,N-094,,TRUE,,S-123?,,,,native
S-120,2,S,2006-01-23,S-084,S-084,N-094,1,TRUE,1,,,,,native
S-121,1,S,2006-01-23,S-084,S-084,N-094,2,TRUE,2,,,,,native
S-122,1,S,2006-01-26,S-082,S-082,,,FALSE,,,,,,native
S-123,1,S,2006-03-19,S-105,S-105,M-181,1,TRUE,1,,,,,native
S-124,1,S,2006-03-19,S-105,S-105,M-181,2,TRUE,2,Rakibu,,,,native
S-125,2,S,2006-05-29,A-008,A-008,T-040,1,TRUE,1,,,,seems larger/older than S-126,native
S-126,2,S,2006-05-29,A-008,A-008,T-040,2,TRUE,2,,,,,native
S-127,2,S,2006-06-08,S-086,S-086,M-197,,TRUE,,,,,,native
S-128,2,S,2007-06-24,S-105,S-105,M-181,1,TRUE,1,,,,seen last at birth den,native
S-129,2,S,2007-06-24,S-105,S-105,M-181,2,TRUE,2,,,,,native
S-130,1,S,2007-07-24,A-019,A-019,,,FALSE,,,,,,native
S-131,2,S,2007-07-30,S-082,S-082,M-158,1,TRUE,1,Wamba,,,,native
S-132,2,S,2007-07-30,S-082,S-082,M-158,2,TRUE,2,,,,,native
S-133,,S,2007-08-24,S-086,S-086,,1,FALSE,1,,,,,native
S-134,1,S,2007-08-24,S-086,S-086,,2,FALSE,2,,,,,native
S-135,1,S,2007-12-27,A-008,A-008,M-181,1,TRUE,1,Milou,,,,native
S-136,,S,2007-12-27,A-008,A-008,,2,FALSE,2,,,,,native
S-137,2,S,2008-04-30,S-105,S-105,M-144,1,TRUE,1,,,,,native
S-138,2,S,2008-04-30,S-105,S-105,M-144,2,TRUE,2,,,,,native
S-139,2,S,2008-07-14,S-084,S-084,M-144,1,TRUE,1,,,,,native
S-140,1,S,2008-07-14,S-084,S-084,M-144,2,TRUE,2,Pequeno,,,,native
S-141,1,S,2008-09-25,S-086,S-086,M-158,1,TRUE,1,,,,,native
S-142,1,S,2008-09-25,S-086,S-086,M-158,2,TRUE,2,,,,,native
S-143,1,S,2009-02-16,A-019,A-019,M-158,1,TRUE,1,,,,,native
S-144,2,S,2009-02-16,A-019,A-019,M-158,2,TRUE,2,,,,,native
S-145,2,S,2009-03-06,S-116,S-116,M-158,,TRUE,,,,,,native
S-146,1,S,2009-05-09,S-082,S-082,M-197,,TRUE,,Mohican,,,,native
S-147,1,S,2009-05-12,S-127,S-127,M-240,,TRUE,,,,,"put as male in August 09, but thought to be female 2010-03-04, confirmed to be male by Kerstin",native
S-148,1,S,2009-05-17,S-105,S-105,M-181,1,TRUE,1,,,,,native
S-149,1,S,2009-05-17,S-105,S-105,,2,FALSE,2,,,,,native
S-150,2,S,2009-11-20,S-120,S-120,M-240,,TRUE,,,,,,native
S-151,2,S,2010-01-17,S-086,S-086,,,FALSE,,,,,,native
S-152,2,S,2010-02-22,S-105,S-105,M-181,1,TRUE,1,,,,,native
S-153,2,S,2010-02-22,S-105,S-105,M-181,2,TRUE,2,Kosa,,,,native
S-154,1,S,2010-08-03,S-129,S-129,M-269,,TRUE,,,,,,native
S-155,2,S,2010-09-18,S-128,S-128,M-240,1,TRUE,1,,,,,native
S-156,1,S,2010-09-18,S-128,S-128,M-240,2,TRUE,2,,,,,native
S-157,2,S,2010-09-23,S-127,S-127,M-254,1,TRUE,1,,,,,native
S-158,2,S,2010-09-23,S-127,S-127,M-269,2,TRUE,2,,,,,native
S-159,2,S,2010-09-27,S-116,S-116,M-197,,TRUE,,,2021-08-21,vehicle collision,,native
S-160,1,S,2010-10-09,S-084,S-084,M-262,,TRUE,,,2012-11-22,lions,,native
S-161,2,S,2010-10-14,S-086,S-086,M-240,1,TRUE,1,Tawanyika,,,,native
S-162,2,S,2010-10-14,S-086,S-086,M-240,2,TRUE,2,,,,,native
S-163,1,S,2010-10-17,S-125,S-125,M-261,1,TRUE,1,,,,,native
S-164,2,S,2010-10-17,S-125,S-125,,2,FALSE,2,,,,,native
S-165,2,S,2010-12-06,S-105,S-105,M-181,1,TRUE,1,Chozi,,,,native
S-166,2,S,2010-12-06,S-105,S-105,M-181,2,TRUE,2,,,,,native
S-167,2,S,2010-12-10,S-138,S-138,M-269,1,TRUE,1,,,,,native
S-168,1,S,2010-12-10,S-138,S-138,M-262,2,TRUE,2,,,,,native
S-169,2,S,2010-12-08,S-131,S-131,,,FALSE,,,,,,native
S-170,2,S,2011-01-14,S-082,S-082,,1,FALSE,1,,,starvation,starved after mother died,native
S-171,,S,2011-01-14,S-082,S-082,,2,FALSE,2,,,starvation,starved after mother died,native
S-172,2,S,2011-07-20,S-131,S-131,M-254,1,TRUE,1,,,,,native
S-173,2,S,2011-07-20,S-131,S-131,M-254,2,TRUE,2,,,,,native
S-174,1,S,2011-09-08,S-105,S-105,M-254,1,TRUE,1,"Zagreus, cubC",,,,native
S-175,1,S,2011-09-08,S-105,S-105,M-254,2,TRUE,2,cubD,,,,native
S-176,2,S,2011-11-11,S-127,S-127,L-289,1,TRUE,1,cubB,,,,native
S-177,1,S,2011-11-11,S-127,S-127,L-299,2,TRUE,2,cub1,,,,native
S-178,,S,2011-11-11,S-127,S-127,,3,FALSE,3,,,,,native
S-179,1,S,2011-11-04,S-120,S-120,M-181,,TRUE,,cubA,,,,native
S-180,2,S,2011-12-15,S-138,S-138,M-271,1,TRUE,1,Sphynx,,,,native
S-181,2,S,2011-12-15,S-138,S-138,M-271,2,TRUE,2,,,,,native
S-182,2,S,2011-12-25,S-086,S-086,M-181,1,TRUE,1,"Cornea, cubE",,,,native
S-183,1,S,2011-12-25,S-086,S-086,M-181,2,TRUE,2,cubF,,,,native
S-184,2,S,2012-01-08,S-129,S-129,L-299,1,TRUE,1,,,,,native
S-185,2,S,2012-01-08,S-129,S-129,M-240,2,TRUE,2,X-120,,,,native
S-186,2,S,2012-01-12,S-128,S-128,M-271,,TRUE,,"cubG, cub2",,,,native
S-187,2,S,2012-01-20,S-116,S-116,M-269,,TRUE,,,,disease,skinny at last sight,native
S-188,1,S,2012-02-05,S-125,S-125,M-282,1,TRUE,1,Minifu,,,,native
S-189,1,S,2012-02-05,S-125,S-125,M-282,2,TRUE,2,Dhaifu (weak),,,,native
S-190,1,S,2012-04-12,S-153,S-153,M-240,1,TRUE,1,,,,,native
S-191,2,S,2012-04-12,S-153,S-153,M-240,2,TRUE,2,,,,,native
S-192,,S,2012-05-21,S-145,S-145,,,FALSE,,,,,,native
S-193,2,S,2012-07-19,S-105,S-105,M-181,1,TRUE,1,Kuzima,,,,native
S-194,2,S,2012-07-19,S-105,S-105,M-181,2,TRUE,2,,,,,native
S-195,1,S,2012-07-26,S-084,S-084,M-269,,TRUE,,,,,,native
S-196,,S,2013-02-11,S-152,S-152,,,FALSE,,,,,,native
S-197,,S,2013-02-26,S-138,S-138,,1,FALSE,1,,,,,native
S-198,,S,2013-02-26,S-138,S-138,,2,FALSE,2,,,,,native
S-199,,S,2013-02-28,S-127,S-127,,,FALSE,,,,,"cub(s) not seen but circumstantial evidence (deep in dh, follows other lactating females to new den) strongly suggests that she must have had cub(s)",native
S-200,,S,2013-03-02,S-165,S-165,,,FALSE,,,,,"cub(s) not seen but circumstantial evidence (deep in dh, follows other lactating females to new den) strongly suggests that she must have had cub(s)",native
S-201,2,S,2013-04-09,S-166,S-166,M-286,1,TRUE,1,,,,,native
S-202,2,S,2013-04-09,S-166,S-166,M-286,2,TRUE,2,,,,,native
S-203,1,S,2013-04-24,S-139,S-139,M-158,1,TRUE,1,,,,,native
S-204,2,S,2013-04-24,S-139,S-139,L-289,2,TRUE,2,,,,,native
S-205,,S,2013-05-01,S-128,S-128,,,FALSE,,,,,"cub(s) not seen but circumstantial evidence (deep in dh, follows other lactating females to new den) strongly suggests that she must have had cub(s)",native
S-206,2,S,2013-05-05,S-131,S-131,M-286,1,TRUE,1,Kiraia,,,,native
S-207,1,S,2013-05-05,S-131,S-131,M-286,2,TRUE,2,,,,,native
S-208,2,S,2013-06-15,S-105,S-105,M-254,1,TRUE,1,Kidonda,,,,native
S-209,2,S,2013-06-15,S-105,S-105,M-254,2,TRUE,2,Jacinda,,,,native
S-210,1,S,2013-07-14,S-153,S-153,M-271,,TRUE,,,,,,native
S-211,2,S,2013-07-24,S-129,S-129,,,FALSE,,,,,,native
S-212,2,S,2013-08-06,S-165,S-165,M-271,,TRUE,,,,,,native
S-213,1,S,2013-08-18,S-138,S-138,M-240,,TRUE,,,,,,native
S-214,1,S,2013-09-13,S-127,S-127,M-269,,TRUE,,Kevu,,,,native
S-215,2,S,2013-09-27,S-152,S-152,M-240,,TRUE,,,,,,native
S-216,2,S,2014-02-02,S-125,S-125,M-282,,TRUE,,,,,,native
S-217,2,S,2014-02-15,S-116,S-116,M-286,1,TRUE,1,,,,,native
S-218,1,S,2014-02-15,S-116,S-116,M-286,2,TRUE,2,,,,,native
S-219,2,S,2014-02-26,S-162,S-162,N-164,,TRUE,,,,,,native
S-220,1,S,2014-03-20,S-150,S-150,L-316,1,TRUE,1,,,,,native
S-221,1,S,2014-03-20,S-150,S-150,,2,FALSE,2,,,,,native
S-222,2,S,2014-08-02,S-166,S-166,M-254,1,TRUE,1,,,,,native
S-223,1,S,2014-08-02,S-166,S-166,M-254,2,TRUE,2,,,,,native
S-224,1,S,2014-08-14,S-155,S-155,L-278,,TRUE,,Maradufu,,,,native
S-225,1,S,2014-08-25,S-153,S-153,M-271,,TRUE,,"Sharam, X-114",,,,native
S-226,2,S,2014-11-01,S-139,S-139,M-269,,TRUE,,,,,,native
S-227,1,S,2014-11-06,S-145,S-145,L-299,1,TRUE,1,,,,,native
S-228,1,S,2014-11-06,S-145,S-145,L-299,2,TRUE,2,,,,,native
S-229,1,S,2014-11-12,S-138,S-138,L-299,,TRUE,,,,,,native
S-230,1,S,2014-12-04,S-161,S-161,E-165,2,TRUE,2,S-cub1,,,,native
S-231,1,S,2014-12-04,S-161,S-161,E-165,1,TRUE,1,S-cub3,,,,native
S-232,1,S,2014-12-23,S-193,S-193,M-254,1,TRUE,1,"S-241, cute fat",,,,native
S-233,,S,2014-12-23,S-193,S-193,,2,FALSE,2,,,,,native
S-234,2,S,2014-12-28,S-165,S-165,L-278,1,TRUE,1,Chibo,,,,native
S-235,2,S,2014-12-28,S-165,S-165,L-278,2,TRUE,2,Makunyanzi,,,,native
S-236,1,S,2015-01-02,S-152,S-152,M-282,1,TRUE,1,,,,,native
S-237,1,S,2015-01-02,S-152,S-152,M-282,2,TRUE,2,,,,,native
S-238,2,S,2015-02-10,S-129,S-129,N-176,1,TRUE,1,S-cub2,,,,native
S-239,1,S,2015-02-10,S-129,S-129,N-176,2,TRUE,2,S-light,,,,native
S-240,1,S,2015-03-04,S-186,S-186,N-164,,TRUE,,,,,,native
S-242,1,S,2015-04-02,S-180,S-180,N-164,,TRUE,,S-cub5,,,,native
S-243,2,S,2015-05-10,S-194,S-194,M-271,1,TRUE,1,,,,,native
S-244,1,S,2015-05-10,S-194,S-194,M-271,2,TRUE,2,,,,,native
S-245,2,S,2015-05-20,S-131,S-131,M-286,1,TRUE,1,S-cub4,,,,native
S-246,2,S,2015-05-20,S-131,S-131,M-286,2,TRUE,2,Maridadi,,,,native
S-247,2,S,2015-06-15,S-159,S-159,L-308,1,TRUE,1,,2022-02-07,,,native
S-248,2,S,2015-06-15,S-159,S-159,L-308,2,TRUE,2,,,,,native
S-249,1,S,2015-07-08,S-127,S-127,M-240,,TRUE,,Pweke,,,,native
S-250,1,S,2015-08-11,S-193,S-193,L-278,,TRUE,,,,,,native
S-251,2,S,2015-01-24,S-181,S-181,L-316,,TRUE,,,,,,native
S-252,2,S,2015-10-08,S-166,S-166,,,FALSE,,,,,,native
S-253,,S,2015-11-08,S-150,S-150,,,FALSE,,,,,,native
S-254,1,S,2015-11-28,S-153,S-153,L-299,1,TRUE,1,,,,,native
S-255,1,S,2015-11-28,S-153,S-153,M-254,2,TRUE,2,,,,,native
S-256,1,S,2015-11-21,S-125,S-125,L-315,,TRUE,,,,,,native
S-257,1,S,2015-11-24,S-157,S-157,L-303,,TRUE,,,,,,native
S-258,2,S,2016-01-24,S-116,S-116,M-269,,TRUE,,,,,,native
S-259,2,S,2016-03-05,S-212,S-212,L-316,,TRUE,,,,,,native
S-260,1,S,2016-04-08,S-184,S-184,L-289,,TRUE,,,,,,native
S-261,1,S,2016-03-12,S-139,S-139,L-315,,TRUE,,,,,,native
S-262,2,S,2016-04-16,S-165,S-165,M-282,1,TRUE,1,,,,,native
S-263,1,S,2016-04-16,S-165,S-165,S-188,2,TRUE,2,,,,,native
S-264,2,S,2016-04-20,S-138,S-138,L-278,,TRUE,,,,,,native
S-265,2,S,2016-04-14,S-155,S-155,N-125,,TRUE,,,,,,native
S-266,1,S,2016-04-28,S-150,S-150,L-303,,TRUE,,,,,,native
S-267,,S,2016-05-10,,,,,FALSE,,,,,,native
S-268,,S,2016-06-03,S-181,S-181,,1,FALSE,1,,,,,native
S-269,2,S,2016-06-03,S-181,S-181,L-349,2,TRUE,2,,,,,native
S-270,1,S,2016-06-27,S-173,S-173,A-295,,TRUE,,,,,,native
S-271,2,S,2016-05-09,S-166,S-201,M-269,,TRUE,,,2016-10-16,lions,S-201 not seen suckling but stayed with S-271 just before and after S-271 died,native
S-272,2,S,2016-05-12,S-152,S-152,L-299,1,TRUE,1,,,,,native
S-273,2,S,2016-05-12,S-152,S-152,L-278,2,TRUE,2,,,,,native
S-274,2,S,2016-05-14,S-180,S-180,L-316,1,TRUE,1,,,,,native
S-275,1,S,2016-05-14,S-180,S-180,L-316,2,TRUE,2,Mcheshi,,,,native
S-276,1,S,2016-07-20,S-208,S-208,L-316,,TRUE,,,,,cub on pictures S-276 and sample clearly is male.,native
S-277,1,S,2016-09-19,S-161,S-161,M-269,1,TRUE,1,,,,"not sure the sample is really from S-277 because sampled cub not seen suckling. If it is the sampled cub, then it is a male.",native
S-278,,S,2016-09-19,S-161,S-161,,2,FALSE,2,,,,,native
S-279,2,S,2016-10-05,S-209,S-209,M-240,,TRUE,,,,,,native
S-280,1,S,2016-10-18,S-182,S-182,,1,FALSE,1,,,,,native
S-281,1,S,2016-10-18,S-182,S-182,,2,FALSE,2,,,,,native
S-282,1,S,2016-11-10,S-145,S-145,,1,FALSE,1,,,,,native
S-283,1,S,2016-11-10,S-145,S-145,,2,FALSE,2,,,,,native
S-284,1,S,2016-12-14,S-193,S-193,L-278,1,TRUE,1,,,,,native
S-285,,S,2016-12-14,S-193,S-193,,2,FALSE,2,,,,,native
S-286,2,S,2016-12-17,S-166,S-166,M-240,1,TRUE,1,,,,,native
S-287,2,S,2016-12-17,S-166,S-166,M-240,2,TRUE,2,,,,,native
S-288,1,S,2016-12-22,S-215,S-215,,1,FALSE,1,,,,,native
S-289,2,S,2016-12-22,S-215,S-215,A-327,2,TRUE,2,,,,,native
S-290,1,S,2017-03-01,S-201,S-201,N-164,1,TRUE,1,,,,,native
S-291,1,S,2017-03-01,S-201,S-201,N-164,2,TRUE,2,,,,,native
S-292,1,S,2017-02-08,S-153,S-153,L-299,1,TRUE,1,,,,,native
S-293,1,S,2017-02-08,S-153,S-153,L-303,2,TRUE,2,,,,,native
S-294,2,S,2017-03-08,S-235,S-235,L-303,,TRUE,,,,,,native
S-295,2,S,2017-03-18,S-165,S-165,M-240,1,TRUE,1,S-unknown,,,could be sibling of S-294,native
S-296,2,S,2017-04-15,S-234,S-234,N-164,1,TRUE,1,"S-female-unknown, was given birth date 2017-04-09 at first sight, did not think that it was sibling of S-297",,,,native
S-297,2,S,2017-04-15,S-234,S-234,N-164,2,TRUE,2,"was given birth date 2017-05-10 at first sight, did not think that it was sibling of S-296",,,,native
S-298,,S,2017-05-22,S-181,S-181,,1,FALSE,1,,,,,native
S-299,1,S,2017-05-22,S-181,S-181,L-349,2,TRUE,2,,,,,native
S-300,1,S,2017-06-09,S-184,S-184,L-321,,TRUE,,,,,,native
S-301,2,S,2017-03-18,S-165,S-165,M-240,2,TRUE,2,,,,,native
S-302,2,S,2017-04-28,S-138,S-138,M-240,,TRUE,,,,,,native
S-303,1,S,2017-05-30,S-145,S-145,L-315,1,TRUE,1,,,,,native
S-304,1,S,2017-06-03,S-159,S-159,,,FALSE,,,,,,native
S-305,2,S,2017-06-06,S-116,S-145,L-315,2,TRUE,1,,,,,native
S-306,,S,2017-06-06,S-116,S-116,,,FALSE,2,,,,not seen suckling from S-116 but assumed to be her cub because of similar appearance as S-305,native
S-307,1,S,2017-08-12,S-127,S-127,L-315,,TRUE,,,,,,native
S-308,2,S,2017-09-08,S-212,S-212,L-299,1,TRUE,1,,,,,native
S-309,1,S,2017-09-08,S-212,S-212,L-299,2,TRUE,2,,,,,native
S-310,2,S,2017-10-19,S-182,S-182,L-289,,TRUE,,,,,,native
S-311,2,S,2017-10-27,S-161,S-161,A-327,1,TRUE,1,,,,,native
S-312,1,S,2017-10-27,S-161,S-161,M-240,2,TRUE,2,,,,,native
S-313,1,S,2017-11-11,S-208,S-208,L-316,,TRUE,,,,,,native
S-314,2,S,2017-12-02,S-194,S-194,A-306,,TRUE,,S-unknown,,,,native
S-315,1,S,2018-01-10,S-180,S-180,L-316,1,TRUE,1,,,,,native
S-316,1,S,2018-01-10,S-180,S-180,L-316,2,TRUE,2,Upatu,,,,native
S-317,1,S,2018-01-14,S-155,S-155,,1,FALSE,1,,,,,native
S-318,1,S,2018-01-14,S-155,S-155,,2,FALSE,2,,,,,native
S-319,1,S,2018-01-01,S-125,S-125,,,FALSE,,,,,,native
S-320,1,S,2017-12-25,S-152,S-152,,,FALSE,,,,,,native
S-321,2,S,2018-01-24,S-166,S-166,,1,FALSE,1,S-female1,,,,native
S-322,2,S,2018-01-24,S-166,S-166,,2,FALSE,2,spotty-unknown,,,,native
S-323,,S,2018-03-23,S-139,S-139,,,FALSE,,,,,,native
S-324,,S,2018-03-25,S-206,S-206,,,FALSE,,,,,,native
S-325,2,S,2018-04-19,S-234,S-234,L-316,,TRUE,,,,,,native
S-326,2,S,2018-07-05,S-131,S-193,A-327,,TRUE,,,,,,native
S-327,2,S,2018-08-19,S-165,S-165,L-299,,TRUE,,,2018-09-06,infanticide,probably by S-234,native
S-328,2,S,2018-07-27,S-173,S-173,,,FALSE,,,,,,native
S-329,2,S,2018-11-10,S-155,S-155,,1,FALSE,1,S-shinny,,,on 2019-03-12 PN estimated birthday 2018-12-04 but OH saw S-155 SU 2 cubs on 2018-12-04,native
S-330,2,S,2018-11-10,S-155,S-155,,2,FALSE,2,S-spotty,,,on 2019-03-12 PN estimated birthday 2018-12-04 but OH saw S-155 SU 2 cubs on 2018-12-04,native
S-331,2,S,2018-11-19,S-153,S-153,N-164,,TRUE,,S-female1,,,on 2019-03-12 PN estimated birthday 2018-12-11 but OH saw S-153 SU a 2 week old cub on 2018-12-04,native
S-332,1,S,2018-11-21,S-222,S-222,,,FALSE,,S-222_cub1,,,on 2019-03-12 PN estimated birthday 2018-12-16,native
S-333,2,S,2018-11-23,S-182,S-182,,1,FALSE,1,S-female2,,,on 2019-03-12 PN estimated birthday 2018-12-21 but OH saw S-182 SU one 17 days old cub on 2018-12-09,native
S-334,2,S,2018-11-23,S-182,S-182,,2,FALSE,2,S-female3,,,,native
S-335,1,S,2018-11-25,S-139,S-139,A-306,1,TRUE,1,S-139_cub1,,,on 2019-03-12 PN estimated birthday 2018-12-25 but OH saw S-139 SU cub on 2018-12-16,native
S-336,1,S,2018-11-25,S-139,S-139,N-176,2,TRUE,2,S-139_cub2,,,on 2019-03-12 PN estimated birthday 2018-12-25 but OH saw S-139 SU cub on 2018-12-16,native
S-337,1,S,2018-12-02,S-209,S-209,A-390,1,TRUE,1,S-shaggy,,,on 2019-03-12 PN estimated birthday 2018-12-27,native
S-338,1,S,2018-12-02,S-209,S-209,A-390,2,TRUE,2,S-few spots,,,on 2019-03-12 PN estimated birthday 2018-12-27,native
S-339,,S,2018-12-08,S-152,S-152,,,FALSE,,S-152_cub,,,,native
S-340,,S,2018-12-15,S-215,S-215,,,FALSE,,S-215_cub,,,,native
S-341,1,S,2019-01-22,S-165,S-165,A-343,1,TRUE,1,S-165_cub1,,,on 2019-03-12 PN estimated birthday 2019-01-26,native
S-342,1,S,2019-01-22,S-165,S-165,,2,FALSE,2,S-165_cub2,,,on 2019-03-12 PN estimated birthday 2019-01-29,native
S-343,1,S,2019-01-26,S-234,S-234,,1,FALSE,1,S-234_cub1,,,,native
S-344,1,S,2019-01-26,S-234,S-234,L-316,2,TRUE,2,S-234_cub2,,,,native
S-345,2,S,2019-02-03,S-181,S-181,,1,FALSE,1,S-181_cub1,,,,native
S-346,1,S,2019-02-03,S-181,S-181,A-386,2,TRUE,2,S-181_cub2,,,,native
S-347,2,S,2019-01-03,S-201,S-201,L-303,,TRUE,,S-pleasant,,starvation,starved after mother died,native
S-348,,S,2019-02-25,S-243,S-243,,,FALSE,,S-243_cub1,,,,native
S-349,,S,2019-03-06,S-259,S-259,,,FALSE,,,,,,native
S-350,,S,2019-05-24,S-185,S-185,,,FALSE,,,,,,native
S-351,1,S,2019-06-24,S-222,S-222,L-316,1,TRUE,1,S-bold,,,,native
S-352,1,S,2019-06-24,S-222,S-222,L-316,2,TRUE,2,S-beautiful,,,,native
S-353,1,S,2019-07-23,S-235,S-235,,1,TRUE,1,S-235_cub1,,,,native
S-354,1,S,2019-07-23,S-235,S-235,A-343,2,TRUE,2,"S-235_cub2, S-beauty",,,,native
S-355,1,S,2019-07-16,S-138,S-138,A-386,1,TRUE,1,S-138_cub1,,,,native
S-356,1,S,2019-07-16,S-138,S-138,A-386,2,TRUE,2,S-138_cub2,,,,native
S-357,1,S,2019-08-26,S-125,S-125,A-374,,TRUE,,S-125_cub1,,,,native
S-358,1,S,2019-09-05,S-153,S-153,A-306,1,TRUE,1,S-153_cub1,,,,native
S-359,2,S,2019-09-05,S-153,S-153,A-306,2,TRUE,2,S-153_cub2,,,,native
S-360,1,S,2019-09-12,S-161,S-161,L-316,1,TRUE,1,S-161_cub1,,,,native
S-361,1,S,2019-09-12,S-161,S-161,L-349,2,TRUE,2,S-161_cub2,,,,native
S-362,2,S,2019-11-07,S-181,S-181,,,FALSE,,S-spotty-female,,,,native
S-363,1,S,2019-11-12,S-234,S-184,S-188,1,TRUE,2,,,,adopted,native
S-364,,S,2019-11-16,S-184,S-184,,2,FALSE,,,,,,native
S-365,2,S,2019-11-12,S-234,S-234,S-224,,TRUE,1,Fitina,,,,native
S-366,,S,2019-11-21,S-131,S-131,,,FALSE,,,,,,native
S-367,1,S,2019-10-28,S-259,S-259,S-188,,TRUE,,S-259-cub,,,,native
S-368,,S,2020-02-09,S-226,S-226,,,FALSE,,,,,,native
S-369,,S,2020-02-16,S-185,S-185,,,FALSE,,,,,,native
S-370,1,S,2020-05-02,S-165,S-165,L-316,,TRUE,,,,,,native
S-371,2,S,2020-05-25,S-173,S-173,A-306,1,TRUE,1,Chacma,,,,native
S-372,2,S,2020-05-25,S-173,S-173,A-306,2,TRUE,2,,,,,native
S-373,1,S,2020-07-09,S-265,S-259,A-399,1,TRUE,,,,,S-373 also nursed by S-259. Both mothers happy to nurse S-373. PN thinks that his mother is S-259. S-373+S-374+S-375 could also be triplet of S-259 because she once suckled all three of them,native
S-374,1,S,2020-07-23,S-259,S-259,,2,FALSE,1,,,,S-374 only nursed by S-259. S-259 happy to nurse him. S-374 very aggressive against S-375. PN thinks that his mother is S-259. S-373+S-374+S-375 could also be triplet of S-259 because she once suckled all three of them,native
S-375,2,S,2020-07-23,S-259,S-259,A-399,3,TRUE,2,,,,S-375 tried to SU from both S-265+S-259 but both mothers tried to reject S-375 and S-375 only managed to SU from S-259. PN thinks that her mother is S-265. S-373+S-374+S-375 could also be triplet of S-259 because she once suckled all three of them,native
S-376,1,S,2020-09-21,S-234,S-234,A-373,1,TRUE,1,S-234_cub1,,,,native
S-377,1,S,2020-09-21,S-234,S-234,A-373,2,TRUE,2,S-234_cub2,,,,native
S-378,1,S,2020-09-29,S-193,S-193,A-345,,TRUE,,S-193_cub1,,,,native
S-379,,S,2020-10-05,S-286,S-286,,,FALSE,,S-286_cub1,,,,native
S-380,2,S,2020-11-08,S-235,S-235,L-277,,TRUE,,S-235_cub1,,,,native
S-381,2,S,2021-01-10,S-138,S-138,A-373,,TRUE,,S-138_cub1,,,,native
S-382,1,S,2021-01-26,S-184,S-184,,,FALSE,,S-184_cub?,,,,native
S-383,2,S,2021-02-28,S-181,S-181,A-345,1,TRUE,1,,,,,native
S-384,1,S,2021-02-28,S-181,S-181,A-345,2,TRUE,2,,,,has ear notch right ear inside,native
S-385,2,S,2021-03-16,S-165,S-165,A-306,1,TRUE,1,Bahati,,,birth seen,native
S-386,1,S,2021-03-16,S-165,S-165,A-306,2,TRUE,2,Nasibu,,,birth seen,native
S-387,2,S,2021-04-24,S-226,S-226,A-306,,TRUE,,"Spana, S-notched",,,with notch on right ear 11 o'clock,native
S-388,1,S,2021-06-01,S-286,S-286,A-346,,TRUE,,S-286_cub1,,,,native
S-389,2,S,2021-06-08,S-153,S-153,A-306,1,TRUE,1,S-black1,,,,native
S-390,1,S,2021-06-08,S-153,S-153,A-306,2,TRUE,2,S-black2,,,,native
S-391,1,S,2021-06-23,S-161,S-161,A-373,1,TRUE,1,S-161_cub1,,,,native
S-392,,S,2021-06-23,S-161,S-161,,2,FALSE,2,S-161_cub2,,,with notch on left ear 1 o'clock,native
S-393,1,S,2021-07-05,S-265,S-265,,,FALSE,,S-265_cub1,,,,native
S-394,1,S,2021-07-06,S-235,S-235,A-374,,TRUE,,S-235_youngest,,,with notch on right ear 1 o'clock (inside),native
S-395,,S,2021-07-16,S-222,S-222,,1,FALSE,1,,,,,native
S-396,,S,2021-07-16,S-222,S-222,,2,FALSE,2,,,,,native
S-397,2,S,2021-08-28,S-184,S-184,A-306,2,TRUE,2,S-184_cub1,,,,native
S-398,1,S,2021-08-28,S-184,S-184,A-306,1,TRUE,1,S-184_cub2,,,,native
S-399,2,S,2021-10-19,S-248,S-248,A-399,1,TRUE,1,,,,shrink ear,native
S-400,1,S,2021-10-19,S-248,S-248,,2,FALSE,2,,,,,native
S-401,2,S,2021-12-21,S-259,S-259,,1,FALSE,1,,,,,native
S-402,1,S,2021-12-21,S-259,S-259,,2,FALSE,2,,,,,native
S-403,,S,2022-01-05,S-265,S-265,,1,FALSE,1,,,,,native
S-404,,S,2022-01-05,S-265,S-265,,2,FALSE,2,,,,,native
S-405,2,S,2022-01-02,S-193,S-193,A-374,1,TRUE,1,,,,,native
S-406,2,S,2022-01-02,S-193,S-193,,2,FALSE,2,,,,,native
S-407,,S,2022-01-31,S-247,S-247,,,FALSE,,,,starved after mother died,seen starving on 2022-02-09,native
S-408,2,S,2022-04-16,S-234,S-234,A-390,1,TRUE,1,,,,,native
S-409,1,S,2022-04-16,S-234,S-234,,2,TRUE,2,,,,,native
S-410,1,S,2022-04-30,S-259,S-259,A-369,1,TRUE,1,,,,,native
S-411,1,S,2022-04-30,S-259,S-259,A-369,2,TRUE,2,,,,,native
S-412,2,S,2022-05-19,S-365,S-365,A-398,1,TRUE,1,,,,,native
S-413,,S,2022-05-19,S-365,S-365,,2,FALSE,2,,,,,native
S-414,2,S,2022-05-05,S-235,S-235,A-374,1,TRUE,1,,,,,native
S-415,1,S,2022-05-05,S-235,S-235,A-374,2,TRUE,2,,,,,native
S-416,,S,2022-10-24,S-265,S-265,,1,FALSE,1,,,,,native
S-417,,S,2022-10-24,S-265,S-265,,2,FALSE,2,,,,,native
S-418,1,S,2022-11-14,S-286,S-286,,2,TRUE,2,,,,,native
S-419,1,S,2022-11-14,S-286,S-286,A-306,1,TRUE,1,S-sampled,,,,native
S-420,1,S,2022-11-21,S-165,S-165,,1,FALSE,1,,,,,native
S-421,1,S,2022-11-21,S-165,S-165,,2,FALSE,2,,,,,native
S-422,2,S,2022-02-05,S-222,S-222,A-398,,TRUE,,,,,,native
S-423,,S,2022-10-30,S-226,S-226,,,FALSE,,,,,,native
S-424,1,S,2022-12-25,S-173,S-173,A-374,,TRUE,,"S-425, S-light_male",,,"was only seen once when very small and then much later as ""S-light_male"" who we thought might be S-423 or S-424; genetics showed that S-light_male is offsrping of S-173 --> must be S-424",native
S-426,2,S,2023-07-25,S-235,S-235,A-374,,TRUE,,S5,,,,native
S-427,1,S,2023-05-15,,,,,FALSE,,S1,,,,native
S-428,2,S,2023-05-25,S-222,S-222,,,FALSE,,S2,,,,native
S-429,2,S,2023-05-30,S-184,S-184,,,FALSE,,S3,,,,native
S-430,1,S,2023-06-08,S-265,S-265,,,TRUE,,S4,,,,native
S-431,1,S,2023-08-21,S-234,S-234,,1,TRUE,1,S-234_cub1,,,,native
S-432,2,S,2023-08-21,S-234,S-234,,2,TRUE,2,S-234_cub2,,,,native
S-433,1,S,2023-09-19,S-365,S-365,,1,TRUE,1,S-365_cub1,,,,native
S-434,1,S,2023-09-19,S-365,S-365,,2,TRUE,2,S-365_cub2,,,,native
S-435,1,S,2023-09-13,S-380,S-380,,,TRUE,,S-380_cub1,,,,native
S-436,1,S,2023-09-28,S-259,S-259,,1,TRUE,1,S-259_cub1,,,,native
S-437,1,S,2023-09-28,S-259,S-259,,2,TRUE,2,S-259_cub2,,,,native
S-438,2,S,2024-01-18,S-235,S-235,,,TRUE,,S-kijivu,,,,native
S-439,2,S,2024-02-14,S-161,S-161,,1,FALSE,1,S-sibling1?,,,,native
S-440,2,S,2024-02-14,S-161,S-161,,2,FALSE,2,S-sibling2?,,,,native
S-441,1,S,2024-03-07,S-193,S-193,,1,FALSE,1,S-193_cub1,,,,native
S-442,1,S,2024-03-07,S-193,S-193,,2,TRUE,2,S-193_cub2,,,,native
S-443,,S,2024-08-15,S-235,S-235,,,TRUE,,S-notched,,,,native
S-444,,S,2024-10-02,S-380,S-380,,1,FALSE,1,S-380_dark_cub1,,,,native
S-445,,S,2024-10-02,S-380,S-380,,2,FALSE,2,S-380_dark_cub2,,,,native
S-446,,S,2024-10-16,S-286,S-286,,,FALSE,,S-286_cub1,,,,native
T-001,2,T,1990-02-19,,,,,FALSE,,,,,,native
T-002,2,T,1989-02-20,,,,,FALSE,,,,,,native
T-003,1,X,1989-02-22,,,,,FALSE,,,,,,founder
T-004,2,T,1992-02-25,,,,,FALSE,,,,,,native
T-005,2,T,1991-08-20,,,,,FALSE,,,,,,native
T-006,1,X,1992-03-21,,,,,FALSE,,,,,,founder
T-007,2,T,1997-02-16,,,,,TRUE,,,,,,native
T-008,2,T,1992-02-24,,,,,TRUE,,,,,,native
T-009,2,T,1994-12-21,,,,,FALSE,,,,,,native
T-010,2,T,1998-03-23,,,,,TRUE,,,,,,native
T-011,2,T,1997-09-07,T-008,T-008,,,TRUE,,,,,,native
T-012,1,T,1997-03-07,,,,,FALSE,,,,,,native
T-013,2,T,1995-04-18,,,,,TRUE,,,,,,native
T-014,2,T,1997-09-08,,,,,TRUE,,Hila,,,,native
T-040,1,T,1995-02-20,,,,,TRUE,,Chai,,,,native
T-080,1,T,1995-09-19,,,,,TRUE,,,,,,native
T-081,,T,1996-02-25,T-004,T-004,,1,FALSE,1,,,,,native
T-082,,T,1996-02-25,T-004,T-004,,2,FALSE,2,,,,,native
T-083,2,T,1999-07-16,T-013,T-013,,1,FALSE,1,,,,,native
T-084,1,T,1998-08-26,,,,,FALSE,,,,,,native
T-085,2,T,1999-07-16,T-013,T-013,,2,TRUE,2,,,,,native
T-086,2,T,2000-05-27,T-009,T-009,,,FALSE,,,,,,native
T-087,,T,2000-09-12,T-008,T-008,,,FALSE,,,,,,native
T-088,2,T,2000-08-10,T-007,T-007,L-045,1,TRUE,1,,,,,native
T-089,1,T,2000-08-10,T-007,T-007,,2,FALSE,2,,,,,native
T-090,,T,2000-05-12,,,,,FALSE,,,,,,native
T-091,1,T,2000-06-10,,,,,TRUE,,Biscuti,,,,native
T-092,2,T,2000-06-20,,,,,FALSE,,,,,,native
T-093,,T,2001-02-10,T-014,T-014,,,FALSE,,,,,,native
T-094,2,T,2002-02-21,T-007,T-007,,1,FALSE,1,,,,,native
T-095,2,T,2002-02-21,T-007,T-007,,2,FALSE,2,,,,,native
T-096,1,T,2002-03-05,T-011,T-011,L-086,,TRUE,,,,,,native
T-097,,T,2002-03-22,T-013,T-013,,1,FALSE,1,,,,,native
T-098,,T,2002-03-22,T-013,T-013,,2,FALSE,2,,,,,native
T-099,1,T,2002-05-01,T-010,T-010,L-044,,TRUE,,Colobus,,,,native
T-100,2,T,2001-10-28,,,,,TRUE,,,,,,native
T-101,,T,2003-06-09,,,,1,FALSE,1,,,,,native
T-102,,T,2003-06-09,,,,2,FALSE,2,,,,,native
T-103,,T,2003-06-15,,,,,FALSE,,,,,,native
T-104,2,T,2003-10-20,T-014,T-014,L-086,,TRUE,,,,,,native
T-105,,T,2004-01-11,T-013,T-013,,1,FALSE,1,,,,,native
T-106,1,T,2004-01-11,T-013,T-013,,2,FALSE,2,,,,,native
T-107,2,T,2003-12-25,T-011,T-011,,1,FALSE,1,,,,,native
T-108,1,T,2003-12-25,T-011,T-011,L-045,2,TRUE,2,,,,,native
T-109,2,T,2004-02-09,T-007,T-007,L-045,1,TRUE,1,,,,,native
T-110,1,T,2004-02-09,T-007,T-007,L-045,2,TRUE,2,Tindi,2011-03-20,lions,"lions, backbone broken, several deep holes around hip, a lot of fresh blood around hip + bum, paartly eaten by subadult hyena. Lions about 200m away, have been around in the area for several days according to rangers",native
T-111,1,T,2004-06-28,T-083,T-083,N-103,1,TRUE,1,Gandamiso,,,,native
T-112,2,T,2004-06-28,T-083,T-083,N-103,2,TRUE,2,,,,,native
T-113,2,T,2004-08-12,T-092,T-092,L-086,1,TRUE,1,,,,,native
T-114,,T,2004-08-12,T-092,T-092,,2,FALSE,2,,,,,native
T-115,,T,2004-08-26,,,,,FALSE,,,,,,native
T-116,1,T,2005-11-30,T-014,T-014,L-086,1,TRUE,1,,,,,native
T-117,1,T,2005-11-30,T-014,T-014,,2,FALSE,2,,,,,native
T-118,2,T,2006-01-19,T-085,T-085,,1,FALSE,1,,,,,native
T-119,1,T,2006-01-19,T-085,T-085,,2,FALSE,2,,,,,native
T-120,,T,2006-01-24,,,,1,FALSE,1,,,,,native
T-121,1,T,2006-01-24,,,,2,FALSE,2,,,,,native
T-122,,T,2006-02-08,,,,,FALSE,,,,,,native
T-123,1,T,2007-06-14,T-085,T-085,T-108,,TRUE,,,,,,native
T-124,1,T,2007-05-05,T-014,T-014,T-108,2,TRUE,2,,,,,native
T-125,1,T,2007-09-10,T-100,T-100,N-103,,TRUE,,,,,,native
T-126,1,T,2008-06-17,,,N-103,,TRUE,,,2009-03-31,lions,"mother could be T-083, was found dead on 2009-04-02 and estimated to have been dead for at least 2 days",native
T-127,2,T,2008-09-20,T-104,T-104,N-118,1,TRUE,1,,,,,native
T-128,,T,2008-09-20,T-104,T-104,,2,FALSE,2,,,,,native
T-129,2,T,2008-09-25,T-085,T-085,N-103,,TRUE,,T-cub1,,,"is probably a female, thought to be cub of T-013, maybe raised by T-013 or T-013 + T-085 both initially had twins",native
T-130,,T,2008-09-26,T-013,T-013,,,FALSE,,,,,,native
T-131,2,T,2008-11-05,T-100,T-100,N-118,1,TRUE,1,T-cub2,2011-03-13,lions,,native
T-132,,T,2008-11-05,T-100,T-100,,2,FALSE,2,T-cub3,,,,native
T-133,1,T,2008-11-28,T-109,T-109,N-103,,TRUE,,,,,,native
T-134,2,T,2009-08-11,T-112,T-112,N-118,,TRUE,,,,,,native
T-135,2,T,2009-12-11,T-014,T-014,X-041,1,TRUE,1,Bella,,,,native
T-136,1,T,2009-12-11,T-014,T-014,X-041,2,TRUE,2,,,,,native
T-137,1,T,2010-01-22,T-109,T-109,,,FALSE,,,,,DNA sample did not work in lab,native
T-138,2,T,2010-03-13,T-100,T-100,,1,FALSE,1,,,,,native
T-139,1,T,2010-03-13,T-100,T-100,,2,FALSE,2,,,,,native
T-140,2,T,2010-03-15,T-085,T-085,N-103,1,TRUE,1,,,,,native
T-141,2,T,2010-03-15,T-085,T-085,N-103,2,TRUE,2,,,,,native
T-142,2,T,2010-04-24,T-104,T-104,N-129,1,TRUE,1,,2019-12-01,vehicle collision,,native
T-143,1,T,2010-04-24,T-104,T-104,N-129,2,TRUE,2,,,,,native
T-144,1,T,2010-07-18,,,,,FALSE,,,,,"mother should be high-ranking, i.e. T-014 or T-158",native
T-145,2,T,2011-03-12,,,,,FALSE,,,,,is probably a female,native
T-146,2,T,2011-09-27,T-158,T-158,,1,FALSE,1,,,,,native
T-147,1,T,2011-09-27,T-158,T-158,N-129,2,TRUE,2,,,,thought that mother may be T-109,native
T-148,2,T,2011-11-08,T-112,T-112,N-147,,TRUE,,,,,mother determined based on genetic data,native
T-149,,T,2011-12-23,T-104,T-104,,1,FALSE,1,,,,,native
T-150,2,T,2011-12-23,T-104,T-104,N-129,2,TRUE,2,,,,,native
T-151,1,T,2012-06-02,T-014,T-014,,,FALSE,,Aibu,,,"was following T-109 when first seen, thus could be cub of T-109",native
T-152,2,T,2013-07-22,T-014,T-014,,,FALSE,,,,,,native
T-153,2,T,2013-09-22,T-085,T-085,N-147,,TRUE,,,,,,native
T-154,,T,2013-10-04,T-109,T-109,,,FALSE,,,,,,native
T-155,1,T,2012-02-28,,,,,FALSE,,,,,,native
T-156,,T,2013-10-25,,,,,FALSE,,,,,,native
T-157,2,T,2011-03-05,T-014,T-014,N-129,,TRUE,,X-084,,,,native
T-158,2,T,2007-05-05,T-014,T-014,T-108,1,TRUE,1,T-118?,,,"no picts available as cub, when seen on 090618 estimated to be about 9 months younger than T-118 but as no female known to have been born around the estimated birth date but T-118 known to have been born and to be a female, we thought it may be T-118. If genetics show that it is not daughter of T-085 then it would need a new ID and birth estimated to be around 061015",native
T-159,1,T,2014-07-12,T-109,T-109,N-139,,TRUE,,,,,mother could be T-104,native
T-160,2,T,2014-11-16,T-142,T-142,,,FALSE,,light,,,,native
T-161,2,T,2014-11-22,T-014,T-014,,1,TRUE,1,,,,,native
T-162,1,T,2015-01-19,T-158,T-158,N-147,,TRUE,,,,,,native
T-163,1,T,2015-02-24,T-112,T-112,N-137,1,TRUE,1,grey1,,,,native
T-164,2,T,2015-02-24,T-112,T-112,N-137,2,TRUE,2,grey2,,,,native
T-165,1,T,2015-04-02,T-141,T-141,,1,FALSE,1,dark,,,,native
T-166,1,T,2015-04-06,T-127,T-127,N-148,1,TRUE,1,,,,,native
T-167,,T,2015-04-06,T-127,T-127,,2,FALSE,2,,,,,native
T-168,1,T,2015-04-26,T-085,T-085,,,TRUE,,,,,,native
T-169,1,T,2015-04-02,T-141,T-141,N-138,2,TRUE,2,Gundi,,,,native
T-170,1,T,2015-05-12,T-100,T-100,,,FALSE,,light,,,,native
T-171,1,T,2014-11-22,T-014,T-014,N-148,2,TRUE,2,Korofi,,,,native
T-172,1,T,2014-10-05,T-104,T-104,N-147,,TRUE,,,,,,native
T-173,1,T,2015-09-22,,,,,FALSE,,,,,,native
T-174,2,T,2015-12-08,T-134,T-134,N-147,,TRUE,,,,,,native
T-175,,T,2016-02-04,T-129,T-129,,,FALSE,,,,,,native
T-176,2,T,2016-02-14,,,,,FALSE,,,,,,native
T-177,2,T,2016-03-03,T-109,T-109,F-154,1,TRUE,1,,,,,native
T-178,2,T,2016-03-03,T-109,T-109,F-154,2,TRUE,2,,,,,native
T-179,1,T,2016-03-15,T-142,T-142,N-137,,TRUE,,,,,,native
T-180,2,T,2016-01-27,T-135,T-135,N-148,,TRUE,,,,,"mother determined based on genetic data, thought to be female but genetics show it is male",native
T-181,1,T,2016-01-29,T-104,T-104,F-154,,TRUE,,,,,mother determined based on genetic data,native
T-182,2,T,2016-05-28,T-112,T-112,F-145,,TRUE,,,,,,native
T-183,1,T,2016-06-12,T-148,T-148,,1,FALSE,1,,,,,native
T-184,2,T,2016-06-12,T-148,T-148,F-145,2,TRUE,2,T13,,,,native
T-185,2,T,2016-06-24,T-150,T-150,F-154,1,TRUE,1,T-dirty,,,,native
T-186,,T,2016-06-24,T-150,T-150,,2,FALSE,2,,,,,native
T-188,2,T,2016-06-20,T-158,T-158,N-138,,TRUE,,,,,,native
T-189,2,T,2016-06-28,T-129,T-129,N-137,1,TRUE,1,,,,,native
T-190,1,T,2016-06-28,T-129,T-129,,2,TRUE,2,,,,,native
T-191,,T,2016-08-04,T-135,T-135,,,FALSE,,,,,,native
T-192,1,T,2016-09-16,T-127,T-127,F-154,1,TRUE,1,T9,,,,native
T-193,1,T,2016-09-16,T-127,T-127,F-154,2,TRUE,2,,,,,native
T-194,2,T,2016-10-15,T-141,T-141,F-145,,TRUE,,"T11, T-female1",,,mother determined based on genetic data,native
T-195,1,T,2016-12-05,T-153,T-153,F-174,1,TRUE,1,T10,,,,native
T-196,,T,2016-12-05,T-153,T-153,,2,FALSE,2,,,,,native
T-197,2,T,2017-04-02,T-135,T-135,N-147,1,TRUE,1,T1,,,"mother may be T-135, update 2018-08-10: Yes, genetics confirm that T-135 is mother",native
T-198,1,T,2017-04-02,T-135,T-135,N-147,2,TRUE,2,"T2, T-fluffy",,,"mother may be T-135, update 2018-08-10: Yes, genetics confirm that T-135 is mother",native
T-199,1,T,2017-04-10,T-157,T-157,N-147,2,TRUE,2,T3,,,"mother determined based on genetic data, high-ranking, dominated T-205",native
T-200,1,T,2017-05-03,T-134,T-134,N-148,1,TRUE,1,"Bavu, T4",,,mother determined based on genetic data,native
T-201,2,T,2017-05-03,T-134,T-134,L-414,2,TRUE,2,T7,,,mother determined based on genetic data,native
T-202,2,T,2017-04-10,T-157,T-157,N-147,1,TRUE,1,T5,,,"mother determined based on genetic data, high-ranking, dominated T-205",native
T-203,2,T,2017-07-07,T-112,T-112,F-174,1,TRUE,1,,,,,native
T-204,1,T,2017-07-07,T-112,T-112,F-174,2,TRUE,2,,,,,native
T-205,1,T,2017-11-23,T-142,T-142,N-147,,TRUE,,,,,,native
T-206,1,T,2018-01-29,T-158,T-158,L-414,,TRUE,,T-male2,,,,native
T-207,1,T,2018-01-06,,,,,FALSE,,T-male1,,,,native
T-208,2,T,2018-03-02,T-148,T-148,F-154,,TRUE,,T-cub1,,,,native
T-209,2,T,2018-03-28,T-129,T-129,N-138,1,TRUE,1,,,,,native
T-210,1,T,2018-03-28,T-129,T-129,N-138,2,TRUE,2,,,,,native
T-211,,T,2018-05-11,T-127,T-127,,,FALSE,,,,,,native
T-212,1,T,2018-09-12,T-135,T-135,F-154,,TRUE,,,,,,native
T-213,1,T,2018-09-18,T-157,T-157,N-147,,TRUE,,,,,,native
T-214,2,T,2019-03-02,T-150,T-150,F-202,,TRUE,,,,,,native
T-215,1,T,2019-04-05,T-134,T-134,,,FALSE,,T-134_cub1,,,,native
T-216,2,T,2019-05-04,T-180,T-180,,1,FALSE,1,"T-180_cub1, T-spotty",,,,native
T-217,1,T,2019-05-04,T-180,T-180,F-145,2,TRUE,2,T-180_cub2,,,,native
T-218,2,T,2019-05-21,T-135,T-135,N-139,1,TRUE,1,T-135_cub1,,,,native
T-219,2,T,2019-05-21,T-135,T-135,,2,TRUE,2,"T-135_cub2, T2",,,,native
T-220,,T,2019-07-12,T-197,T-197,,,FALSE,,T-197_cub1,,,,native
T-221,1,T,2019-11-30,T-142,T-142,E-227,2,TRUE,2,,2019-12-01,"mother died, probably due to vehicle collision",,native
T-222,2,T,2019-11-30,T-142,T-142,E-227,1,TRUE,1,,2019-12-01,"mother died, probably due to vehicle collision",,native
T-223,,T,2019-12-20,T-174,T-174,,1,FALSE,1,,,,,native
T-224,,T,2019-12-20,T-174,T-174,,2,FALSE,2,,,,,native
T-225,,T,2020-01-03,T-127,T-127,,,FALSE,,,,,,native
T-226,1,T,2020-08-15,T-157,T-157,N-147,,TRUE,,"X-164, T-mange",,,"thought to be new immigrant from outside seen twice within a month in T-territory, with mange, and given the ID X-164",native
T-227,1,T,2020-09-02,T-129,T-129,,,FALSE,,,,,,native
T-228,1,T,2020-09-23,T-135,T-135,N-138,,TRUE,,,,,,native
T-229,1,T,2020-09-27,T-148,T-148,,1,TRUE,1,,,,,native
T-230,1,T,2020-09-27,T-148,T-148,,2,FALSE,2,,,,,native
T-231,,T,2020-01-15,,,,,TRUE,,T-sampled,,,,native
T-232,,T,2020-12-05,T-180,T-180,,1,FALSE,1,,,,,native
T-233,,T,2020-12-05,T-180,T-180,,2,TRUE,2,,,,,native
T-234,,T,2021-07-25,T-157,T-157,F-145,,TRUE,,"T-sampled, T-relaxed",,,,native
T-235,,T,2021-08-18,,,,,FALSE,,T-bars,,,,native
T-236,,T,2021-09-02,,,,,FALSE,,T-197_cub?,,,,native
T-237,,T,2021-09-14,,,,,FALSE,,T-light,,,,native
T-238,,T,2021-09-27,,,,,FALSE,,T-fluffy,,,,native
T-239,2,T,2021-10-24,T-197,T-197,F-210,,TRUE,,"T-notches, T-chubby, T-following_buffalo, T-sad1",,,mother derived from genetic data (not seen suckling),native
T-240,,T,2021-10-13,,,,,FALSE,,"T-fewspots, T-sad2",,,,native
T-241,1,T,2022-06-03,T-194,T-194,E-240,,TRUE,,T-194_cub1,,,,native
T-242,2,T,2022-06-11,T-180,T-180,,,FALSE,,T-180_daughter,,,,native
T-243,,T,2022-07-16,,,,,FALSE,,T-alert,,,,native
T-244,2,T,2022-07-20,T-174,T-174,,1,TRUE,1,T-shy1,,,,native
T-245,,T,2022-07-20,T-174,T-174,,2,TRUE,2,T-shy2,,,,native
T-246,1,T,2022-08-05,,,,,TRUE,,T-dark face,,,,native
T-247,1,T,2023-07-15,T-135,T-135,,1,TRUE,1,T-dotted,,,,native
T-248,,T,2023-07-15,T-135,T-135,,2,TRUE,2,T-upinde,,,,native
T-249,,T,2023-08-15,T-218,T-218,,,FALSE,,T-218_cub?,,,,native
T-250,,T,2023-09-05,,,,,FALSE,,T-calm,,,,native
T-251,,T,2023-10-23,,,,,TRUE,,T-fluffy,,,,native
U-001,2,U,2004-09-29,,,,,FALSE,,,,,,foreigner
U-002,2,U,2005-06-21,,,,,FALSE,,,,,,foreigner
U-003,2,U,2006-03-24,,,,,FALSE,,,,,,foreigner
U-004,2,U,2007-12-21,,,,,FALSE,,,,,,foreigner
U-005,,X,1999-11-07,,,,,FALSE,,X-036,,,"was together with M-113, M-115, M-120, U-081, X-037",foreigner
U-006,,X,2001-05-05,,,,,FALSE,,X-037,,,"was together with M-113, M-115, M-120, U-081, X-036",foreigner
U-007,2,U,2015-06-16,,,,,FALSE,,U-female,,,,foreigner
U-008,,X,2014-09-16,,,,,FALSE,,U-jaws,,,,foreigner
U-009,,X,2014-12-16,,,,,FALSE,,U-shy,,,,foreigner
U-010,1,X,2015-03-16,,,,,FALSE,,U-large,,,,foreigner
U-011,,X,2016-03-16,,,,,FALSE,,U-dark,,,,foreigner
U-012,,X,2016-06-16,,,,,FALSE,,U-beauty,,,,foreigner
U-013,2,U,2017-02-04,,,,,FALSE,,,,,,foreigner
U-040,1,X,1992-05-01,,,,,FALSE,,,,,,foreigner
U-080,1,U,2001-03-01,M-115,M-115,,,TRUE,,Rasuli,,,,immigrant
U-081,,U,2001-10-08,,,,,FALSE,,,,,,foreigner
U-082,2,U,2001-12-08,,,,,FALSE,,,,,,foreigner
U-083,,U,2002-05-08,,,,,FALSE,,,,,,foreigner
U-084,,U,2003-01-08,,,,,FALSE,,,,,,foreigner
U-085,,U,2002-11-28,,,,,FALSE,,,,,,foreigner
U-086,,U,2001-08-24,,,,,FALSE,,,,,,foreigner
U-087,,U,2006-11-16,,,,,FALSE,,,,,,foreigner
U-088,1,U,2006-09-25,M-118,M-118,,,TRUE,,Ukungu,,,,immigrant
U-089,,U,2006-05-05,,,,,FALSE,,,,,,foreigner
U-090,2,U,2006-05-16,,,,,FALSE,,,,,,foreigner
U-091,,U,2006-07-12,,,,,FALSE,,,,,,foreigner
U-092,,U,2006-09-21,,,,,FALSE,,U-shy-ad-1,,,,foreigner
U-093,,U,2006-06-12,,,,,FALSE,,U-shy-ad-2,,,,foreigner
U-094,,U,2006-12-21,,,,,FALSE,,U-young-ad,,,,foreigner
U-095,,U,2007-03-21,,,,,FALSE,,U-beauty,,,,foreigner
U-096,,U,2008-03-21,,,,,FALSE,,U-dark-sad,,,,foreigner
U-097,,U,2008-06-21,,,,,FALSE,,U-cub-1,,,,foreigner
U-098,,U,2008-08-21,,,,,FALSE,,U-cub-2,,,,foreigner
U-099,,U,2019-09-16,,,,,FALSE,,U-young-notch,,,,foreigner
X-004,2,X,1996-04-24,,,,,TRUE,,,1998-10-24,Maasai,poisoned in Sikiria,foreigner
X-006,1,X,1992-01-21,,,,,TRUE,,no tail,,,,immigrant
X-010,1,X,1996-05-03,,,,,TRUE,,,,,,immigrant
X-011,1,X,1995-12-22,,,,,FALSE,,,,,,foreigner
X-012,1,X,1995-10-03,,,,,TRUE,,bad eye,,,"has mtDNA haplotype ""South-East""",foreigner
X-013,1,X,1996-04-23,,,,,FALSE,,,,,,foreigner
X-014,1,X,1996-08-25,,,,,TRUE,,Ungano,,,,immigrant
X-015,1,X,1988-12-18,,,,,FALSE,,,,,"old intruder into A-terr, FO X-016",foreigner
X-016,2,X,1995-12-18,,,,,FALSE,,,,,,foreigner
X-017,1,X,1996-09-09,,,,,TRUE,,,,,"has mtDNA haplotype ""Central Serengeti""",immigrant
X-018,1,X,1997-12-16,,,,,TRUE,,no foot,,,,immigrant
X-019,1,X,1998-02-11,,,,,TRUE,,,,shot by rangers,,immigrant
X-020,,X,1998-07-13,,,,,FALSE,,,,,possibly female,foreigner
X-021,,X,1998-01-01,,,,,FALSE,,,,,,foreigner
X-022,,X,1998-09-11,,,,,FALSE,,,,,,foreigner
X-023,2,X,1997-09-22,,,,,TRUE,,,2001-09-22,vehicle collision,killed on road close to Makuiuni,foreigner
X-024,1,X,1998-01-31,,,,,TRUE,,,,,looks like Ngoitokitok,immigrant
X-025,1,X,1999-11-01,,,,,TRUE,,"Kondo, Maegerli",,,"sad that was at kill with Airstrips, then immigrant into N",immigrant
X-032,2,X,1997-11-27,,,,,FALSE,,,,,,foreigner
X-033,1,X,1999-07-09,,,,,TRUE,,,,,intruder into A and F,foreigner
X-034,1,X,2001-03-19,,,,,TRUE,,,2002-09-20,Maasai,sadm killed by villagers in Nainokanoka,foreigner
X-038,,X,2000-11-06,,,,,FALSE,,,,,intruder into F,foreigner
X-039,1,X,2002-05-25,,,,,TRUE,,,2003-11-25,vehicle collision,sadm killed on road in Aberdare National Park close to The Ark,foreigner
X-040,1,X,2000-10-27,,,,,FALSE,,U-042,,,"intruder into E, then seen at encounter between Munges and Umbas and much later at encounter between umbas and engitatis",foreigner
X-041,1,X,2000-10-13,,,,,TRUE,,,,,"maybe N-natal, immigrant into T",immigrant
X-043,1,X,2000-11-17,,,,,TRUE,,Ccr 1149,2004-11-17,Maasai,adm that attacked two Maasai warriors at Olepolos,foreigner
X-044,1,X,2001-02-18,,,,,TRUE,,,2005-02-19,,ad that was found by Gibson on last crossing of Munge,foreigner
X-046,,X,2003-01-24,,,,,FALSE,,,,,intruder in A,foreigner
X-047,1,X,2004-05-28,,,,,TRUE,,,2005-07-28,vehicle collision,sadm killed on rim road,foreigner
X-048,2,X,2002-07-26,,,,,TRUE,,,2005-07-20,,adf found by Gibson in Alaianai forest on 2005-07-26,foreigner
X-049,1,X,1995-08-18,,,,,TRUE,,,2005-08-18,Maasai,"adm that entered mais mill at olbalbal and was injured by Maasai, then euthanised by Dr. Muumba",foreigner
X-050,,X,2003-10-08,,,,,FALSE,,,,,"sad with broken lower jaw in f-terr, seemed in rather bad condition",foreigner
X-051,2,X,2004-08-26,,,,,TRUE,,,2006-02-26,vehicle collision,"sadf found on road between Makuiuni and Mto wa Mbu, UTM: 37 01692112, 9611257",foreigner
X-052,,X,2002-10-26,,,,,TRUE,,,2006-03-20,,tooth from skull found close to Acacia campsite,foreigner
X-053,1,X,2002-10-06,,,,,FALSE,,,,,"with snare wound on neck, was with Ngoitokitoks but did not end up as immmigrant",foreigner
X-054,,X,2004-09-12,,,,,FALSE,,,,,intruder into E/M,foreigner
X-055,2,X,2002-10-02,,,,,TRUE,,,2006-09-29,,dead ad found close to Munge river junction towards scratching rocks on 2006-10-02,foreigner
X-056,,X,2004-02-23,,,,,FALSE,,,,,"intruder into M/N, possibly male",foreigner
X-057,,X,2004-03-05,,,,,FALSE,,,,,"shy hy seen in L/M, possibly male",foreigner
X-058,1,X,2002-04-24,,,,,TRUE,,,2007-04-24,,"dead ad found in N, close to nero den",foreigner
X-059,1,X,2002-04-09,,,,,TRUE,,,,,hyena from Africat/Namibia,foreigner
X-060,1,X,2002-04-09,,,,,TRUE,,,,,"hyena from Africat/Namibia, could be the same as X-059",foreigner
X-061,1,X,2004-05-19,,,,,TRUE,,,,,Lemala clan immigrant,immigrant
X-062,1,X,2005-01-29,,,,,TRUE,,Herufi,,,Munge clan immigrant,immigrant
X-063,1,X,2004-05-24,,,,,TRUE,,,,,Airstrip clan immigrant,immigrant
X-065,1,X,2005-03-13,,,,,TRUE,,,,,Engitati clan immigrant,immigrant
X-066,1,X,2004-07-09,,,,,TRUE,,Kazkazini,,,Munge clan immigrant,immigrant
X-067,1,X,2005-04-27,,,,,TRUE,,,,,Ngoitokitok clan immigrant,immigrant
X-068,1,X,2005-09-30,,,,,TRUE,,,,,"left lower canine outside, ri ear Guepf, immigrant into A",immigrant
X-069,1,X,2007-02-18,,,,,TRUE,,,2008-11-18,vehicle collision,sadm road kill from rim road,foreigner
X-070,2,X,2002-12-25,,,,,TRUE,,,,,"adult female from Ethiopia, clan of hyena man",foreigner
X-071,1,X,2007-03-26,,,,,TRUE,,,2008-12-26,vehicle collision,"subadult male from Ethiopia, road kill",foreigner
X-072,1,X,2006-06-29,,,,,TRUE,,,,,Airstrip clan immigrant,immigrant
X-073,,X,2007-10-08,,,,,FALSE,,,,,"sad, could be offspring of A-006 as turned up when she turned up again",foreigner
X-074,,X,2007-02-09,,,,,FALSE,,,,,"seen once in M-territory, intruder into M on same day as X-075, also dark spots/fur",foreigner
X-075,1,X,2007-02-09,,,,,TRUE,,Mtoni,,,"Engitati clan immigrant, first seen as intruder into M-territory on same day as X-074, also dark spots/fur",immigrant
X-077,,X,2008-11-15,,,,,FALSE,,,,,U-member? Seen close to carc with Engitatis close to rim in north of Crater,foreigner
X-078,2,X,2008-04-05,,,,,FALSE,,,,,seen once at BUF-carc in M-territory with many munges,foreigner
X-079,1,X,2009-01-25,,,,,FALSE,,,,,"seen once in L-territory, immigrant into L?",foreigner
X-081,1,X,2002-04-05,,,,,FALSE,,,,,"seen once in M-territory, at dead elephant",foreigner
X-082,1,X,2006-11-27,,,,,FALSE,,,,,"seen once in E-territory, probably male",foreigner
X-083,1,X,2008-08-17,,,,,TRUE,,,,bitten by two lionesses at last sight,Engitati clan immigrant,immigrant
X-085,,X,2008-02-13,,,,,TRUE,,,2014-02-13,,"found by Ingela Jansson close to L-116 (also dead), along Munge river, location: 0789450 / 9651129 (UTM, Arc 1960)",foreigner
X-088,1,X,2011-05-30,,,,,TRUE,,,,,Engitati clan immigrant,immigrant
X-090,1,X,2012-02-01,,,,,FALSE,,,,,"seen once in S-territory and once in A-territory within a few days, new Shamba male?",foreigner
X-091,1,X,2012-02-21,,,,,TRUE,,Ujasiri,,,"Forest clan immigrant. Was RE with A-333, then FO Forest adf",immigrant
X-092,1,X,2012-02-05,,,,,FALSE,,,,,"seen three times within a few days in A-territory, new Airstrip male?",foreigner
X-093,1,X,2012-03-01,,,,,FALSE,,,,,"seen once in S-territory, new Shamba male?",foreigner
X-094,1,X,2012-03-07,,,,,TRUE,,,,,Ngoitokitok clan immigrant,immigrant
X-095,1,X,2012-02-07,,,,,TRUE,,Kichwa kikubwa,,,Ngoitokitok clan immigrant,immigrant
X-096,1,X,2012-03-08,,,,,TRUE,,,,,Engitati clan immigrant,immigrant
X-098,,X,2014-12-14,,,,,TRUE,,,2015-12-14,,adult found in N-territory by gate people + Philemon,foreigner
X-100,1,X,2011-06-30,,,,,TRUE,,,,,Munge clan immigrant,immigrant
X-101,,X,2012-09-17,,,,,TRUE,,,2016-02-07,,"adult(?) found in L-territory on 2016-02-11, guided there by L-413, only several teeth and some skin left",foreigner
X-103,1,X,2012-09-17,,,,,FALSE,,,,,"seen once in E-territory, possibly male, new Engitati male?",foreigner
X-104,1,X,2012-09-23,,,,,TRUE,,,,,Airstrip clan immigrant,immigrant
X-105,1,X,2012-08-19,,,,,FALSE,,T-triangle1,,,"seen twice within a few days in T-territory, could be new male",foreigner
X-106,1,X,2012-05-23,,,,,TRUE,,Sundar,,,Munge clan immigrant,immigrant
X-107,1,X,1999-11-15,,,,,FALSE,,U-041,,,,foreigner
X-108,1,X,2001-07-08,,,,,FALSE,,U-043,,,,foreigner
X-109,1,X,1999-05-15,,,,,FALSE,,C-044,,,,foreigner
X-110,1,X,2013-01-25,,,,,FALSE,,,,,"seen once in A-territory, could be new male",foreigner
X-111,1,X,2014-05-21,,,,,TRUE,,,,,seen once in S-territory and three times in E-territory,foreigner
X-112,1,X,2007-11-26,,,,,TRUE,,,,,"Munge clan immigrant, seen first in Engitati territory, could be new male, followed Engitatis to resting place",immigrant
X-113,1,X,2013-06-04,,,,,TRUE,,Safed,,,"Munge clan immigrant, in Munge territory with Munges, chased by recent Munge immigrants",immigrant
X-116,1,X,2009-06-15,,,,,FALSE,,,,,"seen once in E/L, severely injured, next to two adult male lions by assistant of Ingela Jansson",foreigner
X-117,1,X,2014-04-25,,,,,TRUE,,Pehlvan,,,Munge clan immigrant,immigrant
X-118,1,X,2014-05-08,,,,,FALSE,,S-male,,,"seen once in S-terr, actively ap Shamba females at resting place.",foreigner
X-119,2,X,2014-05-18,,,,,TRUE,,C128,2017-11-16,vehicle collision,"adult killed on road in Caprivi, Namibia; found 2017-11-18, was dead for about 3 days",foreigner
X-121,1,X,2015-08-10,,,,,FALSE,,,,,"seen once in M-territory, very shy",foreigner
X-122,1,X,2014-11-16,,,,,FALSE,,,,,seen once in F-territory,foreigner
X-124,1,X,2015-08-05,,,,,FALSE,,Flighty,,,"seen twice in M-territory within three weeks, submissive to X-117 and M-287",foreigner
X-126,2,X,2013-03-06,,,,,TRUE,,Attack,2019-03-06,Maasai (spear),"adult female who attacked a woman at Irkeepus, probably infected with rabies.",foreigner
X-127,2,X,2011-03-08,,,,,TRUE,,Ndutu,,,confident adult female sampled in Ndutu,foreigner
X-128,1,X,2010-09-08,,,,,FALSE,,,,,seen in Ndutu with X-127,foreigner
X-129,1,X,2015-03-08,,,,,FALSE,,,,,seen in Ndutu with X-127,foreigner
X-130,1,X,2013-09-08,,,,,FALSE,,,,,seen in Ndutu with X-127,foreigner
X-131,2,X,2009-03-08,,,,,FALSE,,,,,seen in Ndutu with X-127,foreigner
X-132,1,X,2012-03-08,,,,,FALSE,,,,,seen in Ndutu with X-127,foreigner
X-133,1,X,2016-03-08,,,,,FALSE,,,,,seen in Ndutu with X-127,foreigner
X-134,2,X,2012-04-27,,,,,TRUE,,,2019-04-27,Maasai (machete),"adf who attacked three people in Irkepuse, killed with machetes, probably rabid",foreigner
X-137,,X,2009-12-10,,,,,TRUE,,,2019-07-15,,head of adult in F-territory,foreigner
X-138,2,X,2010-03-04,,,,,FALSE,,,,,"seen once on highlands near Irkeepus, with X-139+X-140, during playback",foreigner
X-139,,X,2015-03-04,,,,,FALSE,,,,,"seen once on highlands near Irkeepus, with X-138+X-140, during playback",foreigner
X-140,,X,2016-03-04,,,,,FALSE,,,,,"seen once on highlands near Irkeepus, with X-138+X-139, during playback",foreigner
X-141,,X,2015-09-10,,,,,FALSE,,,,,seen once on highlands near Malanja depression ,foreigner
X-142,,X,2015-03-12,,,,,FALSE,,,,,"seen once on highlands near airstrip on western side of rim along rim road, with X-143",foreigner
X-143,,X,2015-03-12,,,,,FALSE,,,,,"seen once on highlands near airstrip on western side of rim along rim road, with X-142",foreigner
X-144,2,X,2012-03-13,,,,,FALSE,,,,,"seen once on highlands, along rim. Not shy ",foreigner
X-145,,X,2011-03-10,,,,,FALSE,,,,,"seen once on highlands, shy",foreigner
X-146,2,X,2011-03-10,,,,,FALSE,,,,,"seen once on highlands, shy",foreigner
X-147,1,X,2016-05-12,,,,,TRUE,,,,,"seen once in Munge territory, very submissive when AP by M-381",foreigner
X-149,1,X,2015-12-01,,,,,FALSE,,,,,"seen once in Engitati territory, submissive to X-088",foreigner
X-150,1,X,2018-08-23,,,,,TRUE,,L-relaxed,,,"Lemala clan immigrant, seen multiple times in L-terr, interacting with Lemalas",immigrant
X-151,1,X,2018-04-12,,,,,TRUE,,"Iko, L-immigrant",,,"Lemala clan immigrant, seen several times in L-terr",immigrant
X-152,1,X,2018-08-31,,,,,FALSE,,L-pale,,,"Triangle clan immigrant, seen first in L-terr with L-514+L-515+T-171, then resting with X-164 in T-terr, shy",immigrant
X-154,1,X,2019-03-03,,,,,TRUE,,,,,Munge clan immigrant,immigrant
X-155,1,X,2019-10-09,,,,,TRUE,,F-male dot,,,"Forest clan immigrant, seen multiple times with Forests",immigrant
X-157,,X,2018-01-17,,,,,TRUE,,,,,"head and part of backbone with some muscle and skin; individual in best age based on tooth wear, about 5 years old, could be same individual as X-156",foreigner
X-159,1,X,2018-01-23,,,,,TRUE,,,,,Forest clan immigrant,immigrant
X-160,1,X,2018-03-22,,,,,FALSE,,C-dark; C-Tiger,,,Campsite male; unknown if philopatric or immigrant,foreigner
X-161,1,X,2019-07-14,,,,,FALSE,,C-adult,,,Campsite male; unknown if philopatric or immigrant,foreigner
X-162,1,X,2019-03-26,,,,,TRUE,,E-slender,,,Engitati clan immigrant,immigrant
X-165,1,X,2017-06-20,,,,,FALSE,,F-spotless,,,"seen three times within a week in F-territory, male with mange",foreigner
X-166,1,X,2020-04-09,,,,,FALSE,,N-mgeni,,,Ngoitokitok clan immigrant,immigrant
X-167,1,X,2018-12-14,,,,,FALSE,,,,,"seen once in A-territory, interacted with Airstrips",foreigner
X-168,1,X,2022-03-19,,,,,FALSE,,new immigrant?,,,"seen once in A-territory, interacted with Airstrips",foreigner
X-169,1,X,2021-03-15,,,,,FALSE,,F-intruder,,,seen once in F-territory at kill,foreigner
X-170,,X,2011-03-05,,,,,FALSE,,,,,"seen once in S-territory with other Shambas, not shy",foreigner
