injuryID,date,time,ID,description,cause,bodypart,sizeincm,consequences,comments,observer
in0001,1996-04-16,11:27,M-041,"wound, skin hanging down",snare,LHL,4x4,"limping badly, not standing on the leg",,
in0002,1996-04-24,17:47,M-041,"wound, skin around leg ripped down",snare,LHL,6cm of skin ripped down,"not limping when WA, but LO with 3 legs only",,
in0003,1996-04-25,15:50,M-002,wound,,LHL,1.5x1.5,none,,
in0004,1996-04-25,16:10,M-005,"pinkish ""wound""",,tip of penis and bum,1x1 and 3x1 resp,none,visible when she lifts tail,
in0005,1996-04-26,17:15,M-001,wound left side belly,,left side belly,2x2,none,,
in0006,1996-04-28,16:05,M-006,"split penis, refuses to SU M-087 + M-088",gives birth 19.06.96,penis,-,none,,
in0007,1996-04-28,16:11,M-006,2 cuts and split pseudopenis,,"LHL, outside and pseudopenis","cuts: 4, pseudopenis: 5",none,,
in0008,1996-04-28,17:14,M-043,"swollen foot, cripple foot",,RHL,-,"limping badly, not standing on the leg",,
in0009,1996-06-05,16:25,M-008,wound,,20cm above tail root,7x5,none,,
in0010,1996-06-07,7:07,M-086,?,,LHL,-,"limping badly, not standing on the leg",,
in0011,1996-06-14,10:20,L-040,wound,,"back, right side",4x6,none,,
in0012,1996-06-20,10:00,M-041,wound,snare,LHL,,limping when getting up,wound again open and bleeding,
in0013,1996-06-20,10:06,M-008,open wound,,"back, right side",4x3,none,,
in0014,1996-06-23,10:04,A-001,"2 puncture holes, 20cm apart",WI (horns),LHL,2x3 and 2x2 resp,limping,"is EA from WI head, prob killed by her and 7 other Airstrips",
in0015,1996-07-10,6:51,L-006,"open wound, swollen",,RFL,3x7,limping,,
in0016,1996-07-10,,L-092,"scars, bold patches",L-091,"neck, shoulder",1x1,none,,
in0017,1996-07-13,8:21,S-044,?,,RFL,-,limping,,
in0018,1996-07-16,8:55,S-004,"fresh wounds around ear, on head, bleeding",was attacked by Lemalas,"head, neck",,"bleeding, seems depressed",,
in0019,1996-07-17,8:48,A-004,"wound, deep cuts",,above eye to nose and below ear to nose,15 and 3x8 resp,"both eyes half closed, can hardly see and hear",her head and ears are covered in dust,
in0020,1996-07-19,8:32,L-006,"open wound, fresh",,RFL,3x8,limping,,
in0021,1996-07-20,9:38,A-084,"cut, blood around",,left shoulder,10,none,"tried to LK wound, but couldn't reach it properly",
in0022,1996-07-29,9:40,S-002,fresh wound,LI ?,"left shoulder, RFL",15,none,"LI adf L next to freshly killed WI, 150m from S-002",
in0023,1996-07-31,8:29,S-001,Fadennarbe,,RHL,-,limping,,
in0024,1996-08-05,10:35,M-015,swollen penis,copulation ?,penis,-,none,,
in0025,1996-08-06,18:13,L-002,lower jaw dislocated,EQ ?,"lower jaw, left side",-,none,,
in0026,1996-08-10,7:37,L-008,"open wounds, fresh",,"behind right ear, neck, right shoulder, above left shoulder",7x7 (right shoulder),none,,
in0027,1996-08-20,8:50,L-008,wound,,right shoulder,2x2,none,,
in0028,1996-08-31,16:46,M-012,split penis,gives birth 21.03.97,penis,-,none,,
in0029,1996-09-02,10:25,L-012,swollen penis,,penis,-,none,,
in0030,1996-09-15,7:28,M-005,"wound, cut",,"back, right side",1x10,none,,
in0031,1996-09-17,14:46,L-001,wound,,LHL,4x4,none,,
in0032,1996-09-22,13:30,M-001,swelling,infection ?,"udder, left side",-,none,,
in0033,1996-09-26,8:30,L-013,?,,LHL,-,"limping, not standing on this leg",3.10.96 WA without problems,
in0034,1996-09-26,18:20,L-013,"last 4cm of penis, front part, pinkish",,penis,-,none,,
in0035,1996-09-28,11:41,L-005,small wounds,,LHL and neck,1x1 each,"limping badly, not standing on the leg",,
in0036,1996-12-29,10:08,A-056,"open wound, two small holes",may have faught over Hippo skin with A-046,RHL,1x1 each,none,,
in0037,1997-01-04,6:46,M-092,wound with three open spots,,right shoulder,"1x1, 1x2 and 2x2 resp",none,,
in0038,1997-01-06,17:46,L-013,"last 4cm of penis, front part, pinkish",,penis,-,none,,
in0039,1997-01-15,8:50,L-012,"2 puncture holes, ear deformed, wounds around ear",HY,right ear and back,1x1 each,"shaking head, ear held in strange position",,
in0040,1997-01-17,18:23,L-012,swelling,,between right ear and eye,10,"shaking head, ear held in strange position",,
in0041,1997-01-18,18:38,L-012,wound on ear,got BI by other HY at kill,right ear,bites,,,
in0042,1997-01-19,16:16,M-098,scars,M-099,left + right shoulder,1x1,none,,
in0043,1997-01-25,9:30,L-013,wound,,left shoulder,,limping,,
in0044,1997-02-03,17:32,L-041,wound on ear,HY,right ear,bites,none,,
in0045,1997-02-11,6:56,M-001,"swelling, toes separated",,right foot,-,limping with RHL,,
in0046,1997-02-12,8:45,M-096,"face deformed, blood in mouth, jaw broken",M-006 BI head of M-096,"head, jaws",-,"cannot close its mouth, cannot SU",,
in0047,1997-02-15,18:03,M-096,"face deformed, jaw broken, eye closed",M-006 BI head of M-096,"head, jaws, left eye",-,"cannot close its mouth, cannot SU, eye closed",,
in0048,1997-02-22,,L-041,"wound, festering",HY ?,"chest, right side",,none,,
in0049,1997-02-23,7:09,M-006,"wound, not deep, not bleeding",,"BHL, bum",3x2,none,,
in0050,1997-02-28,18:30,L-093,"eye dull, liquid comes out of eye",,right eye,-,closes eye often,,
in0051,1997-03-03,16:31,M-017,"swollen and split penis, GN into DH",gives birth 18.08.97,penis,-,none,,
in0052,1997-03-03,16:31,M-043,swollen penis,gives birth 11.06.97,penis,-,none,,
in0053,1997-03-05,7:05,L-004,last third of penis pink,gives birth 01.05.97,penis,-,none,doesn't actually look like split penis,
in0054,1997-03-10,9:49,A-004,rub marks,commuting,"udder, right side",6x15,none,,
in0055,1997-03-10,10:10,A-001,swollen penis,,penis,-,none,,
in0056,1997-04-04,9:22,L-012,"wounds, puncture holes",got BI by other HY,"neck, left side, left shoulder","6 holes, sholder 4x6 no fur",none,,
in0057,1997-04-07,9:18,E-040,"cut in lower eye lid, problem with RHL",,"right eye lid, RHL",1,"eye half closed, limping with RHL",,
in0058,1997-04-09,10:43,M-002,half of right ear lost,HY ?,right ear,-,none,,
in0059,1997-04-13,9:43,A-047,"puncture holes around ears, scratches LHL, balls of the right foot cut, balls of the left foot open",LI or HY,"left ear, between ears, feet",-,"is L around, probably limping badly","L close to LI-kill, but also close to M-008, M-017 + M-088 in M-terr",
in0060,1997-04-13,16:48,M-101,ear notch,M-102,left ear,1,none,,
in0061,1997-04-14,16:30,M-102,scars,M-101,tail,1,none,,
in0062,1997-04-15,16:38,M-042,"wounds, 2 cuts",,"cheek, left side",5,none,,
in0063,1997-04-16,9:20,A-014,rub marks,commuting,"udder, left and right side",6x15,"keeping legs apart when WA, no consequences for SU",,
in0064,1997-05-26,8:46,L-096,scars,L-097,"neck, shoulder",1x1,none,,
in0065,1997-05-27,7:03,M-103,scars,M-104,left shoulder,1x1,none,,
in0066,1997-05-27,7:30,M-052,?,,LFL,-,limping,,
in0067,1997-05-27,17:45,A-015,rub marks,commuting,"udder, right side",2x3,none (2 cubs SU),we did not see the left side of the udder,
in0068,1997-05-30,7:40,A-014,rub marks,commuting,"udder, left side",3x4,none (2 cubs SU),"we did not see the right side of the udder, udder was full when she came back to den",
in0069,1997-05-31,9:43,A-001,rub marks,commuting,"udder, left side",7x2,none (2 cubs SU),,
in0070,1997-06-11,8:28,M-103,"open wound, bleeding",M-104 BI her,left ear,-,none,,
in0071,1997-06-11,9:26,M-103,two spots without fur,M-104 BI her or M-012 who carried her out of DH,left shoulder,1x1,none,,
in0072,1997-06-11,10:32,L-098,scars,,"front, bum, shoulders",1x1,none,,
in0073,1997-06-12,8:38,L-005,swollen penis,gives birth 16.06.97,penis,-,none,may have given birth 4 days earlier...,
in0074,1997-06-14,6:45,L-099,scars,L-100,right shoulder,1x1,none,,
in0075,1997-06-14,6:45,L-100,scars,L-099,"belly, right side, HL, tail root",1x1,none,,
in0076,1997-06-28,8:00,L-015,cut,"while EA from EQ-carc, prob from sharp bone","front, above left eye",4x1,none,,
in0077,1997-07-02,10:33,A-014,rub marks,commuting,"udder, left side",2x2,none (2 cubs SU),,
in0078,1997-08-13,6:45,N-003,2 holes,,"RHL, lower part",3x2 and 2x2 resp,limping with RHL,,
in0079,1997-08-27,7:28,M-092,open wound,lions,"RHL, inside",6x2,none,,
in0080,1997-08-27,9:33,N-045,"open wound, bleeding",,behind left ear,2x2,,,
in0081,1997-08-30,9:49,M-005,?,,LHL,-,limping when LO,,
in0082,1997-09-01,6:39,L-044,ear notch,HY ?,right ear,-,none,,
in0083,1997-09-02,8:12,L-013,"cut, part of lower eye lid hanging down",HY ?,left eye,2x2,left eye nearly closed,,
in0084,1997-09-03,7:49,M-002,"open wound, fresh",,"left hind foot, upper side",3x3,limping,,
in0085,1997-09-08,6:40,M-105,wound,HY ?,behind ear to left eye down to mouth,-,"eye swollen, not entirely open",,
in0086,1997-09-10,11:30,L-009,wound,,around right nose hole,1x1,none,,
in0087,1997-09-27,18:05,M-103 ?,wound,,below right eye,1x1,part of eye swollen,,
in0088,1997-09-30,17:50,L-088,wounds,HY ?,between HLs around G,3x2,none (but licks wounds),,
in0089,1997-10-01,8:30,M-014,rub marks,commuting or other HY ?,"udder, left and right side",2x8,none (M-105 SU),,
in0090,1997-10-13,6:26,M-004,"open wound, fresh",prob by WI that she killed,"below throat, left side","25 long, 1-5 wide",limping,,
in0091,1997-10-17,22:40,M-008,,WI R over M-008,LHL,-,limping 5min,,
in0092,1997-10-21,15:08,N-008,open puncture wounds,HY ?,"around ears, neck and bum",-,"holds ears in strange position, limping",,
in0093,1997-10-21,15:08,N-003,swollen foot,,RHL,-,"limping badly, not standing on the leg",,
in0094,1998-01-18,8:30,M-008,?,,LHL,-,limping,,
in0095,1998-01-22,7:43,M-088,"open wound, fresh, blood dripping",bitten by M-007,penis,1-2 (hole) and 1x6 (cut),,,
in0096,1998-01-22,7:43,M-007,"wound fresh, part of right ear bitten off",bitten by M-088,right ear,2cm bitten off,none,,
in0097,1998-01-23,7:20,M-088,"open wound, fresh, hole (bleeding) and cut",bitten by M-007,penis and base of penis,1-2 (hole) and 1x6 (cut),"penis very swollen, hole bleeding, M-088 LK wounds",,
in0098,1998-01-30,18:10,M-114,"deep cut, open",,"neck, left side",1x6,none,,
in0099,1998-02-01,6:38,M-052,swelling,,"RFL, around knee",-,"limping badly, not standing on the leg",,
in0100,1998-02-01,9:20,L-011,?,,LHL,-,limping,,
in0101,1998-02-01,18:04,L-013,"open wound, blood dripping",got BI in lower lip by L-008 during GT,lower lip,2x2,none (blood dripping),,
in0102,1998-02-02,7:45,M-006,"wound, old/healed",HY ?,"bum, right side",4x6,none,,
in0103,1998-02-18,18:21,L-003,cut,,RFL,5x2,none (but flies in wound),,
in0104,1998-02-19,8:35,M-008,2 puncture holes 7cm apart,HY ?,"back, above HLs",3x3 and 3x3 resp,none,,
in0105,1998-02-19,9:00,M-007,swollen penis,copulation ?,penis,-,none,M-008 shadowing her,
in0106,1998-02-23,6:40,M-052,?,,RFL,-,"limping badly, not standing on the leg",,
in0107,1998-02-23,7:35,L-002,"eye dull, blind",,left eye,-,is probably blind on this eye,"02.04.98 we see her again, eye now completely white",
in0108,1998-02-24,8:20,M-091,"hole, not deep",,"back, right side",3x3,none,,
in0109,1998-02-26,7:11,M-006,"3 spots with 2 holes each, old",HY ?,"tail root, left and right side, above knee",2x2 each,none,,
in0110,1998-03-03,8:27,L-040,hole,,"back, above tail root",2x2,"WA slowly, carefully",,
in0111,1998-03-10,9:18,L-011,cut,,front of head,3x1,none,,
in0112,1998-03-30,7:17,M-043,swollen penis,,penis,-,none,,
in0113,1998-04-03,18:27,M-047,open wound,,"tail root, right side",2x2,none,,
in0114,1998-04-05,6:50,M-088,3 wounds,HY ?,"tail root, left and right side",2x2 each,none,,
in0115,1998-04-05,6:50,M-007,swollen penis,copulation ?,penis,-,none,M-008 shadowing her,
in0116,1998-04-13,18:15,L-040,2 puncture holes,,"above right hib, between right hib and tail root",2x2 and 4x4 resp,none,,
in0117,1998-04-19,10:15,L-009,"penis red, split, thick at base",,penis,-,none,,
in0118,1998-04-29,18:08,L-004,"cut, prob 2-3 days old",,"bum, left side",3x2,none,,
in0119,1998-05-04,6:53,M-046,skin of left lower jaw is hanging down,,"lower jaw, left side",7x15cm of skin,none,,
in0120,1998-05-04,9:44,L-014,"open wound, fresh (but not bleeding any more)",,"neck, right side",3x2,none,,
in0121,1998-05-04,18:08,L-004,swollen penis,gives birth 07.07.98,penis,-,none,,
in0122,1998-05-04,18:37,L-012,swollen penis,gave birth 25.04.98,penis,-,none,,
in0123,1998-05-08,6:31,M-007,swollen penis,copulation ?,penis,-,none,M-040 shadowing her,
in0124,1998-05-15,17:04,L-042,2 open wounds,,"right shoulder, LFL",2x2 and 3x2 resp,none,,
in0125,1998-05-15,17:49,L-009,2 puncture holes,HY ?,left shoulder,2x2,none,,
in0126,1998-05-16,8:15,M-082,swollen penis,gives birth 11.12.98,penis,-,none,M-052 shadowing her,
in0127,1998-05-16,11:35,M-047,cut,,"back, right side",1x3,none,,
in0128,1998-05-17,10:50,M-099,"2 wounds, not fresh",HY ?,LHL,1x1 and 3x2 resp,none,,
in0129,1998-05-18,9:18,M-007,swollen penis,copulation ?,penis,-,none,M-040 shadowing her,
in0130,1998-05-18,11:00,M-040,"puncture holes, not fresh",HY,"RHL, bum",1x1 and 1x2 resp,"limping with RHL, hib, licks wounds, WA in strange way",,
in0131,1998-05-20,18:20,M-047,puncture hole,HY ?,"back, left side",2x3,none (but licks wound),,
in0132,1998-05-23,18:10,L-009,"open wounds, not of today",,"neck, left side",1x1 and 2x3 resp,none,,
in0133,1998-05-23,18:26,L-042,"puncture holes, not very fresh",HY ?,"above left shoulder, behind right shoulder",1x1 and 1x1 resp,none,,
in0134,1998-05-24,19:06,M-008,"severe wounds on head and legs, fresh",HY,"both ears bitten off, holes on both sides of hib","holes: 3x4, 4x5 and 3x4 resp","WA slowly, seems psychologically destroyed. 07.08.98 seen again, all wounds healed except pink spot between ears (not open)",,
in0135,1998-05-27,9:38,L-084,right eye dull,,right eye,-,none,,
in0136,1998-05-27,17:00,L-004,2 puncture holes,HY,back,1x1 each,none,,
in0137,1998-05-30,16:50,L-011,puncture hole,HY,"back, left side",2x2,none,,
in0138,1998-05-30,17:18,L-008,puncture hole,HY,back,2x2,none,,
in0139,1998-06-08,16:55,L-041,3 puncture holes,HY,RFL and LHL,2x2 each,none,,
in0140,1998-06-08,17:36,N-043,"right eye dull, blind",HY,right eye,-,is probably blind on this eye,,
in0141,1998-06-13,9:56,L-005,"swelling, Kropf",,"neck, lower jaw",10x10,"a lot of yellowish saliva comes out of MU, seems o.k. again on 20.06.98",,
in0142,1998-06-14,7:40,N-046,open wound,HY,"RHL, hib",7x7,none,,
in0143,1998-06-14,8:00,M-040,puncture hole,HY,"bum, above tail",2x2,none,,
in0144,1998-06-17,17:30,N-006,open wounds,,"udder, left side, LHL, RFL, left ear, tail root, right side","3x3, 2x3, 3x3, 2x7, 2x2, 1x1, 2x2, 2x2 and 1x2 resp",none,,
in0145,1998-06-20,6:40,M-081,"wound around eye, fresh",,right eye,1cm around eye,none,,
in0146,1998-06-20,6:45,N-046,open wound,HY,RHL,3x3,none,,
in0147,1998-06-29,10:30,M-106,"large wound, a few days old, infected",LI,"shoulder, left and right",,seems not in good condition,,
in0148,1998-07-09,10:08,L-013,,,LHL,-,"limping badly, not standing on the leg",,
in0149,1998-07-10,8:11,M-092,"2 puncture holes, fresh",HY,LHL,1x1 each,none,,
in0150,1998-07-18,7:36,M-006,swollen penis,gave birth 17.06.98,penis,-,none,,
in0151,1998-07-18,9:09,M-106,"wound seems almost healed, but still flies on one hole",,"shoulder, left and right",,none,,
in0152,1998-08-05,17:43,L-010,swollen penis,gave birth 30.07.98,penis,-,none,,
in0153,1998-08-06,7:00,M-082,"wound, 2-3 days old",,neck,6x4,none,,
in0154,1998-08-09,7:20,L-005,?,,RHL,-,limping,,
in0155,1998-08-18,6:43,M-082,swollen penis,gives birth 11.12.98,penis,-,none,,
in0156,1998-08-28,7:03,M-082,swollen penis,gives birth 11.12.98,penis,-,none,,
in0157,1998-08-28,17:50,A-041,3 puncture holes,,"neck, left side",1x1 each,none,,
in0158,1998-08-29,17:50,M-098,coughing,disease,,-,coughing,,
in0159,1998-08-29,18:05,M-104,coughing,disease,,-,coughing,,
in0160,1998-08-30,10:15,A-046,"open wound, not bleeding any more",HY ?,"bum, right side",3x3,none,,
in0161,1998-08-31,18:25,L-102,"wounds, puncture hole",HY ?,"nose, front and right ear","1x4, 1x1 and 2x4 resp",none,,
in0162,1998-09-19,16:55,L-109,"puncture hole, fresh",HY ?,"neck, left side",1x1,none,,
in0163,1998-10-02,18:35,M-007,swollen penis,copulation?,penis,-,none,,
in0164,1998-10-03,8:30,L-005,"puncture hole, fresh",EQ ?,"bum, right side",2x2,none,L-005 just killed an ad EQ and EA it,
in0165,1998-10-13,7:41,A-016,swollen penis,gave birth 15.06.98,penis,-,none,,
in0166,1998-10-19,9:20,L-014,"puncture holes, 1-3 days old",HY,around left ear,1x1 each,holds ears in strange position,,
in0167,1998-10-21,7:10,E-043,"swollen penis, teats still small",copulation?,penis,-,none,,
in0168,1998-10-26,17:38,M-102,"fresh wounds, big puncture holes, blood dripping",LI ?,"belly, right side, LHL",2x2 each,licks wounds,,
in0169,1998-10-29,6:25,M-082,big teats,,teats,-,none,,
in0170,1998-12-10,7:19,M-081,swollen penis,gives birth 05.04.99,penis,-,none,,
in0171,1998-12-11,6:18,M-082,swollen penis,gives birth 11.12.98,penis,-,none,"teats also visible, LD next to a DH",
in0172,1998-12-11,16:52,L-108,"open wounds, 1-3 days old",,LHL,10x5,limping,,
in0173,1998-12-13,10:18,L-042,swelling (abscess?) on belly,,belly underside,,none,,
in0174,1998-12-13,10:32,A-084,open wound,,"bum, left side",5x5,none,,
in0175,1998-12-17,8:18,A-080,swollen penis,copulation?,penis,-,none,,
in0176,1998-12-23,17:55,M-016,"very thin, bones of hib visible, WA in strange way, seems very weak",disease,,-,"she was WA very slowly, couldn't WA straight, HLs seem to have no power any more, several times she just stood there before LD, then WA 200m and LD again. She had no milk any more, so probably lost her cub.",,
in0177,1999-03-30,15:41,M-091,large teats visible,gave birth 25.03.99,teats,-,none,,
in0178,1999-03-30,15:41,M-081,swollen penis,gives birth 05.04.99,penis,-,none,teats also visible,
in0179,1999-04-06,17:10,A-087,puncture holes,HY,"RHL, 1 ball of foot, tail root",2x2 each,limping,,
in0180,1999-04-12,6:40,M-113,greenish-yellowish slime below eyes,,both eyes,2x3,none,,
in0181,1999-04-13,6:50,M-116,"greenish-yellowish slime below left eye, eye slightly swollen",,left eye,2x3,none,,
in0182,1999-04-17,9:10,L-014,"half of right ear lost, new ear notches on left ear, swelling on right cheak",HY ?,"ears, cheak, right side",-,none,,
in0183,1999-04-18,6:50,L-040,big open wound,HY ?,LHL / hib,10x5,none,,
in0184,1999-04-22,8:03,N-042,trembling with HLs,"is wet, was in Munge river",both HLs,-,trembling with HLs,,
in0185,1999-04-22,17:58,A-084,open wound,,"RHL, inside",5x5,none,,
in0186,1999-04-25,16:42,L-100,"puncture holes, few days old",LI or HY ?,"3 holes RHL, 1 hole bum","2x1, 1x1, 1x1 and 2x2 resp",none,,
in0187,1999-04-25,18:23,L-010,puncture holes,HY ?,"3 holes back, left side, 1 hole above left teat",1x1 each,none,,
in0188,1999-04-29,15:15,M-136,bold patches almost entirely covered with hair again,,,-,none,,
in0189,1999-04-29,15:15,M-137,bold patches almost entirely covered with hair again,,,-,none,,
in0190,1999-05-01,6:46,X-007,wound,HY,above tail root,3x3,none,,
in0191,1999-05-01,18:03,M-017,graze,,RHL,10x4,none,,
in0192,1999-05-06,9:08,E-004,fresh wound,,above hib,3x3,none,,
in0193,1999-05-09,9:30,A-084,"long cut, fresh",,upper jaw,3x10,none,,
in0194,1999-05-12,9:37,L-093,?,,LFL,-,limping,,
in0195,1999-05-19,15:22,L-093,open wound,,"head, front",2x2,none,,
in0196,1999-05-23,7:00,M-099,"swollen penis, when erected, slightly ripped",copulation ?,penis,-,none,,
in0197,1999-05-26,7:11,M-098,slightly swollen penis,copulation ?,penis,-,none,,
in0198,1999-05-27,17:58,M-040,coughing,disease,-,-,coughing,,
in0199,1999-05-30,16:34,M-100,"swollen penis, when erected, slightly ripped",gives birth 02.09.99,penis,-,none,,
in0200,1999-05-30,,M-126,?,,RFL,-,limping,,
in0201,1999-06-09,8:30,M-104,white spots / warts in face,stress,"MU, between eyes",0.3x0.3,none,,
in0202,1999-11-28,10:53,A-057,"open wound, fresh, bleeding",,left shoulder,-,limping with LFL,,
in0203,1999-11-28,10:53,S-043,"both ears bitten off, not fresh",HY ?,both ears bitten off,-,none,,
in0204,1999-11-28,17:00,L-042,?,,RHL,-,limping,,
in0205,1999-11-29,18:30,A-010,"ear held in strange position, wounds healed",HY,right ear,-,"she cannot cock the ear, in front of the ear 4 pinkish healed puncture holes",,
in0206,1999-12-03,8:35,F-001,"HL lame, seems in bad condition",disease,RHL skinny,-,"lethargic when GU, RHL lame",,
in0207,1999-12-05,8:53,E-083,"swollen, split penis",,penis,-,none,,
in0208,1999-12-07,,M-099,small teats visible,gives birth 12.01.00,teats,-,none,,
in0209,1999-12-08,7:41,A-057,"wounds, 5 puncture holes",HY,above hibs,2x2 each,none,,
in0210,1999-12-13,10:36,L-102,swollen penis,gives birth 11.04.00,penis,-,none,"was digging a hole, then LD",
in0211,1999-12-22,6:55,M-099,has teats,,teats,-,none,,
in0212,1999-12-26,8:07,M-098,"swollen penis, but teats still not visible",copulation ?,penis,-,none,,
in0213,2000-01-07,18:58,L-087,split pseudopenis,HY / copulation ? gives birth 14.06.00,"penis, half way down",2x2,L-087 constantly LK her penis,"L-040 next to her, behaving as if he wants to copulate, but she doesn't seem interested",
in0214,2000-01-09,7:20,M-098,swollen penis,copulation ?,penis,-,none,A-056 shadowing her,
in0215,2000-01-09,9:48,L-087,swollen penis,gives birth 14.06.00,penis,-,none,,
in0216,2000-01-11,7:00,N-087,swollen penis,,penis,-,none,,
in0217,2000-01-12,9:23,L-101,"swollen penis, teats visible",gives birth 23.03.00,penis,-,none,,
in0218,2000-02-10,8:44,L-102,large teats visible,gives birth 11.04.00,penis,-,none,,
in0219,2000-02-10,9:05,E-080,has teats,,teats,-,none,,
in0220,2000-02-10,9:08,S-041,open wounds,HY ?,"above tail root, both sides",10x8 each side,none,,
in0221,2000-02-10,9:08,E-080,"wounds, puncture holes",HY ?,around both ears,-,holds right ear down,,
in0222,2000-02-11,18:41,E-040,puncture hole,HY ?,"hib, right side",5x3,none,,
in0223,2000-02-11,18:41,E-006,"swollen penis, teats visible",gives birth 12.09.00,penis,-,none,,
in0224,2000-02-21,8:56,X-012,eye dull,,left eye,-,seems to be able to see with left eye,,
in0225,2000-02-21,17:40,M-047,"deep open wound, about 2 days old",HY ?,"bum, left side",6x2,none,,
in0226,2000-02-24,9:53,L-087,"slightly swollen penis, teats visible",gives birth 14.06.00,penis,-,none,,
in0227,2000-02-25,16:58,L-101,"large teats visible, penis does not seem to be split",gives birth 23.03.00,penis,-,none,,
in0228,2000-02-27,9:05,E-083,split penis,,penis,-,none,,
in0229,2000-02-28,7:03,A-114,?,,LHL,-,limping,,
in0230,2000-02-28,17:24,E-092,bold patches,mange ?,back,25x15,none,did not look like biting wounds from dominant sib E-091,
in0231,2000-02-28,18:28,M-082,"swollen, split penis",,penis,-,none,,
in0232,2000-02-29,8:04,A-118,"broken lip, piece hanging down",HY,left lower lip,"2x1, 1x1, 1x1 and 2x2 resp",none,,
in0233,2000-03-02,7:05,A-100,open wounds,HY ?,"between ears, tail root, right side",3x3 and 6x2 resp,holds ears in strange position,,
in0234,2000-03-03,10:50,L-112,cut,,above right eye,2x1,none,,
in0235,2000-03-06,9:20,M-007,swollen penis,gives birth 09.03.00,penis,-,none,,
in0236,2000-03-13,10:10,F-002,slightly swollen penis,,penis,-,none,,
in0237,2000-03-15,7:25,F-087,"cut or puncture hole, bold area around wound",HY ?,between hibs,"cut: 1x4, bold area: 20x25",none,"cut looked healed, mouth looked a bit damaged",
in0238,2000-03-19,8:05,L-010,split penis,,penis,-,none,,
in0239,2000-09-03,7:06,M-100,?,,RHL,-,"limping badly, not standing on the leg",,
in0240,2000-09-07,18:30,L-137,"limping, coughing",,RHL,-,"limping, moving very slowly",,
in0241,2000-09-12,17:35,E-083,split penis,,penis,-,none,,
in0242,2000-09-13,7:55,A-081,"big teats, seems to carry milk",,teats,-,none,,
in0243,2000-09-16,6:30,X-018,"foot missing, wound healed",snare,RHL,-,"limping badly, not standing on the leg","seems totally healed, foot was probably cut off long time ago",
in0244,2000-09-24,18:00,L-088,"cut, fresh",,"left foot, just above balls of foot",-,limping,,
in0245,2000-10-07,17:32,E-094,puncture hole,hy?,le si of tail root,2x2,-,,
in0246,2000-10-21,18:00,M-137,"breathing in strange way, like bronchitis",disease,lung ?,-,"röchelt, like bronchitis",,
in0247,2000-10-24,18:45,A-081,?,,RHL,-,"limping badly, not standing on the leg",,
in0248,2000-10-29,8:51,A-054,"wound/quite deep hole, not very fresh",,LHL,20,-,,
in0249,2000-11-24,8:33,A-116,2 puncture holes each,hy?,"left shoulder, behind ri ear and between ears, back",2x2 each,"wa slowly, looks depressed",,
in0250,2000-11-24,9:30,A-051,limping,,LHL,-,limping badly,,
in0251,2000-12-04,17:45,L-106,puncture hole,hy,between ears,3x3,-,,
in0252,2000-12-04,17:48,L-106,puncture hole,hy,bh le ear,2x2,-,,
in0253,2000-12-04,17:50,L-135,puncture hole,hy,back,2x3,-,,
in0254,2000-12-05,8:00,M-046,fresh open wound,hy,"bum, left side",3x5,-,,
in0255,2001-07-11,7:05,L-010,swollen penis,"copulation, parturition",penis,-,none,,
in0256,2001-07-14,16:52,L-112,split penis,"copulation, parturition",penis,-,none,,
in0257,2001-08-02,7:05,L-105,3 open wounds,?,"le hip, le upper HL, right hip","le upper hl 3x3, le hip: 2x1, ri hip: 1x4",-,"wounds on left side about 15cm apart, thus prob not caused by LI paw",
in0258,2001-08-02,7:15,L-105,split penis,"copulation, parturition",,,,,
in0259,2001-08-05,17:32,M-088,"piece of skin and flesh cut off, piece still hanging",?,upper part of nose,3x5 cm,-,,
in0260,2001-08-08,17:25,L-096,very swollen penis,"copulation, parturition",penis,-,-,,
in0261,2001-08-09,9:00,L-142,wounds on LFL,?,"LFL, above heel",3 time 1x1,limping with LFL,,
in0262,2001-08-11,17:51,M-047,open wound on LHL,,"LHL, below tailtip",4x5 cm,-,,
in0263,2001-08-12,7:37,E-040,open wound,e-006 bi him hardly,"right side, close to hip","2x4, 1x1",lk the wound,"after he ap and bi e-006, she ch him and bi him hard",
in0264,2001-08-12,7:51,E-004,"running, swollen eye",?,left eye,-,"eye running, swollen, cut below eye",,
in0265,2001-08-13,17:33,E-083,"lower left canine broken out completely, tooth still hanging out of mouth",eq?,mouth,-,no obvious consequences,maybe an eq hit her lower jaw,
in0266,2001-08-13,18:46,E-083,split penis,"copulation, parturition",penis,whole length,-,,
in0267,2001-08-22,18:14,L-160,swollen cheek and neck,"disease, Streptococcus",left part of head,,?,"she didn't open the mouth, we don't know whether she can suckle",
in0268,2001-08-23,8:07,E-001,split penis,"copulation, parturition",penis,whole length,-,,
in0269,2001-08-24,18:45,L-114,swollen penis,"copulation, parturition",penis,-,none,,
in0270,2001-08-25,18:17,A-093,limping on LHL,?,LHL,-,does't touch the floor wirh LHL,,
in0271,2001-09-01,17:00,L-160,open wound,"disease, Streptococcus",lower part of neck,15x12cm,-,l-154 grooms wound 18:00,
in0272,2001-09-24,8:10,A-100,limping,?,lhl,,"limping butnot too badly, puts weight on leg when wa",,
in0273,2001-09-28,6:50,L-131,"several small wounds around ears and wound on lhl, about 2 days old",prob other hy,"both ears, more holes on right ear, and lhl","puncture hole sizes, on leg 3 x 3cm",-,,
in0274,2001-10-08,8:09,L-141,limping with LFL,,LFL,,still limping,,
in0275,2001-10-08,9:13,L-105,"big hole on right shoulder, only a few days old",prob wi,right shoulder,2x2,-,,
in0276,2001-10-27,6:30,N-089,swollen foot,?,RFL,,"limping badly, not standing on leg when wa",,
in0277,2001-11-02,9:38,M-098,swollen penis,"copulation, parturition",penis,,,,
in0278,2001-11-22,7:20,L-114,slightly split penis,"copulation, parturition",penis,,,"no cubs seen, but must have given birth",
in0279,2002-04-08,7:12,L-040,big open wound on bum,,le side of bum,8cm,-,,
in0280,2002-04-09,6:55,N-042,limping with RHL,,RHL,-,"limping quite badly, usually not standing on the leg",,
in0281,2002-04-14,6:27,M-006,limping with RHL,,,,,,
in0282,2002-04-17,6:34,M-098,"limping badly, swollen foot, open wound (hole) on LHL",,LHL,,limping badly,,
in0283,2002-04-17,8:50,M-169,open wound,,left foot,2x2,limping,,
in0284,2002-04-17,17:44,M-149,"superficial wound, not bleeding",,above left hip,2x3,-,,
in0285,2002-04-17,18:32,M-147,"open wound, fresh",,between ri eye and ri ear,3x6,-,,
in0286,2002-04-23,6:25,M-097,"snare wound, healed, trachea with hole",snare,around neck,,"seems to cope well with wound, cannot whoop though",see pictures,
in0287,2002-05-06,8:31,L-124,puncture hole,?,above shoulder,2x2,-,,
in0288,2002-05-07,7:02,L-146,"superficial wound, not bleeding",?,above shoulder,3x3,-,,
in0289,2002-05-07,7:50,L-135,"superficial wound, fresh",?,"above hip, left side",4x4,-,,
in0290,2002-05-07,17:30,L-122,open wound,?,ri side hip,4x6,-,,
in0291,2002-05-14,6:42,M-006,limping with RFL,,RFL,,"limping badly, not standing on leg when wa",,
in0292,2002-05-15,9:04,L-124,"right eye swollen, almost closed",?,right eye,,,,
in0293,2002-05-17,7:38,M-046,limping with RHL,,RHL,,limping quite badly,,
in0294,2002-05-17,8:13,L-124,"le si neck very swollen, puncture holes",?,swelling: le si neck; 1 punct hole each on both sides of neck,puncture holes: 2x2,holding head to le side,,
in0295,2002-05-17,17:00,L-148,open wound in hollow of left knee,?,hollow of left knee,2x4,-,,
in0296,2002-05-18,8:50,L-135,open wound on back,?,back,3x3,-,,
in0297,2002-05-18,9:00,L-153,lower lid of right eye swollen,?,right eye,-,"discharge in right eye, keeps eye closed",,
in0298,2002-05-25,18:08,M-182,open wound on le side below neck,from M-006 carrying her from Masala to Moram den,le side below neck,2x2,-,,
in0299,2002-05-25,18:15,M-099,slightly swollen between right eye and ri side of muzzle,?,between ri eye and ri side of muzzle,-,-,,
in0300,2002-05-30,18:50,F-004,limping with RHL,,RHL,,"limping quite badly, usually not standing on the leg",,
in0301,2002-06-15,17:59,A-048,"ri ear ""broken""",prob hy,ri ear,-,-,,
in0302,2002-06-16,8:00,M-040,fresh open wound,,rfl,3x6,limping badly with rfl,,
in0303,2002-06-26,17:41,S-089,fresh open wound,,RHL + RFL,"5x6 (RHL), 1x2 (RFL)",,,
in0304,2002-07-08,7:20,M-140,swollen penis,,,,,,
in0305,2002-07-09,8:51,L-014,swollen throat,"disease, Streptococcus",throat,-,-,,
,2002-09-16,,L-014,"swollen head, asymmetric, according to Harald Wiik lethargic, not seen again after this date","disease, Streptococcus",,,,,HW
in0306,2002-09-25,,M-047,"swollen lymph nodes behind ears, below neck, died during anaesthesia","disease, Streptococcus",throat,,,,RF
in0307,2002-10-15,,L-008,"swollen head, asymmetric, right side more than left one","disease, Streptococcus",,,,,DT
,2002-10-16,,L-004,2 big local swellings below neck,"disease, Streptococcus",,,,,DT
,2002-10-16,,L-011,"abscess/swelling at/below mandibular angle, surplus skin below neck","disease, Streptococcus",,,,,DT
,2002-10-16,,F-045,1 big local swelling below neck,"disease, Streptococcus",,,,,DT
,2002-10-16,,A-016,"surplus skin below neck? Thin, might be recovering from disease","disease, Streptococcus",,,,,DT
in0308,2002-11-05,,M-088,"very swollen head, particularly on right side","disease, Streptococcus","head, below lower jaw",,cannot close mouth,,
in0309,2002-11-07,7:54,L-180,small hole on penis,?,penis,1x1,-,,
in0310,2002-11-07,10:31,L-004,"extended skin below lower jaw, filled with liquid (prob pass), is wabbling when she is walking","disease, Streptococcus",,,,,
in0311,2002-11-08,7:12,M-100,"very swollen head, particularly on left side","disease, Streptococcus","head, below lower jaw",,"is breathing noisily when eating from carcass, but does not seem to have particular problems eating",,
in0312,2002-11-08,9:30,M-005,"extended skin below lower jaw, filled with liquid (prob pass), is wabbling when head is moved","disease, Streptococcus",,,,,
in0313,2002-11-10,7:39,S-086,split penis,"copulation, parturition",penis,,-,,
in0314,2002-11-10,8:56,S-100,mange?,,ri side neck,6x8,-,,
,2002-11-12,7:24,M-100,"much less swollen head, seems almost completely recovered","disease, Streptococcus",,,,,
,2002-11-12,7:35,M-088,still surplus skin filled with liquid,"disease, Streptococcus",,,,,
in0315,2002-11-17,7:00,L-174,slightly swollen foot,?,left foot,-,limping,,
in0316,2002-11-17,8:46,L-155,open wounds on upper side of foot,?,"both feet, upper side",2x3 each,-,,
in0317,2002-11-26,17:06,M-169,"open wound on left body side, only a few days old",,left side of body,4x5,,no skin in an area of 10x15 around the open wound,
in0318,2002-12-10,17:40,L-151,open wound,?,"RHL, just below knee",2x2,-,,
in0319,2002-12-10,18:50,A-049,only stump of tail left,?,tail,-,-,,
in0320,2002-12-12,7:43,M-053,fresh open wound,HY,RHL/bum,4x4,-,piece of skin hanging down,
,2002-12-15,,M-149,"swelling below lower jaw, more on right side, moving slowly","disease, Streptococcus",,,"moving slowly, seems to have problems with balance, puts head down slowly",,OH + BW
in0321,2002-12-19,6:53,M-092,wound from a few days ago,hy,LHL,2x3,-,,
in0322,2002-12-29,9:34,L-111,limping with LHL,-,LHL,,limping quite badly,,
in0323,2002-12-30,9:33,E-102,punture hoie,hy?,right body side,2x2 cm,-,,
in0324,2002-12-31,17:20,M-152,split and swollen penis,"copulation, parturition",,,,,
,2003-01-13,,F-099,quite big swelling in front part of neck/below lower jaw,"disease, Streptococcus",,,moving slowly,,OH + BW
,2003-01-15,,E-001,"swollen front part of neck, not huge but clearly visible, not yet under neck or jaws","disease, Streptococcus",,,moving normally,,OH + BW
in0325,2003-01-28,17:25,N-045,swelling ,"disease, Streptococcus",below left ear,5x5,-,,
in0326,2003-02-01,18:20,N-113,open wound,?,back,10x6,-,,
in0327,2003-02-04,6:51,L-010,swollen eye,?,right eye,,eye not open,,
in0328,2003-02-05,6:47,L-010,"eye completely closed, cut through left edge of eye",?,right eye,cut 5cm,"eye closed, swollen",,
,2003-02-14,,L-171,"right side of neck slightly swollen, fluid dripping down from three open wounds, skin must have opened the same morning or the night before, eyes not fevery, moving almost normally, only a bit slowly, sometimes scratches around wound, wa to den and ld close to other cubs after being chased a bit","disease, Streptococcus",,,moving a bit slowly,,OH + BW
in0329,2003-03-06,9:25,E-003,limping badly with LHL,,LHL,-,"limping badly, not standing on leg",,
in0330,2003-03-25,7:34,L-045,3 big open wounds,,on hip and right hl,"hip: 4x4, hl: 4x6",-,,
in0331,2003-03-25,18:12,L-135,"2 open wounds, fresh",,"le side hip, le hl",both 2x2,-,,
in0332,2003-03-25,18:15,L-135,split penis,"copulation, parturition",front part of penis,2cm,-,,
in0333,2003-03-28,7:15,M-133,"fresh wound, still bleeding",there was a kill and li around,close to hip,2x2,-,,
in0334,2003-03-29,7:30,A-003,"fresh, deep cut, still bleeding",feeding at kill,le cheek,9cm,-,see picture,
in0335,2003-03-30,9:05,E-085,split penis and almost proper teats,"copulation, parturition",,,,,
in0336,2003-03-30,17:55,L-132,"open wound/cut, at most one day old",?,upper eye lid of right eye and lower back side of rhl,2x1 (eye lid) and 2x2 (rhl),"can still close eye, eye ball seems ok",,
in0337,2003-07-28,7:07,M-053,"large open wounds, fresh",hy?,ri si bum,"7x10, 2x2",,licking wound,
in0338,2003-07-30,8:29,A-127,tarsus swollen,,left tarsus,-,limping,,
in0339,2003-08-01,6:45,M-184,pale healed wound plus open wound,bitten by hy?,"front next to right ear healed wound, at ear base open wound","6x3 healed, 2x1 open wound",holding ear down,,
in0340,2003-08-01,7:38,E-089,fresh hole below axle of ri front leg,wi?,below ri front axle,3x3,-,,
in0341,2003-08-01,7:44,E-001,puncture hole,hy bite?,front,2x4,-,,
in0342,2003-08-10,18:55,E-108,limping,?,RHL,-,limping,,
in0343,2003-08-11,18:33,M-088,limping,?,RHL,-,limping quite badly,,
in0344,2003-08-23,7:06,L-108,2 puncture holes,?,right side bum,"1x2, 1x1",licking sometimes,,
in0345,2003-08-25,17:10,M-157,split and swollen penis,"copulation, parturition",,,,,
in0346,2003-08-30,7:36,L-088,open wound,?,below and behind right ear,5x5,-,-,
in0347,2003-09-03,7:15,M-006,two teeth hanging out of muzzle,prob broken out when hit by eq,teeth,-,,,
in0348,2003-09-03,8:10,M-157,"penis still open and seems bleeding, very fresh wound",,,,,,
in0349,2003-09-08,6:59,A-081,deep fresh cut on right eye browe,?,right eye brow,2x4,right eye completely closed,,
in0350,2003-09-12,17:32,M-147,"fresh wound, 2 cuts, bleeding",m-152 bi m-147,"bum, right and below of tail root",1x4 (both),licks wounds,,
in0351,2003-09-12,17:47,M-168,"fresh wounds, still bleeding",?,"inside lhl, on neck le side and behind ri ear","neck: 2x5, behind ear: 2x2, inside: curve 8x1",licks wounds,,
in0352,2003-09-12,18:04,M-099,2 quite fresh puncture holes,?,left of tail root,1x1 (both),-,,
in0353,2003-09-14,18:20,L-123,limping with lhl,?,lhl,-,limping,,
in0354,2003-09-15,6:37,A-056,cuts on lower part of lhl and foot balls,?,lhl,,limping badly,,
in0355,2003-09-20,6:30,M-193,"fresh open wounds, one deep up to bone",?,lhl,"3x3, 1x1",,,
in0356,2003-10-08,17:48,L-096,limping with lhl,?,lhl,swollen,limping,,
in0357,2003-10-10,7:36,L-146,"open wound, deep cut",?,1cm left of tail root,6x1,-,,
in0358,2003-10-14,8:40,F-096,split and swollen penis,,,,,,
in0359,2003-10-15,7:44,A-013,left side udder much larger than right side - swollen?,,udder left side,,,,
in0360,2003-10-18,7:49,L-112,discharge in right eye,?,right eye,,,,
in0361,2003-10-19,,A-084,"large open wounds on both sides of body, wounds around ears",prob li on 15th,,,"wa very slowly and with bent back, thin",,
in0362,2003-10-20,7:33,A-???,"right eye closed, puncture hole on front, fresh open wound at end of right edge of mouth",,"right eye, front",,"right eye closed, open wound with discharge",,
in0363,2003-10-29,6:44,L-114,"open wound, cut, pus coming out",,"left side, next to hip",1x15,licking wound,,
in0364,2003-11-07,7:58,A-056,limping with lfl,?,lfl,,not limping badly but visibly,,
in0365,2003-11-07,8:55,L-112,"big open wound between ears, puncture holes around ears and on rfl + lhl + inside rfl, swollen penis",most probablt airstrips at kill,"between and arond ears, on rfl + lhl, on inside of rfl, penis",,,,
in0366,2003-11-11,9:00,L-124,swollen right side of face,?,,,,,
in0367,2003-11-13,8:23,L-160,two fresh superficial wounds + swelling on right cheek,"disease, Streptococcus",,,,,
in0368,2003-11-14,18:35,L-101,deep open cuts on front,bone or hy?,left side of front,"triangle, sides 1x5",,,
in0369,2004-04-12,9:02,E-089,"large wounds on both sides of hib, almost healed",li?,both sides of hib,"2x7, 3x6",-,,
in0370,2004-04-13,18:12,L-141,split penis,copulation?,penis,-,-,,
in0371,2004-04-17,18:20,E-116,puncture holes around right ear,other hy,right ear,2x1 each,-,"strange since e-116 is beta female, now on coalition walk with e-006 + e-095",
in0372,2004-04-20,7:12,L-135,limping badly,?,rfl,-,limping badly,,
in0373,2004-04-24,18:20,M-100,split penis,birth,penis,7cm,,,
in0374,2004-05-14,17:55,L-102,swollen penis,birth,penis,,,,
in0375,2004-05-16,6:36,M-116,limping badly with lhl,?,lhl,,limping badly,,
in0376,2004-05-20,9:02,E-041,"swollen foot, open wound on knee",?,lhl,knee: 3x4,limping quite badly,,
in0377,2004-05-23,8:25,F-007,"rub marks on both sides, bloated",commuting,both sides of udder,,,,
in0378,2004-06-14,7:27,A-001,"puncture holes, fresh, limping and rub marks",hy and commuting,"around ears, ri side cheek, on front, below le eye, cut above le eye, and both sides udder",4x10 (rub marks),limping badly,,
,2004-06-21,,L-160,"swelling on right side at mandibular angle, not very large","disease, Streptococcus",,,,,OH + BW
in0379,2004-06-22,7:45,L-162,"deep open wounds, puncture holes",hy,"skin ripped off between le eye and ear, puncture holes around ri ear and lhl",ripped skin 8x4,"limping with lhl, holding ri ear down",,
in0380,2004-06-22,8:16,L-096,"open wound, fresh, piece of skin ripped off and hanging down",?,"chest, close to lfl",10x15,"limping slightly, licking it",,
in0381,2004-10-13,8:06,F-090,"fresh wound cheek, around le ear, both sides tail root, tail tip, part of tail lost",hy,"cheek, ears, tail root",,keeps le ear down,,
in0382,2004-10-13,10:18,L-164,limping badly,,lfl,-,"limping badly, not standing on lfl, still limping badly on 080105",,
in0383,2004-10-14,9:20,N-047,quite fresh open wound,hy,left side bum,3x8,-,,
in0384,2004-10-14,10:12,L-148,fresh open wound,hy?,"le side body, close to fl",3x3,-,,
in0385,2004-10-15,6:45,M-144,fresh puncture holes,hy?,lhl,"1x1, 2x2",-,,
in0386,2004-10-15,7:25,L-013,"fresh wounds around right ear, large wound between ears, open puncture holes rhl+lhl, still bleeding, wound around right teat",hy,"right ear, front, rhl, lhl, right udder next to teat",7x15 (front),"wa slowly, holding right ear down",,
in0387,2004-10-16,7:53,L-087,fresh open wound on front between ears,hy,front,4x4,-,,
in0388,2004-10-19,8:05,M-051,"wound, old above right eye",?,right eye,3x1,-,,
in0389,2004-10-20,18:09,L-114,"healed wounds around and between ears, on back and on rhl",hy,"front, between ears, back, lhl",,-,see digital pictures,
in0390,2004-10-25,7:20,M-100,pinkish scratch from above right eye to edge of mouth,?,face,15x0.5,-,,
in0391,2004-10-29,7:12,S-091,"wounds around ears, not fresh any more",hy,around both ears,,holding ears down,,
in0392,2004-11-15,18:00,M-152,"large open wound, not very fresh any more",,"front, above right eye",12x2,-,,
in0393,2004-11-19,8:50,A-087,cut above right nose hole,,nose,1x3,-,-,
in0394,2004-11-19,17:55,L-116,"swelling, abscess",disease,between front legs on chest,10x8cm,-,-,
in0395,2004-11-21,9:14,L-153,"swelling left side of face, also puncture hole below left eye, swelling could be from puncture hole",injury,left side of face,,-,-,
in0396,2004-11-28,7:53,L-015,fresh puncture hole,hy,back,2x2,lk from time to time,,
in0397,2004-12-05,6:58,L-102,open wound,,lhl,4x5,-,,
in0398,2004-12-14,7:35,N-117,"fresh cut rhl, limping with lfl",,"rhl, lfl",cut: 2x4,limping,,
in0399,2004-12-14,18:21,M-201,"right eye slightly swollen, with clear discharge",,right eye,,"none, does not seem to be a problem, flicking normally",,
in0400,2004-12-15,17:00,L-133,split penis and teats,"copulation, parturition",,,,,
in0401,2004-12-19,18:22,E-102,cut,?,left side belly,20cm,-,,
in0402,2004-12-20,19:02,E-090,limping,,rhl,,limping,,
in0403,2004-12-28,7:30,F-006,swelling of right mandibular angle,"disease, Streptococcus",right side mandibular angle,,,,
in0404,2004-12-28,7:30,F-006,rub mark,commuting,right side udder,3x7,,,
in0405,2004-12-29,8:53,F-006,swelling larger,"disease, Streptococcus",right side mandibular angle,,,,
in0406,2004-12-29,8:57,F-096,"open wound at anus, sometimes coughing",hy?,at anus,,licking ,,
in0407,2004-12-29,9:47,F-006,"fresh open wound inside right hl, around knee",fight with f-002?,rhl,3x3,,,
in0408,2004-12-30,7:16,A-008,limping,,rhl,,limping,,
in0409,2004-12-30,7:29,S-091,large warts on edges of mouth and on front,stress,,,,,
in0410,2004-12-30,9:43,F-048,limping badly,,lhl,,limping badly,,
in0411,2004-12-30,17:40,N-045,fresh open wound,hy,right of tail root,3x3,licks wound,,
in0412,2004-12-31,18:40,E-132,abscess,disease,below left mandibular angle,golf ball size,-,,
in0413,2005-01-01,6:32,E-132,"abscess, smaller, now with a hole where prob fluid drains",disease,below left mandibular angle,smaller than yesterday,-,,
in0414,2005-01-01,8:53,F-007,"rub marks on both sides of udder, f-007 bloated",commuting,both sides udder,5x8,"wa stretched out, avoiding rubbing on udder",,
in0415,2005-01-01,9:22,F-006,"rub mark on right side of udder, udder asymmetric, f-006 bloated",commuting,right side udder,3x7,,,
in0416,2005-01-07,7:46,F-006,"rub mark on right side of udder and inside of rhl, udder asymmetric, f-006 bloated",commuting,right side udder + inside rhl,3x8,,,
in0417,2005-01-09,6:55,E-090,open fresh wound left side of hip,,hip,4x1,,,
in0418,2005-01-14,18:16,L-146,open wound,,left of tail root,6x6cm,,,
in0419,2005-01-18,8:45,E-095,open fresh puncture holes,,"lhl, 4 puncture holes along outside of leg + 2 on inside + 1 on hip",3x3,limping badly,,
in0420,2005-01-24,7:10,M-104,puncture hole,bite,right eye lid,1x1cm,slightly swollen lid,,
in0421,2005-01-26,8:40,A-003,not very fresh open wound,,above right hip,5x6cm,,,
in0422,2005-01-26,8:45,A-001,fresh open wound,,above left hip,2x3cm,,,
in0423,2005-02-06,7:00,A-001,"fresh rub marks, very large, udder full of milk",commuting,"both sides udder and inside legs, larger on right side",15x8 on right side,wa with spread out legs,see pictures,
in0424,2005-02-08,9:25,F-002,right eye with milky area,,right eye,0.5x0.5,,,
in0425,2005-02-13,,A-080,"wound on tail-side of penis, wound next to pseudo scrotum, pseudo scrotum dislocated",,"penis, scrotum",,holding tail up,,
in0426,2005-02-15,17:39,A-087,"parallel scratches, puncture holes",lion,"scratch left hip, hole on back and right side of belly","scratches 4cm, holes 2x2","a bit afraid of us, quite some blood draining from back",,
in0427,2005-06-14,7:35,M-178,"split penis, fresh","copulation, parturition",,,,,
in0428,2005-06-19,14:05,E-087,limping,,lhl,-,limping badly,,
in0429,2005-06-24,8:45,A-148,fresh open wound lhl,hy,lhl,5x4,-,,
in0430,2005-06-24,18:45,M-221,"open wounds on three feet, on lhl foot pads seem chewed, on rfl wound aboveupper side of feet",hy?,feet of both hl and of rfl,2x4 on rfl,limping badly,"only came out of dh at 18:45, cw on some hair/skin, then small cubs and later also adults ap and m-221 gr and ye, cubs and adults put tu, sf around where m-221 was sitting, walking. At 18:58 m-221 starts limping towards river, prob to drink water.",
in0431,2005-06-29,7:10,A-139,"swollen neck, surplus skin below neck, seems already recovering","disease, Streptococcus",right side neck,-,-,,
in0432,2005-07-02,7:44,A-013,fresh open wounds on back,li?,"back, just in front of hip","3x3, 2x2",-,"still bleeding, maybe from kill adn encounter with li this morning",
in0433,2005-07-06,6:58,M-051,"healed wounds around ears, right ear with more notches",he,around ears,,-,,
in0434,2005-07-06,7:22,M-041,fresh wound on le bum,?,left side bum,2x4,-,,
in0435,2005-07-08,8:43,S-085,piece of skin hanging from bum,?,le side bum,3x4,-,,
in0436,2005-07-09,7:55,L-136,slightly swollen lymph node below left ear,disease,le side below ear,-,-,,
in0437,2005-07-11,7:30,E-085,split penis,"copulation, parturition",,,,,
in0438,2005-07-19,9:13,L-108,"abscess on left fl, open",?,lfl on thorn,2x2,-,,
in0439,2005-07-20,7:02,M-197,"open wound, cut",?,rhl,5x2,-,-,
in0440,2005-07-20,7:39,X-010,limping with rhl,?,rhl,-,limping not very badly,,
in0441,2005-08-01,7:25,A-102,open wounds,"x-017, l-108 + l-095","below left eye, around right ear",4x6,"licking, looks very disturbed","x-017, l-095 + l-108 bait and attack a-102 severely",
in0442,2005-08-01,9:20,A-185,"open wound, quite fresh",?,lhl,3x3,-,-,
in0443,2005-08-02,7:25,M-041,wounds around right ear,hy?,"right ear, upper part",,,,
in0444,2005-08-02,7:25,A-016,"wounds around ears, scratches and puncture holes",hy?,mainly left ear,1x1,holding left ear down,,
in0445,2005-08-07,7:38,L-222,quite fresh wound,hy,"bum, 3cm from scrotum",1x3,lk wound,,
in0446,2005-08-08,9:45,F-sad?,"lower law shifted, prob broken, pale patches on upper side of neck",?,"lower jaw, neck",,,,
in0447,2005-08-11,9:30,A-093,"piece of ear almost cut off, puncture hole on bum",hy,"right ear, right side bum",,,,
in0448,2005-08-11,18:20,A-192,several bold patches,mange?,"knee of rhl and lhl, ankle of rfl, elbow of lfl",3x3 - 6x6cm,-,,
in0449,2005-08-14,11:28,F-002,several open wounds,hy or drained swollen neck,"2 open wounds below chin, 2 between right eye and right ear, 2 behind right ear, 2 knee rfl","1x1 chin and behind eye, 2x2 behind ear, 3x3 and 4x4 rfl","limping with rfl, slightly swollen",,
in0450,2005-08-15,8:12,L-088,limping with rhl,hy,rhl,,,,
in0451,2005-08-15,17:51,M-206,fresh open wound on rhl next to scrotum and older wound on lfl,hy?,rhl next to scrotum + side of lfl 15cm above toes,3x3 + 2x3,,,
in0452,2005-08-26,6:50,M-097,limping quite badly with rhl,?,rhl,,,,
in0453,2005-08-28,17:35,L-180,swollen penis,"copulation, parturition",pseudopenis,,,,
in0454,2005-08-30,8:25,L-136,"discharge from left eye, swollen left eye",?,"left eye, lower lid",,,,
in0455,2005-08-31,10:10,T-013,"seems in rather bad condition, quite thin, some not very fresh wounds around left ear, penis swollen and split or wounded",disease,,,,,
in0456,2005-09-03,9:00,F-099,split penis,"copulation, parturition",,,,,
in0457,2005-09-05,8:26,L-171,"slightly swollen below right ear, on lowest point seems geschuerft, open, dark",disease,right side below ear,,,,
in0458,2005-09-06,8:30,L-116,"fresh open wound on tail root, piece of skin half bitten off",hy?,tail root,2x4,,,
in0459,2005-09-14,8:55,M-178,"split penis, seems fresh","copulation, parturition",pseudo penis,,,,
in0460,2005-09-15,6:38,E-102,split penis,"copulation, parturition",,,,,
in0461,2005-09-16,18:23,M-133,"quite fresh open wound, chunk of skin hanging loose",hy?,"right side bum, next to tail root",5x5,licking now and then,,
in0462,2006-01-20,18:25,M-178,"split penis, fresh","copulation, parturition",,,,,
in0463,2006-02-02,8:05,M-097,quite fresh wound on right thigh,other hy?,right thigh,4x4,,,
in0464,2006-02-02,18:46,L-156,"puncture holes, blood dropping",hy,udder and penis,1x1cm,"swollen penis, lots of licking",,
in0465,2006-02-05,17:50,L-262,swollen head,"disease, Streptococcus",right part ot the face,"5x5mm pinkish area on right jaw, not clear, whether hole or not","swollen side, right eye nearly closed, licks constantly bits of bones, L-102 or grass, scratches sometimes right side",,
in0466,2006-02-06,7:34,L-262,"still swollen right side of head, open wound below right eye and below right edge of muzzle, pus coming out of hole below muzzle","disease, Streptococcus",right part ot the face,,,,
in0467,2006-02-07,18:05,L-010,white spot in eye,?,left eye,8x8mm,-,,
in0468,2006-02-10,6:45,M-194,"wound/puncture hole, some blood came out, not very fresh, maybe one or two days",?,left side hip,1x1,-,,
in0469,2006-02-14,9:06,L-206,cub on right side of back above right leg,?,on right side of back above right leg,10cm,-,,
in0470,2006-02-14,18:48,L-262,still slightly swollen below right eye,"disease, Streptococcus",below left eye,,-,"seems doing well, playing a lot",
in0471,2006-02-16,18:20,L-262,"pus released from wound below left edge of muzzle, still slightly swollen below right eye","disease, Streptococcus",below left edge of muzzle,,-,,
in0472,2006-02-27,8:01,E-090,"open wound, only a few days old, still a little bit bleeding",hy,"bum, left side, 7cm from scrotum",4x2 (2x),-,,
in0473,2006-02-28,17:50,L-262,"wounds from swelling, still some pus released from hole below right edge of muzzle","disease, Streptococcus",below right eye and below right edge of muzzle,,,,
in0474,2006-03-07,6:55,E-124,split penis and proper teats,"copulation, parturition",,,,,
in0475,2006-03-18,8:35,L-141,4 fresh puncture holes on back,hy,back,puncture hole size,,,
in0476,2006-03-18,18:38,L-206,limping slightly with rfl,?,rfl,-,"limping, but not badly",,
in0477,2006-03-19,18:16,L-203,patch without outmost layer of skin,hy?,"right side body, almost at back",6x4,,,
in0478,2006-03-26,8:44,L-102,"open wound, large junk of skin of udder bitten off",hy,"udder, left side",15x5,,,
in0479,2006-03-26,9:26,M-139,"wound between ears, quite fresh",hy,between ears,6x3,,,
in0480,2006-03-30,6:45,M-212,3 scratches between pseudo testes and pseudo penis,?,between pseudo testes and pseudo penis,8cm,,,
in0481,2006-04-06,10:20,N-108,many fresh puncture holes on back,hy,back,,scratches back on floor a lot,,
in0482,2006-04-09,7:05,L-148,milky discharge in right eye,,right eye,,keeps eye half closed when resting,,
in0483,2006-04-12,18:05,E-080,coughing,disease,,,,,
in0484,2006-04-16,8:45,E-089,fresh open wound,L-205 bi piece of skin out of bum,left side bum, lk wound,bleeding,,
in0485,2006-04-19,17:25,L-180,split penis,"copulation, parturition",,,,,
in0486,2006-08-22,7:00,M-253,"left eye seems damaged, inside eye burrow",,left eye,,,,
in0487,2006-08-23,9:12,L-131,"fresh puncture hole on rhl, fresh wounds on both ears",hy,"rhl, around ears",,limping,"l-131 was beaten suddenly up by 3 other hy without obvious reason, scene filmed by national geo",
in0488,2006-08-23,9:45,M-116,fresh blood on right achselhoehle,,,,,,
in0489,2006-08-24,17:13,M-139,"fresh wounds around ears, left mandibular angle, fresh open wound on rhl",hy,"ears, lhl",punture whole,,,
in0490,2006-09-03,18:32,E-090,2 cuts,?,lfl,5x2 cm,-,,
in0491,2006-09-10,17:50,L-138,punture hole,injury,right lower jaw below eye,1x1 cm,little blood dripping,,
in0492,2006-09-11,17:30,M-082,very thin,disease,all,,apathic,all bones visible,
in0493,2006-09-17,8:00,E-006,split penis,"copulation, parturition",,,,,
in0494,2006-09-18,8:01,N-108,several fresh puncture holes on back,hy,back,,,prob her cub starving,
in0495,2006-09-18,8:05,N-044,"large open wound, quite fresh",?,rhl,8x20,slightly limping,,
in0496,2006-09-21,6:30,M-174,"puncture holes, not fresh",hy,"bum, around tail root",,,,
in0497,2006-09-24,8:20,F-104,"open wound below left mandibular angle, surplus skin hanging down","disease, Streptococcus",left side below manibular angle,,-,seems as if she had swelling and abscess burst,
in0498,2006-09-25,6:36,E-135,small wound on inner eye edge of left eye and pus around lid,?,left eye,,keeps eye closed,,
in0499,2006-09-28,7:46,S-091,many warts around muzzle,stress ?,,,,,
in0500,2006-09-29,9:10,A-198,"fresh puncture hole, wound on nose",?,"right shoulder, nose",1x1,licks puncture hole,,
in0501,2006-10-29,7:20,A-196,patch without hair above tail root,,above tail root,6x6,-,,
in0502,2006-10-30,9:44,M-041,swollen carpal joint of rfl,,rfl,,limping slightly,,
in0503,2007-02-20,9:02,L-275,fresh open wound on ri ear,,ri ear,,-,bleeding,
in0504,2007-02-26,10:00,S-093,quite fresh open wound,hy,tail root,4x5,-,-,
in0505,2007-03-02,8:40,M-009,has only 1 lower incisor left,ea,teeth,-,-,-,
in0506,2007-03-13,6:37,L-116,limping badly,hy?,rhl,-,limping badly,,
in0507,2007-03-13,18:40,E-090,fresh open puncture holes,wi?,"lhl/bum, maybe another wound on side as he is licking also side",puncture holes,licking holes,,
in0508,2007-03-17,9:33,L-245,"fresh, large open wound",,"front, left side between eye and ear",6x7,tries to keep flies away with forearm,,
in0509,2007-03-22,7:27,L-015,discharge in both eyes,?,both eyes,,,,
in0510,2007-03-22,7:30,L-171,"discharge in both eyes, limping with lhl, warts left of muzzle and around left eye",?,"both eyes, lhl",,,,
in0511,2007-03-23,9:40,M-224,fresh open wound,hy?,next to left auricle,3x3,,,
in0512,2007-03-28,6:38,N-089,limping with rfl,?,rfl,,limping quite badly,,
in0513,2007-03-28,10:08,L-084,"wound on pseudo scrotum, red but not very fresh, prob several days old",hy?,right pseudo scrotum,1x1,-,,
in0514,2007-04-09,7:29,L-102,"fresh open wound on back, still bleeding",li?,"back, above hip",5x1,limping moving slowly,,
in0515,2007-04-13,6:58,N-119,"open wound, 1 or 2 days old",hy?,"on back, above hip",3x1 and 1x1,n-119 lk wound,,
in0516,2007-04-13,7:35,X-025,"open wound, a few days old, skin missing",hy?,lhl,12x3,-,,
in0517,2007-04-14,7:08,E-101,split penis,"copulation, parturition",penis,8x3cm,-,,
in0518,2007-04-20,6:55,E-133,warts,stress ?,face,lots of small warts,-,,
in0519,2007-04-20,6:55,E-139,warts,stress ?,face,lots of small warts,-,,
in0520,2007-04-20,8:05,E-123,fresh open wound,hy bite?,lhl,6x4,licking it occasionally,,
in0521,2007-04-24,7:20,L-205,wound,bi?,le si of ne,3x7,-,,
in0522,2007-04-24,8:17,L-261,puncture hole,bi,lfl,3x2,licks wound,,
in0523,2007-04-25,7:46,N-117,several puncture holes,bi,back,all 2x2cm,-,,
in0524,2007-04-27,6:46,L-222,puncture holes,,left side of hip,1x1,-,,
in0525,2007-04-27,7:46,M-242,2 punture hole,bi,thigh of lhl,"2x2, 1x1",-,,
in0526,2007-05-03,6:52,A-186,fresh cut below left ear,,below left ear towards throat,15x1,-,,
in0527,2007-05-04,7:10,L-171,several warts,stress ?,"right side of nose, le side of face","3x1 nose, 1x1 and 1x2 face",-,,
in0528,2007-05-08,6:28,M-194,"deep cut above foot pad, outer side of foot",,rhl,4x2,limping badly,,
in0529,2007-05-08,7:10,E-090,limping with rhl,,rhl,,limping quite badly,,
in0530,2007-05-11,7:10,M-264,breathing loudly,prob was hit by zebra as entire muzzle/upper jaw and nose seem squashed,,,breathing loudly,,
in0531,2007-05-19,9:02,L-221,quite fresh open wound,,rhl,2x3,-,,
in0532,2007-05-23,7:20,M-242,"fresh open wound, still bleeding",wi?,right shoulder,3x3,limping,,
in0533,2007-05-24,7:43,E-158,swollen submandibular lymph node,disease,,,behaving normally,070531 swelling not visible any more,
in0534,2007-06-05,7:42,E-136,slightly swollen penis,"copulation, parturition",penis,,-,,
in0535,2007-06-07,7:07,L-196,punction hole,bite,"ri hib, tail root",both 3x4cm,-,,
in0536,2007-06-07,9:17,A-106,geschwuer,?,above anus,1x1x1,-,,
in0537,2007-06-10,7:00,L-126,"open wound, fresh",,rhl,7x3,-,,
in0538,2007-06-10,7:43,M-100,cut on lower lip,,,,-,,
in0539,2007-06-14,8:42,A-210,cut on lower lip,,,,-,,
in0540,2007-06-15,7:45,L-180,very swollen penis,birth?,,,-,,
in0541,2007-06-25,10:53,L-160,swelling with hole in centre,"disease, Streptococcus",right mandibular area,"swelling 15x10cm, hole 1x1cm",-,collected faeces,
in0542,2007-07-05,7:21,A-159,swollen knee,,rhl,10x10cm,limping,,
in0543,2007-11-18,10:13,A-195,split penis,"copulation, parturition",penis,4x3 cm,,,
in0544,2007-11-19,8:39,L-261,split penis,"copulation, parturition",tip of penis,2x2 cm,,,
in0545,2007-11-22,10:25,A-222,"swollen right submandibular angle, abscess prob already burst, extended skin visible","disease, Streptococcus",,,,,
in0546,2007-11-26,10:28,M-225,"slightly swollen submandibular lymph nodes, both sides",,,,,,
in0547,2007-11-27,10:52,M-098,swollen knop,,ri side of belly,tennisball size,-,,
in0548,2007-12-01,8:05,E-130,split penis,"copulation, parturition",,5x2 cm,,,
in0549,2007-12-03,7:02,M-260,limping,,rfl,,limping,,
in0550,2007-12-10,6:47,N-129,swollen left submandibular angle,"disease, Streptococcus",left lower jaw,,,pictures taken,
in0551,2007-12-14,7:20,M-256,"fresh wound/2 quite deep cuts, plus wounds on neck plus bum next to base of tail root",,"right foot, next to foot pads","5x1 (foot), 4x4 (neck), 2x2 (tail root",limping,,
in0552,2007-12-14,7:36,M-239,fresh wound/quite deep cut,,left foot,3x1,limping badly,,
in0553,2007-12-19,6:40,M-152,"fresh bleeding wound on lower lip, puncture hole on left + right thigh, bleeding",hy,"lower lip, both sides thigh",,limping with lhl,,
in0554,2007-12-19,6:40,M-238,fresh puncture holes both sides thigh + fresh wound inside left thigh,hy,"both sides thigh, both ears on back puncture holes",inside thigh: 2x3,,,
in0555,2007-12-19,7:38,M-006,fresh wound on tarsus,hy,right tarsus,,limping with rhl,,
in0556,2007-12-19,8:33,A-146,limping with lfl,,lfl,,limping,,
in0557,2007-12-19,9:40,L-187,"7 leeches, 3 on lhl, 3 on lfl, 1 on rhl",,,,-,,
in0558,2007-12-24,7:22,M-181,limping with lhl,,lhl,,limping,,
in0559,2008-01-01,8:16,L-304,puncture hole,bi of l-206,back,2x2 cm,-,"l-206 tried to kill cub, l-187 rescued it",
in0560,2008-01-01,10:00,L-306,"puncture hole, bold patch",bite,"le cheek, between ears","1x1 cm, 2x2 cm",-,,
in0561,2008-01-05,8:50,L-280,puncture hole,bite,above football lhl,2x3cm,-,,
in0562,2008-01-11,8:09,N-117,puncture hole,bite,"betwen hind legs, close to udder","2x2cm, 1x2 cm",-,,
in0563,2008-02-04,8:00,L-218,fresh puncture holes on both ears and rfl,lemala males,"both ears, rfl",1x1 several,-,l-218 badly bitten by males during baiting,
in0564,2008-02-06,9:00,A-164,fresh rub marks on both sides of udder,commuting,both sides of udder,8x3,-,,
in0565,2008-02-11,11:20,M-006,limping badly,,rhl,,limping badly,,
in0566,2008-02-12,7:47,F-097,rub mark + open wound,commuting + bite,ri si of udder + ri junction of leg,5x2 cm + 3x3 cm,-,,
in0567,2008-03-12,7:30,E-116,"limping with lhl, cut on right shoulder",,"lhl, right shoulder",shoulder: 4x2,limping quite badly,,
in0568,2008-03-12,9:14,L-275,"swelling on right side of head, wa around a lot towards resting place, ea vomit with bones, later cw on remains of bird, scratches on swelling regularly","disease, Streptococcus","right side, below cheek",see picture,,pictures taken,
in0569,2008-03-13,8:43,N-105,"wound on hip, swollen part on belly, close to tight udder",?,"hip, belly/udder","swelling about tennis ball size, wound 3x3",-,,
in0570,2008-03-15,10:06,M-239,swollen cheek,disease,right cheek,ping-pong ball size,-,prob not streptococcus as on cheek,
in0571,2008-03-19,11:02,M-204,"bite wounds on and around penis, almost healed, swelling and pale patch without skin on left underside of belly, relatively fresh wounds on back side of right ear, also seems to be limping with rhl",hy?,"penis, right ear, left underside of belly","wounds puncture hole size, swelling ping pong ball size",limping slightly with rhl,"l close to road culvert, goes into culvert again",
in0572,2008-03-20,10:40,A-139,"fresh open wound on lhl, piece of skin missing",,"lhl, thigh",2x4,,,
in0573,2008-03-26,7:20,M-097,"quite fresh wound on bum, skin bitten off",bi by adf?,left side bum,3x4,-,,
in0574,2008-03-26,7:30,A-122,"fresh cut below right eye, still bleeding, skin torn off",fighting at kill,below right eye,2x5,-,,
in0575,2008-04-06,7:04,E-090,puncture hole,hy bi,ri si bum,1x1cm,-,,
in0576,2008-04-06,7:24,M-239,swollen,disease,between le ear and mouth edge,3x3 cm,-,,
in0577,2008-04-10,9:44,M-242,wound,bi?,above ri si of hip and above lfl,"hip: 10 m, lfl 2x2cm",-,,
in0578,2008-04-10,10:10,M-100,missing canine,?,upper right canine,-,-,,
in0579,2008-04-11,7:15,M-098,"very swollen penis, slimy, bloody fluid dripping from penis",stillbirth?,penis,,wa slowly,,
in0580,2008-04-18,7:56,E-131,wound,?,lower ri eye lid,0.5x2cm,cleans/rub it with rfl,,
in0581,2008-04-27,7:37,N-133,puncture hole,bi,ri hip,2x3cm,limping with rhl,,
in0582,2008-04-27,7:42,E-046,puncture hole and limping with lfl,bi,ri hip and lfl,2x3cm,limping with lfl,,
in0583,2008-04-29,7:00,M-006,limping,,rhl,,limping quite badly with rhl,,
in0584,2008-05-07,6:30,M-147,limping quite badly with rhl,?,rhl,,limping quite badly,,
in0585,2008-05-15,12:16,E-090,"fresh open wound, piece of skin bitten off",bi,left si bum,7x6cm,-,,
in0586,2008-09-18,6:48,M-183,"3 puncture holes on front, below left eye",?,"front, below left eye",puncture holes,-,,
in0587,2008-09-18,6:48,L-131,"wound on hl, not very fresh",?,rhl,3x3,-,,
in0588,2008-09-19,7:55,M-250,split penis,"copulation, parturition",back side of penis,5cm,-,,
in0589,2008-09-20,7:59,M-225,"limping slightly with le fl, fresh wound on le shoulder, moving slowly, otherwise seems in good condition",?,left shoulder,1x1,,,
in0590,2008-10-01,8:50,M-275,coughing a lot,?,-,-,,,
in0591,2008-10-02,9:30,L-292,quite fresf wound on lhl,?,"lhl, backward",3x3,-,,
in0592,2008-10-12,7:05,L-246,fresh wouund,?,lf foot below thorn,1x1,limping,,
in0593,2008-10-20,7:51,L-127,hairless swelling,?,le si lower belly,10x20,liquid in swelling that moved when he is wa,,
in0594,2008-10-21,6:35,E-137,fresh open wound,?,"rfl, inside",10x5,-,,
in0595,2008-10-25,8:45,M-197,"lower lip cut, hanging down like with m-152 and m-158",cut from bone while ea at kill?,lower lip,,,,
in0596,2008-10-30,9:20,L-227,fresh open wound/cut on eye browe of left eye,hy?,just above left eye,1x5,-,,
in0597,2008-11-01,8:53,E-141,two fresh puncture holes in ear,prob l-123 and/or m-116 bit her in ear,,puncture holes,e-141 drags ear in dust,,
in0598,2008-11-03,10:20,M-262,"several quite fresh wounds on rhl, bum, and ears, rather thin",hy,"rhl, bum, around llft ear","puncture holes, 3x3 on bum","is not in very good condition, rather thin around hips",,
in0599,2008-11-05,7:26,E-127,"fresh open bleeding wound on LHL, limping badly",hy,LHL,,limping badly with lhl,"not seen well, went into river",
in0600,2008-11-05,8:06,L-191,"puncture hole in right ear, fresh, bleeding",hy,left ear,puncture hole,,,
in0601,2008-11-05,9:35,M-238,"open wound on left side of neck, fresh",?,left side of neck,4x5,,,
in0602,2008-11-10,9:20,L-225,"infected wound between fls, pus coming out of it",?,between fls,,,,
in0603,2008-11-12,6:39,M-091,"very deep, large, open, fresh wound on neck, large neck muscle sliced through deeply",li,upper part neck,30,,"only seen lying, is lifting head normally but seems to preferably lie on right side",
in0604,2008-11-25,8:47,S-105,fresh open wound,during hunt?,left shoulder,2x2,-,s-128 lk wound when they meet,
in0605,2008-11-29,8:20,N-109,fresh open wound,during hunt?,"on back, above hip",3x4,rolling several times back in grass/earth,,
in0606,2008-11-30,6:43,N-128,swelling,"disease, Streptococcus",base of le jaw,"diameter 10cm, height 3cm",- swelling gone by 081208,,
in0607,2009-03-31,6:45,E-150,limping with lfl,?,lfl,,limping,,
in0608,2009-04-05,6:24,M-234,warts,stress ?,several in front/face,,,,
in_20090525_0818_S-123,2009-05-25,8:18,S-123,"fresh wounds, deep pucture holes on hls, still bleeding",fight with hy?,"around both ears, on both hls",1x1,"lk wounds, mentally in rather bad condition, goes into long grass, on 090613 seen in s-terr in good shape",,
in0610,2009-05-25,9:19,L-153,"cut, dry, not very fresh",,le si of body side,8,,,
in0611,2009-05-26,9:35,A-192,"puncture wounds, not fresh",bites,"along le si of ne, bh ears","2 lines of 12 cm at ne with 0.5cm holes, 0.5 cm at ear",-,"wound at neck first looked like a snare wound or cut, but wound had several puncture holes in lines",
in0612,2009-05-28,9:58,L-126,wound,,le eye,,"eye swollen, nearly closed, some pus in eye",,
in0613,2009-05-29,10:15,M-206,puncture holes around ears,bi by munges,ears,,"r away, not seen what wounds were inflicted, but munges seen cw on his ears",,
in0614,2009-05-29,10:15,N-130,"swollen penis, fresh cuts and puncture holes, rhl one ball from foot gone",bites,genitals lh foot,"penis like 2 tennis balls, swollen tip and swollen start, open wound where foot ball was","limping, licking",,
in0615,2009-06-06,8:15,M-089,open wound,bites,rhl,7x5cm,"none, but limping with lhl",,
in0616,2009-06-10,8:25,N-087,puncture holes,lion paw,ri hip,2x2cm each hole,limping,,
in0617,2009-06-12,9:50,L-153,open wound,?,le side of body,7x5cm,-,,
in0618,2009-06-18,7:10,S-124,"wound, skin missing",,back,4x4cm,-,,
in0619,2009-06-23,6:40,N-165,2 open wounds,bites,rhl,2x3cm 6cm apart from each other,-,,
in0620,2009-06-27,8:35,E-088,fresh open wound on inside of rhl + on tail root,hy?,"rhl inside ""knee"", tail root",4x2 (tail root),limping,,
in0621,2009-06-27,10:39,N-047,limping with lhl,?,lhl,-,,,
in0622,2009-07-01,11:00,A-140,limping with rfl,?,rfl,-,limping,,
in0623,2009-07-04,8:57,M-104,fresh wounds around left ear,hy,left ear,"puncture holes, smal scratches",,,
in0624,2009-07-09,7:40,N-105,"rub marks, fresh",commuting?,right udder,4x3,-,"first time that we see ngoitokitok adf with rub marks, n-105 is f to b",
in0625,2009-07-12,10:19,M-116,limping with rhl,?,rhl,-,limping but not very badly,,
in0626,2009-07-19,7:04,L-267,several open wounds,bites,"both hind legs, inner and outer side","1x1 cm, 1x3cm several bites",slightly limping,,
in0627,2009-07-19,7:40,L-261,limping with rhl,?,rhl,-,limping quite badly,,
in0628,2009-07-19,10:39,L-132,largely split and swollen penis,"bite, birth",penis,5x5 cm,-,,
in0629,2009-07-28,9:20,M-239,"limping with lfl, fl just hanging down, fl seems very badly injured, prob broken",?,lfl,,"limping very badly, does not put weight on it even when ch by shambas","in s-terr, close to eq carc with many shambas and several munge intruders",
in0630,2009-07-29,8:15,M-269,"rather fresh bite wound, rhl, rear side of thigh",hy?,rhl,2x 2x4,-,,
in0631,2009-08-01,7:10,M-298,"open wound on rhl, piece of skin missing",?,"rhl, upper side foot",3x3,-,,
in0632,2009-08-04,9:08,M-239,"fresh wound above et shoulder, prob deep puncture hole",li?,above left shoulder,,,"l next to road, not moving, seems ery tyred, couldhave been a kill of early morning/night with pro many shambas and lions, lions about 300m away",
in0633,2009-08-05,6:51,L-285,"right ear half bitten off, fresh",hy,right ear,,seems quite depressed,,
in0634,2009-08-06,7:07,E-152,"cut above left eye, a few days old",,left eye,4x1,-,,
in0635,2009-08-08,6:41,A-093,swollen right submandibular lymph ode,disease,right side head,,,nothing obvious any more on 090816,
in0636,2009-08-08,6:52,M-243,"swollen left side of head, not very large but visible","disease, Streptococcus","left side, submandibular lymph node and muzzle",,,nothing obvious any more on 090816,
in0637,2009-08-08,8:16,L-303,"limping badly with lhl, swollen foot",,lhl,,,,
in0638,2009-08-09,6:49,M-264,"open wound lhl, limping rhl",bites,"lhl, rhl","lhl 6x5cm, rhl nothing visible",limping with rhl,,
in0639,2009-08-16,7:22,E-090,"foot slightly swollen, bitten badly, fresh wound above toe, toes seem dislocated",HY,foot rhl,,limping quite badly,,
in0640,2009-08-18,7:25,M-122,many several small fresh wounds in face,fight with other clan members? or simply from kill?,"in face, front",1x1,-,,
in0641,2009-08-18,7:25,M-242,many several small fresh wounds in face,fight with other clan members? or simply from kill?,"in face, front",1x1,-,,
in0642,2009-08-18,7:37,M-243,many several small fresh wounds in face,fight with other clan members? or simply from kill?,"in face, front",1x1,-,,
in0643,2009-08-19,7:50,L-273,quite fresh open wound on rhl/bum,hy?,"rhl, close to tail root and pseudoscrotum",2x4,-,,
in0644,2009-08-20,10:20,M-260,"fresh wounds on nose, right side neck, bum",hy,,,,,
in0645,2009-08-21,7:27,M-277,outer foot ball swollen,hy,foot rhl,,limping,,
in0646,2009-08-21,9:20,L-246,"cut, swollen with pus",?,"left eye, lower lid",2cm,swollen,,
in0647,2009-08-24,6:57,M-279,"several patches of skin missing, not very fresh, dry",hy,"front, both fls around ellbow, lhl",2x2 (front) and 3x3 (legs),-,prob from fights during coup,
in0648,2009-08-24,9:00,M-264,warts,stress ?,"around muzzle, right side",,,must have developed only recently,
in0649,2009-08-25,7:11,M-295,"deep cut, fresh on rhl, rhl swollen, broken?",hy,rhl,3x5,"limping badly, does not stand on foot, leg seems broken",,
in0650,2009-08-29,6:27,M-296,"wound above ankle of rhl, limping quite badly",hy,"rh, above ankle",,"limping quite badly, but can stand on leg",,
in0651,2009-12-31,16:30,M-296,"2 fresh open wounds, punture holes",bites,lfl,1x1cm each,-,,
in0652,2010-01-02,8:22,M-089,open wound,bite,rhl,7x7,-,,
in0653,2010-01-09,8:26,E-094,quite fresh open wounds,bite,"right side belly, left foot",2x2,limping with lhl,,
in0654,2010-01-09,8:26,A-093,quite fresh puncture holes,bite,"hip right side 5, left side 4 puncture holes",1x1,-,,
in0655,2010-01-09,8:26,N-047,quite fresh puncture holes,,left + right side bum 3 puncture holes each,1x1,-,,
in0656,2010-01-09,8:41,M-225,"left teat tip wounded, bitten off",,left teat,,does not want cub to su from teat,,
in0657,2010-01-09,8:42,M-122,both sides hl fresh puncture holes,males baiting her this morning,,1x1,,,
in0658,2010-01-09,8:42,M-207,"puncture hole, not very fresh",,"1 right of tail root, 2 kniekehle, 1 lhl",,,,
in0659,2010-01-09,8:42,M-300,quite fresh puncture hole,,1 on lfl,,,,
in0660,2010-01-23,6:30,E-182,dislodged left hl,,lhl,,"walking strangely, but is able to stand on leg",,
in0661,2010-01-24,7:08,F-007,"rub marks, quite fresh",commuting,right side udder,5x5,seems to be wa normally,,
in0662,2010-01-31,9:29,E-006,red mark on back side of left udder,,"left udder, back side",2x10,-,,
in0663,2010-02-03,8:08,E-192,"wp 3x when wa around, still thin and coughing",disease,,,,,
in0664,2010-02-06,10:00,L-259,bite wound several days old,hy,"inside rhl, next to scrotum",4x1,-,,
in0665,2010-02-08,7:05,E-192,"coughing a lot after E-006 gu and le. E-006 back with 3/4 of WI calf, E-191 + E-192 ea",disease,,,,,
in0666,2010-02-08,7:07,M-243,"several puncture holes, limping",baiting,"puncture holes lhl, rhl, left + right ear, limping with lfl",puncture hole size,limping with lfl,,
in0667,2010-02-08,7:35,E-188,many warts,stress,face,rather small,-,,
in0668,2010-02-08,9:03,L-290,open wound left side neck,hy?,left side neck,5x4,-,"Paulo (ranger) saw ""subadult"" hyena he thinks was an intruder as chased by others with severe, fresh injury on neck and side on 100128 at three bridges close to ngoitokitok swamp, could be l-290 who intruded?",
in0669,2010-02-09,7:40,L-331,open wound,bite?,r shoulder,5x4 cm,-,,
in0670,2010-02-14,8:54,L-171,open wound,?,rfl,7x2cm,-,,
in0671,2010-02-14,9:50,S-140,open wound,?,r shoulde,"8x7cm, robably deep, fur missing around wound","moves only slowly, rather thin",,
in0672,2010-02-15,7:30,E-192,"fevery, coughing, small open wounds/scratches around left eye, behind left ear",disease,,,,"seems in worse condition than a few days ago, fevery eyes, coughing, comes out of dh + wa only 2m, ld. Face licked by e-171; 08:02 e-192 gu and wa, wp 1a, 5s, all ad gu + lo to it, all le den area and wa to puddle 120m away. E-116 shortly tries to play with e-192, but e-192 rather lethargic; 08:34 e-192 gu, wa 150m to other puddle, e-116 gu and fo, 08:36 e-144 also gu and fo, all 3 wa to puddle. Later e-192 releases discharge from nose which I collect",
in0673,2010-02-16,6:55,E-192,"fevery, coughing, small open wounds/scratches around left eye, behind left ear, small wound on right side hip, belly seems full, but cub nevertheless seems weak and rather thin around hip",disease,,,"moves slowly, coughing, thin, seems weak, does not react quickly to stimuli, lethargic","seems in worse condition than a few days ago, fevery eyes, coughing, comes out of dh + wa only 2m, ld. face licked by e-171, later lk intensively by e-116",
in0674,2010-02-20,9:10,A-195,limping,?,rfl,,"limping, can stand on foot",,
in0675,2010-02-20,10:25,E-192,"swollen foot, still fevery, coughing, lethargic, fluid released from wound around eyes and behind left ear",disease,rfl,,"limping, can stand on foot","vanished into dh at 10:31, only came out for short period and wa only 2m",
in0676,2010-02-21,10:22,E-192,"swollen foot, less fevery and lethargic than the day before, wounds around eyes and behind left ear seem dry, su and wa around, also wp",disease,rfl,,,"looks better today, full stomach, su, wounds around eye + behind ear less sobering, eyes more open, ears in normal position, not coughing, 10:35 wp 4s, 1t and E-006 + E-116 immediately gu and wa to E-192",
in0677,2010-03-06,8:30,S-138,split penis,copulation? sadf,penis,8cm,split also on le side of penis,,
in0678,2010-03-13,9:35,E-088,"open wounds around right teat + left hind foot, puncture holes on left shoulder",hy,"around left teat, left hind foot, left shoulder",,,,
in0679,2010-03-19,8:41,L-299,wounds,bites,both ears,many puncture holes,-,,
in0680,2010-04-03,7:04,L-368,rhl cut/foot missing,hy?,rhl,,limping,,
in0681,2010-04-03,8:10,L-206,right teat of l-206 bleeding slightly,cubs fighting for teat,right teat,,l-206 lets cubs only su on left teat,,
in0682,2010-04-06,6:40,M-291,warts on muzzle + at base of ear,stress,"muzzle, base of ear",,,,
in0683,2010-04-07,,L-364 or 365,right eye swollen + discharge,,rith eye,,,,
in0684,2010-04-13,7:45,A-267,"right eye slightly swollen, discharge",,rith eye,,"keeps eye mostly closed, but can open it if needed",,
in0685,2010-05-01,9:15,F-107,"rub marks, not very large and not very red but fresh",communting,right side udder,3x3,-,,
in0686,2010-05-09,8:06,M-291,warts,stress,"around both eyes, muzzle and base of boh ears",5x5mm each,-,,
in0687,2010-05-11,7:11,M-242,"fresh open wound next to tail root, piece of skin bitten out",males?,"bum, next to tail root",3x3,-,,
in0688,2010-05-20,8:00,L-133,"part of foot pad on lhl bitten off, fresh, still open",hy,"foot, lhl",2x2,-,,
in0689,2010-10-10,7:10,L-320,swollen lymph nodes,,both ends of lower jaw,5x5cm,-,not typical for strepto since swellings on both sides,
in0690,2010-10-14,8:48,L-338,"rhl broken at knee, open fracture, bone visible, puncture holes, other hl prob also broken",hy?,puncture holes lhl inside + ri side belly + rhl around knee,,"tried to gu but failed, when 2 yadm li ap gu and wa on fls, cannot use either hl","must be quite fresh, at most one or a couple of days old, fluid dripping from puncture holes",
in0691,2010-10-19,7:14,E-185,"two fresh wounds, pieces of skin on right side of shoulder and neck missing",,"right side shoulder, right side neck","5x5, 3x3",,,
in0692,2010-10-21,6:37,M-294,"with about 20 little warts around muzzle, eyes and on front",,"muzzle, around eyes, on front",,,,
in0693,2010-10-21,7:00,L-171,open fresh wounds/cuts,hy bites,both hibs,"le si 7cm cut, skin hanging, ri si 10cm cut, skin hanging ",none,,
in0694,2010-10-23,8:14,L-290,wounds on head,hy bites,both ears and neck on both sides,several puncture holes 2x2cm,none,,
in0695,2010-10-23,8:30,L-355,open wound,hy bites,lfl,3x3cm,none,,
in0696,2010-10-24,8:05,N-140,"with about 20 little warts around muzzle, eyes and on front",stress,,,,,
in0697,2010-10-27,7:18,N-105,has yellowish nasal discharge from left nostril,,,,,,
in0698,2010-11-01,6:33,L-160,swollen side of neck,"disease, Streptococcus",left lower part of neck,8x8cm,none,,
in0699,2010-11-07,6:35,E-159,"with about 20 little warts around muzzle, eyes and on front",stress,,,,,
in0700,2010-11-08,7:20,N-171,"coughing, seems lethargic",disease,,,,,
in0701,2010-11-19,8:55,L-316,"blood between ears, limping lhl",hy,"head, between ears, lhl","some pink spots, but no real puncture holes",limping,,
in0702,2010-11-20,9:12,S-091,no warts seen any more,stress,,,,,
in0703,2010-11-23,7:30,A-287,"left eye sobering, swollen",,left eye,,keeps eye half closed,,
in0704,2010-11-27,7:37,A-286,white-yellowish discharge around left eye,,left eye,,keeps eye slightly closed,,
in0705,2010-11-27,8:15,A-145,fresh open wound inside rhl + on right ear,hy,"rhl inside, right ear",6x2 on rhl,wa with 'gespreizten' legs,,
in0706,2010-12-07,8:08,M-181,limping with lhl,?,lhl,,,,
in0707,2010-12-08,9:37,L-128,swollen left hind foot,,"lhl, foot",,"limping badly, not standing on leg",,
in0708,2010-12-12,16:30,M-181,limp,,hind legs or pelvis,,limps a lot,,
in0709,2010-12-18,10:25,N-109,"wound on back, several days old",,back,5x6,-,,
in0710,2010-12-22,8:20,N-191,only stump of tail left and limping badly with lhl,hy?,"lhl, tail",,"limping badly, not standing on leg",,
in0711,2010-12-24,8:18,N-140,warts around muzzle and left eye plus left eye releasing fluid,stress?,around muzzle + left eye,,,,
in0712,2010-12-29,6:50,A-122,fresh open wounds on bum and back,hy,right side bum plus right side back,"2x5 (bum), 4x4 back",-,,
in0713,2011-01-12,7:40,L-257,quite fresh wounds around bothn ears plus new quite fresh ear notch,hy,around both ears,"puncture hole size, pink color (hairless patches) around holes",-,,
in0714,2011-01-24,7:40,M-236,limping badly with lhl,?,lhl,-,"limping badly, not standing on leg",,
in0715,2011-01-24,9:08,S-093,fresh open cut below left eye and fresh open wound on left side hip,?,"left eye, eye lid and left side hip","cut: 3cm, wound hip: 2x3",,,
in0716,2011-01-29,6:45,M-230,"open wound, puncture holes, fresh",hy,right side hip,3x puncture hole size,licks wounds,,
in0717,2011-01-29,7:25,N-153,"open wound, skin bitten off, bleeding, right side hip",?,right side hip,4x4,,,
in0718,2011-01-31,7:09,N-108,big open wound,horn?,left side back,"possibly several holes, injured zone about 20cm","did not the others for a kill, stayed on ist own",,
in0719,2011-02-01,7:15,L-376,"limping quite badly, ankle of rfl swollen",?,rfl,,"limping quite badly, almost not standing on fl",,
in0720,2011-02-02,9:40,L-293,"piece of skin of testicles missing, quite fresh, prob a few days ago",hy,"testicles, outside towards tail",2x2,-,,
in0721,2011-02-09,7:08,L-127,"deep open/bleeding wound on left side upper lip+ limping badly (injury on right hind leg maybe something on paw, but not visible wound) ",,lip + hind leg,3cm,licks paw on right hind leg,"was resting with n-133, n-144, s-085, t-099 but WA to rest on ist own next to big corongo (next to river)",
in0722,2011-02-19,8:06,E-159,"a lot of warts in face and around muzzle, had warts before, see ID pictures",stress,,,now prob new immigrant in munge clan,,
in0723,2011-02-19,17:00,E-006,about eight large warts in face,stress,,,,,
in0724,2011-02-20,8:13,E-083,"about 10 warts, most large, on ears and in face",stress,,,,,
in0725,2011-02-22,8:55,L-292,"fresh puncture holes around left ear and on left hip, still bleeding",hy,"around left ear, left side hip",,holding ear down,,
in0726,2011-02-26,8:35,M-122,fresh open wound on shoulder,?,left shoulder,3x5,limping with left fl,,
in0727,2011-03-02,7:20,M-240,"keeps jaws/mouth open, maybe lower jaw broken",kick by eq?,lower jaw,,keeps jaws/mouth open,,
in0728,2011-03-05,7:02,L-225,fresh open bleeding wound on ellbow of right fl,,,2x3,limping,,
in0729,2011-03-08,7:40,L-388,"right eye rot unterlaufen, releases fluid",?,right eye,,keeps eye half closed,,
in0730,2011-03-08,7:55,L-377,2 quite fresh scratches on chest between front legs,?,chest between front legs,4x1,-,see picture,
in0731,2011-03-09,7:35,L-384,fluid/pus releasing from right eye,eye infection,right eye,,,,
in0732,2011-03-14,7:28,A-123,fresh open wound on hip,hy,right side hip/bum,4x4,-,,
in0733,2011-03-17,9:50,L-383,has yellowish ocular discharge from both eyes,?,both eyes,,-,some crust around eyes,
in0734,2011-03-17,9:50,L-384,has yellowish ocular discharge from both eyes,?,both eyes,,-,some crust around eyes,
in0735,2011-03-17,9:50,L-389,has yellowish ocular discharge from both eyes,?,both eyes,,-,some crust around eyes,
in0736,2011-07-20,8:55,N-102,quite fresh open wound on front,?,front,6,,,
in0737,2011-07-22,8:52,M-194,"fresh wound on back, close to right side hip, just inflicted by n-128 and/or n-125",,"back, close to right side of hip",1x1 (puncture hole),licks it,,
in0738,2011-07-23,6:54,X-025,limping badly,?,rhl,,does not stand on leg,,
in0739,2011-07-23,6:54,N-134,"several puncture holes on and around ears, from 1 or 2 days ago",hy,on + around both ears,1x1 (puncture holes),-,,
in0740,2011-07-24,7:54,L-102,"ears and skin between ears badly injured, quite fresh",hy,ears + between ears,1x1 (puncture holes),,,
in0741,2011-07-26,7:05,L-102,deep open wounds at the base of both ears,hy,ears,,,intrusion in Ngoitokitok,
in0742,2011-07-29,10:25,M-239,"limping badly with lfl, left ellbow swollen",?,lfl,swollen,limping badly,,
in0743,2011-07-30,7:10,E-142,"limping badly with lhl, leg could be broken, wound visible inside leg",?,lhl,2x2,"limping badly, knee or leg looks broken",,
in0744,2011-08-03,7:07,L-298,quite fresh open wound on left side bum,hy?,left side bum,3x3,licks it at 14:20,"there is already some crust around the wound, suggesting that it is several days ol",
in0745,2011-08-05,8:12,L-316,"quite fresh open wound on right side bum, maybe 1 day old",hy?,right side bum,3x3,,,
in0746,2011-08-09,8:33,S-101,"old, healed wounds above right shoulder, on right hip and left ellbow",?,right side shoulder + hip + left ellbow,4x4,,,
in0747,2011-08-18,8:30,E-103,limping badly with lfl,?,lfl,-,"limping badly, not standing on leg",,
in0748,2011-08-23,7:20,L-386,quite fresh open wound on lfl,?,"lfl, below shoulder",3x4,,,
in0749,2011-08-27,9:25,L-377,coughing a lot,disease,-,-,coughing,,
in0750,2011-09-06,10:10,L-394,limping with rhl,?,rhl,-,limping quite badly,,
in0751,2011-09-12,9:34,L-243,"fresh open wound on lfl, front",?,"lfl, front",3x3,-,,
in0752,2011-09-18,6:28,M-278,limping with rfl,,rfl,,limping quite badly,-,
in0753,2011-09-18,6:50,L-255,"open wound/puncture holes, a bit swollen",,rhl,2 holes of 2x2,-,-,
in0754,2011-09-25,9:13,L-308,bloody wound on left side of neck + possible crust (or tick),is establishing himself into shamba clan,neck,4cm,,wound not very clear,
in0755,2011-09-26,6:45,L-148,"open wound on bum, fresh",hy,left side bum/hl,4x2,-,,
in0756,2011-09-26,8:09,N-164,several old wounds around right ear and neck,hy,right side neck and around right ear,2x2,-,,
in0757,2011-09-28,7:20,A-253,swollen right foot,?,right foot,,limping quite badly,,
in0758,2011-09-28,9:57,A-274,"broken leg, swollen foot",hy?,lhl,,limping heavily,leg looks completely broken just under knee,
in0759,2011-09-29,6:27,M-300,"open wound, mainly superficial",hy,le si of neck,5x15cm,none,,
in0760,2011-09-30,6:36,L-137,deep open wounds below right achselhoehle,?,right achselhoehle,"3 holes, 1x2",licks wound from time to time,,
in0761,2011-10-08,9:00,L-102,"several open wounds, puncture holes on back, between shoulders",hy,"on back, between shoulders",1x1,-,,
in0762,2011-11-16,7:05,M-249,limping,?,lhl,-,limping quite badly,,
,2011-11-16,9:44,M-228,"skinny,bad shape",disease,,,,,
in0763,2011-11-25,9:15,E-196,foot of lhl missing,snare?,foot of lhl,-,"limping, tries not to stand on it, thus might be quite recent",,
in0764,2011-11-27,7:47,L-316,"rhl toe missing, healed",?,rhl,-,-,,
in0765,2012-04-06,6:42,L-192,"circle open wound, maybe only superficial part of skin off but flesh visble",fight with hyenas at kill,right front armpit,,intruding into Ngoitokitok territory at buffalo kill,,
in0766,2012-04-20,8:50,S-152,"hole and cut on left cheek + eye, can only be one or two days old",warthog?,left cheek/eye,10,"covers wound/eye with fl, cannot see, unclear whether left eye is affected as injured and swollen eye lid covering eye",see pictures,
in0767,2012-04-20,9:40,L-410,"patch of skin on right ellbow missing, quite fresh but not really bleeding",?,rfl,4x5,,see pictures,
in0768,2012-04-28,8:06,S-152,"fresh bite wound, piece of skin missing",hy,"lhl, inside",3x3,-,,
in0769,2012-05-01,,L-205,small fresh wound on hip,?,left side hip,1x1,-,,
in0770,2012-05-01,,E-089,quite fresh wound on right side of bum,hy,"right side bum, where he has been bitten before",4x4,-,see pictures,
in0771,2012-05-12,12:15,M-282,"swollen open wound, quite fresh",?,rfl,3x3,limping quite badly,,
in0772,2012-05-13,7:25,M-234,fresh open wound/cut on right front leg,,rfl,2x4,limping badly with rfl,,
in0773,2012-05-25,7:10,A-322,"is very lethargic, moves only very little, can hardly gu and walk, first does not drink from mother a-116, but eventually does, a-116 and other members went to sniff it several times",disease,-,-,,seen last on this date,
in0774,2012-05-25,7:40,A-320,"is lethargic, not moving much, vomits with difficulties, does not play with other cubs, belly seems very full/bloated, does not fully open eyes",disease,-,-,,seen last on this date,
in0775,2012-05-25,8:20,A-322,"seems well-fed but is lethargic, does not su from a-116, does not play or interact with mother or other cubs, just l around close to dh",disease,-,-,,seen last on this date,
in0776,2012-05-27,10:17,A-246,"fresh open wound on hip, still bleeding",?,right side hip,2x2,-,,
in0777,2012-09-19,7:07,S-147,fresh deep large snare wound around neck,snare,neck,around neck,"is quite skinny and seems tired/apathetic, snare not attached any more",see pictures,
in0778,2012-09-26,8:37,L-413,"open wound on rfl, about 2 days old, skin ripped down to foot",?,rfl,skin ripped down 6cm,"limping baldy, not standing on leg",,
in0779,2012-10-01,7:10,L-191,coughing,disease,-,-,coughing,,
in0780,2012-10-02,8:16,L-082,fresh open wound on lhl inside,hy,lhl inside,2x3x3,limping slightly,must be from last night,
in0781,2012-10-05,8:17,L-126,"fresh open wound on head, swollen head, right eye closed, bleeding from front + around eyes",hy,,,,,
in0782,2012-10-11,7:05,M-262,fresh cut below right eye,?,just below right eye,1x3,,,
in0783,2012-10-11,7:20,S-085,limping,hy? still from when he was beaten up by other males?,lhl,,limping quite badly,,
in0784,2012-11-01,8:47,M-240,cut on nose,?,nose,1x5,-,,
in0785,2012-11-06,8:53,S-138,"fresh wounds/puncture holes around right ear, on rhl + on udder, still bleeding",hy,"around right ear, on rhl, on udder",1x1,"licks wounds, especially the one on udder",cubs su,
in0786,2012-11-26,7:04,L-403,limping,?,,,,,
in0787,2012-11-26,7:04,L-277,bite wound on bum,,,,,,
in0788,2013-02-12,14:55,M-240,"deep wound on hip, fresh",,,,,,
in0789,2013-02-23,07:25,A-259,"right jaw seems swollen or slightly dislocated, A-259 seems a bit apathetic",disease,,,,,
in0790,2013-03-04,07:39,M-239,"several fresh puncture holes on hls, bum, feet",hy,,,limping with lhl,,
,2013-03-21,06:56,N-187,with streptococcus swelling,"disease, Streptococcus",,,,see pictures,
,2013-04-25,09:27,L-349,with streptococcus swelling,"disease, Streptococcus",,,,see pictures,
in0791,2013-11-28,7:00,E-cub,"coughing quite a lot, white-yellowish discharge in and around nostrils",disease,,,,,
in0792,2013-11-30,6:40,E-cub,still coughing quite a lot,disease,,,,,
in0793,2014-04-30,9:50,S-208,"large piece of skin missing on fore head, already dry",?,front,4x5,-,see pictures,
in0794,2014-05-10,8:00,L-329,"RHL lower part seems broken, knickt ein when she walks",?,,,,,
in0795,2014-05-11,7:25,S-193,limping slightly with RFL,?,,,,,
in0796,2014-05-13,7:25,L-442,"streptococcus swelling on left side of face/cheek, is a bit lethargic, moves very little, puts head down very slowly after looking up while lying on side","disease, Streptococcus",left side face/cheek,,"is lethargic, moves head only very slowly",,
in0797,2014-05-21,8:00,L-336,severe Streptococcus swelling,"disease, Streptococcus","left side face/cheek, neck",severe swelling,"is lethargic, gets up with difficulties, walks slowly",see pictures + video,
in0798,2014-06-17,8:22,L-329,"RHL lower part seems broken, she does not use the leg",?,,,,,
in0799,2014-11-29,7:25,E-220,right side cheek-neck slightly swollen,"disease, Streptococcus","right side face/cheek, neck",swelling not large but visible,seems to wa slighly more slowly than usual,found dead on 141204 with severe swelling on head/neck region,
in0800,2014-11-29,11:20,E-153,"right ear badly mauled, large chunk of backside bitten off, fresh",hy,"right ear, mainly backside",2x5,"washes wound in river, keeps ear lower",,
,2014-11-30,6:35,E-244,"dead, with signs of Streptococcus infection","disease, Streptococcus",,,,,
in0801,2014-12-08,9:20,A-150,"quite large patch without skin on right shoulder, not fresh i.e. already healed",li?,right side shoudler,3x7,-,,
in0802,2015-01-09,8:48,L-377,"fresh wound/puncture hole on left foot, limping quite badly",hy?,left foot,,limping quite badly,,
in0803,2015-08-07,9:02,F-147,limping with LFL,NA,LFL,NA,limping quite badly,,
in0804,2015-08-25,7:25,M-194,"quite fresh wound on right hind foot, limping",hy?,right hind foot,2x3,"limping quite badly, resting close to den, no other Ngoitokitoks around",,
in0805,2015-08-28,7:52,M-296,"fresh open wound on front between ears, bleeding",eq?,front,4x2,,"probably got wound when killing ad eq earlier in the morning, or when feeding on it",
in0806,2015-08-29,9:48,L-413,"streptococcus swelling on right side of face/cheek, is resting at den with other high-ranking females, does not seem to be particularly impaired but only seen for short while","disease, Streptococcus",right side face/cheek,swelling not large but visible,,see pictures,
in_20160408_0917_A-374,2016-04-08,9:17,A-374,"injured on hip, large, deep puncture holes",,,,,,OH+PN
in0807,2016-11-22,7:43,L-191,both lower canines only stump left,,,,,,
in0808,2016-11-22,9:09,E-184,"limping badly with RHL, not standing on leg",,RHL,,limping badly,,
in0809,2016-12-01,15:26,M-267,both front shoulders broken or dislodged?,,both front legs/shoulders,,"cannot get up and walk any more, keeps stumbling over/falling on his chest, sometimes manages to make a few steps but does not seem to be able to coordinate his front legs properly. Unclear whether he has other wounds/injuries, i.e. whether the cause could be lions, a vehicle, or a disease.",seen and video recorded by people from Lemala gate,
in0810,2016-12-02,8:02,L-160,several quite fresh wounds around and between both ears,hy,around and between both ears,,,,
in0811,2016-12-04,9:39,L-466,RFL/ellbow broken,,RFL/ellbow,,"limping badly, only very rarely stands on leg.",,
in0812,2016-12-12,17:14,S-277,"discharge in left eye, eye almost completely closed",,right eye,,eye almost completely closed,see pictures,
in0813,2016-12-12,17:14,S-280,"discharge in left eye, eye almost completely closed",,right eye,,eye almost completely closed,see pictures,
in0814,2016-12-14,6:45,S-275,"discharge in both eyes, but eyes open",,both eyes,,,,
in0815,2016-12-14,6:45,S-277,"discharge in left eye, eye almost completely closed",,right eye,,eye almost completely closed,,
in0816,2016-12-14,6:45,S-280,"discharge in left eye, eye almost completely closed",,right eye,,eye almost completely closed,,
in_20170615_1212_X-116,2017-06-15,12:12,X-116,"severely injured, next to two adult male lions, seen by Roimen, assistant of Ingela Jansson",,,,,,
,2017-09-14,11:34,L-151,"snare around neck, deep",snare,neck,,"tired, walking slowly",see pictures,PN
in_20171023_1618_M-437,2017-10-23,16:18,M-437,limping badly with RHL,,RHL,,,,
,2017-11-02,16:00,F-204,"fresh wounds on pseudopenis and around udder, pseudopenis swollen",HY?,"pseudopenis, udder",various,pseudopenis swollen,see pictures,OH
in_20171119_0658_M-425,2017-11-19,6:58,M-425,breathing hardly ,,,,,,
in0817,2018-02-23,8:58,N-190,"rub marks on both sides of udder, N-190 bloated. Cubs were getting thin, waiting at den for return of mother.",commuting,"udder, both sides",3x3,,see pictures,
in0818,2018-02-23,8:00,F-259,limping with RFL,NA,RFL,NA,limping quite badly,,AD
in0819,2018-03-14,7:45,F-209,limping with RFL,NA,RFL,NA,limping badly ,not interacting with any other clan members (resting alone),AD
in0820,2018-04-02,14:04,A-328,paralyzed,vehicle collision,spine,NA,"paralysis, unable to stand up or walk","lying beside road since 07:00 according to tourists. Unable to walk or stand upright. Shallow, rapid breathing. Next day, body not found, but many hyena tracks from Airstrip territory leading to and from this area. Almost certainly was killed overnight.",AD
in_20180409_1732_M-274,2018-04-09,17:32,M-274,relaxed but limping and looking thin,,,,,,AD
in_20180413_0913_S-182,2018-04-13,9:13,S-182,left eye badly injured,,,,,,AD
in0821,2018-04-21,11:50,A-380,"limping, bleeding badly from RBL","Other hyenas, likely males from same clan",RBL,10 cm diameter circular wound / bite mark on inside and outside of leg above ankle,"bleeding and limping badly, but mobile ",displaying submissive behavior towards S-174 and A-307,AD
in_20180504_1136_L-312,2018-05-04,11:36,L-312,big injury on the side,,,,,,PN
in_20180701_0654_A-487,2018-07-01,6:54,A-487,"Cut on forehead and limping, bleeding badly from LBL",other hyenas ,"LBL, head","15 cm gash on LBL, 10 cm cut on forehead","bleeding, limping badly, seems weak and disoriented",appears to be weak and tired; not actively aware of surroundings. Sibling A-488 is unharmed and appears healthy + alert,AD
in_20180718_0652_L-439,2018-07-18,6:52,L-439,fresh open wounds on side,?,right side + hip,,limping,,PN
in_20180823_0750_S-163,2018-08-23,7:50,S-163,big injury on the shoulder ,,,,,,PN
,2018-08-27,15:50,L-300,quite fresh wounds around both ears and on LHL.,HY,"around both ears, foot of LHL",,"limping, not in good shape",,OH
in_20180901_0935_T-206,2018-09-01,9:35,T-206,big injury on the shoulder ,,shoulder,,,,OH
in0823,2018-09-07,7:18,S-234,"big puncture hol on inside of left HL, bleeding, probably from yesterday.",fight with other clan members?,"LHL, inside",0.5x0.5,"limping, but not badly",may have happened during fight during possible infanticide,OH
in_20180907_0805_S-182,2018-09-07,8:05,S-182,left eye milky,,left eye,,,,OH
in_20180909_0718_A-470,2018-09-09,7:18,A-470,with small swelling (from Streptococcus infection?),,,,,,OH
in0825,2018-09-10,9:14,S-165,"quite fresh wound on LFL, inside",HY? Hunting?,"LFL, inside",6x2,"licking it occasionally, not obviously limping",,OH
in_20180911_0657_E-292,2018-09-11,6:57,E-292,"weak, skinny, moving very little",,,,,,OH
in_20180911_0657_E-294,2018-09-11,6:57,E-294,"weak, skinny, moving very little",,,,,,OH
in_20180911_0657_E-295,2018-09-11,6:57,E-295,"weak, skinny, moving very little",,,,,,OH
in0826,2018-11-29,9:15,S-248,limping with RHL; fresh wounds on ears and head,NA,"RHL, head, ears",,"Limping,seems weak",,PN
in_20181202_0833_A-461,2018-12-02,8:33,A-461,"skinny, found dead 2018-12-07",,,,,,
in0827,2018-12-03,6:52,A-238,"right eye milky, left eye swollen and oozing mucus or pus",Infection?,both eyes,,"appears disoriented, confused, possibly bilateral blindness",appeared less shy at first because she did not see the vehicle,AD
in0828,2018-12-03,7:22,A-305,Bloody left knee; does not affect movement,HY? Hunting?,"LHL, knee",5x3 ,,moving fine and resting at den,AD
in_20181205_0942_S-247,2018-12-05,9:42,S-247,"injured, wounds on pseudopenis, right ear, RHL",,,,,,OH
in0829,2018-12-08,7:00,A-476,blood and bite marks on RHL,HY?  ,RHL,,"limping, but not badly",shy,AD
in0830,2018-12-09,12:10,S-213,"fresh open wound, piece of skin bitten off",?,right shoulder,5x3 ,nothing visible,,OH
in0831,2018-12-12,9:47,E-233,"bleeding puncture wound on R shoulder, quite shallow ",Buffalo?,right shoulder,3x3,"nothing visible, relaxed and moving fine",resting near buffalo carcass with E-259. May have sustained injury while hunting buffalo,AD
in0832,2018-12-12,9:20,L-498,"quite fresh open wound, surface skin gone",?,right HL,2x2,,,OH
in0833,2018-12-12,9:20,S-146,right eye milky,?,right eye,,probably does not see anymore with right eye,,OH
in0835,2018-12-17,8:39,L-395,limping quite badly with rhl,?,RHL,,limping,,OH
in0836,2018-12-18,14:15,A-504,limping with lhl,HY?,LHL,,limping,not playing with other cubs,AD
in0837,2018-12-28,14:35,F-231,large wound on RHL,Lions?,RHL ,15x10,"bleeding, but already seems partially healed. not limping",,AD
in0838,2018-12-28,14:35,T-116,bloody right buttocks,HY?,Right buttock,4x4,"nothing, moving fine",,AD
in0839,2019-01-09,8:28,A-464,swollen front right ankle,?,"RFL, ankle",,"limping, ankle / area above right foot is quite swollen, possibly sprained",seems healthy otherwise,AD
in0840,2019-01-09,7:15,F-231,fresh wound on RHL,?,RHL hip,,nothing ,,PN
in0841,2019-01-10,7:27,F-229,limping with RHL,?,RHL,,limping,,PN
in0842,2019-01-11,6:49,A-359,limping with LFL,?,LFL ,,limping pretty badly,,AD
in0843,2019-01-11,7:46,A-458,cut on side of muzzle,sharp bone? Lion claw?,muzzle,4 cm gash ,strange gash/puncture on R side of muzzle,does not appear to have any negative effect,AD
in0844,2019-02-03,9:41,S-254,limping with lhl,?,LHL,,"Limping, walking hardly ",,PN
in0845,2019-02-25,8:14,A-338,limping with RHL ,? ,RHL,,limping badly ,,AD
,2019-04-06,15:52,S-181,"swollen head, puncture holes, hairless patches below lower jaw","disease, Streptococcus","head, right side",,,,PN
in_20190410_0706_S-337,2019-04-10,7:06,S-337,"becomes very weak, attempt to su from S-259",,,,,,PN
,2019-04-14,7:05,S-347,"attempt to suckle from S-259 but chased, seems weak",disease,body,,seems weak,,PN
,2019-04-14,9:38,S-290,swelling on one side of head,"disease, Streptococcus",head,,lethargic,,PN
in0846,2019-04-22,15:55,S-308,limping with LFL,?,LFL,,limping not badly,,PN
in_20190425_1024_A-343,2019-04-25,10:24,A-343,swollen muzzle,"disease, Streptococcus",head,,,,PN
in_20190525_0701_M-296,2019-05-25,7:01,M-296,swollen RFL ankle,,RFL,,,,PN
in_20190613_0902_E-184,2019-06-13,9:02,E-184,limping with RHL,?,RHL,,limping but not very badly,,OH
in0848,2019-06-13,9:02,E-184,limping with RHL,?,RHL,,limping but not very badly,,OH
in0849,2019-06-13,9:50,T-169,warts on face,stress,face,,nothing,,PN
in0850,2019-06-14,7:12,A-510,lethargic,"disease, Streptococcus",body,,"moves only very slowly, does not play with other cubs",,OH
in0851,2019-06-17,11:15,A-435,swelling on one side of head,"disease, Streptococcus",head,,no visible effects/signs,,OH
in0852,2019-06-19,9:27,A-493,large swelling on head,"disease, Streptococcus",head,,moving slowly,,OH
in0853,2019-06-19,9:55,A-483,large swelling on head,"disease, Streptococcus",head,,moving slowly,,OH
in0854,2019-06-20,6:59,A-264,"cut above right eye, slightly swollen",?,right eye,,eye half closed,,OH
in0855,2019-06-20,15:55,A-355,start of swelling below throat,"disease, Streptococcus",head,,no visible effects/signs,,OH
in0856,2019-06-21,7:29,A-507,"with severe swelling, difficulties to breathe","disease, Streptococcus",head,,moving slowly,,OH
in_20190622_1021_A-483,2019-06-22,10:21,A-483,with burst Streptococcus swelling/abscess,"disease, Streptococcus",head,,,,OH
in_20190623_0714_F-191,2019-06-23,7:14,F-191,limping with LHL,?,LHL,,limping badly ,,PN
in0858,2019-06-23,10:25,A-355,swelling much larger,"disease, Streptococcus",head,,moving slowly,,OH
in0859,2019-06-24,11:36,T-116,large swelling on head,"disease, Streptococcus",head,,"moving slowly, skinny",,OH
in0860,2019-07-02,14:20,A-194,"Streptococcus swelling, not yet very large","disease, Streptococcus","head, below left lower jaw",,moving a bit slowly,,OH
in0861,2019-07-06,8:35,M-298,"large cut behind the right ear, limping with LHL",fight with other clan members?,"head, LHL",,moving slowly,,PN
in0862,2019-07-06,15:36,F-160,swelling on side of a head,"disease, Streptococcus",head,,moving slowly,,PN
in_20190708_1104_F-160,2019-07-08,11:04,F-160,"swelling on side of a head, very weak, walking slowly","disease, Streptococcus",head,,moving slowly,"vi_20190708_1145_A, vi_20190708_1630_A, vi_20190708_1631_A",PN
,2019-07-08,11:45,F-160,swelling on side of a head,"disease, Streptococcus",head,,moving slowly,"vi_20190708_1145_A, vi_20190708_1630_A, vi_20190708_1631_A",PN
in0863,2019-07-10,9:32,F-181,milky eye,?,right eye,,no visible effects/signs,,PN
in0864,2019-07-13,12:03,A-372,large swelling on head,"disease, Streptococcus",head,,moving slowly,,PN
in0865,2019-07-13,14:52,A-337,large swelling on head,"disease, Streptococcus",head,,moving slowly,vi_20190713_1453_A,PN
in0866,2019-07-14,9:46,F-146,large swelling on head,"disease, Streptococcus",head,,resting,,PN
in0867,2019-07-14,11:44,A-431,large swelling on head,"disease, Streptococcus",head,,remains resting ,,PN
in0868,2019-07-14,12:35,A-302,large swelling on head,"disease, Streptococcus",head,,"walking slowly, tired",,PN
in0869,2019-07-15,10:44,A-423,large scar/hole below the lower jaw,"disease, Streptococcus",neck,,weak,,PN
,2019-07-16,12:32,A-422,large puncture hole,lion?,neck,,"walking slowly, breathing badly, see Philemon's video and pictures",vi_20190716_1234_A,PN
,2019-07-16,12:41,A-431,large swelling on head,"disease, Streptococcus",head,,,,PN
in0870,2019-07-23,8:14,A-255,swelling on the right side of the neck,"disease, Streptococcus",neck/head,,no visible effects/signs,,PN
in0871,2019-07-24,10:11,A-441,open wound on the neck,"disease, Streptococcus",neck,,no visible effects/signs,,PN
in0872,2019-07-24,10:33,A-252,open wound below the neck,"disease, Streptococcus",neck/shoulder,,hardly breathing,,PN
in0873,2019-07-25,16:46,A-398,fresh wound on neck,"disease, Streptococcus",neck,,skinny,,PN
in0874,2019-08-02,6:50,N-211,scar on LHL,?,LHL,,no visible effects/signs,,PN
in0875,2019-08-15,9:47,A-302,protrusion on the neck,"disease, Streptococcus",neck,,no visible effects/signs,,PN
in0876,2019-08-15,10:07,A-436,scar on the right side of the neck,"disease, Streptococcus",neck,,"healing, no effects",,PN
in0877,2019-10-19,7:02,F-191,"no visible injury, just limping",tripped in a hole? ,LFL,,limping badly ,"no visible injury, but moving very gingerly on LFL / entirely avoiding putting pressure on it",AD
in0878,2019-10-21,8:07,M-298,"floppy, swollen ear",Aural hematoma,Right ear,,ear is swollen and floppy. No longer erect,,AD
in0879,2019-11-01,7:00,A-329,"limping LHL, no scar",hole?,LHL,,limping, ,AD
in0880,2019-11-09,6:37,M-483,paralysis in both rear legs and fresh wound on front/between the eyes,infanticide attempt by other hyena? ,"hindquarters, front between the eyes",,dragging self using two front legs; rear legs hanging behind and dragging along ground,,AD
in0881,2019-11-14,8:05,L-514,"coughing quite badly, repeatedly",disease,lungs?,,"coughing repeatedly, licking liquid dripping from nose",,OH
in0882,2019-11-14,9:33,L-501,"fresh, deep, large wound on right thigh",warthog? Wildebeest?,"RHL, thigh",6x5,nothing obvious,,OH
in0883,2019-11-14,16:55,M-295,"limping, foot on right HL swollen",HY?,"RHL, foot",,"limping quite badly, foot swollen",she likely was bitten in the foot by other HY,OH
in0884,2019-11-21,15:48,L-519,"bleeding from muzzle, very fresh",HY,muzzle,,"seems irritated, does not open mouth properly",,OH
in0885,2019-11-30,9:29,F-140,fresh wound on right buttock,HY ,buttocks,5x4,no visible effects/signs,possibly bitten by female or other male hyena,AD
in0886,2019-12-09,7:25,F-278,"curved gash, about 5 cm long, not deep ",WH?,throat,5x1,"gash/wound is still wet, but seems to be healing",,AD
in0887,2020-03-04,15:30,S-193,swelling on head,"disease, Streptococcus",head/neck,,resting,,PN
in0888,2020-03-05,9:10,A-476,"wounds inside RFL, not fresh but still pink. Plus healed wound below cheek (from Streptococcus infection?)",HY?,"RFL, inside",2x3,no visible effects/signs,,OH
in0889,2020-03-07,6:46,S-234,swelling on head/neck,"disease, Streptococcus",head/neck,,no visible effects/signs,,PN
in0890,2020-03-08,8:53,A-305,"limping with LHL, foot swollen",?,"LHL, foot",,limping,,OH
in0891,2020-03-08,9:04,A-378,"limping with LHL, fresh blood on lower part of leg",?,LHL,,limping quite badly,,OH
in0892,2020-03-08,9:25,A-338,coughing,"disease, Streptococcus",lungs?,,coughing several times while resting,,OH
in0893,2020-03-10,7:17,E-295,fresh puncture hole on right ellbow,?,right ellbow,1x2,licking it,,OH
in0894,2020-03-14,8:21,S-188,fresh severe wounds around both ears and between ears,hy,around and between both ears,see pictures,holding ears down,was on intrusion in A-terr. Several other Shambas also intruded and rested close-by,OH
in0895,2020-03-15,6:48,M-295,swelling on head/neck,"disease, Streptococcus",head/neck,,no visible effects/signs,,PN
in0896,2020-03-27,11:28,F-214,swelling on the neck,"disease, Streptococcus",head/neck,,no visible effects/signs,,PN
in0897,2020-03-27,13:21,L-321,"floppy right ears, fresh wound at the base of the ear",HY?,head,,walking slowly. Right ears no longer erect,,PN
in0898,2020-07-15,7:17,A-517,limping on FRL,?,FRL,,"walking slowly, rests.",,PN
in0899,2020-07-16,7:07,M-421,"right ear completely removed, big fresh wound",HY?,head,,"isolates herself from other, resting most of the time.",possibly bitten by other individuals,PN
in0900,2020-07-17,17:01,M-421,torn right ear,HY?,head,,resting,,PN
in0901,2020-08-24,7:50,N-143,3 fresh puncture holes on LHL,Lions?,LHL hip,,limping with LHL,,PN
in0902,2020-09-13,17:47,M-381,tail gone,hy?,tail,,no visible effects/signs,,PN
in0903,2021-08-22,7:15,A-532,deep fresh open wound/large puncture hole on left shoulder,"could be lions but possibly also from a horn (WH, WI?)",left shoulder,2x2,walking a bit slowly/cautiously,"could be lions but possibly also from a horn (WH, WI?)",OH+ED
in0904,2021-08-23,6:50,S-259,"fresh wounds on foot pads, one partly ripped off",HY,foot RHL,,limping with RHL,,OH+ED
in0905,2021-08-25,9:10,S-265,"limping, wound under left ear",?,below left ear and on rhl,,limping with RHL,,OH+ED
in0906,2021-08-28,7:31,A-537,"severe fresh wounds on neck, hip, hind legs",lions?,"neck, hip, hind legs",,"hardly moving, losing a lot of blood, bleeding from nose",,OH+ED
in0907,2021-09-02,7:57,A-313,fresh open cut below left eye,?,below left eye,,"no visible effect, tissue below eye swollen, keeps eye a bit closed",,OH+ED
in0908,2021-09-03,7:06,X-083,Fresh blood on the shoulder and hip,lions,shoulder/hip,,no visible effects/signs,bitten by lionesses at the Eq carcass,PN
in0909,2021-09-04,7:35,E-277,fresh pucture holes on right side,?,,,,,OH+ED
in0910,2021-09-05,9:11,A-541,"fresh wound on front between ears, patch of skin missing",hy,front head between ears,4x2,"open wound, still oozing, with flies",,OH+ED
in0911,2021-09-07,6:50,S-181,hairless back and swollen nodes below muzzle/neck,?,,,,,OH+ED
in0912,2021-09-07,7:47,A-390,limping quite badly with hl,?,,,,,OH+ED
in0913,2021-09-17,8:30,A-541,"fresh, new wound on front in addition to that seen on 2021-09-05",hy,front head between ears and eyes,4x2 + 2x2,"open wound, still oozing, with flies",,OH+ED
in0914,2021-09-23,8:21,A-262,"with fresh, very bad injuries on right side of neck/shoulder, still bleeding",lion,right neck/shoulder,,"lethargic, didn't want to get up, walking very slowly, then with difficulties to ld",,OH+ED
in_20220307__A-257,2022-03-07,,A-257,"right side muzzle swollen, fresh wounds on right cheek, right eye milky",?,right cheek,,,,
in_20220302_0722_S-371,2022-03-02,7:22,S-371,"intrusion, has wounded ears probably from interaction at kill with Lemalas",,,,,,OH+ED
in_20220413_1006_F-224,2022-04-13,10:06,F-224,big puncture holes on left hip,,,,,,OH+ED
in_20220418_0858_S-275,2022-04-18,8:58,S-275,wound on throat,,,,,,OH+ED
in_20220520_0704_M-509,2022-05-20,7:04,M-509,seems very lethargic,disease,,,,,PN
in_20220820_0745_F-146,2022-08-20,7:45,F-146,a snare wound around the neck,?,around the neck,,"healing, no effects as wound is drying",,PN
in_20220824_0658_A-339,2022-08-24,6:58,A-339,fresh wound on the nose,hy?,dorsum ,,swollen dorsum.,,PN
in_20230110_S-412,2023-01-10,6:58,S-412,"seems apathetic, does not move, does not get up when S-365 comes and gently bites its back",disease,,,"lethargic, does not move, only got up when warthog approached den",,OH+ED
in_20230118_L-517,2023-01-18,7:49,L-517,limping with RFL,,RFL,,limping,,OH+ED
in_20230131_A-383,2023-01-31,9:03,A-383,limping badly left hind leg and right front leg. Some blood on right front leg,,LHL + RFL,,limping badly,,OH+ED
in_20230213_0923_A-588,2023-02-13,9:23,A-588,limping badly left hind leg and right front leg. Some blood on right front leg,,LHL + RFL,,limping badly,,OH+ED
in_20230608_0707_L-553,2023-06-08,7:07,L-553,fresh wound on the left shoulder,hy?,shoulder,,"open wound, limping front left leg.",,PN
in_20230627_0808_A-346,2023-06-27,8:08,A-346,fresh wounds on the inner thighs,skin disease?,thighs,,no visible effects/signs,,PN
in_20231108_0732_S-356,2023-11-08,7:32,S-356,bum bite wound on right side,,,,,,OH+ED
in_20231108_0854_A-519,2023-11-08,8:54,A-519,bum bite wound on right side,,,,,,OH+ED
in_20231122_0753_M-529,2023-11-22,7:53,M-529,broken right front leg,,RFL,,"limping badly, not putting weight on front leg",,OH+ED
in_20231205_0917_M-544,2023-12-05,9:17,M-544,"slim, tired, no energy. Stays close to M-414 and does not want to play when the two other cubs push him playfully, interaction",,,,,,OH+ED
in_20231205_1001_M-529,2023-12-05,7:23,M-529,"broken right front leg, infected open wound, oozing",,RFL,,"limping badly, not putting weight on front leg",,OH+ED
in_20231221_0723_A-264,2023-12-21,7:23,A-264,"floppy right ear, probably bitten at the kill of few hours ago",,,,,,OH+ED
in_20240104_1558_M-529,2024-01-04,15:58,M-529,broken hind legs,vehicle collision,hind legs,,unable to stand/walk. Dragging hind legs,,PN
in_20240117_0948_S-259,2024-01-17,9:48,S-259,pinkish coloration on fore legs,skin disease?,fore legs,,no visible effect,,DM+MM
in_20240214_1154_N-295,2024-02-14,11:54,N-295,pinkish colouration on front legs,skin disease?,front legs,,"no visible effect, walks normally.",,PN
in_20240218_0924_E-305,2024-02-18,9:24,E-305,lethargic and skinny,,,,"walking slowly, sleepy",spending time in natal clan,DM+PN
in_20240220_0736_E-306,2024-02-20,7:36,E-306,pinkish colouration of face and fore legs,skin disease?,"below the eyes, fore-right leg",,no visible effect,spending time in natal clan,DM+PN
in_20240304_0701_M-544,2024-03-04,7:01,M-544,Limping on HRL,,hind right leg,,"limping ,didn´t want to get up, hardly moving",,DM+PN
in_20240323_0921_N-280,2024-03-23,9:21,N-280,"hardly walk, dragging the hind legs, bites on the tits and hind legs, skinny and weak",,"hind legs, tits",,unable to stand/walk. Dragging hind legs,,DM+PN
in_20240413_0952_E-325,2024-04-13,9:52,E-325,Fresh wound/blood on the left thigh,,left thighs,,open wound,,DM
in_20240415_0810_A-390,2024-04-15,8:10,A-390,fresh wound on the fore-hind right legs,,fore and hind right legs,,open wound with flies,,DM
in_20240505_0649_S-397,2024-05-05,6:49,S-397,"hair loss in most part of the body, crusted skin.",skin disease?,body,,"skinny, hair loss",,PN
in_20240509_0645_M-504,2024-05-09,6:45,M-504,fresh wound on toe,,fore left leg,,limping ,,DM
in_20240509_0714_S-397,2024-05-09,7:14,S-397,"hair loss in most part of the body, crusted skin.",skin disease?,body,,"skinny, hair loss",,PN
in_20240513_0652_S-397,2024-05-13,6:52,S-397,"hair loss in most part of the body, crusted skin.",skin disease?,body,,"skinny, hair loss",,PN
in_20240529_0919_F-325,2024-05-29,9:19,F-325,fresh wound on right knee,,hind right leg,,"open wound, didn`t want to get up",,DM
in_20240603_0741_T-226,2024-06-03,7:41,T-226,"hair loss in most part of the body, crusted skin.",skin disease?,body,,hair loss,,PN
in_20240622_0734_A-374,2024-06-22,7:34,A-374,"hair loss in most part of the body, crusted skin.",skin disease?,body,,hair loss,,PN
in_20240623_0728_M-426,2024-06-23,7:28,M-426,a wound on the hind left leg,,hind left leg,,limping,,PN
in_20241008_0719_L-329,2024-10-08,7:19,L-329,a wound below the left eye,,face,,open wound,,PN+HM
in_20241011_0940_L-329,2024-10-11,9:40,L-329,"a open deep fresh wound below the left eye,  with lump below. Might be dangerous for the eye",,face,,open wound,,MM
in_20241013_0642_N-228,2024-10-13,6:42,N-228,open fresh wound on the left hind leg,,hind left leg,,open wound,,PN+HM
in_20241125_1045_S-161,2024-10-25,10:45,S-161,open fresh wounds on the right front left behind leg. Deep fresh wound on the penis.,,"front leg,hind leg,penis",,"limping,open wounds",,MM+HM
