date,departure,arrival,deploc,arrloc,observer,type,comments
1996-03-28,06:30,11:00,,,OH+BW,,
1996-04-12,06:15,12:00,,,OH+BW,,
1996-04-13,06:30,16:00,,,OH+BW,,
1996-04-14,06:15,18:00,,,OH+BW,,
1996-04-15,06:15,17:00,,,OH+BW,,
1996-04-16,08:00,14:00,,,OH+BW,,
1996-04-24,16:00,18:30,,,OH+BW,,
1996-04-25,06:15,17:00,,,OH+BW,,
1996-04-26,06:15,14:30,,,OH+BW,,
1996-04-26,16:00,19:00,,,OH+BW,,
1996-04-27,06:15,11:30,,,OH+BW,,
1996-04-27,16:00,19:00,,,OH+BW,,
1996-04-28,05:35,19:00,,,OH+BW,,
1996-05-17,15:00,19:00,,,OH+BW,,
1996-05-18,05:50,19:00,,,OH+BW,,
1996-05-19,06:15,10:40,,,OH+BW,,
1996-05-19,15:30,19:00,,,OH+BW,,
1996-05-20,06:15,12:30,,,OH+BW,,
1996-05-20,14:30,19:00,,,OH+BW,,
1996-05-21,06:15,19:00,,,OH+BW,,
1996-05-22,06:15,11:30,,,OH+BW,,
1996-06-05,16:00,19:00,,,OH+BW,,
1996-06-06,06:15,12:30,,,OH+BW,,
1996-06-07,06:15,13:00,,,OH+BW,,
1996-06-08,06:15,10:00,,,OH+BW,,
1996-06-14,06:15,14:30,,,OH+BW,,
1996-06-15,06:15,11:00,,,OH+BW,,
1996-06-15,16:00,19:00,,,OH+BW,,
1996-06-16,06:15,11:00,,,OH+BW,,
1996-06-16,16:00,19:15,,,OH+BW,,
1996-06-17,16:00,19:00,,,OH+BW,,
1996-06-18,06:15,11:30,,,OH+BW,,
1996-06-18,16:00,19:00,,,OH+BW,,
1996-06-19,06:15,11:00,,,OH+BW,,
1996-06-20,06:15,11:00,,,OH+BW,,
1996-06-21,06:15,11:00,,,OH+BW,,
1996-06-21,17:00,19:00,,,OH+BW,,
1996-06-23,06:15,14:30,,,OH+BW,,
1996-06-24,06:00,19:00,,,OH+BW,,
1996-06-25,06:00,13:00,,,OH+BW,,
1996-06-26,16:00,19:00,,,OH+BW,,
1996-06-27,06:00,11:30,,,OH+BW,,
1996-06-27,17:00,19:00,,,OH+BW,,
1996-06-28,06:15,11:30,,,OH+BW,,
1996-06-28,16:30,19:00,,,OH+BW,,
1996-06-29,06:15,10:30,,,OH+BW,,
1996-07-06,16:30,19:00,,,OH+BW,,
1996-07-07,06:15,10:30,,,OH+BW,,
1996-07-07,16:30,19:00,,,OH+BW,,
1996-07-08,16:30,19:00,,,OH+BW,,
1996-07-10,06:15,12:30,,,OH+BW,,
1996-07-10,16:00,19:00,,,OH+BW,,
1996-07-11,06:15,11:00,,,OH+BW,,
1996-07-11,16:00,19:00,,,OH+BW,,
1996-07-12,06:15,15:00,,,OH+BW,,
1996-07-13,06:15,18:00,,,OH+BW,,
1996-07-14,06:15,10:00,,,OH+BW,,
1996-07-14,16:30,19:00,,,OH+BW,,
1996-07-15,16:30,19:00,,,OH+BW,,
1996-07-16,06:15,11:00,,,OH+BW,,
1996-07-16,17:00,19:00,,,OH+BW,,
1996-07-17,06:15,19:00,,,OH+BW,,
1996-07-18,06:15,12:00,,,OH+BW,,
1996-07-18,16:00,19:00,,,OH+BW,,
1996-07-19,06:15,12:00,,,OH+BW,,
1996-07-19,16:30,19:15,,,OH+BW,,
1996-07-20,06:00,11:00,,,OH+BW,,
1996-07-21,16:30,19:00,,,OH+BW,,
1996-07-22,06:15,10:30,,,OH+BW,,
1996-07-22,16:30,19:00,,,OH+BW,,
1996-07-23,06:15,13:30,,,OH+BW,,
1996-07-23,16:00,19:00,,,OH+BW,,
1996-07-24,06:15,11:00,,,OH+BW,,
1996-07-24,16:30,19:00,,,OH+BW,,
1996-07-25,16:00,19:00,,,OH+BW,,
1996-07-26,06:15,13:00,,,OH+BW,,
1996-07-26,16:30,19:00,,,OH+BW,,
1996-07-27,06:15,11:00,,,OH+BW,,
1996-07-27,16:30,19:00,,,OH+BW,,
1996-07-28,06:15,18:30,,,OH+BW,,
1996-07-29,06:00,11:00,,,OH+BW,,
1996-07-29,16:30,19:00,,,OH+BW,,
1996-07-30,06:15,13:00,,,OH+BW,,
1996-07-31,06:15,12:30,,,OH+BW,,
1996-07-31,16:30,19:00,,,OH+BW,,
1996-08-01,08:00,13:30,,,OH+BW,,
1996-08-01,16:00,19:15,,,OH+BW,,
1996-08-02,10:00,12:30,,,OH+BW,,
1996-08-04,06:15,11:00,,,OH+BW,,
1996-08-04,16:00,19:00,,,OH+BW,,
1996-08-05,06:15,11:30,,,OH+BW,,
1996-08-05,16:00,19:00,,,OH+BW,,
1996-08-06,06:15,11:00,,,OH+BW,,
1996-08-06,16:00,19:00,,,OH+BW,,
1996-08-07,08:00,11:30,,,OH+BW,,
1996-08-07,16:00,19:00,,,OH+BW,,
1996-08-08,06:15,13:00,,,OH+BW,,
1996-08-08,16:00,19:00,,,OH+BW,,
1996-08-09,06:15,10:30,,,OH+BW,,
1996-08-10,06:15,10:30,,,OH+BW,,
1996-08-15,06:15,12:00,,,OH+BW,,
1996-08-15,16:00,19:00,,,OH+BW,,
1996-08-16,06:20,18:53,,,OH+BW,,
1996-08-17,07:47,13:03,,,OH+BW,,
1996-08-17,16:32,18:49,,,OH+BW,,
1996-08-18,06:30,12:50,,,OH+BW,,
1996-08-18,16:06,19:04,,,OH+BW,,
1996-08-19,16:00,19:04,,,OH+BW,,
1996-08-20,06:43,14:06,,,OH+BW,,
1996-08-29,12:00,19:32,,,OH+BW,,
1996-08-30,16:00,19:25,,,OH+BW,,
1996-08-31,06:16,12:10,,,OH+BW,,
1996-08-31,16:16,19:13,,,OH+BW,,
1996-09-01,08:16,12:15,,,OH+BW,,
1996-09-01,16:00,19:22,,,OH+BW,,
1996-09-02,06:11,11:15,,,OH+BW,,
1996-09-02,16:00,18:55,,,OH+BW,,
1996-09-03,06:23,11:50,,,OH+BW,,
1996-09-03,16:00,19:02,,,OH+BW,,
1996-09-04,06:24,11:36,,,OH+BW,,
1996-09-04,16:42,19:00,,,OH+BW,,
1996-09-05,07:17,11:38,,,OH+BW,,
1996-09-05,15:54,18:20,,,OH+BW,,
1996-09-05,18:30,23:59,,,OH+BW,,
1996-09-06,00:00,10:45,,,OH+BW,,
1996-09-06,18:06,21:30,,,OH+BW,,
1996-09-07,06:27,13:35,,,OH+BW,,
1996-09-07,16:05,19:10,,,OH+BW,,
1996-09-08,07:00,12:09,,,OH+BW,,
1996-09-09,16:05,19:27,,,OH+BW,,
1996-09-10,06:56,19:20,,,OH+BW,,
1996-09-11,14:20,17:43,,,OH+BW,,
1996-09-12,06:10,11:40,,,OH+BW,,
1996-09-12,16:08,19:18,,,OH+BW,,
1996-09-13,10:23,15:00,,,OH+BW,,
1996-09-13,16:50,19:22,,,OH+BW,,
1996-09-14,06:29,13:10,,,OH+BW,,
1996-09-14,16:08,19:00,,,OH+BW,,
1996-09-15,06:28,12:00,,,OH+BW,,
1996-09-15,17:11,19:25,,,OH+BW,,
1996-09-16,06:22,11:20,,,OH+BW,,
1996-09-16,15:50,19:04,,,OH+BW,,
1996-09-17,07:00,19:07,,,OH+BW,,
1996-09-18,06:43,11:09,,,OH+BW,,
1996-09-18,16:48,18:50,,,OH+BW,,
1996-09-19,06:01,14:00,,,OH+BW,,
1996-09-19,15:58,19:17,,,OH+BW,,
1996-09-20,06:09,11:56,,,OH+BW,,
1996-09-20,12:30,19:04,,,OH+BW,,
1996-09-21,06:01,10:50,,,OH+BW,,
1996-09-21,13:30,19:15,,,OH+BW,,
1996-09-22,06:05,15:25,,,OH+BW,,
1996-09-22,16:03,19:27,,,OH+BW,,
1996-09-23,06:03,13:35,,,OH+BW,,
1996-09-23,15:43,19:09,,,OH+BW,,
1996-09-24,06:58,13:55,,,OH+BW,,
1996-09-24,16:05,19:27,,,OH+BW,,
1996-09-25,15:05,19:18,,,OH+BW,,
1996-09-26,06:03,14:00,,,OH+BW,,
1996-09-26,16:32,19:28,,,OH+BW,,
1996-09-27,06:04,19:24,,,OH+BW,,
1996-09-28,06:03,19:25,,,OH+BW,,
1996-09-29,06:04,12:40,,,OH+BW,,
1996-09-29,15:43,18:11,,,OH+BW,,
1996-09-30,16:03,19:00,,,OH+BW,,
1996-10-01,06:15,19:30,,,OH+BW,,
1996-10-02,16:04,18:58,,,OH+BW,,
1996-10-03,06:02,18:05,,,OH+BW,,
1996-10-04,06:15,12:00,,,OH+BW,,
1996-10-04,15:45,18:35,,,OH+BW,,
1996-10-07,06:07,7:35,,,OH+BW,,
1996-10-07,19:00,22:20,,,OH+BW,,
1996-10-08,16:37,19:25,,,OH+BW,,
1996-12-21,11:30,13:00,,,OH+BW,,
1996-12-28,06:10,11:30,,,OH+BW,,
1996-12-29,06:10,11:30,,,OH+BW,,
1996-12-31,15:30,19:00,,,OH+BW,,
1997-01-01,16:00,19:15,,,OH+BW,,
1997-01-02,06:50,10:00,,,OH+BW,,
1997-01-02,15:58,19:14,,,OH+BW,,
1997-01-03,06:00,11:53,,,OH+BW,,
1997-01-03,16:16,19:20,,,OH+BW,,
1997-01-04,06:15,11:04,,,OH+BW,,
1997-01-04,16:05,19:01,,,OH+BW,,
1997-01-06,06:11,10:35,,,OH+BW,,
1997-01-06,16:50,19:24,,,OH+BW,,
1997-01-07,06:01,10:15,,,OH+BW,,
1997-01-07,16:08,19:23,,,OH+BW,,
1997-01-08,06:02,10:10,,,OH+BW,,
1997-01-08,16:14,18:57,,,OH+BW,,
1997-01-09,06:09,12:15,,,OH+BW,,
1997-01-09,16:33,19:05,,,OH+BW,,
1997-01-10,06:04,12:30,,,OH+BW,,
1997-01-14,06:30,10:45,,,OH+BW,,
1997-01-14,16:06,20:56,,,OH+BW,,
1997-01-15,06:10,13:45,,,OH+BW,,
1997-01-15,16:30,19:20,,,OH+BW,,
1997-01-16,06:00,10:35,,,OH+BW,,
1997-01-17,06:27,12:27,,,OH+BW,,
1997-01-17,15:56,19:15,,,OH+BW,,
1997-01-18,06:03,11:50,,,OH+BW,,
1997-01-18,16:06,20:06,,,OH+BW,,
1997-01-19,06:06,11:00,,,OH+BW,,
1997-01-19,15:47,19:37,,,OH+BW,,
1997-01-20,07:42,10:32,,,OH+BW,,
1997-01-20,15:57,19:15,,,OH+BW,,
1997-01-21,06:06,10:46,,,OH+BW,,
1997-01-21,15:55,19:03,,,OH+BW,,
1997-01-22,06:02,11:45,,,OH+BW,,
1997-01-22,17:01,19:36,,,OH+BW,,
1997-01-23,06:15,11:00,,,OH+BW,,
1997-01-23,16:30,20:07,,,OH+BW,,
1997-01-25,06:06,11:02,,,OH+BW,,
1997-01-25,16:15,19:55,,,OH+BW,,
1997-01-26,05:59,11:05,,,OH+BW,,
1997-01-26,16:44,19:32,,,OH+BW,,
1997-01-27,05:57,11:00,,,OH+BW,,
1997-01-27,16:59,19:35,,,OH+BW,,
1997-01-28,06:10,11:33,,,OH+BW,,
1997-01-28,15:55,19:23,,,OH+BW,,
1997-01-29,06:16,12:10,,,OH+BW,,
1997-01-29,16:05,19:35,,,OH+BW,,
1997-01-30,06:03,11:44,,,OH+BW,,
1997-02-01,07:15,10:15,,,OH+BW,,
1997-02-01,16:26,19:40,,,OH+BW,,
1997-02-02,06:12,11:45,,,OH+BW,,
1997-02-03,08:24,11:40,,,OH+BW,,
1997-02-03,14:15,15:30,,,OH+BW,,
1997-02-03,17:05,19:50,,,OH+BW,,
1997-02-10,06:05,11:55,,,OH+BW,,
1997-02-10,15:42,19:10,,,OH+BW,,
1997-02-11,06:03,10:18,,,OH+BW,,
1997-02-11,16:22,19:25,,,OH+BW,,
1997-02-12,06:20,11:00,,,OH+BW,,
1997-02-12,18:00,19:23,,,OH+BW,,
1997-02-13,06:13,12:45,,,OH+BW,,
1997-02-13,16:03,19:18,,,OH+BW,,
1997-02-14,06:09,19:45,,,OH+BW,,
1997-02-15,06:05,11:10,,,OH+BW,,
1997-02-15,16:05,19:35,,,OH+BW,,
1997-02-17,06:06,12:20,,,OH+BW,,
1997-02-17,16:16,19:38,,,OH+BW,,
1997-02-18,06:11,10:15,,,OH+BW,,
1997-02-18,16:22,19:44,,,OH+BW,,
1997-02-19,06:20,11:30,,,OH+BW,,
1997-02-19,16:12,19:23,,,OH+BW,,
1997-02-20,06:01,11:50,,,OH+BW,,
1997-02-20,15:59,19:35,,,OH+BW,,
1997-02-22,06:06,12:00,,,OH+BW,,
1997-02-22,15:48,19:47,,,OH+BW,,
1997-02-23,06:02,13:15,,,OH+BW,,
1997-02-23,16:37,19:34,,,OH+BW,,
1997-02-24,06:02,12:46,,,OH+BW,,
1997-02-24,16:07,19:50,,,OH+BW,,
1997-02-25,06:10,11:45,,,OH+BW,,
1997-02-25,15:50,19:00,,,OH+BW,,
1997-02-26,06:21,12:20,,,OH+BW,,
1997-02-26,16:30,19:07,,,OH+BW,,
1997-02-27,12:39,13:30,,,OH+BW,,
1997-02-27,15:25,19:30,,,OH+BW,,
1997-02-28,06:30,12:35,,,OH+BW,,
1997-02-28,16:06,19:45,,,OH+BW,,
1997-03-01,06:04,11:30,,,OH+BW,,
1997-03-02,06:17,13:10,,,OH+BW,,
1997-03-02,15:56,19:25,,,OH+BW,,
1997-03-03,06:09,11:35,,,OH+BW,,
1997-03-03,15:58,19:25,,,OH+BW,,
1997-03-04,06:10,11:13,,,OH+BW,,
1997-03-04,15:55,19:36,,,OH+BW,,
1997-03-05,06:06,11:20,,,OH+BW,,
1997-03-05,17:20,19:46,,,OH+BW,,
1997-03-06,16:37,19:35,,,OH+BW,,
1997-03-07,06:04,10:30,,,OH+BW,,
1997-03-07,13:20,14:50,,,OH+BW,,
1997-03-07,16:20,19:14,,,OH+BW,,
1997-03-08,06:12,12:00,,,OH+BW,,
1997-03-08,16:04,19:13,,,OH+BW,,
1997-03-09,06:25,12:00,,,OH+BW,,
1997-03-09,15:40,19:45,,,OH+BW,,
1997-03-10,06:14,13:30,,,OH+BW,,
1997-03-11,16:13,19:24,,,OH+BW,,
1997-03-12,05:58,10:20,,,OH+BW,,
1997-03-12,14:50,16:55,,,OH+BW,,
1997-03-13,16:22,19:27,,,OH+BW,,
1997-03-14,06:11,13:40,,,OH+BW,,
1997-03-14,16:51,19:17,,,OH+BW,,
1997-03-15,06:48,13:03,,,OH+BW,,
1997-03-15,15:10,19:12,,,OH+BW,,
1997-03-16,06:12,12:25,,,OH+BW,,
1997-03-16,16:26,19:42,,,OH+BW,,
1997-03-17,06:14,11:22,,,OH+BW,,
1997-03-18,07:09,12:10,,,OH+BW,,
1997-03-18,17:48,21:05,,,OH+BW,,
1997-03-19,06:45,11:00,,,OH+BW,,
1997-03-19,16:25,19:52,,,OH+BW,,
1997-03-20,06:10,10:35,,,OH+BW,,
1997-03-20,13:30,14:28,,,OH+BW,,
1997-03-20,16:10,19:31,,,OH+BW,,
1997-03-21,17:10,0:00,,,OH+BW,,
1997-03-22,00:00,0:00,,,OH+BW,,
1997-03-23,00:00,13:43,,,OH+BW,,
1997-03-23,16:07,0:00,,,OH+BW,,
1997-03-24,00:00,0:00,,,OH+BW,,
1997-03-25,00:00,0:00,,,OH+BW,,
1997-03-26,00:00,10:45,,,OH+BW,,
1997-03-27,12:08,13:08,,,OH+BW,,
1997-03-27,15:55,19:35,,,OH+BW,,
1997-03-28,06:05,11:05,,,OH+BW,,
1997-03-28,16:33,19:45,,,OH+BW,,
1997-03-29,06:08,12:06,,,OH+BW,,
1997-03-29,16:33,19:25,,,OH+BW,,
1997-03-30,06:20,12:45,,,OH+BW,,
1997-03-30,16:56,19:39,,,OH+BW,,
1997-03-31,06:15,12:20,,,OH+BW,,
1997-03-31,12:58,14:00,,,OH+BW,,
1997-03-31,17:30,18:51,,,OH+BW,,
1997-04-03,07:04,13:00,,,OH+BW,,
1997-04-04,08:15,14:50,,,OH+BW,,
1997-04-04,18:10,19:45,,,OH+BW,,
1997-04-05,17:12,19:22,,,OH+BW,,
1997-04-06,06:10,10:46,,,OH+BW,,
1997-04-06,16:19,19:22,,,OH+BW,,
1997-04-07,06:13,11:20,,,OH+BW,,
1997-04-08,06:05,13:15,,,OH+BW,,
1997-04-08,16:19,19:25,,,OH+BW,,
1997-04-09,06:11,13:05,,,OH+BW,,
1997-04-09,16:40,19:39,,,OH+BW,,
1997-04-10,06:06,19:20,,,OH+BW,,
1997-04-11,06:17,10:45,,,OH+BW,,
1997-04-11,16:30,19:23,,,OH+BW,,
1997-04-13,06:31,12:00,,,OH+BW,,
1997-04-13,16:07,19:23,,,OH+BW,,
1997-04-14,06:28,11:42,,,OH+BW,,
1997-04-14,16:08,19:41,,,OH+BW,,
1997-04-15,06:10,12:45,,,OH+BW,,
1997-04-15,16:14,19:34,,,OH+BW,,
1997-04-16,06:01,11:35,,,OH+BW,,
1997-04-16,15:30,19:10,,,OH+BW,,
1997-04-17,15:27,23:59,,,OH+BW,,
1997-04-18,00:00,23:59,,,OH+BW,,
1997-04-19,00:00,11:40,,,OH+BW,,
1997-04-19,12:53,23:59,,,OH+BW,,
1997-04-20,00:00,23:59,,,OH+BW,,
1997-04-21,00:00,23:59,,,OH+BW,,
1997-04-22,00:00,11:07,,,OH+BW,,
1997-04-22,16:00,19:10,,,OH+BW,,
1997-04-24,07:18,10:30,,,OH+BW,,
1997-04-25,06:15,11:11,,,OH+BW,,
1997-04-25,16:40,18:53,,,OH+BW,,
1997-04-26,06:14,14:33,,,OH+BW,,
1997-05-26,07:50,12:45,,,OH+BW,,
1997-05-27,06:29,12:45,,,OH+BW,,
1997-05-27,16:45,19:40,,,OH+BW,,
1997-05-28,07:45,10:20,,,OH+BW,,
1997-05-28,16:23,23:59,,,OH+BW,,
1997-05-29,00:00,23:59,,,OH+BW,,
1997-05-30,00:00,23:59,,,OH+BW,,
1997-05-31,00:00,11:40,,,OH+BW,,
1997-05-31,15:54,19:08,,,OH+BW,,
1997-06-01,06:02,12:25,,,OH+BW,,
1997-06-01,16:21,19:00,,,OH+BW,,
1997-06-02,06:04,10:45,,,OH+BW,,
1997-06-02,15:50,19:17,,,OH+BW,,
1997-06-03,06:08,8:35,,,OH+BW,,
1997-06-03,16:12,19:18,,,OH+BW,,
1997-06-07,06:00,8:44,,,OH+BW,,
1997-06-07,10:00,11:00,,,OH+BW,,
1997-06-11,07:20,13:00,,,OH+BW,,
1997-06-12,06:01,12:54,,,OH+BW,,
1997-06-13,06:15,12:10,,,OH+BW,,
1997-06-14,05:58,8:40,,,OH+BW,,
1997-06-14,13:00,14:36,,,OH+BW,,
1997-06-16,06:01,11:07,,,OH+BW,,
1997-06-16,16:33,19:14,,,OH+BW,,
1997-06-17,06:05,11:20,,,OH+BW,,
1997-06-17,16:18,19:24,,,OH+BW,,
1997-06-18,06:10,10:40,,,OH+BW,,
1997-06-18,14:20,19:20,,,OH+BW,,
1997-06-19,15:48,23:59,,,OH+BW,,
1997-06-20,00:00,23:59,,,OH+BW,,
1997-06-21,00:00,23:59,,,OH+BW,,
1997-06-22,00:00,11:08,,,OH+BW,,
1997-06-22,13:28,23:59,,,OH+BW,,
1997-06-23,00:00,23:59,,,OH+BW,,
1997-06-24,00:00,11:57,,,OH+BW,,
1997-06-24,15:56,19:47,,,OH+BW,,
1997-06-25,11:54,12:45,,,OH+BW,,
1997-06-25,15:48,19:34,,,OH+BW,,
1997-06-26,06:20,11:37,,,OH+BW,,
1997-06-26,16:26,19:25,,,OH+BW,,
1997-06-27,06:08,10:35,,,OH+BW,,
1997-06-27,16:37,19:28,,,OH+BW,,
1997-06-28,06:13,11:04,,,OH+BW,,
1997-06-28,16:38,19:30,,,OH+BW,,
1997-06-29,06:36,12:10,,,OH+BW,,
1997-06-29,16:40,19:19,,,OH+BW,,
1997-06-30,06:20,11:40,,,OH+BW,,
1997-06-30,14:45,18:38,,,OH+BW,,
1997-07-01,06:25,12:30,,,OH+BW,,
1997-07-01,16:42,19:32,,,OH+BW,,
1997-07-02,06:20,12:45,,,OH+BW,,
1997-07-02,16:08,19:30,,,OH+BW,,
1997-07-03,16:36,19:38,,,OH+BW,,
1997-07-04,06:50,10:12,,,OH+BW,,
1997-07-04,10:49,11:40,,,OH+BW,,
1997-07-04,16:30,18:36,,,OH+BW,,
1997-07-12,08:38,12:08,,,OH+BW,,
1997-07-12,15:45,19:34,,,OH+BW,,
1997-07-13,06:10,12:56,,,OH+BW,,
1997-07-13,16:50,19:07,,,OH+BW,,
1997-07-14,07:25,11:00,,,OH+BW,,
1997-07-14,15:45,18:05,,,OH+BW,,
1997-07-15,07:14,12:48,,,OH+BW,,
1997-07-15,16:17,19:36,,,OH+BW,,
1997-07-16,15:48,19:28,,,OH+BW,,
1997-07-17,07:22,13:00,,,OH+BW,,
1997-07-17,16:02,19:31,,,OH+BW,,
1997-07-18,06:46,12:45,,,OH+BW,,
1997-07-19,06:35,9:33,,,OH+BW,,
1997-07-26,06:40,9:35,,,OH+BW,,
1997-07-26,13:27,14:30,,,OH+BW,,
1997-07-26,16:30,19:45,,,OH+BW,,
1997-07-27,06:18,11:45,,,OH+BW,,
1997-07-27,16:03,19:33,,,OH+BW,,
1997-08-10,08:33,11:20,,,OH+BW,,
1997-08-10,16:12,19:29,,,OH+BW,,
1997-08-11,06:18,10:10,,,OH+BW,,
1997-08-11,17:10,19:27,,,OH+BW,,
1997-08-12,06:20,11:45,,,OH+BW,,
1997-08-12,16:39,19:27,,,OH+BW,,
1997-08-13,05:59,11:30,,,OH+BW,,
1997-08-13,16:11,19:40,,,OH+BW,,
1997-08-14,06:10,10:41,,,OH+BW,,
1997-08-14,16:19,19:28,,,OH+BW,,
1997-08-15,06:03,10:00,,,OH+BW,,
1997-08-15,14:37,16:13,,,OH+BW,,
1997-08-15,16:45,19:29,,,OH+BW,,
1997-08-16,06:03,12:40,,,OH+BW,,
1997-08-16,15:51,19:25,,,OH+BW,,
1997-08-18,05:58,9:42,,,OH+BW,,
1997-08-18,15:33,23:59,,,OH+BW,,
1997-08-19,00:00,23:59,,,OH+BW,,
1997-08-20,00:00,12:34,,,OH+BW,,
1997-08-20,14:42,23:59,,,OH+BW,,
1997-08-21,00:00,23:59,,,OH+BW,,
1997-08-22,00:00,23:59,,,OH+BW,,
1997-08-23,00:00,10:10,,,OH+BW,,
1997-08-24,16:01,19:16,,,OH+BW,,
1997-08-25,06:07,9:55,,,OH+BW,,
1997-08-25,12:40,14:25,,,OH+BW,,
1997-08-25,16:19,19:15,,,OH+BW,,
1997-08-26,06:08,12:00,,,OH+BW,,
1997-08-26,16:01,19:04,,,OH+BW,,
1997-08-27,06:15,11:00,,,OH+BW,,
1997-08-27,16:29,19:23,,,OH+BW,,
1997-08-28,06:30,11:12,,,OH+BW,,
1997-08-28,16:09,19:10,,,OH+BW,,
1997-08-29,16:23,19:20,,,OH+BW,,
1997-08-30,06:02,12:30,,,OH+BW,,
1997-08-30,16:23,19:15,,,OH+BW,,
1997-08-31,16:55,19:28,,,OH+BW,,
1997-09-01,06:19,10:25,,,OH+BW,,
1997-09-01,13:00,13:55,,,OH+BW,,
1997-09-01,16:38,19:24,,,OH+BW,,
1997-09-02,05:55,11:10,,,OH+BW,,
1997-09-02,16:12,19:27,,,OH+BW,,
1997-09-03,05:59,9:45,,,OH+BW,,
1997-09-03,16:12,19:27,,,OH+BW,,
1997-09-04,06:04,11:25,,,OH+BW,,
1997-09-04,16:43,19:16,,,OH+BW,,
1997-09-05,16:16,19:37,,,OH+BW,,
1997-09-06,06:06,12:31,,,OH+BW,,
1997-09-06,16:09,19:27,,,OH+BW,,
1997-09-07,16:33,19:18,,,OH+BW,,
1997-09-08,06:00,10:30,,,OH+BW,,
1997-09-08,13:00,14:24,,,OH+BW,,
1997-09-08,16:09,19:26,,,OH+BW,,
1997-09-09,05:57,9:25,,,OH+BW,,
1997-09-09,16:20,19:19,,,OH+BW,,
1997-09-10,05:58,12:00,,,OH+BW,,
1997-09-10,16:35,19:26,,,OH+BW,,
1997-09-11,06:01,13:15,,,OH+BW,,
1997-09-11,17:07,19:18,,,OH+BW,,
1997-09-12,15:15,15:58,,,OH+BW,,
1997-09-13,06:15,11:40,,,OH+BW,,
1997-09-13,15:57,19:17,,,OH+BW,,
1997-09-14,06:06,10:27,,,OH+BW,,
1997-09-14,15:57,19:20,,,OH+BW,,
1997-09-15,09:02,11:35,,,OH+BW,,
1997-09-15,14:25,23:59,,,OH+BW,,
1997-09-16,00:00,23:59,,,OH+BW,,
1997-09-17,00:00,11:30,,,OH+BW,,
1997-09-17,13:42,23:59,,,OH+BW,,
1997-09-18,00:00,23:59,,,OH+BW,,
1997-09-19,00:00,23:59,,,OH+BW,,
1997-09-20,00:00,11:40,,,OH+BW,,
1997-09-20,16:58,19:15,,,OH+BW,,
1997-09-27,08:45,9:52,,,OH+BW,,
1997-09-27,16:06,19:13,,,OH+BW,,
1997-09-28,06:15,10:22,,,OH+BW,,
1997-09-28,16:34,19:18,,,OH+BW,,
1997-09-29,06:17,12:20,,,OH+BW,,
1997-09-29,17:12,19:08,,,OH+BW,,
1997-09-30,13:12,13:55,,,OH+BW,,
1997-09-30,15:55,19:10,,,OH+BW,,
1997-10-01,06:04,11:18,,,OH+BW,,
1997-10-01,17:04,19:14,,,OH+BW,,
1997-10-02,06:16,13:40,,,OH+BW,,
1997-10-02,16:33,19:28,,,OH+BW,,
1997-10-03,06:43,10:18,,,OH+BW,,
1997-10-03,17:12,19:19,,,OH+BW,,
1997-10-04,06:06,12:27,,,OH+BW,,
1997-10-04,16:43,19:26,,,OH+BW,,
1997-10-05,12:57,13:40,,,OH+BW,,
1997-10-05,15:40,19:10,,,OH+BW,,
1997-10-06,06:08,10:55,,,OH+BW,,
1997-10-06,16:20,19:17,,,OH+BW,,
1997-10-07,06:00,10:54,,,OH+BW,,
1997-10-07,16:38,19:22,,,OH+BW,,
1997-10-08,06:05,12:00,,,OH+BW,,
1997-10-08,16:38,19:02,,,OH+BW,,
1997-10-09,06:00,8:15,,,OH+BW,,
1997-10-09,20:00,0:00,,,OH+BW,,
1997-10-10,15:49,19:24,,,OH+BW,,
1997-10-11,06:10,9:57,,,OH+BW,,
1997-10-11,16:13,19:20,,,OH+BW,,
1997-10-12,06:18,9:49,,,OH+BW,,
1997-10-12,16:36,19:37,,,OH+BW,,
1997-10-13,06:07,9:53,,,OH+BW,,
1997-10-13,14:12,15:15,,,OH+BW,,
1997-10-13,16:30,19:20,,,OH+BW,,
1997-10-14,15:57,23:59,,,OH+BW,,
1997-10-15,00:00,23:59,,,OH+BW,,
1997-10-16,00:00,23:59,,,OH+BW,,
1997-10-17,00:00,11:23,,,OH+BW,,
1997-10-17,13:58,23:59,,,OH+BW,,
1997-10-18,00:00,23:59,,,OH+BW,,
1997-10-19,00:00,12:55,,,OH+BW,,
1997-10-20,12:15,13:00,,,OH+BW,,
1997-10-20,15:00,19:20,,,OH+BW,,
1997-10-21,06:03,10:35,,,OH+BW,,
1997-10-21,14:11,18:50,,,OH+BW,,
1997-10-23,06:26,8:53,,,OH+BW,,
1998-01-11,16:01,18:30,,,OH+BW,,
1998-01-12,16:02,19:30,,,OH+BW,,
1998-01-17,15:58,19:00,,,OH+BW,,
1998-01-18,05:59,10:24,,,OH+BW,,
1998-01-18,16:14,19:40,,,OH+BW,,
1998-01-19,06:05,11:26,,,OH+BW,,
1998-01-20,06:07,12:35,,,OH+BW,,
1998-01-20,16:14,19:08,,,OH+BW,,
1998-01-21,06:18,11:02,,,OH+BW,,
1998-01-21,16:10,19:57,,,OH+BW,,
1998-01-22,06:47,10:52,,,OH+BW,,
1998-01-22,16:30,19:43,,,OH+BW,,
1998-01-23,06:22,8:37,,,OH+BW,,
1998-01-23,16:20,18:30,,,OH+BW,,
1998-01-25,05:57,9:51,,,OH+BW,,
1998-01-25,16:36,19:40,,,OH+BW,,
1998-01-26,06:39,10:12,,,OH+BW,,
1998-01-26,16:43,19:38,,,OH+BW,,
1998-01-27,06:01,9:50,,,OH+BW,,
1998-01-27,16:30,19:43,,,OH+BW,,
1998-01-28,05:55,10:25,,,OH+BW,,
1998-01-28,16:23,19:41,,,OH+BW,,
1998-01-29,06:18,10:35,,,OH+BW,,
1998-01-29,16:41,19:40,,,OH+BW,,
1998-01-30,05:52,10:17,,,OH+BW,,
1998-01-30,16:40,19:28,,,OH+BW,,
1998-02-01,06:02,10:40,,,OH+BW,,
1998-02-01,16:34,19:21,,,OH+BW,,
1998-02-02,06:22,10:20,,,OH+BW,,
1998-02-02,16:11,19:21,,,OH+BW,,
1998-02-03,06:00,10:50,,,OH+BW,,
1998-02-03,16:30,19:27,,,OH+BW,,
1998-02-04,06:03,11:37,,,OH+BW,,
1998-02-04,16:48,19:30,,,OH+BW,,
1998-02-05,06:04,11:08,,,OH+BW,,
1998-02-06,06:03,11:33,,,OH+BW,,
1998-02-06,16:25,19:32,,,OH+BW,,
1998-02-07,06:04,9:55,,,OH+BW,,
1998-02-07,16:30,19:27,,,OH+BW,,
1998-02-08,06:10,11:07,,,OH+BW,,
1998-02-08,16:31,19:19,,,OH+BW,,
1998-02-09,15:52,23:59,,,OH+BW,,
1998-02-10,00:00,23:59,,,OH+BW,,
1998-02-11,00:00,23:59,,,OH+BW,,
1998-02-12,00:00,11:32,,,OH+BW,,
1998-02-12,14:50,23:59,,,OH+BW,,
1998-02-13,00:00,23:59,,,OH+BW,,
1998-02-14,00:00,11:32,,,OH+BW,,
1998-02-16,06:37,10:12,,,OH+BW,,
1998-02-17,06:27,10:35,,,OH+BW,,
1998-02-17,12:02,19:19,,,OH+BW,,
1998-02-18,06:14,9:46,,,OH+BW,,
1998-02-18,16:22,19:27,,,OH+BW,,
1998-02-19,06:19,10:05,,,OH+BW,,
1998-02-19,16:15,19:30,,,OH+BW,,
1998-02-20,06:08,9:46,,,OH+BW,,
1998-02-22,06:35,10:53,,,OH+BW,,
1998-02-22,16:08,19:25,,,OH+BW,,
1998-02-23,06:05,10:45,,,OH+BW,,
1998-02-23,16:32,19:30,,,OH+BW,,
1998-02-24,06:02,8:35,,,OH+BW,,
1998-02-26,06:14,11:04,,,OH+BW,,
1998-02-26,15:30,19:15,,,OH+BW,,
1998-02-27,06:06,10:08,,,OH+BW,,
1998-02-27,17:04,19:34,,,OH+BW,,
1998-02-28,06:08,19:40,,,OH+BW,,
1998-03-02,06:05,10:25,,,OH+BW,,
1998-03-02,16:48,19:30,,,OH+BW,,
1998-03-03,06:08,10:35,,,OH+BW,,
1998-03-03,17:00,19:28,,,OH+BW,,
1998-03-04,06:00,11:14,,,OH+BW,,
1998-03-04,15:50,19:27,,,OH+BW,,
1998-03-05,17:25,21:30,,,OH+BW,,
1998-03-06,06:00,12:00,,,OH+BW,,
1998-03-06,16:17,19:33,,,OH+BW,,
1998-03-07,05:57,9:54,,,OH+BW,,
1998-03-07,16:44,19:38,,,OH+BW,,
1998-03-08,06:00,10:00,,,OH+BW,,
1998-03-09,16:17,23:59,,,OH+BW,,
1998-03-10,00:00,23:59,,,OH+BW,,
1998-03-11,00:00,11:46,,,OH+BW,,
1998-03-11,14:34,23:59,,,OH+BW,,
1998-03-12,00:00,23:59,,,OH+BW,,
1998-03-13,00:00,23:59,,,OH+BW,,
1998-03-14,00:00,11:18,,,OH+BW,,
1998-03-15,16:28,19:32,,,OH+BW,,
1998-03-16,06:06,10:19,,,OH+BW,,
1998-03-16,16:28,19:22,,,OH+BW,,
1998-03-17,06:12,10:30,,,OH+BW,,
1998-03-17,13:00,19:40,,,OH+BW,,
1998-03-18,06:08,11:11,,,OH+BW,,
1998-03-18,15:10,19:31,,,OH+BW,,
1998-03-19,06:13,10:06,,,OH+BW,,
1998-03-19,16:27,19:24,,,OH+BW,,
1998-03-20,06:10,10:53,,,OH+BW,,
1998-03-20,16:24,19:35,,,OH+BW,,
1998-03-21,06:01,11:09,,,OH+BW,,
1998-03-21,16:27,19:30,,,OH+BW,,
1998-03-29,17:12,19:26,,,OH+BW,,
1998-03-30,06:12,10:13,,,OH+BW,,
1998-03-30,16:45,19:27,,,OH+BW,,
1998-03-31,06:02,10:15,,,OH+BW,,
1998-03-31,16:33,19:21,,,OH+BW,,
1998-04-01,06:07,10:47,,,OH+BW,,
1998-04-01,16:48,19:28,,,OH+BW,,
1998-04-02,06:12,11:07,,,OH+BW,,
1998-04-03,06:00,10:49,,,OH+BW,,
1998-04-03,16:38,19:29,,,OH+BW,,
1998-04-05,06:03,9:57,,,OH+BW,,
1998-04-05,16:41,19:22,,,OH+BW,,
1998-04-06,06:16,10:09,,,OH+BW,,
1998-04-06,16:45,19:39,,,OH+BW,,
1998-04-07,06:13,10:25,,,OH+BW,,
1998-04-07,17:28,19:28,,,OH+BW,,
1998-04-08,06:06,8:43,,,OH+BW,,
1998-04-08,16:48,19:47,,,OH+BW,,
1998-04-09,06:09,10:22,,,OH+BW,,
1998-04-09,16:28,19:29,,,OH+BW,,
1998-04-11,06:07,9:18,,,OH+BW,,
1998-04-11,16:32,19:27,,,OH+BW,,
1998-04-12,16:19,19:15,,,OH+BW,,
1998-04-13,06:08,9:06,,,OH+BW,,
1998-04-14,16:30,19:24,,,OH+BW,,
1998-04-15,06:07,10:01,,,OH+BW,,
1998-04-15,16:23,19:15,,,OH+BW,,
1998-04-16,06:10,9:48,,,OH+BW,,
1998-04-16,16:32,19:23,,,OH+BW,,
1998-04-17,06:04,10:38,,,OH+BW,,
1998-04-17,16:04,19:26,,,OH+BW,,
1998-04-18,06:01,11:00,,,OH+BW,,
1998-04-18,16:09,19:30,,,OH+BW,,
1998-04-19,05:58,11:57,,,OH+BW,,
1998-04-19,16:26,19:20,,,OH+BW,,
1998-04-21,06:08,9:25,,,OH+BW,,
1998-04-28,17:54,19:16,,,OH+BW,,
1998-04-29,05:59,9:56,,,OH+BW,,
1998-04-29,17:08,19:22,,,OH+BW,,
1998-05-03,16:17,19:17,,,OH+BW,,
1998-05-04,06:23,11:16,,,OH+BW,,
1998-05-04,16:38,19:11,,,OH+BW,,
1998-05-05,06:02,10:30,,,OH+BW,,
1998-05-05,16:09,19:13,,,OH+BW,,
1998-05-06,07:30,10:15,,,OH+BW,,
1998-05-06,16:22,19:10,,,OH+BW,,
1998-05-07,06:30,11:23,,,OH+BW,,
1998-05-07,16:15,19:12,,,OH+BW,,
1998-05-08,06:05,9:46,,,OH+BW,,
1998-05-08,17:22,19:02,,,OH+BW,,
1998-05-09,15:08,23:59,,,OH+BW,,
1998-05-10,00:00,23:59,,,OH+BW,,
1998-05-11,00:00,23:59,,,OH+BW,,
1998-05-12,00:00,11:33,,,OH+BW,,
1998-05-12,13:48,23:59,,,OH+BW,,
1998-05-13,00:00,23:59,,,OH+BW,,
1998-05-14,00:00,12:32,,,OH+BW,,
1998-05-15,17:05,19:18,,,OH+BW,,
1998-05-16,05:58,12:50,,,OH+BW,,
1998-05-16,16:29,19:21,,,OH+BW,,
1998-05-17,06:04,11:52,,,OH+BW,,
1998-05-17,16:13,19:20,,,OH+BW,,
1998-05-18,06:05,11:58,,,OH+BW,,
1998-05-18,17:01,19:24,,,OH+BW,,
1998-05-18,20:55,23:10,,,OH+BW,,
1998-05-20,06:11,10:00,,,OH+BW,,
1998-05-20,16:34,19:22,,,OH+BW,,
1998-05-21,08:35,11:16,,,OH+BW,,
1998-05-23,06:03,10:20,,,OH+BW,,
1998-05-23,16:22,19:23,,,OH+BW,,
1998-05-24,06:00,10:23,,,OH+BW,,
1998-05-24,16:21,19:34,,,OH+BW,,
1998-05-25,06:09,10:17,,,OH+BW,,
1998-05-25,16:17,19:21,,,OH+BW,,
1998-05-26,16:28,19:15,,,OH+BW,,
1998-05-27,05:56,10:25,,,OH+BW,,
1998-05-27,16:29,19:22,,,OH+BW,,
1998-05-28,06:04,10:25,,,OH+BW,,
1998-05-28,16:16,19:33,,,OH+BW,,
1998-05-29,06:00,9:33,,,OH+BW,,
1998-05-30,05:58,10:19,,,OH+BW,,
1998-05-30,16:21,19:24,,,OH+BW,,
1998-05-31,06:22,10:57,,,OH+BW,,
1998-06-01,06:00,10:40,,,OH+BW,,
1998-06-01,16:25,19:23,,,OH+BW,,
1998-06-03,06:02,11:28,,,OH+BW,,
1998-06-03,16:11,19:23,,,OH+BW,,
1998-06-04,06:09,10:18,,,OH+BW,,
1998-06-07,16:00,19:04,,,OH+BW,,
1998-06-08,15:22,23:59,,,OH+BW,,
1998-06-09,00:00,23:59,,,OH+BW,,
1998-06-10,00:00,23:59,,,OH+BW,,
1998-06-11,00:00,10:35,,,OH+BW,,
1998-06-11,12:53,23:59,,,OH+BW,,
1998-06-12,00:00,23:59,,,OH+BW,,
1998-06-13,00:00,10:30,,,OH+BW,,
1998-06-14,06:28,10:40,,,OH+BW,,
1998-06-14,16:27,19:17,,,OH+BW,,
1998-06-15,06:07,11:15,,,OH+BW,,
1998-06-15,15:40,16:53,,,OH+BW,,
1998-06-16,05:58,11:00,,,OH+BW,,
1998-06-16,16:44,19:21,,,OH+BW,,
1998-06-17,16:16,19:16,,,OH+BW,,
1998-06-18,16:08,19:17,,,OH+BW,,
1998-06-19,06:08,10:15,,,OH+BW,,
1998-06-19,16:36,19:26,,,OH+BW,,
1998-06-20,06:13,10:40,,,OH+BW,,
1998-06-20,16:18,19:27,,,OH+BW,,
1998-06-21,06:12,10:00,,,OH+BW,,
1998-06-21,16:32,19:19,,,OH+BW,,
1998-06-23,06:05,11:28,,,OH+BW,,
1998-06-23,16:56,19:32,,,OH+BW,,
1998-06-30,06:04,11:13,,,OH+BW,,
1998-06-30,16:34,19:08,,,OH+BW,,
1998-07-01,06:00,11:12,,,OH+BW,,
1998-07-02,17:47,19:21,,,OH+BW,,
1998-07-03,05:59,10:35,,,OH+BW,,
1998-07-03,16:56,19:22,,,OH+BW,,
1998-07-04,06:09,11:18,,,OH+BW,,
1998-07-04,16:47,19:17,,,OH+BW,,
1998-07-05,16:45,19:00,,,OH+BW,,
1998-07-06,06:08,10:00,,,OH+BW,,
1998-07-06,16:54,19:24,,,OH+BW,,
1998-07-07,06:15,13:12,,,OH+BW,,
1998-07-07,15:53,19:22,,,OH+BW,,
1998-07-08,06:14,11:30,,,OH+BW,,
1998-07-08,16:30,19:29,,,OH+BW,,
1998-07-09,06:16,13:45,,,OH+BW,,
1998-07-09,16:39,19:18,,,OH+BW,,
1998-07-10,06:15,9:44,,,OH+BW,,
1998-07-10,16:29,19:27,,,OH+BW,,
1998-07-12,05:55,11:06,,,OH+BW,,
1998-07-12,16:34,19:11,,,OH+BW,,
1998-07-13,05:59,10:13,,,OH+BW,,
1998-07-13,16:10,19:20,,,OH+BW,,
1998-07-14,06:00,9:55,,,OH+BW,,
1998-07-15,16:37,19:14,,,OH+BW,,
1998-07-16,06:02,10:26,,,OH+BW,,
1998-07-16,16:30,19:11,,,OH+BW,,
1998-07-17,06:07,10:25,,,OH+BW,,
1998-07-17,16:38,19:25,,,OH+BW,,
1998-07-18,06:04,11:47,,,OH+BW,,
1998-07-18,16:27,19:13,,,OH+BW,,
1998-07-19,06:07,11:13,,,OH+BW,,
1998-07-19,16:58,19:26,,,OH+BW,,
1998-07-20,06:09,10:05,,,OH+BW,,
1998-07-20,16:07,19:19,,,OH+BW,,
1998-07-21,06:06,9:15,,,OH+BW,,
1998-08-05,05:50,10:50,,,OH+BW,,
1998-08-05,17:13,19:28,,,OH+BW,,
1998-08-06,05:55,13:00,,,OH+BW,,
1998-08-06,14:10,19:28,,,OH+BW,,
1998-08-07,06:02,12:15,,,OH+BW,,
1998-08-07,16:42,19:19,,,OH+BW,,
1998-08-08,05:53,12:40,,,OH+BW,,
1998-08-08,16:46,19:37,,,OH+BW,,
1998-08-09,05:58,11:15,,,OH+BW,,
1998-08-09,17:44,19:30,,,OH+BW,,
1998-08-10,06:47,12:00,,,OH+BW,,
1998-08-17,15:39,19:40,,,OH+BW,,
1998-08-18,05:53,10:10,,,OH+BW,,
1998-08-18,16:07,19:20,,,OH+BW,,
1998-08-19,06:17,10:20,,,OH+BW,,
1998-08-19,16:23,19:38,,,OH+BW,,
1998-08-20,06:25,10:41,,,OH+BW,,
1998-08-20,16:05,19:26,,,OH+BW,,
1998-08-27,17:25,19:19,,,OH+BW,,
1998-08-28,06:01,12:00,,,OH+BW,,
1998-08-28,16:34,19:18,,,OH+BW,,
1998-08-29,06:02,10:05,,,OH+BW,,
1998-08-29,16:34,19:18,,,OH+BW,,
1998-08-30,06:01,11:20,,,OH+BW,,
1998-08-30,16:40,19:19,,,OH+BW,,
1998-08-31,06:02,10:40,,,OH+BW,,
1998-08-31,12:45,13:57,,,OH+BW,,
1998-08-31,16:33,5:31,,,OH+BW,,
1998-09-01,16:52,19:25,,,OH+BW,,
1998-09-02,06:11,11:07,,,OH+BW,,
1998-09-02,16:12,19:21,,,OH+BW,,
1998-09-03,06:04,9:10,,,OH+BW,,
1998-09-03,16:30,19:29,,,OH+BW,,
1998-09-04,15:15,23:59,,,OH+BW,,
1998-09-05,00:00,23:59,,,OH+BW,,
1998-09-06,00:00,23:59,,,OH+BW,,
1998-09-07,00:00,11:37,,,OH+BW,,
1998-09-07,13:35,23:59,,,OH+BW,,
1998-09-08,00:00,23:59,,,OH+BW,,
1998-09-09,00:00,11:14,,,OH+BW,,
1998-09-10,06:14,10:15,,,OH+BW,,
1998-09-10,12:40,13:45,,,OH+BW,,
1998-09-10,15:06,19:30,,,OH+BW,,
1998-09-11,06:08,19:20,,,OH+BW,,
1998-09-12,06:15,19:17,,,OH+BW,,
1998-09-13,06:06,19:29,,,OH+BW,,
1998-09-14,06:09,19:03,,,OH+BW,,
1998-09-15,06:01,9:30,,,OH+BW,,
1998-09-17,06:22,9:30,,,OH+BW,,
1998-09-17,09:45,10:30,,,OH+BW,,
1998-09-17,12:20,13:40,,,OH+BW,,
1998-09-17,16:19,19:23,,,OH+BW,,
1998-09-18,06:04,10:53,,,OH+BW,,
1998-09-18,16:48,19:23,,,OH+BW,,
1998-09-19,06:02,11:00,,,OH+BW,,
1998-09-19,14:00,19:20,,,OH+BW,,
1998-09-20,06:02,10:23,,,OH+BW,,
1998-09-20,16:31,19:25,,,OH+BW,,
1998-09-21,06:01,10:04,,,OH+BW,,
1998-09-21,16:28,19:23,,,OH+BW,,
1998-09-22,05:54,10:15,,,OH+BW,,
1998-09-23,06:03,11:27,,,OH+BW,,
1998-10-02,17:20,19:13,,,OH+BW,,
1998-10-03,06:00,12:00,,,OH+BW,,
1998-10-03,16:27,19:23,,,OH+BW,,
1998-10-04,06:02,10:30,,,OH+BW,,
1998-10-04,12:00,13:52,,,OH+BW,,
1998-10-04,16:38,19:16,,,OH+BW,,
1998-10-05,05:57,10:47,,,OH+BW,,
1998-10-05,15:41,23:59,,,OH+BW,,
1998-10-06,00:00,23:59,,,OH+BW,,
1998-10-07,00:00,11:11,,,OH+BW,,
1998-10-07,13:57,23:59,,,OH+BW,,
1998-10-08,00:00,23:59,,,OH+BW,,
1998-10-09,00:00,10:30,,,OH+BW,,
1998-10-11,06:03,10:58,,,OH+BW,,
1998-10-11,16:41,19:20,,,OH+BW,,
1998-10-12,06:03,10:10,,,OH+BW,,
1998-10-12,15:04,18:10,,,OH+BW,,
1998-10-13,06:07,9:40,,,OH+BW,,
1998-10-13,15:15,18:56,,,OH+BW,,
1998-10-14,06:30,12:23,,,OH+BW,,
1998-10-15,14:25,18:56,,,OH+BW,,
1998-10-16,08:32,16:49,,,OH+BW,,
1998-10-17,09:06,19:38,,,OH+BW,,
1998-10-18,08:09,18:20,,,OH+BW,,
1998-10-19,06:05,10:07,,,OH+BW,,
1998-10-20,05:50,9:48,,,OH+BW,,
1998-10-20,16:40,19:12,,,OH+BW,,
1998-10-21,06:15,10:25,,,OH+BW,,
1998-10-21,16:40,19:12,,,OH+BW,,
1998-10-22,06:00,11:10,,,OH+BW,,
1998-10-22,11:45,13:00,,,OH+BW,,
1998-10-22,14:36,18:38,,,OH+BW,,
1998-10-23,05:59,9:50,,,OH+BW,,
1998-10-23,17:12,19:12,,,OH+BW,,
1998-10-24,07:24,19:15,,,OH+BW,,
1998-10-25,06:37,18:29,,,OH+BW,,
1998-10-26,17:10,19:10,,,OH+BW,,
1998-10-27,06:00,10:00,,,OH+BW,,
1998-10-27,16:00,18:18,,,OH+BW,,
1998-10-28,06:02,10:19,,,OH+BW,,
1998-10-28,14:57,19:38,,,OH+BW,,
1998-10-29,06:05,9:53,,,OH+BW,,
1998-10-29,16:28,19:14,,,OH+BW,,
1998-10-30,09:00,23:59,,,OH+BW,,
1998-10-31,00:00,23:59,,,OH+BW,,
1998-11-01,00:00,20:10,,,OH+BW,,
1998-11-03,05:59,9:36,,,OH+BW,,
1998-11-03,15:31,23:59,,,OH+BW,,
1998-11-04,00:00,23:59,,,OH+BW,,
1998-11-05,00:00,10:50,,,OH+BW,,
1998-11-05,13:32,23:59,,,OH+BW,,
1998-11-06,00:00,23:59,,,OH+BW,,
1998-11-07,00:00,10:21,,,OH+BW,,
1998-11-07,16:40,19:14,,,OH+BW,,
1998-11-08,06:03,9:10,,,OH+BW,,
1998-11-08,09:17,19:17,,,OH+BW,,
1998-11-09,06:02,10:00,,,OH+BW,,
1998-11-09,15:30,19:08,,,OH+BW,,
1998-11-11,05:53,11:00,,,OH+BW,,
1998-11-11,15:58,19:25,,,OH+BW,,
1998-11-12,05:57,11:07,,,OH+BW,,
1998-11-12,16:25,19:15,,,OH+BW,,
1998-11-13,05:45,10:40,,,OH+BW,,
1998-11-13,13:00,14:45,,,OH+BW,,
1998-11-13,16:34,19:20,,,OH+BW,,
1998-12-05,16:07,19:47,,,OH+BW,,
1998-12-06,05:58,11:30,,,OH+BW,,
1998-12-06,17:25,19:40,,,OH+BW,,
1998-12-07,05:57,11:00,,,OH+BW,,
1998-12-08,18:00,19:20,,,OH+BW,,
1998-12-09,07:51,11:28,,,OH+BW,,
1998-12-09,16:22,19:22,,,OH+BW,,
1998-12-10,05:51,11:31,,,OH+BW,,
1998-12-10,16:25,19:30,,,OH+BW,,
1998-12-11,05:50,10:10,,,OH+BW,,
1998-12-11,16:11,19:33,,,OH+BW,,
1998-12-12,05:52,10:25,,,OH+BW,,
1998-12-12,13:00,19:43,,,OH+BW,,
1998-12-13,06:09,12:00,,,OH+BW,,
1998-12-13,16:28,19:30,,,OH+BW,,
1998-12-14,05:48,19:29,,,OH+BW,,
1998-12-15,05:50,13:10,,,OH+BW,,
1998-12-15,15:34,19:32,,,OH+BW,,
1998-12-16,05:51,19:14,,,OH+BW,,
1998-12-17,05:53,18:00,,,OH+BW,,
1998-12-18,06:11,10:00,,,OH+BW,,
1998-12-18,16:14,19:33,,,OH+BW,,
1998-12-19,16:25,19:47,,,OH+BW,,
1998-12-20,05:55,10:55,,,OH+BW,,
1998-12-21,05:58,9:50,,,OH+BW,,
1998-12-21,13:07,14:10,,,OH+BW,,
1998-12-21,16:29,19:24,,,OH+BW,,
1998-12-22,05:53,11:11,,,OH+BW,,
1998-12-22,16:35,19:45,,,OH+BW,,
1998-12-23,06:03,11:07,,,OH+BW,,
1998-12-23,17:00,19:30,,,OH+BW,,
1998-12-24,17:13,19:36,,,OH+BW,,
1999-04-03,06:12,12:50,,,OH+BW,,
1999-04-03,17:00,19:13,,,OH+BW,,
1999-04-04,06:16,12:00,,,OH+BW,,
1999-04-04,16:47,19:33,,,OH+BW,,
1999-04-05,06:00,10:34,,,OH+BW,,
1999-04-05,16:52,19:12,,,OH+BW,,
1999-04-06,06:14,9:46,,,OH+BW,,
1999-04-06,16:35,19:33,,,OH+BW,,
1999-04-11,06:08,10:13,,,OH+BW,,
1999-04-11,16:20,19:18,,,OH+BW,,
1999-04-12,05:58,19:25,,,OH+BW,,
1999-04-13,06:05,13:45,,,OH+BW,,
1999-04-13,17:06,19:26,,,OH+BW,,
1999-04-14,06:10,13:00,,,OH+BW,,
1999-04-14,15:40,17:23,,,OH+BW,,
1999-04-15,16:34,19:29,,,OH+BW,,
1999-04-16,06:01,13:44,,,OH+BW,,
1999-04-16,16:46,19:37,,,OH+BW,,
1999-04-17,06:09,19:19,,,OH+BW,,
1999-04-18,06:03,10:55,,,OH+BW,,
1999-04-18,15:57,19:25,,,OH+BW,,
1999-04-19,06:10,11:20,,,OH+BW,,
1999-04-19,16:10,19:27,,,OH+BW,,
1999-04-20,06:08,9:20,,,OH+BW,,
1999-04-20,12:55,14:41,,,OH+BW,,
1999-04-20,17:10,19:28,,,OH+BW,,
1999-04-22,06:08,11:53,,,OH+BW,,
1999-04-22,16:12,19:14,,,OH+BW,,
1999-04-23,05:59,11:10,,,OH+BW,,
1999-04-23,16:23,19:18,,,OH+BW,,
1999-04-24,05:57,10:18,,,OH+BW,,
1999-04-24,16:48,19:27,,,OH+BW,,
1999-04-25,06:06,11:50,,,OH+BW,,
1999-04-25,16:18,19:09,,,OH+BW,,
1999-04-26,06:03,9:13,,,OH+BW,,
1999-04-27,14:53,23:59,,,OH+BW,,
1999-04-28,00:00,23:59,,,OH+BW,,
1999-04-29,00:00,23:59,,,OH+BW,,
1999-04-30,00:00,11:55,,,OH+BW,,
1999-04-30,13:58,23:59,,,OH+BW,,
1999-05-01,00:00,23:59,,,OH+BW,,
1999-05-02,00:00,23:59,,,OH+BW,,
1999-05-03,00:00,9:48,,,OH+BW,,
1999-05-03,16:25,19:13,,,OH+BW,,
1999-05-04,06:04,10:45,,,OH+BW,,
1999-05-04,16:37,19:25,,,OH+BW,,
1999-05-05,05:58,10:40,,,OH+BW,,
1999-05-05,16:05,18:25,,,OH+BW,,
1999-05-06,05:55,10:48,,,OH+BW,,
1999-05-06,16:25,19:21,,,OH+BW,,
1999-05-07,05:55,10:35,,,OH+BW,,
1999-05-07,16:10,19:20,,,OH+BW,,
1999-05-08,06:12,10:51,,,OH+BW,,
1999-05-08,16:12,19:58,,,OH+BW,,
1999-05-09,06:09,10:40,,,OH+BW,,
1999-05-09,11:25,12:00,,,OH+BW,,
1999-05-09,15:57,16:50,,,OH+BW,,
1999-05-10,05:59,10:30,,,OH+BW,,
1999-05-10,16:31,19:21,,,OH+BW,,
1999-05-11,16:23,19:14,,,OH+BW,,
1999-05-12,05:54,10:45,,,OH+BW,,
1999-05-12,16:12,19:16,,,OH+BW,,
1999-05-13,06:05,10:21,,,OH+BW,,
1999-05-13,17:56,23:59,,,OH+BW,,
1999-05-14,00:00,10:43,,,OH+BW,,
1999-05-14,16:22,19:14,,,OH+BW,,
1999-05-15,06:10,10:40,,,OH+BW,,
1999-05-15,16:25,19:10,,,OH+BW,,
1999-05-16,06:00,17:04,,,OH+BW,,
1999-05-17,06:02,10:11,,,OH+BW,,
1999-05-19,15:02,19:14,,,OH+BW,,
1999-05-20,06:05,10:42,,,OH+BW,,
1999-05-20,16:31,19:34,,,OH+BW,,
1999-05-21,06:00,11:00,,,OH+BW,,
1999-05-21,15:14,19:19,,,OH+BW,,
1999-05-22,06:05,9:30,,,OH+BW,,
1999-05-22,11:08,12:23,,,OH+BW,,
1999-05-22,16:27,19:22,,,OH+BW,,
1999-05-23,06:06,10:17,,,OH+BW,,
1999-05-26,06:47,10:24,,,OH+BW,,
1999-05-26,16:45,19:25,,,OH+BW,,
1999-05-27,15:12,23:59,,,OH+BW,,
1999-05-28,00:00,23:59,,,OH+BW,,
1999-05-29,00:00,11:18,,,OH+BW,,
1999-05-29,13:28,23:59,,,OH+BW,,
1999-05-30,00:00,23:59,,,OH+BW,,
1999-05-31,00:00,23:59,,,OH+BW,,
1999-06-01,00:00,9:47,,,OH+BW,,
1999-06-01,17:28,19:08,,,OH+BW,,
1999-06-02,06:18,11:40,,,OH+BW,,
1999-06-02,14:25,15:19,,,OH+BW,,
1999-06-03,06:15,11:15,,,OH+BW,,
1999-06-03,16:43,19:30,,,OH+BW,,
1999-06-04,05:59,11:00,,,OH+BW,,
1999-06-04,16:11,19:45,,,OH+BW,,
1999-06-05,06:12,10:45,,,OH+BW,,
1999-06-05,16:34,19:35,,,OH+BW,,
1999-06-06,06:16,10:30,,,OH+BW,,
1999-06-08,06:16,10:12,,,OH+BW,,
1999-06-09,06:10,9:50,,,OH+BW,,
1999-11-28,06:40,12:59,,,OH+BW,,
1999-11-28,16:00,18:30,,,OH+BW,,
1999-11-29,06:02,13:03,,,OH+BW,,
1999-11-29,16:00,19:22,,,OH+BW,,
1999-11-30,05:59,11:09,,,OH+BW,,
1999-11-30,16:13,19:17,,,OH+BW,,
1999-12-01,06:04,13:52,,,OH+BW,,
1999-12-01,16:57,19:10,,,OH+BW,,
1999-12-02,06:09,16:30,,,OH+BW,,
1999-12-02,16:50,19:16,,,OH+BW,,
1999-12-03,05:58,10:51,,,OH+BW,,
1999-12-03,16:20,19:17,,,OH+BW,,
1999-12-05,06:03,11:55,,,OH+BW,,
1999-12-05,16:05,19:30,,,OH+BW,,
1999-12-06,06:06,10:23,,,OH+BW,,
1999-12-06,16:17,19:18,,,OH+BW,,
1999-12-07,05:43,10:52,,,OH+BW,,
1999-12-07,16:06,19:08,,,OH+BW,,
1999-12-08,05:43,9:38,,,OH+BW,,
1999-12-08,15:47,16:40,,,OH+BW,,
1999-12-08,17:09,19:57,,,OH+BW,,
1999-12-09,05:46,12:15,,,OH+BW,,
1999-12-09,15:50,19:03,,,OH+BW,,
1999-12-10,05:54,7:50,,,OH+BW,,
1999-12-12,15:30,18:10,,,OH+BW,,
1999-12-13,05:57,11:18,,,OH+BW,,
1999-12-13,16:46,19:28,,,OH+BW,,
1999-12-14,05:49,10:30,,,OH+BW,,
1999-12-14,14:20,16:02,,,OH+BW,,
1999-12-15,05:47,10:55,,,OH+BW,,
1999-12-15,16:31,19:26,,,OH+BW,,
1999-12-17,05:45,9:45,,,OH+BW,,
1999-12-17,16:19,19:16,,,OH+BW,,
1999-12-18,05:47,8:30,,,OH+BW,,
1999-12-18,11:26,12:51,,,OH+BW,,
1999-12-18,16:07,20:15,,,OH+BW,,
1999-12-19,05:47,10:37,,,OH+BW,,
1999-12-20,05:47,9:30,,,OH+BW,,
1999-12-20,16:33,19:29,,,OH+BW,,
1999-12-22,05:48,14:29,,,OH+BW,,
1999-12-23,16:48,19:30,,,OH+BW,,
1999-12-24,05:46,9:27,,,OH+BW,,
1999-12-24,16:35,19:55,,,OH+BW,,
1999-12-25,05:43,10:18,,,OH+BW,,
1999-12-26,05:59,10:24,,,OH+BW,,
1999-12-27,16:51,19:29,,,OH+BW,,
1999-12-28,05:47,10:55,,,OH+BW,,
1999-12-28,16:26,19:33,,,OH+BW,,
1999-12-29,05:49,10:30,,,OH+BW,,
1999-12-29,13:00,14:03,,,OH+BW,,
1999-12-29,16:35,20:07,,,OH+BW,,
1999-12-30,05:47,10:20,,,OH+BW,,
1999-12-30,16:29,19:30,,,OH+BW,,
1999-12-31,06:05,11:50,,,OH+BW,,
1999-12-31,16:32,19:36,,,OH+BW,,
2000-01-07,15:36,19:37,,,OH+BW,,
2000-01-08,05:57,10:40,,,OH+BW,,
2000-01-08,13:00,13:35,,,OH+BW,,
2000-01-08,16:00,19:32,,,OH+BW,,
2000-01-09,05:51,11:35,,,OH+BW,,
2000-01-09,15:50,19:42,,,OH+BW,,
2000-01-10,05:53,10:30,,,OH+BW,,
2000-01-10,16:09,19:38,,,OH+BW,,
2000-01-11,05:58,10:40,,,OH+BW,,
2000-01-11,16:35,19:50,,,OH+BW,,
2000-01-12,05:50,10:35,,,OH+BW,,
2000-01-12,16:05,19:50,,,OH+BW,,
2000-01-13,05:50,9:35,,,OH+BW,,
2000-01-13,11:30,12:23,,,OH+BW,,
2000-01-13,16:25,19:46,,,OH+BW,,
2000-01-14,05:59,9:53,,,OH+BW,,
2000-01-26,05:49,11:11,,,OH+BW,,
2000-01-28,06:12,10:32,,,OH+BW,,
2000-01-28,13:27,14:15,,,OH+BW,,
2000-01-28,15:54,19:40,,,OH+BW,,
2000-01-29,05:55,11:15,,,OH+BW,,
2000-01-29,16:33,19:50,,,OH+BW,,
2000-01-30,05:55,10:40,,,OH+BW,,
2000-01-30,16:43,19:31,,,OH+BW,,
2000-01-31,05:59,11:11,,,OH+BW,,
2000-01-31,16:34,19:50,,,OH+BW,,
2000-02-01,16:28,19:56,,,OH+BW,,
2000-02-02,05:54,9:30,,,OH+BW,,
2000-02-02,13:27,14:15,,,OH+BW,,
2000-02-02,16:45,19:41,,,OH+BW,,
2000-02-03,06:10,11:48,,,OH+BW,,
2000-02-03,16:27,23:59,,,OH+BW,,
2000-02-04,00:00,11:18,,,OH+BW,,
2000-02-04,16:35,19:50,,,OH+BW,,
2000-02-05,06:00,11:28,,,OH+BW,,
2000-02-05,16:33,19:57,,,OH+BW,,
2000-02-06,05:52,11:32,,,OH+BW,,
2000-02-06,16:20,19:50,,,OH+BW,,
2000-02-07,05:57,10:41,,,OH+BW,,
2000-02-07,16:19,19:43,,,OH+BW,,
2000-02-08,06:00,9:00,,,OH+BW,,
2000-02-08,10:44,12:10,,,OH+BW,,
2000-02-08,16:28,19:46,,,OH+BW,,
2000-02-09,16:27,19:35,,,OH+BW,,
2000-02-10,06:00,11:30,,,OH+BW,,
2000-02-10,16:36,20:07,,,OH+BW,,
2000-02-11,06:05,10:37,,,OH+BW,,
2000-02-11,16:31,19:38,,,OH+BW,,
2000-02-12,05:55,9:35,,,OH+BW,,
2000-02-12,11:18,12:10,,,OH+BW,,
2000-02-12,16:49,20:10,,,OH+BW,,
2000-02-13,06:03,14:12,,,OH+BW,,
2000-02-13,16:59,19:42,,,OH+BW,,
2000-02-14,06:02,11:49,,,OH+BW,,
2000-02-15,05:59,12:02,,,OH+BW,,
2000-02-15,16:16,19:50,,,OH+BW,,
2000-02-16,06:05,12:22,,,OH+BW,,
2000-02-16,16:27,20:00,,,OH+BW,,
2000-02-17,06:15,10:30,,,OH+BW,,
2000-02-19,15:54,19:45,,,OH+BW,,
2000-02-20,06:00,10:55,,,OH+BW,,
2000-02-20,17:02,19:53,,,OH+BW,,
2000-02-21,05:56,12:22,,,OH+BW,,
2000-02-21,16:59,20:00,,,OH+BW,,
2000-02-22,05:50,6:50,,,OH+BW,,
2000-02-22,08:00,11:00,,,OH+BW,,
2000-02-23,16:37,19:43,,,OH+BW,,
2000-02-24,06:00,11:52,,,OH+BW,,
2000-02-24,16:32,19:42,,,OH+BW,,
2000-02-25,05:58,10:14,,,OH+BW,,
2000-02-25,16:20,19:48,,,OH+BW,,
2000-02-26,05:57,12:05,,,OH+BW,,
2000-02-26,16:27,19:41,,,OH+BW,,
2000-02-27,05:56,10:30,,,OH+BW,,
2000-02-28,06:05,11:15,,,OH+BW,,
2000-02-28,16:37,19:38,,,OH+BW,,
2000-02-29,05:59,10:42,,,OH+BW,,
2000-02-29,14:03,15:21,,,OH+BW,,
2000-02-29,17:08,19:34,,,OH+BW,,
2000-03-01,16:29,19:34,,,OH+BW,,
2000-03-02,06:00,10:50,,,OH+BW,,
2000-03-02,16:39,19:41,,,OH+BW,,
2000-03-03,05:54,11:17,,,OH+BW,,
2000-03-03,16:35,19:49,,,OH+BW,,
2000-03-04,05:56,10:20,,,OH+BW,,
2000-03-04,16:10,20:00,,,OH+BW,,
2000-03-05,06:08,10:55,,,OH+BW,,
2000-03-05,15:15,16:10,,,OH+BW,,
2000-03-05,18:00,19:26,,,OH+BW,,
2000-03-06,06:00,10:25,,,OH+BW,,
2000-03-06,16:37,19:46,,,OH+BW,,
2000-03-07,05:57,10:46,,,OH+BW,,
2000-03-07,16:27,19:57,,,OH+BW,,
2000-03-10,15:58,19:48,,,OH+BW,,
2000-03-11,05:51,10:20,,,OH+BW,,
2000-03-11,16:34,19:50,,,OH+BW,,
2000-03-12,05:54,11:03,,,OH+BW,,
2000-03-12,16:42,19:32,,,OH+BW,,
2000-03-13,05:56,10:53,,,OH+BW,,
2000-03-13,13:05,14:17,,,OH+BW,,
2000-03-13,16:38,19:37,,,OH+BW,,
2000-03-14,05:56,12:10,,,OH+BW,,
2000-03-14,16:24,19:34,,,OH+BW,,
2000-03-15,06:02,12:30,,,OH+BW,,
2000-03-15,16:06,19:49,,,OH+BW,,
2000-03-16,06:08,11:20,,,OH+BW,,
2000-03-16,16:31,19:43,,,OH+BW,,
2000-03-17,06:03,11:56,,,OH+BW,,
2000-03-17,16:28,19:43,,,OH+BW,,
2000-03-18,06:05,10:15,,,OH+BW,,
2000-03-18,13:03,13:50,,,OH+BW,,
2000-03-18,16:39,19:25,,,OH+BW,,
2000-03-19,06:14,11:11,,,OH+BW,,
2000-03-19,16:47,19:45,,,OH+BW,,
2000-03-20,06:03,9:58,,,OH+BW,,
2000-03-20,16:38,19:20,,,OH+BW,,
2000-03-21,06:11,10:38,,,OH+BW,,
2000-09-03,06:36,11:25,,,OH+BW,,
2000-09-03,14:10,15:05,,,OH+BW,,
2000-09-04,06:03,10:16,,,OH+BW,,
2000-09-04,16:45,19:19,,,OH+BW,,
2000-09-05,06:15,11:30,,,OH+BW,,
2000-09-05,16:51,19:22,,,OH+BW,,
2000-09-06,05:54,11:41,,,OH+BW,,
2000-09-06,16:49,19:34,,,OH+BW,,
2000-09-07,05:55,9:50,,,OH+BW,,
2000-09-07,11:45,12:45,,,OH+BW,,
2000-09-07,16:54,19:19,,,OH+BW,,
2000-09-08,05:53,11:11,,,OH+BW,,
2000-09-08,16:52,19:46,,,OH+BW,,
2000-09-09,05:54,10:50,,,OH+BW,,
2000-09-09,16:53,19:20,,,OH+BW,,
2000-09-10,05:56,10:50,,,OH+BW,,
2000-09-10,17:06,19:23,,,OH+BW,,
2000-09-11,05:52,11:30,,,OH+BW,,
2000-09-11,17:11,19:32,,,OH+BW,,
2000-09-12,05:52,10:33,,,OH+BW,,
2000-09-12,16:55,19:21,,,OH+BW,,
2000-09-13,05:56,11:30,,,OH+BW,,
2000-09-15,16:56,19:27,,,OH+BW,,
2000-09-16,05:52,10:00,,,OH+BW,,
2000-09-16,16:56,19:28,,,OH+BW,,
2000-09-17,05:51,10:22,,,OH+BW,,
2000-09-17,16:37,19:38,,,OH+BW,,
2000-09-18,05:53,9:55,,,OH+BW,,
2000-09-18,11:08,11:57,,,OH+BW,,
2000-09-18,16:49,19:24,,,OH+BW,,
2000-09-19,05:55,10:48,,,OH+BW,,
2000-09-19,16:53,19:26,,,OH+BW,,
2000-09-20,06:56,11:13,,,OH+BW,,
2000-09-20,17:11,19:30,,,OH+BW,,
2000-09-21,06:51,10:22,,,OH+BW,,
2000-09-21,16:50,19:30,,,OH+BW,,
2000-09-22,05:57,12:17,,,OH+BW,,
2000-09-22,17:31,19:27,,,OH+BW,,
2000-09-23,05:52,11:04,,,OH+BW,,
2000-09-23,16:49,19:25,,,OH+BW,,
2000-09-24,05:57,9:57,,,OH+BW,,
2000-09-24,16:14,19:25,,,OH+BW,,
2000-09-25,05:50,10:30,,,OH+BW,,
2000-09-27,05:54,11:05,,,OH+BW,,
2000-09-27,17:04,19:20,,,OH+BW,,
2000-09-29,05:53,13:10,,,OH+BW,,
2000-09-29,13:55,14:44,,,OH+BW,,
2000-09-29,16:51,19:25,,,OH+BW,,
2000-09-30,05:49,9:52,,,OH+BW,,
2000-09-30,16:48,19:33,,,OH+BW,,
2000-10-01,05:51,10:02,,,OH+BW,,
2000-10-01,16:31,23:59,,,OH+BW,,
2000-10-02,00:00,9:54,,,OH+BW,,
2000-10-02,16:41,19:33,,,OH+BW,,
2000-10-03,05:49,9:42,,,OH+BW,,
2000-10-03,16:35,19:28,,,OH+BW,,
2000-10-04,05:54,10:24,,,OH+BW,,
2000-10-06,16:05,19:11,,,OH+BW,,
2000-10-07,05:56,9:50,,,OH+BW,,
2000-10-07,16:48,19:23,,,OH+BW,,
2000-10-08,05:53,10:30,,,OH+BW,,
2000-10-08,16:44,19:33,,,OH+BW,,
2000-10-09,05:51,9:25,,,OH+BW,,
2000-10-09,16:55,19:20,,,OH+BW,,
2000-10-10,05:57,9:30,,,OH+BW,,
2000-10-10,16:42,23:59,,,OH+BW,,
2000-10-11,00:00,9:00,,,OH+BW,,
2000-10-11,16:58,19:26,,,OH+BW,,
2000-10-12,05:48,10:37,,,OH+BW,,
2000-10-12,17:02,19:28,,,OH+BW,,
2000-10-13,16:24,19:27,,,OH+BW,,
2000-10-14,05:46,9:55,,,OH+BW,,
2000-10-14,16:39,19:32,,,OH+BW,,
2000-10-15,05:44,9:53,,,OH+BW,,
2000-10-15,16:37,19:30,,,OH+BW,,
2000-10-16,05:44,9:19,,,OH+BW,,
2000-10-16,16:38,19:23,,,OH+BW,,
2000-10-17,05:48,10:15,,,OH+BW,,
2000-10-17,16:38,19:18,,,OH+BW,,
2000-10-18,05:50,9:20,,,OH+BW,,
2000-10-18,10:36,12:00,,,OH+BW,,
2000-10-20,16:08,19:15,,,OH+BW,,
2000-10-21,05:51,9:50,,,OH+BW,,
2000-10-21,16:52,19:20,,,OH+BW,,
2000-10-22,05:50,9:58,,,OH+BW,,
2000-10-22,16:46,19:12,,,OH+BW,,
2000-10-23,05:48,9:34,,,OH+BW,,
2000-10-23,16:32,19:28,,,OH+BW,,
2000-10-24,05:44,9:25,,,OH+BW,,
2000-10-24,16:09,19:40,,,OH+BW,,
2000-10-25,05:52,10:00,,,OH+BW,,
2000-10-25,16:02,19:46,,,OH+BW,,
2000-10-26,05:58,9:50,,,OH+BW,,
2000-10-27,17:40,19:32,,,OH+BW,,
2000-10-28,16:40,19:27,,,OH+BW,,
2000-10-29,05:42,9:44,,,OH+BW,,
2000-10-29,16:49,19:25,,,OH+BW,,
2000-10-30,05:45,9:45,,,OH+BW,,
2000-10-30,16:31,19:33,,,OH+BW,,
2000-10-31,05:49,10:25,,,OH+BW,,
2000-10-31,11:56,12:51,,,OH+BW,,
2000-10-31,16:50,19:35,,,OH+BW,,
2000-11-01,05:49,10:13,,,OH+BW,,
2000-11-01,15:39,19:32,,,OH+BW,,
2000-11-02,05:50,9:31,,,OH+BW,,
2000-11-02,16:33,19:33,,,OH+BW,,
2000-11-03,05:46,10:02,,,OH+BW,,
2000-11-03,16:28,19:32,,,OH+BW,,
2000-11-04,05:45,11:20,,,OH+BW,,
2000-11-06,16:35,19:16,,,OH+BW,,
2000-11-07,05:47,9:45,,,OH+BW,,
2000-11-07,11:05,11:58,,,OH+BW,,
2000-11-07,16:20,19:30,,,OH+BW,,
2000-11-08,05:46,10:35,,,OH+BW,,
2000-11-08,16:38,20:30,,,OH+BW,,
2000-11-09,05:51,9:55,,,OH+BW,,
2000-11-09,16:46,19:35,,,OH+BW,,
2000-11-10,05:39,9:39,,,OH+BW,,
2000-11-10,16:33,19:35,,,OH+BW,,
2000-11-11,16:38,19:32,,,OH+BW,,
2000-11-12,05:47,9:49,,,OH+BW,,
2000-11-12,16:09,19:35,,,OH+BW,,
2000-11-13,05:46,9:50,,,OH+BW,,
2000-11-13,17:02,19:54,,,OH+BW,,
2000-11-14,05:52,9:35,,,OH+BW,,
2000-11-14,16:11,19:45,,,OH+BW,,
2000-11-15,05:52,10:45,,,OH+BW,,
2000-11-15,16:54,19:36,,,OH+BW,,
2000-11-19,05:50,12:15,,,OH+BW,,
2000-11-19,16:12,19:53,,,OH+BW,,
2000-11-20,05:45,11:13,,,OH+BW,,
2000-11-20,17:00,19:42,,,OH+BW,,
2000-11-21,05:46,12:30,,,OH+BW,,
2000-11-21,16:33,19:33,,,OH+BW,,
2000-11-22,08:40,12:45,,,OH+BW,,
2000-11-22,17:15,19:24,,,OH+BW,,
2000-11-23,08:50,11:50,,,OH+BW,,
2000-11-23,16:53,19:44,,,OH+BW,,
2000-11-24,05:47,10:40,,,OH+BW,,
2000-11-26,16:26,19:37,,,OH+BW,,
2000-11-27,05:46,10:18,,,OH+BW,,
2000-11-27,16:20,19:42,,,OH+BW,,
2000-11-28,05:46,8:30,,,OH+BW,,
2000-12-02,05:48,10:48,,,OH+BW,,
2000-12-02,16:40,19:41,,,OH+BW,,
2000-12-03,05:48,10:20,,,OH+BW,,
2000-12-03,17:03,19:32,,,OH+BW,,
2000-12-04,05:49,10:49,,,OH+BW,,
2000-12-04,16:32,19:38,,,OH+BW,,
2000-12-05,05:49,10:18,,,OH+BW,,
2000-12-05,16:50,19:38,,,OH+BW,,
2000-12-06,05:49,11:15,,,OH+BW,,
2000-12-06,16:43,19:30,,,OH+BW,,
2000-12-07,05:50,10:27,,,OH+BW,,
2000-12-07,15:55,19:44,,,OH+BW,,
2000-12-08,05:44,10:52,,,OH+BW,,
2000-12-08,16:48,19:49,,,OH+BW,,
2000-12-09,05:43,10:25,,,OH+BW,,
2000-12-09,16:46,19:37,,,OH+BW,,
2000-12-10,06:04,10:00,,,OH+BW,,
2000-12-10,16:22,19:20,,,OH+BW,,
2001-07-11,06:15,11:50,,,OH+BW,,
2001-07-11,17:01,19:45,,,OH+BW,,
2001-07-12,06:08,9:59,,,OH+BW,,
2001-07-12,16:34,19:25,,,OH+BW,,
2001-07-13,06:00,13:22,,,OH+BW,,
2001-07-13,16:43,19:46,,,OH+BW,,
2001-07-14,05:52,10:56,,,OH+BW,,
2001-07-14,16:18,19:47,,,OH+BW,,
2001-07-15,05:59,14:40,,,OH+BW,,
2001-07-17,05:55,10:38,,,OH+BW,,
2001-07-17,17:15,19:34,,,OH+BW,,
2001-07-18,05:58,10:33,,,OH+BW,,
2001-07-18,16:45,19:46,,,OH+BW,,
2001-07-19,06:04,9:50,,,OH+BW,,
2001-07-19,17:05,19:37,,,OH+BW,,
2001-07-20,06:06,11:22,,,OH+BW,,
2001-07-20,16:46,19:28,,,OH+BW,,
2001-07-21,06:00,14:17,,,OH+BW,,
2001-07-22,06:03,10:24,,,OH+BW,,
2001-07-22,17:26,19:32,,,OH+BW,,
2001-07-23,05:58,11:45,,,OH+BW,,
2001-07-25,16:48,19:26,,,OH+BW,,
2001-07-26,06:10,12:18,,,OH+BW,,
2001-07-26,16:51,19:31,,,OH+BW,,
2001-07-27,06:01,10:55,,,OH+BW,,
2001-07-27,16:53,19:40,,,OH+BW,,
2001-07-28,05:59,11:10,,,OH+BW,,
2001-07-28,16:32,19:34,,,OH+BW,,
2001-07-29,05:59,10:36,,,OH+BW,,
2001-07-29,16:43,19:30,,,OH+BW,,
2001-07-30,05:59,11:10,,,OH+BW,,
2001-07-30,16:45,19:28,,,OH+BW,,
2001-07-31,05:57,12:40,,,OH+BW,,
2001-08-01,06:04,10:58,,,OH+BW,,
2001-08-01,16:41,19:41,,,OH+BW,,
2001-08-02,06:02,10:40,,,OH+BW,,
2001-08-02,16:44,19:38,,,OH+BW,,
2001-08-03,06:05,10:24,,,OH+BW,,
2001-08-04,17:12,19:38,,,OH+BW,,
2001-08-06,06:03,11:00,,,OH+BW,,
2001-08-06,16:58,19:33,,,OH+BW,,
2001-08-07,06:00,10:51,,,OH+BW,,
2001-08-07,16:48,19:30,,,OH+BW,,
2001-08-08,05:56,10:24,,,OH+BW,,
2001-08-08,16:49,19:38,,,OH+BW,,
2001-08-09,06:03,10:10,,,OH+BW,,
2001-08-09,12:30,13:37,,,OH+BW,,
2001-08-09,16:16,19:36,,,OH+BW,,
2001-08-11,05:57,11:08,,,OH+BW,,
2001-08-11,16:44,19:45,,,OH+BW,,
2001-08-12,06:07,11:05,,,OH+BW,,
2001-08-12,17:38,19:32,,,OH+BW,,
2001-08-13,06:03,10:43,,,OH+BW,,
2001-08-13,16:37,19:38,,,OH+BW,,
2001-08-14,06:08,10:24,,,OH+BW,,
2001-08-14,17:00,19:33,,,OH+BW,,
2001-08-15,06:04,10:40,,,OH+BW,,
2001-08-15,16:38,19:54,,,OH+BW,,
2001-08-16,05:57,11:06,,,OH+BW,,
2001-08-18,16:38,19:45,,,OH+BW,,
2001-08-19,06:00,11:40,,,OH+BW,,
2001-08-19,16:32,19:38,,,OH+BW,,
2001-08-20,05:57,10:00,,,OH+BW,,
2001-08-20,17:00,19:50,,,OH+BW,,
2001-08-21,05:55,11:30,,,OH+BW,,
2001-08-21,16:26,19:51,,,OH+BW,,
2001-08-22,05:54,10:43,,,OH+BW,,
2001-08-22,16:24,19:44,,,OH+BW,,
2001-08-23,05:58,12:23,,,OH+BW,,
2001-08-23,16:20,19:40,,,OH+BW,,
2001-08-24,16:44,19:49,,,OH+BW,,
2001-08-25,05:56,11:49,,,OH+BW,,
2001-08-25,16:43,19:42,,,OH+BW,,
2001-08-26,06:05,10:10,,,OH+BW,,
2001-08-30,17:24,19:38,,,OH+BW,,
2001-08-31,05:55,10:25,,,OH+BW,,
2001-08-31,16:19,20:04,,,OH+BW,,
2001-09-01,05:57,11:45,,,OH+BW,,
2001-09-01,16:31,19:45,,,OH+BW,,
2001-09-02,06:05,11:05,,,OH+BW,,
2001-09-02,16:52,20:33,,,OH+BW,,
2001-09-03,05:55,14:23,,,OH+BW,,
2001-09-06,05:58,10:33,,,OH+BW,,
2001-09-06,15:15,19:37,,,OH+BW,,
2001-09-07,06:00,10:30,,,OH+BW,,
2001-09-07,16:37,19:30,,,OH+BW,,
2001-09-08,06:03,9:30,,,OH+BW,,
2001-09-08,12:00,13:38,,,OH+BW,,
2001-09-09,06:05,11:16,,,OH+BW,,
2001-09-09,16:05,19:51,,,OH+BW,,
2001-09-10,05:59,11:02,,,OH+BW,,
2001-09-11,05:57,9:45,,,OH+BW,,
2001-09-11,10:48,12:42,,,OH+BW,,
2001-09-11,16:42,23:30,,,OH+BW,,
2001-09-12,06:58,10:40,,,OH+BW,,
2001-09-12,12:40,14:10,,,OH+BW,,
2001-09-12,16:34,19:34,,,OH+BW,,
2001-09-14,06:06,9:45,,,OH+BW,,
2001-09-14,11:06,12:45,,,OH+BW,,
2001-09-14,16:44,19:35,,,OH+BW,,
2001-09-15,06:02,9:45,,,OH+BW,,
2001-09-15,16:48,19:30,,,OH+BW,,
2001-09-16,05:57,11:46,,,OH+BW,,
2001-09-16,16:21,19:45,,,OH+BW,,
2001-09-17,06:02,11:10,,,OH+BW,,
2001-09-17,16:15,19:23,,,OH+BW,,
2001-09-18,05:57,10:20,,,OH+BW,,
2001-09-18,16:36,19:34,,,OH+BW,,
2001-09-19,05:59,10:16,,,OH+BW,,
2001-09-19,16:48,19:39,,,OH+BW,,
2001-09-23,06:21,10:12,,,OH+BW,,
2001-09-23,17:30,19:34,,,OH+BW,,
2001-09-24,06:01,9:47,,,OH+BW,,
2001-09-24,16:40,19:40,,,OH+BW,,
2001-09-25,06:30,9:53,,,OH+BW,,
2001-09-25,16:31,19:42,,,OH+BW,,
2001-09-26,05:53,9:44,,,OH+BW,,
2001-09-26,16:20,19:30,,,OH+BW,,
2001-09-27,05:56,10:33,,,OH+BW,,
2001-09-27,17:15,19:30,,,OH+BW,,
2001-09-28,05:58,10:26,,,OH+BW,,
2001-09-28,16:20,19:28,,,OH+BW,,
2001-09-30,05:56,10:56,,,OH+BW,,
2001-09-30,17:10,19:31,,,OH+BW,,
2001-10-01,06:07,10:10,,,OH+BW,,
2001-10-01,16:45,19:43,,,OH+BW,,
2001-10-02,05:59,9:59,,,OH+BW,,
2001-10-02,16:45,19:55,,,OH+BW,,
2001-10-03,05:50,9:20,,,OH+BW,,
2001-10-03,11:01,11:48,,,OH+BW,,
2001-10-05,17:25,19:32,,,OH+BW,,
2001-10-07,05:57,10:30,,,OH+BW,,
2001-10-07,17:10,19:45,,,OH+BW,,
2001-10-08,05:53,11:52,,,OH+BW,,
2001-10-09,16:38,19:38,,,OH+BW,,
2001-10-10,05:59,13:30,,,OH+BW,,
2001-10-11,05:50,9:37,,,OH+BW,,
2001-10-11,16:45,19:44,,,OH+BW,,
2001-10-12,05:48,9:58,,,OH+BW,,
2001-10-12,16:40,19:32,,,OH+BW,,
2001-10-13,05:48,10:04,,,OH+BW,,
2001-10-13,16:30,19:35,,,OH+BW,,
2001-10-15,06:00,9:43,,,OH+BW,,
2001-10-15,16:36,19:13,,,OH+BW,,
2001-10-16,05:55,10:10,,,OH+BW,,
2001-10-17,05:52,9:56,,,OH+BW,,
2001-10-17,16:18,19:30,,,OH+BW,,
2001-10-18,05:51,9:30,,,OH+BW,,
2001-10-18,16:37,19:55,,,OH+BW,,
2001-10-19,05:48,8:44,,,OH+BW,,
2001-10-23,16:14,19:31,,,OH+BW,,
2001-10-24,05:58,10:14,,,OH+BW,,
2001-10-24,16:50,19:27,,,OH+BW,,
2001-10-25,16:54,19:40,,,OH+BW,,
2001-10-26,05:45,10:15,,,OH+BW,,
2001-10-26,16:53,19:19,,,OH+BW,,
2001-10-27,05:51,9:46,,,OH+BW,,
2001-10-27,17:05,19:50,,,OH+BW,,
2001-10-28,05:52,9:50,,,OH+BW,,
2001-10-28,16:33,19:45,,,OH+BW,,
2001-10-29,05:43,10:15,,,OH+BW,,
2001-10-29,16:40,19:28,,,OH+BW,,
2001-10-30,16:58,19:34,,,OH+BW,,
2001-10-31,05:40,10:27,,,OH+BW,,
2001-10-31,17:05,19:12,,,OH+BW,,
2001-11-01,05:48,10:05,,,OH+BW,,
2001-11-01,16:52,19:27,,,OH+BW,,
2001-11-02,05:48,10:55,,,OH+BW,,
2001-11-02,17:09,19:37,,,OH+BW,,
2001-11-03,05:56,11:00,,,OH+BW,,
2001-11-07,05:49,11:55,,,OH+BW,,
2001-11-07,16:53,19:40,,,OH+BW,,
2001-11-08,05:54,10:00,,,OH+BW,,
2001-11-08,15:00,16:10,,,OH+BW,,
2001-11-08,17:26,19:24,,,OH+BW,,
2001-11-09,05:58,12:00,,,OH+BW,,
2001-11-09,16:08,19:49,,,OH+BW,,
2001-11-10,05:49,11:00,,,OH+BW,,
2001-11-11,16:46,19:31,,,OH+BW,,
2001-11-12,05:51,10:30,,,OH+BW,,
2001-11-20,16:23,19:40,,,OH+BW,,
2001-11-21,05:53,10:51,,,OH+BW,,
2001-11-21,16:40,19:38,,,OH+BW,,
2001-11-22,05:57,11:12,,,OH+BW,,
2001-11-22,16:51,19:31,,,OH+BW,,
2001-11-23,05:51,11:16,,,OH+BW,,
2001-11-23,16:45,19:50,,,OH+BW,,
2001-11-24,05:53,10:45,,,OH+BW,,
2001-11-24,16:40,19:43,,,OH+BW,,
2001-11-25,06:01,11:49,,,OH+BW,,
2001-11-25,17:00,20:02,,,OH+BW,,
2001-11-26,05:59,13:50,,,OH+BW,,
2001-11-26,15:15,17:15,,,OH+BW,,
2001-11-27,05:58,10:31,,,OH+BW,,
2001-11-28,15:36,19:30,,,OH+BW,,
2001-11-29,06:07,9:52,,,OH+BW,,
2001-11-29,16:30,19:31,,,OH+BW,,
2001-11-30,15:30,19:40,,,OH+BW,,
2002-03-31,15:10,18:25,,,OH+BW,,
2002-04-01,06:00,10:15,,,OH+BW,,
2002-04-01,16:26,19:30,,,OH+BW,,
2002-04-02,06:00,10:00,,,OH+BW,,
2002-04-02,16:30,18:40,,,OH+BW,,
2002-04-04,05:58,18:47,,,OH+BW,,
2002-04-05,06:00,11:45,,,OH+BW,,
2002-04-05,16:40,18:52,,,OH+BW,,
2002-04-06,06:02,11:05,,,OH+BW,,
2002-04-07,05:59,10:50,,,OH+BW,,
2002-04-07,16:43,18:35,,,OH+BW,,
2002-04-08,06:02,9:30,,,OH+BW,,
2002-04-08,16:20,18:40,,,OH+BW,,
2002-04-09,06:03,12:00,,,OH+BW,,
2002-04-09,16:20,19:10,,,OH+BW,,
2002-04-10,05:56,10:30,,,OH+BW,,
2002-04-11,06:04,8:30,,,OH+BW,,
2002-04-12,05:59,10:53,,,OH+BW,,
2002-04-13,06:03,10:14,,,OH+BW,,
2002-04-13,16:25,19:37,,,OH+BW,,
2002-04-14,05:58,11:00,,,OH+BW,,
2002-04-14,16:58,19:36,,,OH+BW,,
2002-04-15,05:58,12:44,,,OH+BW,,
2002-04-15,16:42,19:40,,,OH+BW,,
2002-04-17,05:54,10:35,,,OH+BW,,
2002-04-17,17:14,19:42,,,OH+BW,,
2002-04-18,06:03,11:13,,,OH+BW,,
2002-04-18,16:41,19:35,,,OH+BW,,
2002-04-19,05:55,8:30,,,OH+BW,,
2002-04-19,10:00,11:40,,,OH+BW,,
2002-04-19,16:50,19:30,,,OH+BW,,
2002-04-20,06:08,9:42,,,OH+BW,,
2002-04-20,16:55,19:40,,,OH+BW,,
2002-04-21,06:11,9:54,,,OH+BW,,
2002-04-22,05:55,10:03,,,OH+BW,,
2002-04-22,17:10,19:30,,,OH+BW,,
2002-04-23,05:58,10:27,,,OH+BW,,
2002-04-23,16:30,19:42,,,OH+BW,,
2002-04-24,06:05,11:38,,,OH+BW,,
2002-04-24,17:12,19:40,,,OH+BW,,
2002-04-26,05:58,10:10,,,OH+BW,,
2002-04-26,16:28,20:15,,,OH+BW,,
2002-04-27,05:54,10:02,,,OH+BW,,
2002-04-27,16:53,19:42,,,OH+BW,,
2002-04-28,05:55,16:10,,,OH+BW,,
2002-05-06,07:00,11:05,,,OH+BW,,
2002-05-06,16:40,19:33,,,OH+BW,,
2002-05-07,05:56,10:20,,,OH+BW,,
2002-05-07,17:00,19:34,,,OH+BW,,
2002-05-08,05:55,9:20,,,OH+BW,,
2002-05-08,16:37,19:26,,,OH+BW,,
2002-05-09,06:03,10:29,,,OH+BW,,
2002-05-13,16:38,19:27,,,OH+BW,,
2002-05-14,05:57,10:00,,,OH+BW,,
2002-05-15,05:58,10:30,,,OH+BW,,
2002-05-15,16:49,19:30,,,OH+BW,,
2002-05-16,05:52,10:38,,,OH+BW,,
2002-05-16,16:36,19:25,,,OH+BW,,
2002-05-17,05:54,9:35,,,OH+BW,,
2002-05-17,16:42,19:45,,,OH+BW,,
2002-05-18,06:01,10:38,,,OH+BW,,
2002-05-18,16:30,19:25,,,OH+BW,,
2002-05-19,05:55,10:08,,,OH+BW,,
2002-05-19,16:51,19:35,,,OH+BW,,
2002-05-20,06:01,9:15,,,OH+BW,,
2002-05-21,06:00,10:45,,,OH+BW,,
2002-05-21,16:50,19:17,,,OH+BW,,
2002-05-22,05:56,10:05,,,OH+BW,,
2002-05-22,16:56,19:33,,,OH+BW,,
2002-05-23,16:11,19:51,,,OH+BW,,
2002-05-24,05:59,9:22,,,OH+BW,,
2002-05-24,16:50,19:35,,,OH+BW,,
2002-05-25,05:53,8:56,,,OH+BW,,
2002-05-25,17:05,19:30,,,OH+BW,,
2002-05-26,05:59,10:35,,,OH+BW,,
2002-05-26,16:52,19:36,,,OH+BW,,
2002-05-27,05:56,10:27,,,OH+BW,,
2002-05-28,17:47,19:40,,,OH+BW,,
2002-05-29,05:58,9:48,,,OH+BW,,
2002-05-29,16:52,19:30,,,OH+BW,,
2002-05-30,05:58,9:52,,,OH+BW,,
2002-05-30,16:03,19:51,,,OH+BW,,
2002-05-31,06:03,9:40,,,OH+BW,,
2002-05-31,17:05,19:30,,,OH+BW,,
2002-06-01,06:04,9:33,,,OH+BW,,
2002-06-01,16:50,19:55,,,OH+BW,,
2002-06-02,17:08,19:38,,,OH+BW,,
2002-06-03,06:05,9:05,,,OH+BW,,
2002-06-03,10:20,11:33,,,OH+BW,,
2002-06-03,16:59,19:25,,,OH+BW,,
2002-06-05,16:50,19:30,,,OH+BW,,
2002-06-06,06:30,9:30,,,OH+BW,,
2002-06-12,15:10,19:25,,,OH+BW,,
2002-06-13,06:02,9:25,,,OH+BW,,
2002-06-14,10:00,11:50,,,OH+BW,,
2002-06-14,16:31,19:29,,,OH+BW,,
2002-06-15,06:01,9:20,,,OH+BW,,
2002-06-15,17:03,19:24,,,OH+BW,,
2002-06-16,06:05,10:30,,,OH+BW,,
2002-06-16,16:38,19:35,,,OH+BW,,
2002-06-17,05:59,9:52,,,OH+BW,,
2002-06-18,17:05,19:34,,,OH+BW,,
2002-06-19,05:54,11:49,,,OH+BW,,
2002-06-19,17:02,19:25,,,OH+BW,,
2002-06-20,06:11,9:53,,,OH+BW,,
2002-06-20,16:17,19:43,,,OH+BW,,
2002-06-21,05:59,9:32,,,OH+BW,,
2002-06-21,16:30,19:32,,,OH+BW,,
2002-06-22,06:09,9:35,,,OH+BW,,
2002-06-22,16:35,19:30,,,OH+BW,,
2002-06-23,05:55,11:39,,,OH+BW,,
2002-06-23,16:40,19:35,,,OH+BW,,
2002-06-24,06:10,10:10,,,OH+BW,,
2002-06-24,16:03,19:45,,,OH+BW,,
2002-06-25,06:02,10:42,,,OH+BW,,
2002-06-26,06:04,10:10,,,OH+BW,,
2002-06-26,17:12,19:32,,,OH+BW,,
2002-06-27,10:15,0:00,,,OH+BW,,
2002-06-28,00:00,17:30,,,OH+BW,,
2002-06-29,06:16,9:27,,,OH+BW,,
2002-07-04,16:19,19:25,,,OH+BW,,
2002-07-05,06:00,10:43,,,OH+BW,,
2002-07-05,16:53,19:46,,,OH+BW,,
2002-07-06,06:06,11:30,,,OH+BW,,
2002-07-06,16:30,19:30,,,OH+BW,,
2002-07-07,06:01,10:26,,,OH+BW,,
2002-07-07,16:48,19:45,,,OH+BW,,
2002-07-08,06:07,9:55,,,OH+BW,,
2002-07-09,06:04,11:50,,,OH+BW,,
2002-07-09,16:52,19:40,,,OH+BW,,
2002-07-10,06:10,8:13,,,OH+BW,,
2002-07-13,11:12,12:00,,,OH+BW,,
2002-07-13,16:44,19:39,,,OH+BW,,
2002-07-14,06:04,11:53,,,OH+BW,,
2002-07-14,16:46,19:27,,,OH+BW,,
2002-07-15,06:02,10:45,,,OH+BW,,
2002-07-15,17:00,19:34,,,OH+BW,,
2002-07-16,06:02,10:50,,,OH+BW,,
2002-07-17,06:02,10:40,,,OH+BW,,
2002-07-18,06:05,9:58,,,OH+BW,,
2002-07-18,16:24,19:54,,,OH+BW,,
2002-07-19,06:03,10:10,,,OH+BW,,
2002-07-19,16:39,20:00,,,OH+BW,,
2002-07-20,06:02,11:00,,,OH+BW,,
2002-07-20,17:50,19:25,,,OH+BW,,
2002-11-04,14:00,18:10,,,OH+BW,,
2002-11-05,06:18,9:32,,,OH+BW,,
2002-11-06,05:57,14:50,,,OH+BW,,
2002-11-07,05:58,11:40,,,OH+BW,,
2002-11-08,06:02,13:50,,,OH+BW,,
2002-11-09,06:01,9:07,,,OH+BW,,
2002-11-10,05:53,12:35,,,OH+BW,,
2002-11-11,05:53,10:05,,,OH+BW,,
2002-11-12,05:57,10:50,,,OH+BW,,
2002-11-13,05:54,9:30,,,OH+BW,,
2002-11-13,16:35,18:05,,,OH+BW,,
2002-11-14,05:53,11:26,,,OH+BW,,
2002-11-14,16:15,19:25,,,OH+BW,,
2002-11-15,05:43,10:15,,,OH+BW,,
2002-11-15,16:00,19:20,,,OH+BW,,
2002-11-16,05:44,10:36,,,OH+BW,,
2002-11-16,16:32,19:16,,,OH+BW,,
2002-11-17,05:46,10:31,,,OH+BW,,
2002-11-17,16:15,19:20,,,OH+BW,,
2002-11-18,05:53,10:02,,,OH+BW,,
2002-11-18,16:36,19:16,,,OH+BW,,
2002-11-20,05:42,10:26,,,OH+BW,,
2002-11-20,16:26,19:30,,,OH+BW,,
2002-11-21,05:45,12:51,,,OH+BW,,
2002-11-21,16:28,19:20,,,OH+BW,,
2002-11-22,05:40,9:09,,,OH+BW,,
2002-11-22,16:50,19:24,,,OH+BW,,
2002-11-23,05:53,13:00,,,OH+BW,,
2002-11-23,16:32,19:40,,,OH+BW,,
2002-11-24,05:51,9:48,,,OH+BW,,
2002-11-24,16:55,19:19,,,OH+BW,,
2002-11-25,05:38,11:12,,,OH+BW,,
2002-11-25,16:22,19:22,,,OH+BW,,
2002-11-26,05:50,9:50,,,OH+BW,,
2002-11-26,16:40,19:17,,,OH+BW,,
2002-11-27,05:54,11:00,,,OH+BW,,
2002-11-27,16:49,19:24,,,OH+BW,,
2002-11-28,05:52,9:51,,,OH+BW,,
2002-11-28,16:15,19:15,,,OH+BW,,
2002-11-30,05:47,10:41,,,OH+BW,,
2002-11-30,16:16,19:23,,,OH+BW,,
2002-12-01,05:49,10:48,,,OH+BW,,
2002-12-01,16:28,19:20,,,OH+BW,,
2002-12-02,05:45,9:20,,,OH+BW,,
2002-12-02,10:30,12:30,,,OH+BW,,
2002-12-10,05:56,11:16,,,OH+BW,,
2002-12-10,15:41,19:45,,,OH+BW,,
2002-12-11,06:00,10:03,,,OH+BW,,
2002-12-11,16:01,19:45,,,OH+BW,,
2002-12-12,05:54,10:56,,,OH+BW,,
2002-12-13,05:55,11:25,,,OH+BW,,
2002-12-13,16:44,19:38,,,OH+BW,,
2002-12-14,05:57,10:45,,,OH+BW,,
2002-12-14,16:45,19:30,,,OH+BW,,
2002-12-15,05:51,10:30,,,OH+BW,,
2002-12-15,16:38,19:38,,,OH+BW,,
2002-12-16,05:52,9:30,,,OH+BW,,
2002-12-16,12:00,13:30,,,OH+BW,,
2002-12-18,17:00,19:40,,,OH+BW,,
2002-12-19,05:53,12:00,,,OH+BW,,
2002-12-19,16:41,19:20,,,OH+BW,,
2002-12-20,06:49,10:48,,,OH+BW,,
2002-12-20,16:12,19:40,,,OH+BW,,
2002-12-21,05:51,11:50,,,OH+BW,,
2002-12-21,16:51,19:24,,,OH+BW,,
2002-12-22,05:52,10:18,,,OH+BW,,
2002-12-22,16:50,19:25,,,OH+BW,,
2002-12-23,05:52,10:25,,,OH+BW,,
2002-12-24,05:55,10:47,,,OH+BW,,
2002-12-24,16:58,19:39,,,OH+BW,,
2002-12-25,05:52,11:00,,,OH+BW,,
2002-12-25,16:18,20:01,,,OH+BW,,
2002-12-28,16:31,19:39,,,OH+BW,,
2002-12-29,06:01,10:26,,,OH+BW,,
2002-12-29,16:55,19:36,,,OH+BW,,
2002-12-30,05:53,10:35,,,OH+BW,,
2002-12-30,16:56,19:45,,,OH+BW,,
2002-12-31,05:50,12:19,,,OH+BW,,
2002-12-31,16:46,19:19,,,OH+BW,,
2003-01-01,07:20,11:37,,,OH+BW,,
2003-01-01,16:39,19:55,,,OH+BW,,
2003-01-02,06:02,12:30,,,OH+BW,,
2003-01-02,16:50,19:20,,,OH+BW,,
2003-01-03,05:52,10:30,,,OH+BW,,
2003-01-05,16:53,19:41,,,OH+BW,,
2003-01-06,05:57,10:00,,,OH+BW,,
2003-01-06,16:16,19:26,,,OH+BW,,
2003-01-07,05:53,10:17,,,OH+BW,,
2003-01-07,16:34,19:40,,,OH+BW,,
2003-01-08,06:13,10:20,,,OH+BW,,
2003-01-12,06:08,11:15,,,OH+BW,,
2003-01-12,17:02,19:47,,,OH+BW,,
2003-01-13,05:57,10:50,,,OH+BW,,
2003-01-13,16:48,19:38,,,OH+BW,,
2003-01-14,05:59,11:11,,,OH+BW,,
2003-01-14,16:59,20:05,,,OH+BW,,
2003-01-15,06:00,10:50,,,OH+BW,,
2003-01-15,14:16,20:10,,,OH+BW,,
2003-01-16,06:08,11:36,,,OH+BW,,
2003-01-16,14:16,19:55,,,OH+BW,,
2003-01-17,06:07,10:40,,,OH+BW,,
2003-01-17,16:35,19:39,,,OH+BW,,
2003-01-18,06:00,10:45,,,OH+BW,,
2003-01-26,06:11,11:25,,,OH+BW,,
2003-01-26,16:50,19:00,,,OH+BW,,
2003-01-27,05:58,9:25,,,OH+BW,,
2003-01-27,16:24,19:31,,,OH+BW,,
2003-01-28,05:52,9:40,,,OH+BW,,
2003-01-28,17:09,19:40,,,OH+BW,,
2003-01-29,05:52,10:52,,,OH+BW,,
2003-01-29,16:53,19:27,,,OH+BW,,
2003-01-30,05:57,11:00,,,OH+BW,,
2003-01-30,16:48,19:32,,,OH+BW,,
2003-01-31,05:54,9:40,,,OH+BW,,
2003-01-31,16:46,19:30,,,OH+BW,,
2003-02-01,05:58,9:46,,,OH+BW,,
2003-02-01,15:24,19:42,,,OH+BW,,
2003-02-04,05:55,12:23,,,OH+BW,,
2003-02-04,16:59,19:32,,,OH+BW,,
2003-02-05,05:58,13:03,,,OH+BW,,
2003-02-05,16:48,19:32,,,OH+BW,,
2003-02-06,06:00,12:05,,,OH+BW,,
2003-02-06,16:41,19:33,,,OH+BW,,
2003-02-07,06:03,11:22,,,OH+BW,,
2003-02-09,05:59,8:52,,,OH+BW,,
2003-02-14,05:51,11:15,,,OH+BW,,
2003-02-14,16:56,19:32,,,OH+BW,,
2003-02-15,06:00,11:45,,,OH+BW,,
2003-02-15,16:58,19:37,,,OH+BW,,
2003-02-16,06:03,8:30,,,OH+BW,,
2003-03-04,15:36,20:06,,,OH+BW,,
2003-03-05,06:00,10:45,,,OH+BW,,
2003-03-06,06:00,10:22,,,OH+BW,,
2003-03-06,16:55,19:32,,,OH+BW,,
2003-03-07,06:01,9:40,,,OH+BW,,
2003-03-07,10:55,11:50,,,OH+BW,,
2003-03-07,17:04,19:49,,,OH+BW,,
2003-03-08,06:01,10:05,,,OH+BW,,
2003-03-08,16:15,19:43,,,OH+BW,,
2003-03-09,05:59,12:00,,,OH+BW,,
2003-03-10,06:03,10:40,,,OH+BW,,
2003-03-11,06:07,11:34,,,OH+BW,,
2003-03-11,16:20,20:11,,,OH+BW,,
2003-03-12,06:00,10:10,,,OH+BW,,
2003-03-13,05:54,9:40,,,OH+BW,,
2003-03-13,16:57,19:42,,,OH+BW,,
2003-03-14,06:01,11:42,,,OH+BW,,
2003-03-14,17:00,19:40,,,OH+BW,,
2003-03-15,06:04,11:10,,,OH+BW,,
2003-03-15,16:50,19:27,,,OH+BW,,
2003-03-16,15:22,19:44,,,OH+BW,,
2003-03-17,06:03,10:07,,,OH+BW,,
2003-03-17,16:27,19:27,,,OH+BW,,
2003-03-18,06:05,11:21,,,OH+BW,,
2003-03-18,17:40,19:24,,,OH+BW,,
2003-03-19,05:58,10:43,,,OH+BW,,
2003-03-19,16:46,19:35,,,OH+BW,,
2003-03-20,05:54,9:50,,,OH+BW,,
2003-03-20,11:45,12:41,,,OH+BW,,
2003-03-20,17:10,19:39,,,OH+BW,,
2003-03-21,05:52,10:30,,,OH+BW,,
2003-03-21,16:51,19:33,,,OH+BW,,
2003-03-23,05:53,10:15,,,OH+BW,,
2003-03-23,16:19,19:46,,,OH+BW,,
2003-03-24,05:53,11:38,,,OH+BW,,
2003-03-24,16:48,19:29,,,OH+BW,,
2003-03-25,06:02,11:39,,,OH+BW,,
2003-03-25,16:55,19:30,,,OH+BW,,
2003-03-26,06:01,10:50,,,OH+BW,,
2003-03-26,17:13,19:40,,,OH+BW,,
2003-03-27,05:59,11:14,,,OH+BW,,
2003-03-27,16:44,19:37,,,OH+BW,,
2003-03-28,05:59,10:20,,,OH+BW,,
2003-03-28,16:53,19:37,,,OH+BW,,
2003-03-29,06:09,12:15,,,OH+BW,,
2003-03-29,16:59,19:30,,,OH+BW,,
2003-03-30,05:59,12:53,,,OH+BW,,
2003-03-30,16:43,19:36,,,OH+BW,,
2003-07-27,07:07,11:05,a,a,OH+BW,,
2003-07-27,17:09,19:22,a,a,OH+BW,,
2003-07-28,06:08,10:17,a,ur,OH+BW,,
2003-07-29,06:16,10:18,a,a,OH+BW,,
2003-07-29,16:57,19:24,a,a,OH+BW,,
2003-07-30,06:03,10:24,a,a,OH+BW,,
2003-07-30,16:37,19:33,a,a,OH+BW,,
2003-07-31,05:59,10:25,a,a,OH+BW,,
2003-07-31,16:44,19:43,a,a,OH+BW,,
2003-08-01,06:00,10:28,a,a,OH+BW,,
2003-08-01,17:14,19:30,a,a,OH+BW,,
2003-08-02,05:59,10:26,a,a,OH+BW,,
2003-08-02,17:04,19:45,a,a,OH+BW,,
2003-08-03,06:03,8:20,a,ur,OH+BW,,
2003-08-05,05:58,11:42,a,a,OH+BW,,
2003-08-05,16:50,19:29,a,a,OH+BW,,
2003-08-06,06:02,12:02,a,a,OH+BW,,
2003-08-06,16:58,19:37,a,a,OH+BW,,
2003-08-07,06:00,9:50,a,a,OH+BW,,
2003-08-07,17:16,19:27,a,a,OH+BW,,
2003-08-08,05:57,10:25,a,a,OH+BW,,
2003-08-08,16:29,19:36,a,a,OH+BW,,
2003-08-09,06:00,10:59,a,a,OH+BW,,
2003-08-09,16:48,19:25,a,a,OH+BW,,
2003-08-10,05:56,10:29,a,a,OH+BW,,
2003-08-10,16:45,19:31,a,a,OH+BW,,
2003-08-11,05:59,9:10,a,ur,OH+BW,,
2003-08-11,17:03,19:23,a,a,OH+BW,,
2003-08-12,05:55,10:50,a,a,OH+BW,,
2003-08-12,16:48,19:40,a,a,OH+BW,,
2003-08-13,05:58,11:04,a,a,OH+BW,,
2003-08-13,16:32,19:40,a,a,OH+BW,,
2003-08-14,05:57,11:47,a,a,OH+BW,,
2003-08-14,17:09,19:26,a,a,OH+BW,,
2003-08-15,07:00,8:20,a,ur,OH+BW,,
2003-08-21,16:57,19:25,a,a,OH+BW,,
2003-08-22,05:56,10:00,a,a,OH+BW,,
2003-08-22,16:41,19:34,a,a,OH+BW,,
2003-08-23,05:59,11:08,a,a,OH+BW,,
2003-08-23,17:02,19:27,a,a,OH+BW,,
2003-08-24,05:59,11:46,a,a,OH+BW,,
2003-08-24,17:00,19:30,a,a,OH+BW,,
2003-08-25,06:01,10:22,a,a,OH+BW,,
2003-08-25,16:44,19:26,a,a,OH+BW,,
2003-08-26,06:00,10:19,a,a,OH+BW,,
2003-08-26,16:45,19:24,a,a,OH+BW,,
2003-08-28,05:59,10:08,a,a,OH+BW,,
2003-08-28,16:44,19:34,a,a,OH+BW,,
2003-08-29,05:57,10:43,a,a,OH+BW,,
2003-08-30,05:58,10:00,a,a,OH+BW,,
2003-09-03,06:02,11:10,a,a,OH+BW,,
2003-09-03,17:03,19:35,a,a,OH+BW,,
2003-09-04,05:58,10:15,a,a,OH+BW,,
2003-09-04,16:50,19:36,a,a,OH+BW,,
2003-09-05,06:01,9:48,a,a,OH+BW,,
2003-09-05,16:24,19:28,a,a,OH+BW,,
2003-09-06,05:57,10:13,a,a,OH+BW,,
2003-09-06,16:50,19:34,a,a,OH+BW,,
2003-09-07,06:04,10:48,a,a,OH+BW,,
2003-09-07,16:35,19:42,a,a,OH+BW,,
2003-09-08,06:06,9:58,a,a,OH+BW,,
2003-09-08,16:58,19:35,a,a,OH+BW,,
2003-09-09,06:02,10:45,a,ur,OH+BW,,
2003-09-09,16:42,19:43,a,a,OH+BW,,
2003-09-12,06:00,12:12,a,a,OH+BW,,
2003-09-12,16:57,19:26,a,a,OH+BW,,
2003-09-14,16:25,19:25,a,a,OH+BW,,
2003-09-15,05:57,10:15,a,a,OH+BW,,
2003-09-15,16:58,19:24,a,a,OH+BW,,
2003-09-16,06:00,10:48,a,a,OH+BW,,
2003-09-17,05:58,10:10,a,a,OH+BW,,
2003-09-19,15:45,19:25,a,a,OH+BW,,
2003-09-20,06:08,9:48,a,a,OH+BW,,
2003-09-20,16:40,19:29,a,a,OH+BW,,
2003-09-26,06:08,10:20,a,a,OH+BW,,
2003-09-26,10:45,19:27,a,a,OH+BW,,
2003-09-27,06:15,19:28,a,a,OH+BW,,
2003-09-28,06:01,19:23,a,a,OH+BW,,
2003-09-29,06:01,11:27,a,ur,OH+BW,,
2003-10-08,07:30,11:00,a,a,OH+BW,,
2003-10-08,16:34,19:28,a,a,OH+BW,,
2003-10-09,05:51,12:16,a,a,OH+BW,,
2003-10-09,16:32,19:29,a,a,OH+BW,,
2003-10-10,06:01,11:16,a,a,OH+BW,,
2003-10-14,06:27,9:55,a,ur,OH+BW,,
2003-10-14,11:16,13:02,ur,a,OH+BW,,
2003-10-15,05:54,9:25,a,a,OH+BW,,
2003-10-15,16:55,19:36,a,a,OH+BW,,
2003-10-17,06:00,9:30,a,ur,OH+BW,,
2003-10-17,16:38,19:11,a,a,OH+BW,,
2003-10-18,06:00,10:08,a,a,OH+BW,,
2003-10-18,17:06,19:44,a,a,OH+BW,,
2003-10-19,05:59,9:43,a,a,OH+BW,,
2003-10-19,17:04,19:22,a,a,OH+BW,,
2003-10-20,06:01,9:40,a,a,OH+BW,,
2003-10-20,16:48,19:30,a,a,OH+BW,,
2003-10-21,16:20,19:30,a,a,OH+BW,,
2003-10-22,05:59,10:48,a,a,OH+BW,,
2003-10-23,05:57,10:24,a,a,OH+BW,,
2003-10-23,16:55,19:34,a,a,OH+BW,,
2003-10-24,05:55,11:18,a,a,OH+BW,,
2003-10-24,17:00,19:31,a,a,OH+BW,,
2003-10-25,05:59,10:32,a,a,OH+BW,,
2003-10-25,16:36,19:25,a,a,OH+BW,,
2003-10-26,05:59,9:48,a,a,OH+BW,,
2003-10-26,15:49,19:33,a,a,OH+BW,,
2003-10-27,06:00,9:50,a,ur,OH+BW,,
2003-10-27,11:40,12:26,ur,a,OH+BW,,
2003-10-27,16:57,19:23,a,a,OH+BW,,
2003-10-29,06:05,10:33,a,a,OH+BW,,
2003-10-29,17:03,19:25,a,a,OH+BW,,
2003-10-30,05:57,10:05,a,a,OH+BW,,
2003-10-30,16:11,19:32,a,a,OH+BW,,
2003-10-31,06:01,11:27,a,a,OH+BW,,
2003-10-31,16:47,19:32,a,a,OH+BW,,
2003-11-01,06:07,10:25,a,a,OH+BW,,
2003-11-02,05:55,10:35,a,a,OH+BW,,
2003-11-02,16:47,19:30,a,a,OH+BW,,
2003-11-03,06:05,9:50,a,ur,OH+BW,,
2003-11-03,12:02,13:10,a,a,OH+BW,,
2003-11-06,05:53,11:04,a,a,OH+BW,,
2003-11-06,16:24,19:19,a,a,OH+BW,,
2003-11-07,06:04,10:44,a,a,OH+BW,,
2003-11-07,17:10,19:23,ur,a,OH+BW,,
2003-11-08,06:08,10:20,a,a,OH+BW,,
2003-11-08,17:17,19:21,a,a,OH+BW,,
2003-11-09,06:12,9:55,a,a,OH+BW,,
2003-11-09,16:38,19:42,a,a,OH+BW,,
2003-11-10,16:56,19:35,a,a,OH+BW,,
2003-11-11,05:45,10:15,a,a,OH+BW,,
2003-11-13,05:55,10:09,a,a,OH+BW,,
2003-11-14,06:02,11:48,a,a,OH+BW,,
2003-11-14,16:58,19:20,a,a,OH+BW,,
2003-11-15,06:04,10:57,a,a,OH+BW,,
2003-11-15,16:36,19:32,a,a,OH+BW,,
2003-11-16,06:06,10:29,a,a,OH+BW,,
2003-11-16,16:25,19:26,a,a,OH+BW,,
2003-11-17,06:11,9:50,a,a,OH+BW,,
2003-11-17,13:35,14:25,a,a,OH+BW,,
2003-11-17,16:50,19:21,a,a,OH+BW,,
2003-11-18,06:02,9:46,a,a,OH+BW,,
2003-11-18,17:14,19:15,a,a,OH+BW,,
2004-04-06,12:30,13:45,dr,a,OH+BW,,
2004-04-07,08:48,10:20,a,ur,OH+BW,,
2004-04-07,12:30,15:05,dr,a,OH+BW,,
2004-04-07,16:24,19:40,a,a,OH+BW,,
2004-04-08,06:13,12:00,a,a,OH+BW,,
2004-04-08,16:30,19:34,a,a,OH+BW,,
2004-04-09,05:59,9:21,a,ur,OH+BW,,
2004-04-12,06:04,11:49,a,a,OH+BW,,
2004-04-12,17:04,19:20,a,a,OH+BW,,
2004-04-13,06:04,9:50,a,ur,OH+BW,,
2004-04-13,16:48,19:59,a,a,OH+BW,,
2004-04-14,06:04,10:26,a,a,OH+BW,,
2004-04-14,16:41,19:30,a,a,OH+BW,,
2004-04-15,06:10,10:07,a,a,OH+BW,,
2004-04-15,16:51,19:34,a,a,OH+BW,,
2004-04-16,06:10,9:40,a,ur,OH+BW,,
2004-04-16,11:53,13:30,dr,a,OH+BW,,
2004-04-17,17:00,19:28,a,a,OH+BW,,
2004-04-18,06:50,12:10,a,a,OH+BW,,
2004-04-18,16:27,19:23,a,a,OH+BW,,
2004-04-19,05:40,11:15,a,a,OH+BW,,
2004-04-19,16:34,19:21,a,a,OH+BW,,
2004-04-20,05:56,11:14,a,a,OH+BW,,
2004-04-21,06:02,12:23,a,a,OH+BW,,
2004-04-21,16:13,19:37,a,a,OH+BW,,
2004-04-22,05:52,11:32,a,a,OH+BW,,
2004-04-22,17:03,19:26,a,a,OH+BW,,
2004-04-23,05:55,9:53,a,a,OH+BW,,
2004-04-23,16:48,19:37,a,a,OH+BW,,
2004-04-24,05:50,11:52,a,a,OH+BW,,
2004-04-24,17:05,19:23,a,a,OH+BW,,
2004-04-25,05:57,11:40,a,ur,OH+BW,,
2004-04-25,16:57,19:42,a,a,OH+BW,,
2004-04-26,06:00,10:40,a,a,OH+BW,,
2004-04-27,05:56,11:03,a,a,OH+BW,,
2004-04-30,17:19,19:23,a,a,OH+BW,,
2004-05-01,06:06,10:26,a,a,OH+BW,,
2004-05-01,17:00,19:15,a,a,OH+BW,,
2004-05-02,06:02,10:50,a,a,OH+BW,,
2004-05-02,16:58,19:30,a,a,OH+BW,,
2004-05-03,06:10,11:22,a,a,OH+BW,,
2004-05-03,17:00,19:22,a,a,OH+BW,,
2004-05-05,15:51,19:32,a,a,OH+BW,,
2004-05-06,06:02,11:40,a,ur,OH+BW,,
2004-05-07,05:58,11:10,a,a,OH+BW,,
2004-05-07,16:42,19:26,a,a,OH+BW,,
2004-05-08,06:02,10:15,a,a,OH+BW,,
2004-05-08,17:14,19:15,a,a,OH+BW,,
2004-05-09,05:57,11:56,a,a,OH+BW,,
2004-05-09,16:53,19:21,a,a,OH+BW,,
2004-05-11,06:09,11:15,a,a,OH+BW,,
2004-05-11,16:26,19:27,a,a,OH+BW,,
2004-05-12,06:55,12:12,a,a,OH+BW,,
2004-05-12,16:41,19:20,a,a,OH+BW,,
2004-05-13,06:02,10:20,a,a,OH+BW,,
2004-05-14,05:57,10:26,a,a,OH+BW,,
2004-05-14,16:43,19:28,a,a,OH+BW,,
2004-05-15,05:58,10:41,a,a,OH+BW,,
2004-05-15,16:24,19:27,a,a,OH+BW,,
2004-05-16,05:57,10:27,a,a,OH+BW,,
2004-05-16,16:37,19:38,a,a,OH+BW,,
2004-05-18,06:04,10:20,a,a,OH+BW,,
2004-05-18,16:53,19:30,a,a,OH+BW,,
2004-05-19,05:55,10:05,a,a,OH+BW,,
2004-05-19,17:18,19:26,a,a,OH+BW,,
2004-05-20,06:00,10:04,a,ur,OH+BW,,
2004-05-22,06:00,11:03,a,a,OH+BW,,
2004-05-22,16:45,19:02,a,a,OH+BW,,
2004-05-23,06:03,10:48,a,a,OH+BW,,
2004-05-23,17:06,19:20,a,a,OH+BW,,
2004-05-24,05:57,9:50,a,a,OH+BW,,
2004-05-24,16:49,19:27,a,a,OH+BW,,
2004-05-25,05:55,10:53,a,a,OH+BW,,
2004-05-25,17:14,19:26,a,a,OH+BW,,
2004-05-26,05:56,11:19,a,a,OH+BW,,
2004-05-26,16:59,19:31,a,a,OH+BW,,
2004-05-28,06:04,10:02,a,ur,OH+BW,,
2004-05-28,13:05,14:02,dr,a,OH+BW,,
2004-05-28,16:46,19:28,a,a,OH+BW,,
2004-05-29,05:57,10:07,a,a,OH+BW,,
2004-05-29,16:38,19:31,a,a,OH+BW,,
2004-05-31,06:02,11:36,a,a,OH+BW,,
2004-05-31,16:56,19:32,a,a,OH+BW,,
2004-06-01,06:00,10:49,a,a,OH+BW,,
2004-06-01,16:57,19:18,a,a,OH+BW,,
2004-06-03,06:03,10:48,a,a,OH+BW,,
2004-06-03,17:20,19:29,a,a,OH+BW,,
2004-06-05,06:05,10:56,a,a,OH+BW,,
2004-06-06,16:58,19:32,a,a,OH+BW,,
2004-06-07,05:52,11:04,a,a,OH+BW,,
2004-06-07,17:05,19:26,a,a,OH+BW,,
2004-06-08,05:52,10:50,a,a,OH+BW,,
2004-06-10,06:09,12:42,a,a,OH+BW,,
2004-06-10,16:36,19:30,a,a,OH+BW,,
2004-06-11,06:04,9:55,a,ur,OH+BW,,
2004-06-13,06:30,10:54,a,a,OH+BW,,
2004-06-13,17:05,19:38,a,a,OH+BW,,
2004-06-14,05:55,10:13,a,a,OH+BW,,
2004-06-14,16:48,19:35,a,a,OH+BW,,
2004-06-17,06:00,11:20,a,a,OH+BW,,
2004-06-17,16:50,19:20,a,a,OH+BW,,
2004-06-18,06:08,11:46,a,a,OH+BW,,
2004-06-18,17:02,19:36,a,a,OH+BW,,
2004-06-19,06:10,10:28,a,ur,OH+BW,,
2004-06-20,12:45,14:00,dr,a,OH+BW,,
2004-06-21,05:58,18:25,a,a,OH+BW,,
2004-06-22,06:00,11:48,a,a,OH+BW,,
2004-06-22,15:58,19:30,a,a,OH+BW,,
2004-06-23,05:55,11:58,a,a,OH+BW,,
2004-06-23,14:56,19:22,a,a,OH+BW,,
2004-06-24,06:06,11:55,a,ur,OH+BW,,
2004-06-24,16:08,17:50,a,ur,OH+BW,,
2004-06-25,05:54,20:15,a,a,OH+BW,,
2004-06-26,06:15,12:53,a,a,OH+BW,,
2004-06-26,16:44,19:28,a,a,OH+BW,,
2004-06-27,06:00,10:23,a,a,OH+BW,,
2004-06-27,16:51,19:29,a,a,OH+BW,,
2004-06-28,06:03,10:13,a,a,OH+BW,,
2004-06-28,17:25,19:35,a,a,OH+BW,,
2004-10-12,13:30,14:40,dr,a,OH+BW,,
2004-10-13,06:04,11:23,a,a,OH+BW,,
2004-10-13,17:03,19:21,a,a,OH+BW,,
2004-10-14,05:58,11:05,a,a,OH+BW,,
2004-10-15,05:56,10:25,a,ur,OH+BW,,
2004-10-15,16:40,19:08,a,a,OH+BW,,
2004-10-16,05:59,10:28,a,a,OH+BW,,
2004-10-16,17:03,19:10,a,a,OH+BW,,
2004-10-18,05:56,11:15,a,a,OH+BW,,
2004-10-18,16:40,19:15,a,a,OH+BW,,
2004-10-19,05:56,11:04,a,a,OH+BW,,
2004-10-19,16:41,19:34,a,a,OH+BW,,
2004-10-20,06:00,10:38,a,a,OH+BW,,
2004-10-20,16:51,19:18,a,a,OH+BW,,
2004-10-21,05:55,9:45,a,ur,OH+BW,,
2004-10-21,13:30,18:46,a,a,OH+BW,,
2004-10-22,06:02,10:30,a,a,OH+BW,,
2004-10-22,16:55,19:34,a,a,OH+BW,,
2004-10-24,16:27,19:40,a,a,OH+BW,,
2004-10-25,06:00,12:45,a,a,OH+BW,,
2004-10-26,06:00,10:02,a,ur,OH+BW,,
2004-10-26,14:30,15:30,dr,a,OH+BW,,
2004-10-26,17:30,19:33,a,a,OH+BW,,
2004-10-27,06:06,10:01,a,a,OH+BW,,
2004-10-28,16:59,19:16,a,a,OH+BW,,
2004-10-29,05:54,11:23,a,a,OH+BW,,
2004-10-29,16:32,19:23,a,a,OH+BW,,
2004-10-30,05:57,9:53,a,a,OH+BW,,
2004-11-03,06:00,11:13,a,a,OH+BW,,
2004-11-03,16:34,19:55,a,a,OH+BW,,
2004-11-04,05:57,10:45,a,a,OH+BW,,
2004-11-04,16:42,19:28,a,a,OH+BW,,
2004-11-05,06:01,11:45,a,a,OH+BW,,
2004-11-05,17:10,19:35,a,a,OH+BW,,
2004-11-06,05:55,10:55,a,a,OH+BW,,
2004-11-06,16:37,19:25,a,a,OH+BW,,
2004-11-07,05:55,10:42,a,a,OH+BW,,
2004-11-07,17:12,19:22,a,a,OH+BW,,
2004-11-08,06:06,10:20,a,a,OH+BW,,
2004-11-15,17:23,19:16,a,a,OH+BW,,
2004-11-16,06:02,11:29,a,a,OH+BW,,
2004-11-16,16:53,19:27,a,a,OH+BW,,
2004-11-18,05:56,9:43,a,ur,OH+BW,,
2004-11-18,13:15,14:12,dr,a,OH+BW,,
2004-11-18,17:00,19:32,a,a,OH+BW,,
2004-11-19,06:00,10:23,a,a,OH+BW,,
2004-11-19,16:55,19:27,a,a,OH+BW,,
2004-11-20,05:57,9:45,a,a,OH+BW,,
2004-11-20,16:42,19:25,a,a,OH+BW,,
2004-11-21,05:57,9:59,a,a,OH+BW,,
2004-11-21,16:37,19:23,a,a,OH+BW,,
2004-11-22,06:00,11:13,a,a,OH+BW,,
2004-11-22,16:34,19:27,a,a,OH+BW,,
2004-11-23,06:02,10:19,a,a,OH+BW,,
2004-11-23,16:45,19:13,a,a,OH+BW,,
2004-11-25,05:57,11:48,a,a,OH+BW,,
2004-11-25,16:57,19:28,a,a,OH+BW,,
2004-11-26,05:53,11:04,a,a,OH+BW,,
2004-11-26,16:57,19:40,a,a,OH+BW,,
2004-11-28,05:53,10:17,a,a,OH+BW,,
2004-11-28,16:56,19:28,a,a,OH+BW,,
2004-11-29,05:59,10:43,a,a,OH+BW,,
2004-11-30,05:55,10:11,a,a,OH+BW,,
2004-11-30,17:20,19:27,a,a,OH+BW,,
2004-12-01,05:55,9:43,a,a,OH+BW,,
2004-12-01,16:46,19:27,a,a,OH+BW,,
2004-12-02,06:00,10:50,a,a,OH+BW,,
2004-12-02,17:07,19:23,a,a,OH+BW,,
2004-12-05,06:03,10:19,a,a,OH+BW,,
2004-12-05,16:50,19:35,a,a,OH+BW,,
2004-12-06,06:01,10:35,a,a,OH+BW,,
2004-12-06,16:34,19:29,a,a,OH+BW,,
2004-12-07,05:59,9:53,a,a,OH+BW,,
2004-12-07,16:23,19:18,a,a,OH+BW,,
2004-12-08,05:58,10:30,a,a,OH+BW,,
2004-12-08,16:53,19:30,a,a,OH+BW,,
2004-12-09,06:31,9:30,a,a,OH+BW,,
2004-12-13,16:47,19:30,a,a,OH+BW,,
2004-12-14,06:01,9:40,a,a,OH+BW,,
2004-12-14,17:26,19:23,a,a,OH+BW,,
2004-12-15,06:01,10:01,a,a,OH+BW,,
2004-12-15,16:32,19:31,a,a,OH+BW,,
2004-12-16,06:01,11:18,a,a,OH+BW,,
2004-12-18,06:06,10:16,a,a,OH+BW,,
2004-12-18,16:41,19:41,a,a,OH+BW,,
2004-12-19,05:55,10:21,a,a,OH+BW,,
2004-12-19,17:06,19:35,a,a,OH+BW,,
2004-12-20,06:07,11:30,a,ur,OH+BW,,
2004-12-20,16:49,19:33,a,a,OH+BW,,
2004-12-21,17:02,19:37,a,a,OH+BW,,
2004-12-22,06:02,10:06,a,a,OH+BW,,
2004-12-22,16:40,19:45,a,a,OH+BW,,
2004-12-23,06:03,11:12,a,a,OH+BW,,
2004-12-23,17:01,19:44,a,a,OH+BW,,
2004-12-24,06:01,11:18,a,a,OH+BW,,
2004-12-27,05:58,10:25,a,a,OH+BW,,
2004-12-27,16:44,19:43,a,a,OH+BW,,
2004-12-28,05:57,9:25,a,a,OH+BW,,
2004-12-28,10:35,11:33,dr,a,OH+BW,,
2004-12-28,16:54,19:31,a,a,OH+BW,,
2004-12-29,06:00,11:15,a,a,OH+BW,,
2004-12-29,17:07,19:37,a,a,OH+BW,,
2004-12-30,05:56,11:14,a,a,OH+BW,,
2004-12-30,16:50,19:35,a,a,OH+BW,,
2004-12-31,05:54,10:48,a,a,OH+BW,,
2004-12-31,16:45,19:36,a,a,OH+BW,,
2005-01-01,06:02,11:51,a,a,OH+BW,,
2005-01-01,16:41,19:41,a,a,OH+BW,,
2005-01-02,06:01,9:52,a,a,OH+BW,,
2005-01-02,16:51,19:38,a,a,OH+BW,,
2005-01-03,05:59,10:00,a,ur,OH+BW,,
2005-01-03,12:00,12:55,ur,a,OH+BW,,
2005-01-06,05:58,9:56,a,a,OH+BW,,
2005-01-06,16:47,19:36,a,a,OH+BW,,
2005-01-07,06:05,9:57,a,a,OH+BW,,
2005-01-07,17:12,19:35,a,a,OH+BW,,
2005-01-08,05:58,10:15,a,a,OH+BW,,
2005-01-08,16:55,19:48,a,a,OH+BW,,
2005-01-09,06:03,9:53,a,a,OH+BW,,
2005-01-10,06:03,9:50,a,a,OH+BW,,
2005-01-10,17:02,19:30,a,a,OH+BW,,
2005-01-14,16:37,19:37,a,a,OH+BW,,
2005-01-15,06:16,11:30,a,a,OH+BW,,
2005-01-16,16:47,19:49,a,a,OH+BW,,
2005-01-18,06:06,10:14,a,a,OH+BW,,
2005-01-18,16:59,19:50,a,a,OH+BW,,
2005-01-19,06:00,9:57,a,a,OH+BW,,
2005-01-20,06:11,10:38,a,ur,OH+BW,,
2005-01-21,06:06,10:52,a,a,OH+BW,,
2005-01-21,17:08,19:35,a,a,OH+BW,,
2005-01-22,06:03,10:09,a,a,OH+BW,,
2005-01-22,16:45,19:54,a,a,OH+BW,,
2005-01-24,06:12,10:39,a,a,OH+BW,,
2005-01-24,16:56,19:37,a,a,OH+BW,,
2005-01-25,06:02,10:20,a,a,OH+BW,,
2005-01-26,05:57,11:08,a,a,OH+BW,,
2005-01-29,06:12,10:07,a,a,OH+BW,,
2005-01-29,16:41,19:36,a,a,OH+BW,,
2005-01-30,06:00,12:30,a,a,OH+BW,,
2005-01-31,06:06,10:06,a,a,OH+BW,,
2005-01-31,16:39,19:40,a,a,OH+BW,,
2005-02-01,06:07,11:53,a,a,OH+BW,,
2005-02-02,06:08,13:06,a,a,OH+BW,,
2005-02-03,05:58,10:03,a,ur,OH+BW,,
2005-02-03,16:35,19:44,a,a,OH+BW,,
2005-02-05,17:20,19:43,a,a,OH+BW,,
2005-02-06,06:03,11:45,a,a,OH+BW,,
2005-02-07,06:00,10:20,a,a,OH+BW,,
2005-02-07,16:37,19:55,a,a,OH+BW,,
2005-02-08,06:07,10:01,a,a,OH+BW,,
2005-02-09,06:00,9:31,a,a,OH+BW,,
2005-02-10,16:56,19:30,a,a,OH+BW,,
2005-02-11,05:55,10:03,a,ur,OH+BW,,
2005-02-11,16:50,19:39,a,a,OH+BW,,
2005-02-12,05:59,12:05,a,a,OH+BW,,
2005-02-12,17:36,19:41,a,a,OH+BW,,
2005-02-13,05:55,9:52,a,a,OH+BW,,
2005-02-13,17:04,19:42,a,a,OH+BW,,
2005-02-14,06:16,10:30,a,ur,OH+BW,,
2005-02-15,17:10,19:23,a,a,OH+BW,,
2005-06-13,10:40,13:36,a,a,OH+BW,,
2005-06-14,06:08,12:25,a,ur,OH+BW,,
2005-06-14,14:00,15:00,ur,a,OH+BW,,
2005-06-15,06:06,11:13,a,a,OH+BW,,
2005-06-15,16:42,19:35,a,a,OH+BW,,
2005-06-16,06:08,12:33,a,a,OH+BW,,
2005-06-16,16:50,19:20,a,a,OH+BW,,
2005-06-18,06:04,12:05,a,a,OH+BW,,
2005-06-18,16:20,19:15,a,a,OH+BW,,
2005-06-19,06:10,19:05,a,a,OH+BW,,
2005-06-20,06:03,10:35,a,a,OH+BW,,
2005-06-20,12:42,14:37,a,a,OH+BW,,
2005-06-21,05:59,12:12,a,a,OH+BW,,
2005-06-21,16:46,19:34,a,a,OH+BW,,
2005-06-22,06:00,12:17,a,a,OH+BW,,
2005-06-22,16:49,19:26,a,a,OH+BW,,
2005-06-23,05:58,14:27,a,a,OH+BW,,
2005-06-24,06:08,10:13,a,ur,OH+BW,,
2005-06-24,12:32,13:23,dr,a,OH+BW,,
2005-06-24,17:03,19:27,a,a,OH+BW,,
2005-06-25,06:03,10:47,a,a,OH+BW,,
2005-06-26,06:06,11:53,a,a,OH+BW,,
2005-06-26,16:08,19:34,a,a,OH+BW,,
2005-06-27,06:04,10:38,a,a,OH+BW,,
2005-06-27,16:23,19:31,a,a,OH+BW,,
2005-06-28,06:09,13:00,a,a,OH+BW,,
2005-06-28,16:34,19:36,a,a,OH+BW,,
2005-06-29,06:09,12:14,a,a,OH+BW,,
2005-07-02,06:15,11:27,a,a,OH+BW,,
2005-07-02,16:53,19:31,a,a,OH+BW,,
2005-07-05,06:09,10:46,a,ur,OH+BW,,
2005-07-05,12:35,14:02,ur,a,OH+BW,,
2005-07-05,17:15,19:30,a,a,OH+BW,,
2005-07-06,06:08,11:11,a,a,OH+BW,,
2005-07-07,06:07,11:00,a,a,OH+BW,,
2005-07-07,17:03,19:55,a,a,OH+BW,,
2005-07-08,06:04,10:25,a,a,OH+BW,,
2005-07-09,06:04,12:20,a,a,OH+BW,,
2005-07-09,17:16,19:35,a,a,OH+BW,,
2005-07-10,06:02,10:34,a,a,OH+BW,,
2005-07-11,06:03,10:32,a,a,OH+BW,,
2005-07-11,17:06,19:35,a,a,OH+BW,,
2005-07-13,06:06,10:38,a,a,OH+BW,,
2005-07-13,17:07,19:44,a,a,OH+BW,,
2005-07-14,06:08,11:02,a,a,OH+BW,,
2005-07-15,06:06,10:30,a,a,OH+BW,,
2005-07-15,17:05,20:16,a,a,OH+BW,,
2005-07-16,06:06,10:31,a,a,OH+BW,,
2005-07-16,17:02,19:33,a,a,OH+BW,,
2005-07-18,06:05,9:33,a,ur,OH+BW,,
2005-07-18,16:45,19:30,a,a,OH+BW,,
2005-07-19,06:11,10:20,a,a,OH+BW,,
2005-07-20,06:08,10:47,a,a,OH+BW,,
2005-07-20,17:00,19:29,a,a,OH+BW,,
2005-07-21,06:08,11:45,a,a,OH+BW,,
2005-07-22,05:57,10:16,a,a,OH+BW,,
2005-07-22,17:48,19:31,a,a,OH+BW,,
2005-07-23,06:09,10:11,a,a,OH+BW,,
2005-07-24,06:06,11:23,a,a,OH+BW,,
2005-07-24,16:35,19:39,a,a,OH+BW,,
2005-07-25,06:02,12:05,a,a,OH+BW,,
2005-07-29,06:13,7:30,a,a,OH+BW,,
2005-07-30,06:02,14:37,a,a,OH+BW,,
2005-07-31,06:43,10:10,a,a,OH+BW,,
2005-08-01,06:05,10:48,a,a,OH+BW,,
2005-08-02,06:11,10:58,a,a,OH+BW,,
2005-08-02,17:10,19:38,a,a,OH+BW,,
2005-08-03,06:03,10:28,a,a,OH+BW,,
2005-08-03,16:56,20:00,a,a,OH+BW,,
2005-08-05,06:03,10:32,a,a,OH+BW,,
2005-08-05,17:00,19:40,a,a,OH+BW,,
2005-08-06,06:09,10:00,a,a,OH+BW,,
2005-08-07,06:13,10:11,a,a,OH+BW,,
2005-08-08,05:57,11:46,a,a,OH+BW,,
2005-08-11,06:10,10:10,a,a,OH+BW,,
2005-08-11,16:56,19:48,a,a,OH+BW,,
2005-08-12,06:07,8:30,a,ur,OH+BW,,
2005-08-14,06:10,12:33,a,a,OH+BW,,
2005-08-14,17:10,19:30,a,a,OH+BW,,
2005-08-15,06:00,10:02,a,a,OH+BW,,
2005-08-15,17:16,19:30,a,a,OH+BW,,
2005-08-16,06:02,10:35,a,a,OH+BW,,
2005-08-18,06:09,10:43,a,a,OH+BW,,
2005-08-18,17:18,19:28,a,a,OH+BW,,
2005-08-19,05:57,9:48,a,a,OH+BW,,
2005-08-19,17:11,19:32,a,a,OH+BW,,
2005-08-20,06:03,11:45,a,a,OH+BW,,
2005-08-22,06:08,9:25,a,ur,OH+BW,,
2005-08-22,10:45,11:39,up,a,OH+BW,,
2005-08-22,16:58,19:42,a,a,OH+BW,,
2005-08-23,06:03,10:14,a,a,OH+BW,,
2005-08-24,17:10,19:33,a,a,OH+BW,,
2005-08-25,06:08,10:06,a,a,OH+BW,,
2005-08-25,17:12,19:34,a,a,OH+BW,,
2005-08-26,06:18,10:28,a,a,OH+BW,,
2005-08-27,06:07,15:00,a,a,OH+BW,,
2005-08-28,16:57,19:28,a,a,OH+BW,,
2005-08-29,06:09,10:10,a,a,OH+BW,,
2005-08-30,06:10,9:58,a,a,OH+BW,,
2005-08-30,17:04,19:16,a,a,OH+BW,,
2005-08-31,06:04,11:24,a,a,OH+BW,,
2005-08-31,17:18,19:36,a,a,OH+BW,,
2005-09-01,06:07,10:13,a,a,OH+BW,,
2005-09-03,06:08,10:54,a,a,OH+BW,,
2005-09-03,16:45,19:24,a,a,OH+BW,,
2005-09-05,06:22,11:20,a,ur,OH+BW,,
2005-09-05,12:30,13:44,ur,a,OH+BW,,
2005-09-06,06:05,10:01,a,a,OH+BW,,
2005-09-06,16:53,19:32,a,a,OH+BW,,
2005-09-07,06:05,10:40,a,a,OH+BW,,
2005-09-08,06:04,9:15,a,a,OH+BW,,
2005-09-09,06:18,11:00,a,a,OH+BW,,
2005-09-12,06:09,10:25,a,a,OH+BW,,
2005-09-13,06:07,9:16,a,ur,OH+BW,,
2005-09-13,10:46,12:30,ur,a,OH+BW,,
2005-09-13,17:09,19:32,a,a,OH+BW,,
2005-09-14,06:08,10:37,a,a,OH+BW,,
2005-09-15,06:04,11:30,a,a,OH+BW,,
2005-09-16,06:11,9:30,a,a,OH+BW,,
2005-09-16,16:55,19:39,a,a,OH+BW,,
2005-09-18,06:00,10:25,a,a,OH+BW,,
2005-09-18,16:39,19:43,a,a,OH+BW,,
2005-09-19,06:09,9:53,a,a,OH+BW,,
2005-09-20,06:03,9:30,a,a,OH+BW,,
2005-09-20,16:40,19:40,a,a,OH+BW,,
2005-09-21,06:27,9:50,a,a,OH+BW,,
2005-09-21,17:21,19:37,a,a,OH+BW,,
2005-09-22,06:08,9:12,a,a,OH+BW,,
2006-01-20,06:06,12:26,a,a,OH+BW,,
2006-01-20,17:20,19:50,a,a,OH+BW,,
2006-01-21,06:00,10:30,a,a,OH+BW,,
2006-01-22,06:00,9:55,a,a,OH+BW,,
2006-01-22,17:19,19:55,a,a,OH+BW,,
2006-01-23,05:55,10:55,a,a,OH+BW,,
2006-01-23,17:23,19:41,a,a,OH+BW,,
2006-01-24,17:02,19:48,a,a,OH+BW,,
2006-01-25,06:03,10:35,a,a,OH+BW,,
2006-01-25,17:22,19:55,a,a,OH+BW,,
2006-01-26,06:10,9:45,a,a,OH+BW,,
2006-01-26,16:53,19:56,a,a,OH+BW,,
2006-01-27,05:59,10:52,a,a,OH+BW,,
2006-01-27,17:02,19:49,a,a,OH+BW,,
2006-01-29,05:58,10:06,a,a,OH+BW,,
2006-01-29,17:15,19:54,a,a,OH+BW,,
2006-01-30,06:02,10:46,a,a,OH+BW,,
2006-01-30,17:26,19:49,a,a,OH+BW,,
2006-01-31,06:07,11:20,a,a,OH+BW,,
2006-02-01,06:14,9:59,a,a,OH+BW,,
2006-02-01,17:07,19:48,a,a,OH+BW,,
2006-02-02,06:01,8:55,a,a,OH+BW,,
2006-02-02,17:30,19:47,a,a,OH+BW,,
2006-02-05,06:02,9:50,a,a,OH+BW,,
2006-02-05,17:18,19:53,a,a,OH+BW,,
2006-02-06,05:55,9:42,a,a,OH+BW,,
2006-02-06,17:35,19:46,a,a,OH+BW,,
2006-02-07,05:57,10:25,a,a,OH+BW,,
2006-02-07,17:27,19:52,a,a,OH+BW,,
2006-02-08,06:06,19:00,a,a,OH+BW,,
2006-02-10,06:06,9:53,a,ur,OH+BW,,
2006-02-10,12:30,13:58,ur,a,OH+BW,,
2006-02-11,06:02,9:48,a,a,OH+BW,,
2006-02-11,17:06,19:52,a,a,OH+BW,,
2006-02-12,06:08,10:47,a,a,OH+BW,,
2006-02-12,16:14,20:02,a,a,OH+BW,,
2006-02-13,06:02,10:12,a,a,OH+BW,,
2006-02-14,17:26,19:45,a,a,OH+BW,,
2006-02-15,06:05,10:21,a,a,OH+BW,,
2006-02-15,17:28,19:46,a,a,OH+BW,,
2006-02-16,06:01,10:22,a,a,OH+BW,,
2006-02-16,17:22,19:56,a,a,OH+BW,,
2006-02-17,16:05,19:55,a,a,OH+BW,,
2006-02-18,06:18,9:59,a,a,OH+BW,,
2006-02-18,17:11,19:41,a,a,OH+BW,,
2006-02-19,06:03,11:15,a,a,OH+BW,,
2006-02-26,17:30,19:36,a,a,OH+BW,,
2006-02-27,06:14,10:18,a,a,OH+BW,,
2006-02-27,17:28,19:43,a,a,OH+BW,,
2006-02-28,17:01,19:41,a,a,OH+BW,,
2006-03-01,06:05,10:05,a,ur,OH+BW,,
2006-03-02,10:43,11:43,dr,a,OH+BW,,
2006-03-02,17:16,19:45,a,a,OH+BW,,
2006-03-06,09:17,12:51,a,a,OH+BW,,
2006-03-06,17:17,19:40,a,a,OH+BW,,
2006-03-07,06:04,12:11,a,a,OH+BW,,
2006-03-07,17:16,19:45,a,a,OH+BW,,
2006-03-08,06:20,9:50,a,a,OH+BW,,
2006-03-08,17:12,19:51,a,a,OH+BW,,
2006-03-09,06:12,10:37,a,a,OH+BW,,
2006-03-11,17:42,19:48,a,a,OH+BW,,
2006-03-12,06:09,10:27,a,a,OH+BW,,
2006-03-12,16:47,19:45,a,a,OH+BW,,
2006-03-13,06:06,10:49,a,a,OH+BW,,
2006-03-13,16:42,19:42,a,a,OH+BW,,
2006-03-14,06:03,11:55,a,a,OH+BW,,
2006-03-14,15:45,19:25,a,a,OH+BW,,
2006-03-15,06:02,10:43,a,a,OH+BW,,
2006-03-15,17:10,19:30,a,a,OH+BW,,
2006-03-16,06:10,19:56,a,a,OH+BW,,
2006-03-18,05:53,10:28,a,a,OH+BW,,
2006-03-18,17:02,19:51,a,a,OH+BW,,
2006-03-19,05:54,11:08,a,a,OH+BW,,
2006-03-19,17:10,19:53,a,a,OH+BW,,
2006-03-20,16:05,19:50,a,a,OH+BW,,
2006-03-23,06:11,10:00,a,a,OH+BW,,
2006-03-23,17:20,19:30,a,a,OH+BW,,
2006-03-24,06:00,9:43,a,ur,OH+BW,,
2006-03-24,10:30,12:02,ur,a,OH+BW,,
2006-03-25,06:00,10:17,a,a,OH+BW,,
2006-03-25,17:34,19:36,a,a,OH+BW,,
2006-03-26,06:00,10:18,a,a,OH+BW,,
2006-03-26,17:11,19:50,a,a,OH+BW,,
2006-03-27,17:10,19:27,a,a,OH+BW,,
2006-03-28,06:11,9:24,a,a,OH+BW,,
2006-03-28,16:05,19:41,a,a,OH+BW,,
2006-03-29,06:10,10:30,a,a,OH+BW,,
2006-03-29,16:54,19:48,a,a,OH+BW,,
2006-03-30,06:12,9:48,a,a,OH+BW,,
2006-03-30,16:30,20:11,a,a,OH+BW,,
2006-03-31,06:09,11:22,a,a,OH+BW,,
2006-03-31,17:22,19:49,a,a,OH+BW,,
2006-04-02,16:40,19:47,a,a,OH+BW,,
2006-04-03,06:09,11:07,a,a,OH+BW,,
2006-04-03,17:11,19:45,a,a,OH+BW,,
2006-04-05,06:02,10:47,a,a,OH+BW,,
2006-04-05,17:17,19:25,a,a,OH+BW,,
2006-04-06,06:15,11:34,a,a,OH+BW,,
2006-04-06,16:57,19:50,a,a,OH+BW,,
2006-04-07,16:54,20:05,a,a,OH+BW,,
2006-04-08,14:45,19:50,a,a,OH+BW,,
2006-04-09,06:18,11:33,a,a,OH+BW,,
2006-04-10,06:02,21:00,a,a,OH+BW,,
2006-04-11,17:00,19:56,a,a,OH+BW,,
2006-04-12,06:09,11:42,a,a,OH+BW,,
2006-04-12,16:48,19:40,a,a,OH+BW,,
2006-04-13,06:04,10:18,a,a,OH+BW,,
2006-04-13,17:23,19:29,a,a,OH+BW,,
2006-04-14,06:08,9:35,a,a,OH+BW,,
2006-04-14,16:16,19:53,a,a,OH+BW,,
2006-04-15,16:16,19:34,a,a,OH+BW,,
2006-04-16,06:24,11:00,a,a,OH+BW,,
2006-04-16,16:49,19:31,a,a,OH+BW,,
2006-04-18,06:09,9:30,a,ur,OH+BW,,
2006-04-18,11:45,19:38,ur,a,OH+BW,,
2006-04-19,16:36,19:35,a,a,OH+BW,,
2006-04-20,06:13,10:02,a,a,OH+BW,,
2006-04-20,16:25,19:35,a,a,OH+BW,,
2006-04-21,06:00,9:43,a,a,OH+BW,,
2006-04-21,17:33,19:44,a,a,OH+BW,,
2006-08-21,16:50,19:31,a,a,OH+BW,,
2006-08-22,06:00,11:40,a,a,OH+BW,,
2006-08-22,17:38,19:23,a,a,OH+BW,,
2006-08-23,05:57,11:06,a,a,OH+BW,,
2006-08-23,17:15,19:33,a,a,OH+BW,,
2006-08-24,06:03,9:55,a,ur,OH+BW,,
2006-08-24,16:48,19:40,a,a,OH+BW,,
2006-08-25,06:00,10:11,a,a,OH+BW,,
2006-08-25,17:24,19:29,a,a,OH+BW,,
2006-08-26,06:00,10:40,a,a,OH+BW,,
2006-08-26,17:24,19:25,a,a,OH+BW,,
2006-08-27,06:01,12:01,a,a,OH+BW,,
2006-08-27,17:04,19:31,a,a,OH+BW,,
2006-08-28,17:28,19:35,a,a,OH+BW,,
2006-08-29,06:02,12:41,a,a,OH+BW,,
2006-08-29,17:12,19:40,a,a,OH+BW,,
2006-08-30,06:02,10:40,a,a,OH+BW,,
2006-08-30,17:19,19:32,a,a,OH+BW,,
2006-08-31,06:06,9:45,a,ur,OH+BW,,
2006-09-03,17:31,19:31,a,a,OH+BW,,
2006-09-04,06:00,11:39,a,a,OH+BW,,
2006-09-04,17:23,19:41,a,a,OH+BW,,
2006-09-05,06:04,11:28,a,a,OH+BW,,
2006-09-05,17:06,19:30,a,a,OH+BW,,
2006-09-06,06:09,9:58,a,a,OH+BW,,
2006-09-06,17:20,19:44,a,a,OH+BW,,
2006-09-07,06:04,10:45,a,a,OH+BW,,
2006-09-07,17:27,19:55,a,a,OH+BW,,
2006-09-08,06:20,10:28,a,a,OH+BW,,
2006-09-08,17:36,19:32,a,a,OH+BW,,
2006-09-09,06:15,12:21,a,a,OH+BW,,
2006-09-09,17:21,19:31,a,a,OH+BW,,
2006-09-10,17:25,19:30,a,a,OH+BW,,
2006-09-11,06:05,12:05,a,a,OH+BW,,
2006-09-11,17:03,19:03,a,a,OH+BW,,
2006-09-12,06:05,11:05,a,a,OH+BW,,
2006-09-12,17:35,19:48,a,a,OH+BW,,
2006-09-13,06:04,10:05,a,a,OH+BW,,
2006-09-13,17:12,19:33,a,a,OH+BW,,
2006-09-14,06:27,10:50,a,a,OH+BW,,
2006-09-17,17:33,19:24,a,a,OH+BW,,
2006-09-18,06:02,9:57,a,a,OH+BW,,
2006-09-18,17:02,19:47,a,a,OH+BW,,
2006-09-19,06:00,10:44,a,a,OH+BW,,
2006-09-19,17:07,19:34,a,a,OH+BW,,
2006-09-20,06:00,10:40,a,a,OH+BW,,
2006-09-20,17:26,19:27,a,a,OH+BW,,
2006-09-21,06:00,10:38,a,a,OH+BW,,
2006-09-21,17:40,19:47,a,a,OH+BW,,
2006-09-22,06:00,10:27,a,a,OH+BW,,
2006-09-22,17:24,19:32,a,a,OH+BW,,
2006-09-23,17:28,19:36,a,a,OH+BW,,
2006-09-24,06:00,10:48,a,a,OH+BW,,
2006-09-24,17:10,19:40,a,a,OH+BW,,
2006-09-25,06:05,9:54,a,a,OH+BW,,
2006-09-25,17:21,19:28,a,a,OH+BW,,
2006-09-26,06:03,10:36,a,a,OH+BW,,
2006-09-27,17:30,19:30,a,a,OH+BW,,
2006-09-28,05:58,9:41,a,a,OH+BW,,
2006-09-28,17:35,19:28,a,a,OH+BW,,
2006-09-29,17:20,19:20,a,a,OH+BW,,
2006-09-30,05:58,10:09,a,a,OH+BW,,
2006-10-02,05:36,11:00,a,a,OH+BW,,
2006-10-03,06:00,9:10,a,ur,OH+BW,,
2006-10-03,11:10,12:20,dr,a,OH+BW,,
2006-10-19,07:10,9:35,a,ur,OH+BW,,
2006-10-24,16:50,19:31,a,a,OH+BW,,
2006-10-25,05:59,12:18,a,a,OH+BW,,
2006-10-25,17:08,19:26,a,a,OH+BW,,
2006-10-26,05:50,11:30,a,a,OH+BW,,
2006-10-27,05:50,11:51,a,a,OH+BW,,
2006-10-27,16:54,19:25,a,a,OH+BW,,
2006-10-28,05:50,11:24,a,a,OH+BW,,
2006-10-28,17:30,19:23,a,a,OH+BW,,
2006-10-29,05:59,10:16,a,a,OH+BW,,
2006-10-30,06:01,10:52,a,a,OH+BW,,
2006-10-30,17:07,19:34,a,a,OH+BW,,
2006-10-31,05:54,10:50,a,a,OH+BW,,
2006-10-31,17:20,19:36,a,a,OH+BW,,
2006-11-01,05:57,10:17,a,ur,OH+BW,,
2006-11-01,17:13,19:24,a,a,OH+BW,,
2006-11-02,06:05,11:12,a,a,OH+BW,,
2006-11-03,05:57,12:38,a,a,OH+BW,,
2006-11-03,17:59,19:33,a,a,OH+BW,,
2007-02-17,16:45,19:44,a,a,OH+BW,,
2007-02-18,06:06,11:30,a,a,OH+BW,,
2007-02-18,17:04,19:30,a,a,OH+BW,,
2007-02-19,06:02,9:56,a,a,OH+BW,,
2007-02-20,06:18,12:35,a,a,OH+BW,,
2007-02-20,17:24,19:53,a,a,OH+BW,,
2007-02-21,06:04,10:23,a,a,OH+BW,,
2007-02-21,17:10,19:54,a,a,OH+BW,,
2007-02-22,06:10,10:31,a,a,OH+BW,,
2007-02-22,17:35,19:51,a,a,OH+BW,,
2007-02-23,06:04,9:42,a,a,OH+BW,,
2007-02-25,16:25,19:42,a,a,OH+BW,,
2007-02-26,06:03,12:32,a,a,OH+BW,,
2007-03-01,06:03,9:40,a,a,OH+BW,,
2007-03-02,06:11,9:54,a,a,OH+BW,,
2007-03-03,06:14,12:00,a,a,OH+BW,,
2007-03-03,17:12,19:45,a,a,OH+BW,,
2007-03-04,06:02,9:42,a,a,OH+BW,,
2007-03-04,17:13,19:48,a,a,OH+BW,,
2007-03-05,06:09,9:45,a,a,OH+BW,,
2007-03-05,17:10,19:41,a,a,OH+BW,,
2007-03-06,06:07,9:24,a,a,OH+BW,,
2007-03-08,06:17,9:03,a,a,OH+BW,,
2007-03-08,17:05,19:47,a,a,OH+BW,,
2007-03-09,06:06,9:53,a,a,OH+BW,,
2007-03-10,06:05,9:40,a,a,OH+BW,,
2007-03-11,06:13,11:10,a,a,OH+BW,,
2007-03-11,17:34,20:02,a,a,OH+BW,,
2007-03-12,06:10,9:40,a,a,OH+BW,,
2007-03-12,17:20,19:41,a,a,OH+BW,,
2007-03-13,06:11,10:15,a,a,OH+BW,,
2007-03-13,17:37,19:29,a,a,OH+BW,,
2007-03-16,17:04,19:31,a,a,OH+BW,,
2007-03-17,06:12,10:20,a,a,OH+BW,,
2007-03-18,06:12,10:56,a,a,OH+BW,,
2007-03-21,06:08,11:07,a,a,OH+BW,,
2007-03-22,06:18,9:45,a,ur,OH+BW,,
2007-03-23,06:07,10:17,a,a,OH+BW,,
2007-03-24,06:02,11:19,a,a,OH+BW,,
2007-03-25,06:08,10:45,a,a,OH+BW,,
2007-03-26,06:16,11:30,a,a,OH+BW,,
2007-03-28,06:03,10:50,a,a,OH+BW,,
2007-03-29,05:59,9:56,a,a,OH+BW,,
2007-03-30,06:00,9:51,a,a,OH+BW,,
2007-03-31,06:00,11:20,a,a,OH+BW,,
2007-04-01,06:06,10:10,a,a,OH+BW,,
2007-04-02,05:58,12:03,a,a,OH+BW,,
2007-04-03,05:58,10:58,a,a,OH+BW,,
2007-04-04,05:57,9:57,a,a,OH+BW,,
2007-04-05,06:10,9:55,a,a,OH+BW,,
2007-04-06,06:17,8:45,a,ur,OH+BW,,
2007-04-08,05:58,9:45,a,a,OH+BW,,
2007-04-09,06:06,11:30,a,a,OH+BW,,
2007-04-13,06:12,11:20,a,a,OH+BW,,
2007-04-14,06:02,11:28,a,a,OH+BW,,
2007-04-15,06:01,10:25,a,a,OH+BW,,
2007-04-16,05:55,11:00,a,a,OH+BW,,
2007-04-18,06:11,9:42,a,a,OH+BW,,
2007-04-20,06:00,11:07,a,a,OH+BW,,
2007-04-21,06:17,9:47,a,a,OH+BW,,
2007-04-23,05:56,10:15,a,a,OH+BW,,
2007-04-24,05:56,11:30,a,a,OH+BW,,
2007-04-25,05:58,10:06,a,a,OH+BW,,
2007-04-25,15:57,17:56,a,a,OH+BW,,
2007-04-26,05:59,10:13,a,a,OH+BW,,
2007-04-27,06:00,9:42,a,a,OH+BW,,
2007-04-28,05:59,11:25,a,ur,OH+BW,,
2007-04-30,05:57,10:47,a,a,OH+BW,,
2007-05-01,06:31,9:48,a,a,OH+BW,,
2007-05-02,05:57,10:26,a,a,OH+BW,,
2007-05-03,05:56,9:30,a,ur,OH+BW,,
2007-05-03,11:00,12:00,dr,a,OH+BW,,
2007-05-04,05:58,9:43,a,a,OH+BW,,
2007-05-05,06:03,10:20,a,a,OH+BW,,
2007-05-06,05:57,10:53,a,a,OH+BW,,
2007-05-07,06:05,10:10,a,a,OH+BW,,
2007-05-08,05:56,11:13,a,a,OH+BW,,
2007-05-09,06:05,10:50,a,ur,OH+BW,,
2007-05-10,12:20,13:14,dr,a,OH+BW,,
2007-05-11,05:58,10:58,a,a,OH+BW,,
2007-05-12,05:53,13:00,a,a,OH+BW,,
2007-05-16,06:00,10:14,a,a,OH+BW,,
2007-05-17,05:58,10:41,a,a,OH+BW,,
2007-05-18,05:54,10:43,a,a,OH+BW,,
2007-05-19,06:05,10:04,a,a,OH+BW,,
2007-05-20,05:53,9:51,a,a,OH+BW,,
2007-05-21,06:00,11:00,a,a,OH+BW,,
2007-05-22,06:03,11:28,a,a,OH+BW,,
2007-05-23,05:56,11:17,a,a,OH+BW,,
2007-05-24,05:55,10:11,a,a,OH+BW,,
2007-05-25,06:00,10:52,a,a,OH+BW,,
2007-05-26,05:55,10:50,a,a,OH+BW,,
2007-05-28,06:00,10:07,a,a,OH+BW,,
2007-05-29,06:09,12:12,a,a,OH+BW,,
2007-05-30,05:56,10:08,a,a,OH+BW,,
2007-05-31,06:01,10:13,a,a,OH+BW,,
2007-06-01,05:58,10:52,a,a,OH+BW,,
2007-06-02,05:59,10:42,a,a,OH+BW,,
2007-06-04,06:01,10:41,a,a,OH+BW,,
2007-06-05,06:04,10:50,a,a,OH+BW,,
2007-06-06,06:04,10:53,a,a,OH+BW,,
2007-06-07,06:02,10:52,a,a,OH+BW,,
2007-06-08,06:02,11:01,a,a,OH+BW,,
2007-06-09,06:02,10:18,a,a,OH+BW,,
2007-06-10,05:58,10:30,a,a,OH+BW,,
2007-06-11,05:58,9:43,a,a,OH+BW,,
2007-06-13,06:08,12:17,a,a,OH+BW,,
2007-06-14,06:05,9:55,a,ur,OH+BW,,
2007-06-15,06:03,10:02,a,a,OH+BW,,
2007-06-16,06:04,11:35,a,a,OH+BW,,
2007-06-17,06:03,10:02,a,a,OH+BW,,
2007-06-21,06:11,10:03,a,a,OH+BW,,
2007-06-22,06:43,9:53,a,a,OH+BW,,
2007-06-23,06:03,10:21,a,a,OH+BW,,
2007-06-24,05:59,10:40,a,a,OH+BW,,
2007-06-25,06:00,12:07,a,a,OH+BW,,
2007-06-26,06:05,10:43,a,a,OH+BW,,
2007-06-27,06:04,10:07,a,a,OH+BW,,
2007-06-28,06:05,11:08,a,a,OH+BW,,
2007-06-29,06:02,10:23,a,a,OH+BW,,
2007-06-30,06:05,10:22,a,a,OH+BW,,
2007-06-30,16:40,17:56,a,a,OH+BW,,
2007-07-01,06:03,11:03,a,a,OH+BW,,
2007-07-02,06:04,9:36,a,ur,OH+BW,,
2007-07-02,12:13,13:08,a,a,OH+BW,,
2007-07-03,16:08,18:00,a,a,OH+BW,,
2007-07-04,06:02,10:45,a,a,OH+BW,,
2007-07-05,06:09,11:03,a,a,OH+BW,,
2007-07-06,06:03,12:18,a,a,OH+BW,,
2007-07-07,06:04,10:31,a,a,OH+BW,,
2007-11-11,05:55,12:02,a,a,OH+BW,,
2007-11-11,05:58,12:00,a,a,OH+BW,,
2007-11-15,06:18,10:56,a,a,OH+BW,,
2007-11-16,06:02,10:33,a,a,OH+BW,,
2007-11-17,06:06,13:20,a,a,OH+BW,,
2007-11-18,06:02,12:13,a,a,OH+BW,,
2007-11-18,16:42,18:03,a,a,OH+BW,,
2007-11-19,06:00,10:45,a,a,OH+BW,,
2007-11-20,06:10,09:50,a,ur,OH+BW,,
2007-11-22,06:01,12:51,a,a,OH+BW,,
2007-11-23,05:59,10:30,a,a,OH+BW,,
2007-11-24,06:10,12:16,a,a,OH+BW,,
2007-11-26,05:58,10:45,a,a,OH+BW,,
2007-11-27,06:01,11:23,a,a,OH+BW,,
2007-11-28,06:00,10:25,a,a,OH+BW,,
2007-11-29,05:57,12:09,a,a,OH+BW,,
2007-11-30,06:04,11:00,a,a,OH+BW,,
2007-12-01,05:57,10:50,a,a,OH+BW,,
2007-12-02,05:59,11:23,a,a,OH+BW,,
2007-12-03,06:05,09:04,a,a,OH+BW,,
2007-12-10,06:02,10:48,a,a,OH+BW,,
2007-12-11,06:09,11:04,a,a,OH+BW,,
2007-12-13,06:01,09:30,a,ur,OH+BW,,
2007-12-13,11:30,12:52,dr,a,OH+BW,,
2007-12-13,16:15,17:54,a,a,OH+BW,,
2007-12-14,06:02,12:10,a,a,OH+BW,,
2007-12-15,06:00,12:22,a,a,OH+BW,,
2007-12-16,06:00,11:30,a,a,OH+BW,,
2007-12-17,05:58,10:12,a,a,OH+BW,,
2007-12-18,05:58,10:35,a,a,OH+BW,,
2007-12-19,05:56,13:08,a,a,OH+BW,,
2007-12-20,06:00,11:15,a,a,OH+BW,,
2007-12-21,06:08,11:52,a,a,OH+BW,,
2007-12-23,07:43,11:20,a,a,OH+BW,,
2007-12-24,06:03,09:30,a,ur,OH+BW,,
2007-12-24,10:45,11:42,dr,a,OH+BW,,
2007-12-25,06:02,11:34,a,a,OH+BW,,
2007-12-26,07:00,09:15,a,ur,OH+BW,,
2007-12-27,14:08,15:55,dr,a,OH+BW,,
2007-12-28,06:04,12:30,a,a,OH+BW,,
2007-12-29,06:04,11:35,a,a,OH+BW,,
2007-12-30,06:00,11:37,a,a,OH+BW,,
2008-01-01,06:01,12:07,a,a,OH+BW,,
2008-01-02,06:00,12:30,a,a,OH+BW,,
2008-01-03,06:02,09:42,a,ur,OH+BW,,
2008-01-03,11:20,13:00,dr,a,OH+BW,,
2008-01-04,06:00,11:25,a,a,OH+BW,,
2008-01-05,06:05,12:37,a,a,OH+BW,,
2008-01-07,05:59,10:42,a,a,OH+BW,,
2008-01-08,05:57,10:30,a,ur,OH+BW,,
2008-01-09,06:00,10:44,a,a,OH+BW,,
2008-01-10,06:00,10:27,a,a,OH+BW,,
2008-01-11,05:59,10:46,a,a,OH+BW,,
2008-01-12,06:03,11:37,a,a,OH+BW,,
2008-01-13,06:05,11:00,a,a,OH+BW,,
2008-01-14,06:00,11:17,a,a,OH+BW,,
2008-01-15,06:01,10:10,a,a,OH+BW,,
2008-01-17,06:08,11:15,a,a,OH+BW,,
2008-01-18,05:59,10:12,a,a,OH+BW,,
2008-01-19,06:00,12:06,a,a,OH+BW,,
2008-01-23,06:03,11:52,a,a,OH+BW,,
2008-01-24,06:01,10:56,a,a,OH+BW,,
2008-01-25,06:04,10:32,a,a,OH+BW,,
2008-01-26,06:02,11:41,a,a,OH+BW,,
2008-01-27,06:07,11:00,a,a,OH+BW,,
2008-01-29,06:10,12:46,a,a,OH+BW,,
2008-01-30,05:57,11:17,a,a,OH+BW,,
2008-01-31,06:00,11:35,a,a,OH+BW,,
2008-02-01,06:00,11:28,a,a,OH+BW,,
2008-02-02,06:03,11:07,a,a,OH+BW,,
2008-02-03,05:57,11:01,a,a,OH+BW,,
2008-02-04,06:05,11:38,a,a,OH+BW,,
2008-02-05,05:58,11:11,a,a,OH+BW,,
2008-02-06,06:26,12:51,a,a,OH+BW,,
2008-02-10,06:17,10:40,a,a,OH+BW,,
2008-02-11,06:02,12:13,a,a,OH+BW,,
2008-02-12,06:10,11:30,a,a,OH+BW,,
2008-02-13,06:11,11:34,a,a,OH+BW,,
2008-02-14,06:01,10:00,a,ur,OH+BW,,
2008-02-14,10:50,13:07,dr,a,OH+BW,,
2008-02-16,06:15,12:43,a,a,OH+BW,,
2008-02-17,06:06,10:03,a,a,OH+BW,,
2008-02-20,06:04,12:17,a,a,OH+BW,,
2008-02-21,06:18,15:30,a,a,OH+BW,,
2008-02-22,06:07,14:10,a,a,OH+BW,,
2008-02-22,16:37,18:10,a,a,OH+BW,,
2008-02-24,06:18,15:57,a,a,OH+BW,,
2008-02-25,07:52,10:57,a,a,OH+BW,,
2008-02-28,06:11,10:23,a,a,OH+BW,,
2008-02-29,06:09,10:42,a,a,OH+BW,,
2008-02-29,16:13,17:58,a,a,OH+BW,,
2008-03-01,06:08,11:52,a,a,OH+BW,,
2008-03-11,06:02,11:26,a,a,OH+BW,,
2008-03-12,06:03,10:50,a,ur,OH+BW,,
2008-03-13,06:00,11:39,a,a,OH+BW,,
2008-03-14,06:02,12:00,a,a,OH+BW,,
2008-03-15,06:02,11:15,a,a,OH+BW,,
2008-03-16,06:08,11:43,a,a,OH+BW,,
2008-03-17,06:04,11:40,a,a,OH+BW,,
2008-03-18,05:58,10:52,a,a,OH+BW,,
2008-03-19,06:00,11:35,a,a,OH+BW,,
2008-03-20,06:07,12:24,a,a,OH+BW,,
2008-03-21,05:58,11:07,a,a,OH+BW,,
2008-03-22,06:03,11:20,a,a,OH+BW,,
2008-03-24,06:00,12:57,a,a,OH+BW,,
2008-03-25,06:01,10:00,a,ur,OH+BW,,
2008-03-26,05:56,10:40,a,a,OH+BW,,
2008-03-27,06:02,12:17,a,a,OH+BW,,
2008-03-28,06:00,11:34,a,a,OH+BW,,
2008-03-29,06:16,13:43,a,a,OH+BW,,
2008-03-30,06:07,10:57,a,a,OH+BW,,
2008-04-04,06:22,11:02,a,a,OH+BW,,
2008-04-05,06:02,10:50,a,a,OH+BW,,
2008-04-06,06:01,10:46,a,a,OH+BW,,
2008-04-07,06:08,11:52,a,a,OH+BW,,
2008-04-08,06:14,11:55,a,a,OH+BW,,
2008-04-10,06:00,12:16,a,a,OH+BW,,
2008-04-11,06:01,12:04,a,a,OH+BW,,
2008-04-12,06:06,11:50,a,a,OH+BW,,
2008-04-13,06:03,11:25,a,a,OH+BW,,
2008-04-14,06:04,11:04,a,a,OH+BW,,
2008-04-15,06:10,11:04,a,a,OH+BW,,
2008-04-17,06:03,10:55,a,a,OH+BW,,
2008-04-18,06:08,11:30,a,a,OH+BW,,
2008-04-18,16:26,18:04,a,a,OH+BW,,
2008-04-19,06:06,11:14,a,a,OH+BW,,
2008-04-20,06:00,11:24,a,a,OH+BW,,
2008-04-21,05:58,10:00,a,a,OH+BW,,
2008-04-24,06:10,10:45,a,a,OH+BW,,
2008-04-25,06:05,11:13,a,a,OH+BW,,
2008-04-27,06:03,10:47,a,a,OH+BW,,
2008-04-28,06:18,08:20,a,a,OH+BW,,
2008-04-29,06:05,11:38,a,a,OH+BW,,
2008-04-30,07:30,11:27,a,a,OH+BW,,
2008-05-02,06:03,10:22,a,a,OH+BW,,
2008-05-03,06:06,10:28,a,a,OH+BW,,
2008-05-04,06:10,10:32,a,a,OH+BW,,
2008-05-05,06:03,10:55,a,a,OH+BW,,
2008-05-06,06:08,11:03,a,a,OH+BW,,
2008-05-07,05:59,10:45,a,ur,OH+BW,,
2008-05-07,12:15,13:20,dr,a,OH+BW,,
2008-05-08,06:06,10:55,a,a,OH+BW,,
2008-05-09,06:03,11:01,a,a,OH+BW,,
2008-05-10,05:59,11:40,a,a,OH+BW,,
2008-05-11,06:01,11:20,a,a,OH+BW,,
2008-05-12,06:06,11:55,a,a,OH+BW,,
2008-05-13,06:05,11:54,a,a,OH+BW,,
2008-05-14,06:08,10:40,a,a,OH+BW,,
2008-05-15,06:06,10:05,a,ur,OH+BW,,
2008-05-15,11:33,12:41,a,a,OH+BW,,
2008-05-16,06:06,10:27,a,a,OH+BW,,
2008-09-18,06:15,11:00,a,a,OH+BW,,
2008-09-19,06:08,11:55,a,a,OH+BW,,
2008-09-20,06:04,11:57,a,a,OH+BW,,
2008-09-21,06:04,11:55,a,a,OH+BW,,
2008-09-23,06:00,11:45,a,a,OH+BW,,
2008-09-24,06:04,10:30,a,a,OH+BW,,
2008-09-25,06:04,11:25,a,a,OH+BW,,
2008-09-26,06:03,10:05,a,a,OH+BW,,
2008-09-29,06:01,11:05,a,a,OH+BW,,
2008-09-30,05:54,11:04,a,a,OH+BW,,
2008-10-01,05:58,10:21,a,a,OH+BW,,
2008-10-02,06:04,11:55,a,a,OH+BW,,
2008-10-03,05:59,09:40,a,a,OH+BW,,
2008-10-04,05:52,11:04,a,a,OH+BW,,
2008-10-05,05:53,10:20,a,a,OH+BW,,
2008-10-09,06:10,11:15,a,a,OH+BW,,
2008-10-10,06:06,09:51,a,a,OH+BW,,
2008-10-11,06:02,10:22,a,a,OH+BW,,
2008-10-12,05:56,10:33,a,a,OH+BW,,
2008-10-13,06:00,10:06,a,a,OH+BW,,
2008-10-14,06:02,11:26,a,a,OH+BW,,
2008-10-15,06:37,09:45,a,a,OH+BW,,
2008-10-16,05:58,10:27,a,a,OH+BW,,
2008-10-17,05:58,10:10,a,a,OH+BW,,
2008-10-18,06:10,09:15,a,a,OH+BW,,
2008-10-20,06:02,10:52,a,a,OH+BW,,
2008-10-21,06:04,11:28,a,a,OH+BW,,
2008-10-22,06:01,12:04,a,a,OH+BW,,
2008-10-23,06:08,10:27,a,a,OH+BW,,
2008-10-24,06:03,10:42,a,a,OH+BW,,
2008-10-25,05:55,10:20,a,a,OH+BW,,
2008-10-25,16:14,17:58,a,a,OH+BW,,
2008-10-27,06:07,11:44,a,a,OH+BW,,
2008-10-28,06:06,10:16,a,a,OH+BW,,
2008-10-29,06:03,09:17,a,a,OH+BW,,
2008-10-30,06:05,11:29,a,a,OH+BW,,
2008-10-31,06:04,10:15,a,a,OH+BW,,
2008-11-01,06:05,11:18,a,a,OH+BW,,
2008-11-03,06:11,10:44,a,a,OH+BW,,
2008-11-04,05:59,09:11,a,a,OH+BW,,
2008-11-05,06:05,09:56,a,a,OH+BW,,
2008-11-09,06:04,09:45,a,a,OH+BW,,
2008-11-10,06:00,12:12,a,a,OH+BW,,
2008-11-11,06:04,09:56,a,a,OH+BW,,
2008-11-12,06:05,12:08,a,a,OH+BW,,
2008-11-13,06:02,10:05,a,a,OH+BW,,
2008-11-14,06:00,11:00,a,a,OH+BW,,
2008-11-16,06:04,11:48,a,a,OH+BW,,
2008-11-17,06:03,10:11,a,a,OH+BW,,
2008-11-17,16:06,17:57,a,a,OH+BW,,
2008-11-18,06:00,09:02,a,ur,OH+BW,,
2008-11-20,06:00,10:21,a,a,OH+BW,,
2008-11-21,06:06,12:30,a,a,OH+BW,,
2008-11-22,05:56,10:30,a,a,OH+BW,,
2008-11-23,06:02,12:05,a,a,OH+BW,,
2008-11-25,05:57,10:56,a,a,OH+BW,,
2008-11-26,06:06,11:14,a,ur,OH+BW,,
2008-11-27,06:02,11:32,a,a,OH+BW,,
2008-11-28,06:10,12:39,a,a,OH+BW,,
2008-11-29,05:58,11:55,a,a,OH+BW,,
2008-11-30,06:05,10:06,a,a,OH+BW,,
2008-12-01,16:28,18:00,a,a,OH+BW,,
2008-12-02,06:04,10:30,a,a,OH+BW,,
2008-12-03,06:03,10:05,a,a,OH+BW,,
2008-12-04,06:07,11:38,a,a,OH+BW,,
2008-12-05,06:04,11:34,a,a,OH+BW,,
2008-12-06,05:58,10:02,a,a,OH+BW,,
2008-12-06,16:35,17:58,a,a,OH+BW,,
2008-12-07,05:58,10:55,a,a,OH+BW,,
2008-12-07,16:30,17:56,a,a,OH+BW,,
2008-12-08,06:00,09:18,a,a,OH+BW,,
2009-03-28,16:00,18:00,a,a,OH,,
2009-03-29,06:04,10:25,a,a,OH,,
2009-03-30,05:59,13:16,a,a,OH,,
2009-03-31,06:00,10:45,a,ur,OH,,
2009-04-01,06:04,12:48,a,a,OH,,
2009-04-02,06:01,11:01,a,a,OH,,
2009-04-03,06:00,12:00,a,a,OH,,
2009-04-04,06:04,11:30,a,a,OH,,
2009-04-05,05:56,12:10,a,a,OH,,
2009-04-06,06:00,11:32,a,a,OH,,
2009-04-07,06:02,13:42,a,a,OH,,
2009-04-08,06:08,10:40,a,ur,OH,,
2009-04-09,05:58,11:35,a,a,OH,,
2009-04-10,06:03,12:45,a,a,OH,,
2009-04-11,05:56,12:20,a,a,OH,,
2009-04-12,05:57,12:27,a,a,OH,,
2009-04-13,05:57,12:25,a,a,OH,,
2009-04-17,06:10,10:45,a,ur,OH,,
2009-05-23,06:10,12:03,a,a,OH+BW,,
2009-05-25,06:08,10:38,a,a,OH+BW,,
2009-05-26,06:07,11:30,a,ur,OH+BW,,
2009-05-26,13:10,14:05,dr,a,OH+BW,,
2009-05-27,06:03,12:05,a,a,OH+BW,,
2009-05-28,06:13,10:56,a,a,OH+BW,,
2009-05-29,06:10,12:04,a,a,OH+BW,,
2009-05-30,16:13,18:00,a,a,OH+BW,,
2009-05-31,06:06,10:55,a,a,OH+BW,,
2009-06-01,06:08,11:44,a,a,OH+BW,,
2009-06-02,06:23,10:00,a,ur,OH+BW,,
2009-06-05,06:02,11:00,a,a,OH+BW,,
2009-06-06,06:02,13:37,a,a,OH+BW,,
2009-06-07,06:00,11:15,a,a,OH+BW,,
2009-06-08,06:01,10:04,a,a,OH+BW,,
2009-06-10,05:55,14:16,a,a,OH+BW,,
2009-06-11,05:53,13:22,a,a,OH+BW,,
2009-06-11,16:26,18:03,a,a,OH+BW,,
2009-06-12,05:54,13:17,a,a,OH+BW,,
2009-06-13,06:00,12:51,a,a,OH+BW,,
2009-06-14,05:55,11:08,a,a,OH+BW,,
2009-06-15,06:05,10:57,a,ur,OH+BW,,
2009-06-18,05:56,10:20,a,a,OH+BW,,
2009-06-19,06:02,10:30,a,a,OH+BW,,
2009-06-20,05:59,10:49,a,a,OH+BW,,
2009-06-21,05:58,10:25,a,a,OH+BW,,
2009-06-22,06:02,10:10,a,ur,OH+BW,,
2009-06-23,05:59,10:30,a,a,OH+BW,,
2009-06-24,06:04,10:22,a,a,OH+BW,,
2009-06-25,06:02,11:50,a,a,OH+BW,,
2009-06-27,06:00,11:14,a,a,OH+BW,,
2009-06-28,06:00,11:06,a,a,OH+BW,,
2009-06-29,06:03,10:57,a,a,OH+BW,,
2009-06-30,06:05,11:00,a,a,OH+BW,,
2009-07-01,06:00,11:58,a,a,OH+BW,,
2009-07-02,06:00,11:26,a,a,OH+BW,,
2009-07-03,06:21,9:42,a,ur,OH+BW,,
2009-07-03,11:53,12:43,a,a,OH+BW,,
2009-07-04,06:04,11:05,a,a,OH+BW,,
2009-07-05,06:07,11:46,a,a,OH+BW,,
2009-07-09,06:24,12:02,a,a,OH+BW,,
2009-07-10,06:03,11:25,a,a,OH+BW,,
2009-07-11,06:02,10:56,a,a,OH+BW,,
2009-07-12,06:04,11:18,a,a,OH+BW,,
2009-07-15,06:04,11:35,a,a,OH+BW,,
2009-07-16,06:06,12:05,a,a,OH+BW,,
2009-07-18,06:02,12:56,a,a,OH+BW,,
2009-07-19,06:00,11:17,a,a,OH+BW,,
2009-07-20,06:08,12:48,a,a,OH+BW,,
2009-07-21,06:03,10:50,a,a,OH+BW,,
2009-07-22,15:32,17:58,a,a,OH+BW,,
2009-07-23,06:03,11:58,a,a,OH+BW,,
2009-07-24,06:00,10:52,a,a,OH+BW,,
2009-07-25,06:09,9:56,a,a,OH+BW,,
2009-07-26,06:12,11:38,a,a,OH+BW,,
2009-07-28,06:09,11:38,a,a,OH+BW,,
2009-07-29,06:00,10:55,a,a,OH+BW,,
2009-07-30,06:01,10:05,a,a,OH+BW,,
2009-07-31,06:12,10:25,a,ur,OH+BW,,
2009-07-31,12:00,12:50,dr,a,OH+BW,,
2009-08-01,06:07,10:24,a,a,OH+BW,,
2009-08-02,06:01,11:40,a,a,OH+BW,,
2009-08-03,16:14,18:04,a,a,OH+BW,,
2009-08-04,06:04,11:35,a,a,OH+BW,,
2009-08-05,06:02,11:37,a,a,OH+BW,,
2009-08-05,15:58,18:02,a,a,OH+BW,,
2009-08-06,06:04,11:30,a,a,OH+BW,,
2009-08-07,06:02,10:31,a,a,OH+BW,,
2009-08-08,06:09,11:30,a,a,OH+BW,,
2009-08-09,06:05,10:45,a,a,OH+BW,,
2009-08-10,06:04,12:15,a,a,OH+BW,,
2009-08-12,05:58,10:47,a,a,OH+BW,,
2009-08-13,06:05,9:42,a,ur,OH+BW,,
2009-08-13,11:11,12:06,dr,a,OH+BW,,
2009-08-14,06:04,10:10,a,a,OH+BW,,
2009-08-15,06:00,11:01,a,a,OH+BW,,
2009-08-15,16:23,18:02,a,a,OH+BW,,
2009-08-16,06:01,10:45,a,a,OH+BW,,
2009-08-16,15:45,18:00,a,a,OH+BW,,
2009-08-17,06:02,10:40,a,a,OH+BW,,
2009-08-17,15:14,17:57,a,a,OH+BW,,
2009-08-18,06:07,10:28,a,a,OH+BW,,
2009-08-18,16:16,18:00,a,a,OH+BW,,
2009-08-19,05:58,12:33,a,a,OH+BW,,
2009-08-19,16:14,18:00,a,a,OH+BW,,
2009-08-20,06:03,11:10,a,a,OH+BW,,
2009-08-20,16:15,17:55,a,a,OH+BW,,
2009-08-21,06:04,10:59,a,a,OH+BW,,
2009-08-21,16:25,17:35,a,a,OH+BW,,
2009-08-22,06:04,11:08,a,a,OH+BW,,
2009-08-23,06:05,10:25,a,a,OH+BW,,
2009-08-24,06:27,10:00,a,a,OH+BW,,
2009-08-24,11:40,12:37,a,a,OH+BW,,
2009-08-25,06:05,10:41,a,a,OH+BW,,
2009-08-26,06:02,11:22,a,a,OH+BW,,
2009-08-26,16:25,17:57,a,a,OH+BW,,
2009-08-27,06:00,11:53,a,a,OH+BW,,
2009-08-28,06:00,11:27,a,a,OH+BW,,
2009-08-28,16:15,17:56,a,a,OH+BW,,
2009-08-29,06:02,10:30,a,a,OH+BW,,
2009-12-23,06:00,12:40,a,a,OH+BW,,
2009-12-24,06:05,10:33,a,a,OH+BW,,
2009-12-25,06:04,10:47,a,a,OH+BW,,
2009-12-27,05:57,10:51,a,a,OH+BW,,
2009-12-28,06:00,11:50,a,a,OH+BW,,
2009-12-29,06:00,12:25,a,a,OH+BW,,
2009-12-30,05:58,11:44,a,a,OH+BW,,
2009-12-31,15:40,17:56,a,a,OH+BW,,
2010-01-01,06:04,12:07,a,a,OH+BW,,
2010-01-02,06:05,11:04,a,a,OH+BW,,
2010-01-02,16:12,17:54,a,a,OH+BW,,
2010-01-03,06:07,11:35,a,a,OH,,
2010-01-03,06:07,11:35,a,a,BW,,
2010-01-04,06:04,10:10,a,a,OH+BW,,
2010-01-05,06:00,11:10,a,a,OH,,
2010-01-05,06:00,11:10,a,a,BW,,
2010-01-06,05:59,11:42,a,a,OH+BW,,
2010-01-07,06:04,11:38,a,a,OH,,
2010-01-07,06:04,11:38,a,a,BW,,
2010-01-09,06:20,10:50,a,a,OH+BW,,
2010-01-10,06:00,11:06,a,a,OH,,
2010-01-10,06:00,11:06,a,a,BW,,
2010-01-11,05:58,11:40,a,a,OH+BW,,
2010-01-12,06:05,11:15,a,a,OH,,
2010-01-12,06:05,11:15,a,a,BW,,
2010-01-13,06:18,11:53,a,a,OH+BW,,
2010-01-14,06:16,11:37,a,a,OH,,
2010-01-14,06:16,11:37,a,a,BW,,
2010-01-16,05:58,10:28,a,a,OH+BW,,
2010-01-17,06:01,10:55,a,a,OH,,
2010-01-17,06:01,10:55,a,a,BW,,
2010-01-18,06:02,10:45,a,ur,OH+BW,,
2010-01-19,06:07,11:38,a,a,OH+BW,,
2010-01-20,06:16,10:45,a,a,OH,,
2010-01-20,06:16,10:45,a,a,BW,,
2010-01-22,06:00,10:14,a,a,OH+BW,,
2010-01-23,06:00,10:25,a,a,OH+BW,,
2010-01-24,06:05,10:40,a,a,OH,,
2010-01-24,06:05,10:40,a,a,BW,,
2010-01-25,06:00,10:27,a,a,OH+BW,,
2010-01-26,06:01,11:49,a,a,OH+BW,,
2010-01-27,06:00,9:45,a,a,OH+BW,,
2010-01-31,05:59,10:41,a,a,OH+BW,,
2010-02-02,05:58,10:04,a,a,OH,,
2010-02-02,05:58,10:04,a,a,BW,,
2010-02-02,16:15,17:56,a,a,OH+BW,,
2010-02-03,05:59,10:45,a,a,OH+BW,,
2010-02-04,06:02,11:12,a,a,OH,,
2010-02-04,06:02,11:12,a,a,BW,,
2010-02-05,06:02,11:15,a,a,OH,,
2010-02-05,06:02,11:15,a,a,BW,,
2010-02-05,16:12,18:00,a,a,OH+BW,,
2010-02-06,06:01,6:02,a,a,OH+BW,,
2010-02-08,06:03,10:05,a,a,OH,,
2010-02-08,06:03,10:05,a,a,BW,,
2010-02-09,06:10,10:50,a,a,OH,,
2010-02-09,06:10,10:50,a,a,BW,,
2010-02-10,06:01,9:48,a,a,OH+BW,,
2010-02-11,06:02,10:30,a,a,OH,,
2010-02-11,06:02,10:30,a,a,BW,,
2010-02-11,12:25,13:13,a,a,OH+BW,,
2010-02-12,06:07,11:56,a,a,OH,,
2010-02-12,06:07,11:56,a,a,BW,,
2010-02-14,06:04,10:24,a,a,OH+BW,,
2010-02-15,06:05,10:40,a,a,OH,,
2010-02-15,06:05,10:40,a,a,BW,,
2010-02-19,06:07,12:30,a,a,OH+BW,,
2010-02-19,16:10,18:00,a,a,OH+BW,,
2010-02-20,06:05,11:05,a,a,OH,,
2010-02-20,06:05,11:05,a,a,BW,,
2010-02-21,06:12,11:35,a,a,OH+BW,,
2010-02-27,06:06,10:33,a,a,OH+BW,,
2010-03-01,06:08,12:50,a,a,OH,,
2010-03-01,06:08,12:50,a,a,BW,,
2010-03-02,06:05,10:10,a,a,OH,,
2010-03-02,06:05,10:10,a,a,BW,,
2010-03-03,06:00,10:42,a,a,OH,,
2010-03-03,06:00,10:42,a,a,BW,,
2010-03-04,06:05,10:44,a,a,OH+BW,,
2010-03-05,06:00,9:45,a,a,OH+BW,,
2010-03-06,06:05,9:24,a,a,OH+BW,,
2010-03-06,16:00,18:00,a,a,OH+BW,,
2010-03-07,06:02,11:00,a,a,OH+BW,,
2010-03-07,16:12,18:00,a,a,OH+BW,,
2010-03-08,06:10,11:45,a,a,OH,,
2010-03-08,06:10,11:45,a,a,BW,,
2010-03-09,06:08,11:06,a,ur,OH+BW,,
2010-03-11,06:14,11:06,a,a,OH+BW,,
2010-03-12,06:02,11:23,a,a,OH,,
2010-03-12,06:02,11:23,a,a,BW,,
2010-03-13,06:00,10:50,a,a,OH,,
2010-03-13,06:00,10:50,a,a,BW,,
2010-03-14,05:57,11:17,a,a,OH+BW,,
2010-03-16,06:03,10:15,a,a,OH,,
2010-03-16,06:03,10:15,a,a,BW,,
2010-03-16,16:20,18:00,a,a,OH+BW,,
2010-03-17,06:06,10:20,a,a,OH+BW,,
2010-03-18,06:07,10:05,a,ur,OH+BW,,
2010-03-19,06:01,10:08,a,a,OH+BW,,
2010-03-20,06:06,13:30,a,a,OH+BW,,
2010-03-22,06:18,10:25,a,a,OH,,
2010-03-22,06:18,10:25,a,a,BW,,
2010-03-23,05:56,10:30,a,a,OH+BW,,
2010-03-24,06:12,11:00,a,a,OH+BW,,
2010-03-24,16:15,18:00,a,a,OH+BW,,
2010-03-25,05:58,10:46,a,a,OH+BW,,
2010-03-26,05:57,10:40,a,a,OH+BW,,
2010-03-27,06:02,10:40,a,a,OH+BW,,
2010-03-28,06:10,10:43,a,a,OH+BW,,
2010-03-29,06:23,10:10,a,ur,OH+BW,,
2010-03-31,06:02,10:18,a,a,OH+BW,,
2010-04-01,06:04,10:20,a,a,OH,,
2010-04-01,06:04,10:20,a,a,BW,,
2010-04-02,06:01,10:45,a,a,OH,,
2010-04-02,06:01,10:45,a,a,BW,,
2010-04-03,06:02,10:33,a,a,OH+BW,,
2010-04-04,06:10,10:20,a,a,OH,,
2010-04-04,06:10,10:20,a,a,BW,,
2010-04-05,06:07,11:45,a,a,OH+BW,,
2010-04-06,06:00,10:10,a,a,OH,,
2010-04-06,06:00,10:10,a,a,BW,,
2010-04-07,06:15,10:06,a,a,OH,,
2010-04-07,06:15,10:06,a,a,BW,,
2010-04-11,06:03,9:55,a,a,OH+BW,,
2010-04-11,06:03,9:55,a,a,OH+BW,,
2010-04-12,06:09,10:06,a,ur,OH+BW,,
2010-04-13,06:03,10:45,a,a,OH,,
2010-04-13,06:03,10:45,a,a,BW,,
2010-04-14,06:08,10:28,a,a,OH+BW,,
2010-04-15,06:19,9:50,a,a,OH+BW,,
2010-04-16,06:05,11:00,a,a,OH+BW,,
2010-04-17,06:07,10:40,a,a,OH+BW,,
2010-04-18,06:01,11:00,a,a,OH+BW,,
2010-04-19,05:58,9:56,a,a,OH+BW,,
2010-04-20,06:11,11:10,a,a,OH+BW,,
2010-04-22,06:04,10:21,a,a,OH+BW,,
2010-04-23,06:01,10:20,a,a,OH,,
2010-04-23,06:01,10:20,a,a,BW,,
2010-04-24,06:12,10:00,a,a,OH+BW,,
2010-04-26,05:59,10:55,a,a,OH+BW,,
2010-04-27,06:06,9:50,a,ur,OH+BW,,
2010-04-28,06:00,10:18,a,a,OH+BW,,
2010-04-29,06:14,10:13,a,a,OH+BW,,
2010-04-30,06:22,9:58,a,a,OH+BW,,
2010-05-01,06:15,12:30,a,a,OH+BW,,
2010-05-02,06:11,10:22,a,a,OH+BW,,
2010-05-04,06:07,10:24,a,a,OH+BW,,
2010-05-05,06:03,10:06,a,a,OH+BW,,
2010-05-06,06:11,8:30,a,ur,OH+BW,,
2010-05-09,06:04,10:44,a,a,OH+BW,,
2010-05-10,06:16,10:01,a,a,OH,,
2010-05-10,06:16,10:01,a,a,BW,,
2010-05-11,06:06,9:47,a,a,OH,,
2010-05-11,06:06,9:47,a,a,BW,,
2010-05-11,16:06,17:50,a,a,OH+BW,,
2010-05-12,06:16,10:59,a,a,OH,,
2010-05-12,06:16,10:59,a,a,BW,,
2010-05-14,06:18,9:56,a,a,OH,,
2010-05-14,06:18,9:56,a,a,BW,,
2010-05-15,06:03,9:52,a,a,OH,,
2010-05-15,06:03,9:52,a,a,BW,,
2010-05-16,06:08,9:40,a,a,OH+BW,,
2010-05-17,06:06,9:13,a,a,OH+BW,,
2010-05-18,06:07,10:25,a,a,OH+BW,,
2010-05-19,06:03,10:10,a,a,OH+BW,,
2010-05-20,06:03,10:18,a,a,OH+BW,,
2010-05-21,06:10,9:22,a,a,OH+BW,,
2010-05-22,06:13,9:28,a,a,OH+BW,,
2010-05-23,06:08,9:44,a,a,OH+BW,,
2010-05-24,06:06,9:31,a,a,OH+BW,,
2010-10-10,06:05,11:08,a,a,,,
2010-10-11,06:03,13:23,a,a,,,
2010-10-12,05:59,9:30,a,a,,,
2010-10-13,06:00,10:50,a,a,,,
2010-10-14,05:59,10:50,a,a,,,
2010-10-15,06:01,10:23,a,a,,,
2010-10-16,06:13,11:20,a,a,OH,,
2010-10-16,06:13,11:20,a,a,BW,,
2010-10-18,06:10,10:20,a,a,OH,,
2010-10-18,06:10,10:20,a,a,BW,,
2010-10-18,16:12,17:53,a,a,,,
2010-10-19,06:09,10:30,a,ur,,,
2010-10-20,06:00,10:35,a,a,,,
2010-10-21,06:07,10:00,a,a,OH,,
2010-10-21,06:07,10:00,a,a,BW,,
2010-10-22,06:13,10:45,a,a,OH,,
2010-10-22,06:13,10:45,a,a,BW,,
2010-10-23,06:06,11:41,a,a,OH,,
2010-10-23,06:06,11:41,a,a,BW,,
2010-10-24,06:02,10:51,a,a,OH,,
2010-10-24,06:02,10:51,a,a,BW,,
2010-10-24,15:35,18:00,a,a,,,
2010-10-25,05:56,10:36,a,a,,,
2010-10-27,06:02,10:20,a,a,,,
2010-10-28,06:05,10:50,a,a,OH,,
2010-10-28,06:05,10:50,a,a,BW,,
2010-10-29,06:00,9:55,a,a,OH,,
2010-10-29,06:00,9:55,a,a,BW,,
2010-10-30,06:03,10:25,a,a,OH,,
2010-10-30,06:03,10:25,a,a,BW,,
2010-10-31,05:57,10:58,a,a,OH,,
2010-10-31,05:57,10:58,a,a,BW,,
2010-11-01,06:00,10:40,a,a,OH,,
2010-11-01,06:00,10:40,a,a,BW,,
2010-11-01,16:16,18:00,a,a,,,
2010-11-02,05:52,10:15,a,a,,,
2010-11-03,05:52,11:52,a,a,,,
2010-11-04,05:52,11:14,a,a,,,
2010-11-05,05:55,11:43,a,a,,,
2010-11-06,06:00,9:50,a,a,OH,,
2010-11-06,06:00,9:50,a,a,BW,,
2010-11-07,05:56,11:44,a,a,,,
2010-11-08,05:56,9:10,a,a,OH,,
2010-11-08,05:56,9:10,a,a,BW,,
2010-11-13,05:56,10:12,a,a,,,
2010-11-14,06:08,10:46,a,a,,,
2010-11-14,15:56,17:58,a,a,,,
2010-11-15,05:52,10:30,a,a,,,
2010-11-19,05:58,10:05,a,ur,,,
2010-11-20,05:58,10:25,a,a,OH,,
2010-11-20,05:58,10:25,a,a,BW,,
2010-11-21,06:05,10:36,a,a,,,
2010-11-22,05:56,10:20,a,a,,,
2010-11-23,05:57,9:47,a,ur,,,
2010-11-24,06:00,12:35,a,a,,,
2010-11-26,05:58,11:15,a,a,,,
2010-11-27,05:55,11:00,a,a,,,
2010-11-28,05:59,10:25,a,a,,,
2010-11-29,06:00,10:30,a,a,,,
2010-12-03,05:58,10:42,a,a,BW,,
2010-12-03,06:02,12:00,a,a,ED+OH,,
2010-12-04,05:55,11:56,a,a,ED+OH,,
2010-12-04,05:56,10:18,a,a,BW,,
2010-12-05,06:01,10:30,a,a,BW,,
2010-12-05,06:04,12:06,a,a,ED+OH,,
2010-12-06,05:59,12:30,a,a,BW,,
2010-12-06,06:02,18:00,a,a,ED+OH,,
2010-12-07,05:58,11:13,a,a,BW,,
2010-12-07,05:58,12:30,a,a,ED+OH,,
2010-12-07,15:05,17:55,a,a,,,
2010-12-08,05:54,12:40,a,a,,,
2010-12-08,05:56,10:58,a,a,,,
2010-12-08,15:42,17:58,1,a,,,
2010-12-09,05:59,13:17,a,a,,,
2010-12-10,05:55,11:58,a,a,,,
2010-12-10,05:56,11:15,a,a,,,
2010-12-11,05:59,11:00,a,a,,,
2010-12-11,06:00,12:20,a,a,,,
2010-12-11,15:12,18:00,a,a,,,
2010-12-12,06:00,11:00,a,a,,,
2010-12-12,06:01,10:20,a,ur,,,
2010-12-13,06:02,10:40,a,a,,,
2010-12-13,06:09,17:55,a,a,,,
2010-12-14,06:00,11:04,a,a,,,
2010-12-14,06:06,17:43,a,a,,,
2010-12-15,05:55,12:27,a,a,,,
2010-12-15,05:56,10:40,a,a,,,
2010-12-15,15:45,17:52,a,a,,,
2010-12-16,05:57,10:30,a,a,,,
2010-12-16,05:58,11:42,a,a,,,
2010-12-18,06:00,11:07,a,a,,,
2010-12-18,06:02,13:21,a,a,,,
2010-12-18,15:31,17:55,a,a,,,
2010-12-19,05:55,18:04,a,a,,,
2010-12-19,05:56,11:20,a,a,,,
2010-12-19,16:02,18:00,a,a,,,
2010-12-20,05:59,11:16,a,a,,,
2010-12-20,05:59,12:37,a,a,,,
2010-12-21,05:55,12:58,a,a,,,
2010-12-21,05:56,11:00,a,a,,,
2010-12-21,16:20,18:00,a,a,,,
2010-12-22,06:00,11:18,a,a,,,
2010-12-22,06:00,16:25,a,a,,,
2010-12-23,06:00,11:10,a,a,,,
2010-12-23,06:02,11:18,a,a,,,
2010-12-23,15:36,18:05,a,a,,,
2010-12-24,06:03,11:06,a,a,,,
2010-12-24,06:04,12:12,a,a,,,
2010-12-27,06:05,12:47,a,a,,,
2010-12-27,08:15,11:30,a,ur,,,
2010-12-27,12:50,14:00,dr,a,,,
2010-12-28,05:59,13:00,a,a,,,
2010-12-28,06:03,13:30,a,a,,,
2010-12-29,05:57,11:30,a,a,,,
2010-12-29,05:57,14:00,a,a,,,
2010-12-29,16:19,17:57,a,a,,,
2010-12-30,06:05,10:45,a,a,,,
2010-12-30,06:09,11:41,a,a,,,
2010-12-31,06:00,10:22,a,a,,,
2010-12-31,06:01,15:50,a,a,,,
2011-01-01,05:59,12:28,a,a,,,
2011-01-01,15:43,17:55,a,a,,,
2011-01-02,06:00,12:22,a,a,,,
2011-01-03,06:05,12:35,a,ur,,,
2011-01-03,06:12,14:35,a,a,,,
2011-01-04,05:55,8:10,a,a,,,
2011-01-07,06:04,12:40,a,a,,,
2011-01-07,06:11,16:40,a,a,,,
2011-01-08,06:10,10:24,a,a,,,
2011-01-08,06:15,12:16,a,a,,,
2011-01-09,06:03,17:32,a,a,,,
2011-01-09,06:10,13:33,a,a,,,
2011-01-10,06:06,11:40,a,a,,,
2011-01-10,06:10,13:39,a,a,,,
2011-01-11,05:56,10:25,a,a,,,
2011-01-11,06:00,12:07,a,a,,,
2011-01-12,05:58,13:40,a,a,,,
2011-01-12,15:50,18:00,a,a,,,
2011-01-13,05:59,13:33,a,a,,,
2011-01-14,06:06,14:03,a,a,,,
2011-01-15,06:07,17:54,a,a,,,
2011-01-16,05:53,11:35,a,a,,,
2011-01-16,15:45,18:00,a,a,,,
2011-01-17,06:00,11:20,a,ur,,,
2011-01-17,06:01,14:22,a,a,,,
2011-01-18,05:58,18:03,a,a,,,
2011-01-19,05:58,18:02,a,a,,,
2011-01-20,06:07,11:57,a,a,,,
2011-01-20,15:23,17:55,a,a,,,
2011-01-21,06:06,10:20,a,a,,,
2011-01-21,06:11,12:27,a,a,,,
2011-01-22,06:06,10:08,a,a,,,
2011-01-22,06:07,13:40,a,a,,,
2011-01-22,16:17,17:58,a,a,,,
2011-01-23,06:11,13:12,a,a,,,
2011-01-24,06:00,11:20,a,a,,,
2011-01-24,06:08,12:53,a,a,,,
2011-01-25,06:01,10:59,a,ur,,,
2011-01-26,05:57,13:29,a,a,,,
2011-01-26,15:53,18:02,a,a,,,
2011-01-27,05:55,10:27,a,a,,,
2011-01-27,16:00,18:00,a,a,,,
2011-01-28,06:11,18:01,a,a,,,
2011-01-29,06:04,13:42,a,a,,,
2011-01-30,06:02,13:17,a,a,,,
2011-01-30,07:57,11:24,a,a,,,
2011-01-31,06:00,10:30,a,ur,,,
2011-01-31,06:03,11:25,a,a,,,
2011-02-01,05:56,10:55,a,a,,,
2011-02-01,06:03,11:02,a,a,,,
2011-02-01,16:03,18:00,a,a,,,
2011-02-02,06:00,11:30,a,a,,,
2011-02-02,06:01,12:39,a,a,,,
2011-02-02,16:13,18:00,a,a,,,
2011-02-03,05:55,11:00,a,a,,,
2011-02-03,15:37,17:55,a,a,,,
2011-02-03,16:18,17:46,a,a,,,
2011-02-04,05:55,8:42,a,a,,,
2011-02-06,06:02,13:00,a,a,,,
2011-02-06,06:10,12:15,a,a,,,
2011-02-07,05:56,9:50,a,a,,,
2011-02-07,06:03,12:27,a,a,,,
2011-02-07,16:17,18:00,a,a,,,
2011-02-08,17:00,19:20,a,a,,,
2011-02-09,06:00,10:20,a,a,,,
2011-02-09,06:10,12:03,a,a,,,
2011-02-09,16:20,18:00,a,a,,,
2011-02-10,05:56,11:39,a,a,,,
2011-02-10,06:03,12:09,a,a,,,
2011-02-10,15:40,17:45,a,a,,,
2011-02-13,05:55,11:23,a,a,,,
2011-02-13,16:28,18:00,a,a,,,
2011-02-14,06:00,11:05,a,a,,,
2011-02-14,06:11,12:30,a,a,,,
2011-02-14,15:45,17:58,a,a,,,
2011-02-14,16:22,18:00,a,a,,,
2011-02-15,05:54,11:07,a,a,,,
2011-02-15,05:58,12:10,a,a,,,
2011-02-15,16:20,18:00,a,a,,,
2011-02-16,06:19,12:06,a,a,,,
2011-02-16,06:30,12:56,a,a,,,
2011-02-17,06:05,9:25,a,ur,,,
2011-02-17,06:15,13:30,a,a,,,
2011-02-17,10:41,11:35,dr,a,,,
2011-02-18,05:07,11:22,a,a,,,
2011-02-18,06:07,11:57,a,a,,,
2011-02-18,16:25,18:00,a,a,,,
2011-02-19,05:58,12:20,a,a,,,
2011-02-19,06:09,12:40,a,a,,,
2011-02-19,16:10,18:00,a,a,,,
2011-02-20,06:20,10:53,a,a,,,
2011-02-20,06:32,13:42,a,a,,,
2011-02-20,15:50,18:00,a,a,,,
2011-02-21,06:08,14:08,a,a,,,
2011-02-21,15:55,18:00,a,a,,,
2011-02-22,06:02,11:26,a,a,,,
2011-02-22,14:36,18:16,a,a,,,
2011-02-22,16:20,18:00,a,a,,,
2011-02-23,06:03,10:30,a,a,,,
2011-02-23,06:13,11:55,a,a,,,
2011-02-23,15:31,17:55,a,a,,,
2011-02-24,06:07,10:20,a,a,,,
2011-02-24,06:19,11:10,a,a,,,
2011-02-25,06:04,10:20,a,ur,,,
2011-02-25,06:15,12:23,a,a,,,
2011-02-25,11:26,12:14,dr,a,,,
2011-02-25,16:12,18:00,a,a,,,
2011-02-26,06:06,11:05,a,a,,,
2011-02-26,06:18,18:02,a,a,,,
2011-02-26,16:06,18:00,a,a,,,
2011-02-27,06:13,13:07,a,a,,,
2011-02-28,06:23,11:51,a,a,,,
2011-02-28,14:51,18:00,a,a,,,
2011-03-01,06:16,13:12,a,a,,,
2011-03-01,15:20,17:59,a,a,,,
2011-03-02,06:57,16:21,a,a,,,
2011-03-02,16:20,18:00,a,a,,,
2011-03-03,06:11,13:21,a,a,,,
2011-03-03,06:13,11:25,a,a,,,
2011-03-03,16:18,18:00,a,a,,,
2011-03-04,06:03,11:04,a,a,,,
2011-03-04,06:04,11:10,a,a,,,
2011-03-04,14:51,17:47,a,a,,,
2011-03-05,05:59,12:38,a,a,,,
2011-03-05,05:59,17:55,a,a,,,
2011-03-06,06:05,12:42,a,a,,,
2011-03-06,06:06,13:24,a,a,,,
2011-03-06,16:15,17:58,a,a,,,
2011-03-07,06:07,11:41,a,a,,,
2011-03-07,06:08,12:40,a,a,,,
2011-03-07,16:08,18:00,a,a,,,
2011-03-08,05:57,10:25,a,a,,,
2011-03-08,14:25,17:51,a,a,,,
2011-03-09,06:01,14:14,a,a,,,
2011-03-10,06:08,11:55,a,a,,,
2011-03-11,06:04,12:23,a,a,,,
2011-03-12,05:59,13:16,a,a,,,
2011-03-13,06:06,12:58,a,a,,,
2011-03-13,06:08,12:12,a,a,,,
2011-03-14,06:07,10:56,a,a,,,
2011-03-14,06:07,13:41,a,a,,,
2011-03-15,05:55,9:35,a,a,,,
2011-03-15,14:32,17:48,a,a,,,
2011-03-16,06:02,10:33,a,a,,,
2011-03-16,06:07,11:46,a,a,,,
2011-03-16,16:30,18:00,a,a,,,
2011-03-17,06:04,12:12,a,a,,,
2011-03-17,06:05,11:37,a,a,,,
2011-03-18,05:59,9:52,a,a,,,
2011-03-20,06:07,10:50,a,a,,,
2011-07-20,06:07,12:12,a,a,,,
2011-07-21,06:18,11:18,a,a,,,
2011-07-22,06:06,12:05,a,a,,,
2011-07-23,06:13,11:20,a,a,,,
2011-07-23,16:10,17:43,a,a,,,
2011-07-24,06:15,10:30,a,a,,,
2011-07-24,06:15,13:14,a,a,,,
2011-07-25,06:20,11:05,a,ur,,,
2011-07-26,06:12,10:45,a,a,,,
2011-07-26,06:14,11:28,a,a,,,
2011-07-27,06:24,11:10,a,a,,,
2011-07-27,06:25,13:04,a,a,,,
2011-07-28,06:07,10:18,a,a,,,
2011-07-28,06:08,11:10,a,a,,,
2011-07-29,06:08,12:14,a,a,,,
2011-07-29,06:10,12:14,a,a,,,
2011-07-30,06:13,11:20,a,a,,,
2011-07-30,06:14,11:56,a,a,,,
2011-07-31,06:17,11:16,a,a,,,
2011-08-01,06:04,10:20,a,a,,,
2011-08-01,06:04,11:00,a,a,,,
2011-08-01,15:47,17:58,a,a,,,
2011-08-02,06:08,9:30,a,a,,,
2011-08-03,06:06,17:47,a,a,,,
2011-08-04,06:24,11:56,a,a,,,
2011-08-05,06:56,11:45,a,a,,,
2011-08-06,06:42,12:30,a,a,,,
2011-08-07,06:14,12:07,a,a,,,
2011-08-08,06:20,10:07,a,a,,,
2011-08-08,06:22,13:11,a,a,,,
2011-08-09,07:35,12:38,a,a,,,
2011-08-10,06:20,11:01,a,a,,,
2011-08-10,16:24,18:00,a,a,,,
2011-08-11,06:24,12:00,a,a,,,
2011-08-11,06:28,13:05,a,a,,,
2011-08-12,06:30,10:52,a,a,,,
2011-08-12,06:36,11:58,a,a,,,
2011-08-12,15:15,17:57,a,a,,,
2011-08-13,06:34,12:03,a,a,,,
2011-08-13,06:40,9:52,a,a,,,
2011-08-14,06:11,10:56,a,a,,,
2011-08-14,06:18,10:55,a,a,,,
2011-08-18,06:24,11:07,a,a,,,
2011-08-18,06:30,11:36,a,a,,,
2011-08-18,15:53,18:03,a,a,,,
2011-08-19,06:08,13:10,a,a,,,
2011-08-19,06:14,11:07,a,a,,,
2011-08-19,15:10,17:58,a,a,,,
2011-08-20,06:55,11:50,a,a,,,
2011-08-20,06:59,12:07,a,a,,,
2011-08-21,06:09,12:10,a,a,,,
2011-08-23,06:17,13:40,a,a,,,
2011-08-24,06:17,13:27,a,a,,,
2011-08-25,06:22,11:07,a,a,,,
2011-08-25,15:01,17:58,a,a,,,
2011-08-26,06:21,11:46,a,ur,,,
2011-08-27,06:32,12:29,a,a,,,
2011-08-27,06:36,12:32,a,a,,,
2011-08-29,06:20,10:41,a,a,,,
2011-08-29,06:25,11:33,a,a,,,
2011-08-30,06:21,11:35,a,a,,,
2011-08-30,06:23,12:04,a,a,,,
2011-08-31,06:30,18:00,a,a,,,
2011-08-31,06:33,17:52,a,a,,,
2011-09-01,06:16,11:43,a,a,,,
2011-09-01,06:23,13:05,a,a,,,
2011-09-02,06:27,12:14,a,a,,,
2011-09-02,06:32,12:15,a,a,,,
2011-09-03,06:13,9:54,a,a,,,
2011-09-03,15:17,17:50,a,a,,,
2011-09-05,06:09,9:33,a,a,,,
2011-09-06,06:40,11:47,a,a,,,
2011-09-06,06:45,12:32,a,a,,,
2011-09-07,06:28,11:52,a,a,,,
2011-09-07,06:30,13:40,a,a,,,
2011-09-11,06:15,10:38,a,a,,,
2011-09-11,15:56,17:57,a,a,,,
2011-09-12,06:03,10:56,a,a,,,
2011-09-13,06:05,11:34,a,a,,,
2011-09-14,06:04,10:30,a,a,,,
2011-09-15,06:03,13:20,a,a,,,
2011-09-17,06:11,12:11,a,a,,,
2011-09-18,06:01,10:50,a,a,,,
2011-09-22,06:00,12:34,a,a,,,
2011-09-22,06:56,11:40,a,a,,,
2011-09-22,15:27,17:55,a,a,,,
2011-09-23,05:56,12:15,a,a,,,
2011-09-23,05:56,11:42,a,a,,,
2011-09-24,05:59,11:40,a,a,,,
2011-09-24,06:00,11:06,a,a,,,
2011-09-25,06:00,12:20,a,a,,,
2011-09-26,06:02,10:55,a,a,,,
2011-09-26,06:05,12:24,a,a,,,
2011-09-27,05:55,10:30,a,a,,,
2011-09-27,06:05,11:44,a,a,,,
2011-09-28,05:58,11:15,a,a,,,
2011-09-29,05:57,10:11,a,a,,,
2011-09-29,06:03,12:27,a,a,,,
2011-09-30,05:58,11:00,a,a,,,
2011-09-30,06:00,12:46,a,a,,,
2011-10-01,05:57,10:12,a,a,,,
2011-10-01,06:00,11:04,a,a,,,
2011-10-01,15:27,17:57,a,a,,,
2011-10-02,06:00,10:33,a,a,,,
2011-10-02,06:01,10:40,a,a,,,
2011-10-03,06:06,8:23,a,a,,,
2011-10-04,06:00,10:55,a,a,,,
2011-10-04,15:15,17:53,a,a,,,
2011-10-05,05:55,09:24,a,a,,,
2011-10-05,05:57,10:18,a,a,,,
2011-10-06,06:00,11:35,a,a,,,
2011-10-06,06:00,10:41,a,a,,,
2011-10-06,14:12,17:47,a,a,,,
2011-10-07,05:57,10:15,a,a,,,
2011-10-07,14:44,18:00,a,a,,,
2011-10-08,06:07,10:20,a,a,,,
2011-10-08,15:11,17:55,a,a,,,
2011-10-09,06:09,11:03,a,a,,,
2011-10-09,06:26,10:37,a,a,,,
2011-10-10,05:55,10:51,a,a,,,
2011-10-10,05:58,9:50,a,a,,,
2011-10-11,05:55,10:25,a,a,,,
2011-10-11,05:55,12:30,a,a,,,
2011-10-13,06:00,11:20,a,a,ED,,
2011-10-14,06:08,11:35,a,a,ED,,
2011-10-15,06:15,10:29,a,a,ED,,
2011-10-15,15:13,17:48,a,a,ED,,
2011-10-17,06:24,9:35,a,up,ED,,
2011-10-17,10:30,12:30,dr,a,ED,,
2011-10-18,06:02,10:25,a,a,ED,,
2011-10-19,06:05,11:52,a,a,ED,,
2011-10-20,06:15,11:30,a,a,ED,,
2011-10-21,06:00,11:20,a,a,ED,,
2011-10-23,06:03,9:29,a,a,ED,,
2011-10-23,14:30,17:52,a,a,ED,,
2011-10-24,06:02,10:08,a,a,ED,,
2011-10-29,06:07,9:52,a,a,ED,,
2011-10-30,06:06,11:16,a,a,ED,,
2011-10-31,06:06,10:26,a,a,ED,,
2011-11-01,06:04,10:39,a,a,ED,,
2011-11-02,06:06,11:10,a,a,ED,,
2011-11-02,13:58,17:51,a,a,ED,,
2011-11-04,06:00,11:49,a,a,ED,,
2011-11-05,06:10,10:14,a,a,ED,,
2011-11-06,06:05,11:09,a,a,ED,,
2011-11-06,14:08,17:41,a,a,ED,,
2011-11-07,06:04,11:00,a,a,ED,,
2011-11-08,07:00,10:52,a,a,ED,,
2011-11-09,06:05,10:29,a,a,ED,,
2011-11-10,06:03,9:54,a,a,,,
2011-11-14,06:45,11:43,a,a,,,
2011-11-15,08:48,17:20,a,a,,,
2011-11-16,06:27,10:08,a,a,,,
2011-11-16,06:34,10:43,a,a,ED,,
2011-11-17,06:15,11:38,a,a,,,
2011-11-18,06:12,11:08,a,a,ED,,
2011-11-18,06:14,09:35,a,ur,,,
2011-11-18,11:20,12:14,dr,a,,,
2011-11-19,14:30,17:46,a,a,,,
2011-11-20,06:09,11:10,a,a,,,
2011-11-21,07:05,13:05,a,a,ED,,
2011-11-21,07:16,12:08,a,a,,,
2011-11-21,15:43,17:59,a,a,ED,,
2011-11-22,06:30,10:51,a,a,ED,,
2011-11-22,06:31,11:01,a,a,,,
2011-11-22,14:38,17:58,a,a,ED,,
2011-11-23,06:18,11:15,a,a,ED,,
2011-11-23,06:20,10:39,a,a,,,
2011-11-25,06:20,11:08,a,a,,,
2011-11-25,06:32,11:17,a,a,ED,,
2011-11-26,06:38,11:27,a,a,ED,,
2011-11-26,06:40,11:25,a,a,,,
2011-11-26,15:21,17:47,a,a,,,
2011-11-27,06:30,11:50,a,a,,,
2011-11-27,06:30,13:15,a,a,ED,,
2011-11-27,14:40,18:00,a,a,,,
2011-11-28,06:55,12:28,a,a,,,
2011-11-28,06:55,17:51,a,a,ED,,
2011-11-29,06:10,10:25,a,ur,,,
2011-11-29,06:10,10:56,a,a,ED,,
2011-11-30,06:13,11:23,a,a,,,
2011-11-30,06:16,11:42,a,a,ED,,
2011-12-01,06:30,10:57,a,a,,,
2011-12-02,06:12,9:45,a,a,,,
2011-12-03,06:25,10:07,a,a,,,
2011-12-03,06:27,11:23,a,a,ED,,
2011-12-05,06:25,12:20,a,a,,,
2011-12-14,06:23,11:25,a,a,,,
2011-12-15,06:18,10:46,a,a,,,
2012-01-28,06:06,11:29,a,a,ED,,
2012-01-29,06:08,11:20,a,a,ED,,
2012-01-30,06:11,13:32,a,a,ED,,
2012-01-31,06:02,11:02,a,a,ED,,
2012-02-01,07:08,09:35,a,ur,ED,,
2012-02-03,06:03,10:34,a,a,ED,,
2012-02-03,14:30,17:55,a,a,ED,,
2012-02-05,06:08,10:30,a,a,ED,,
2012-02-05,14:34,17:53,a,a,ED,,
2012-02-06,06:08,11:22,a,a,ED,,
2012-02-07,06:07,12:13,a,a,ED,,
2012-02-08,06:07,11:48,a,a,ED,,
2012-02-09,07:10,10:07,a,ur,ED,,
2012-02-10,14:28,18:00,a,a,ED,,
2012-02-11,06:15,10:32,a,a,ED,,
2012-02-12,06:06,14:17,a,a,ED,,
2012-02-13,13:32,17:52,a,a,ED,,
2012-02-14,06:11,10:55,a,a,ED,,
2012-02-15,06:34,10:14,a,ur,ED,,
2012-02-16,06:21,10:44,a,a,ED,,
2012-02-17,06:41,10:27,a,ur,ED,,
2012-02-19,06:13,11:05,a,a,ED,,
2012-02-19,15:00,17:37,a,a,ED,,
2012-02-20,06:27,12:02,a,a,ED,,
2012-02-21,06:16,10:36,a,a,ED,,
2012-02-22,07:05,11:32,a,a,ED,,
2012-02-23,06:51,13:04,a,a,ED,,
2012-02-25,06:09,11:04,a,a,ED,,
2012-02-26,06:15,11:28,a,a,ED,,
2012-02-27,06:03,12:17,a,a,ED,,
2012-02-28,14:07,17:54,a,a,ED,,
2012-02-29,06:27,09:08,a,ur,ED,,
2012-03-01,14:27,17:54,a,a,ED,,
2012-03-02,06:04,11:04,a,a,ED,,
2012-03-03,06:13,12:12,a,a,ED,,
2012-03-06,07:35,12:50,a,a,ED,,
2012-03-09,06:23,12:07,a,a,ED,,
2012-03-10,,,a,,,,
2012-03-11,06:30,09:20,a,ur,,,
2012-03-14,06:18,12:00,a,a,,,
2012-03-15,05:55,11:05,a,a,,,
2012-03-16,06:05,11:43,a,a,,,
2012-03-25,06:25,10:27,a,a,,,
2012-03-26,06:23,09:20,a,a,,,
2012-03-27,06:51,11:00,a,a,,,
2012-03-28,15:33,17:58,a,a,,,
2012-03-29,06:12,09:54,a,a,,,
2012-03-31,06:30,12:26,a,a,,,
2012-04-01,07:01,11:53,a,a,,,
2012-04-02,09:28,14:17,a,a,,,
2012-04-03,06:10,11:25,a,a,,,
2012-04-05,06:30,12:50,a,a,ED,,
2012-04-05,06:30,11:14,a,a,,,
2012-04-06,06:15,11:25,a,a,ED,,
2012-04-07,06:15,10:28,a,a,,,
2012-04-08,06:20,12:30,a,a,ED,,
2012-04-08,06:26,12:11,a,a,,,
2012-04-10,06:24,09:55,a,a,,,
2012-04-11,06:17,11:36,a,a,ED,,
2012-04-11,06:24,11:15,a,a,,,
2012-04-15,06:30,10:45,a,a,,,
2012-04-15,06:35,11:02,a,a,ED,,
2012-04-16,06:25,12:25,a,a,ED,,
2012-04-16,06:32,11:38,a,a,,,
2012-04-17,06:23,10:37,a,a,,,
2012-04-19,15:24,17:56,a,a,,,
2012-04-20,06:35,12:45,a,a,ED,,
2012-04-20,07:10,10:20,a,a,,,
2012-04-21,08:57,14:12,a,a,,,
2012-04-22,15:29,17:59,a,a,,,
2012-04-23,16:00,17:56,a,a,,,
2012-04-24,06:39,10:06,a,a,,,
2012-04-24,15:45,17:58,a,a,,,
2012-04-25,06:27,12:12,a,a,,,
2012-04-26,08:22,12:42,a,a,,,
2012-04-27,07:45,12:28,a,a,,,
2012-04-28,06:44,11:55,a,a,,,
2012-04-28,06:45,11:56,a,a,ED,,
2012-04-30,06:40,11:50,a,a,,,
2012-04-30,06:45,11:28,a,a,ED,,
2012-05-01,06:43,11:33,a,a,,,
2012-05-02,14:30,18:00,a,a,ED,,
2012-05-02,15:28,18:00,a,a,,,
2012-05-04,07:15,11:46,a,a,,,
2012-05-05,06:35,11:30,a,a,ED,,
2012-05-05,08:37,13:47,a,a,,,
2012-05-06,07:10,11:59,a,a,,,
2012-05-07,11:50,15:00,a,a,,,
2012-05-08,07:35,11:53,a,a,,,
2012-05-11,06:25,11:20,a,a,,,
2012-05-12,06:09,13:16,a,a,OH,,
2012-05-13,06:05,10:45,a,a,OH,,
2012-05-14,06:22,17:50,a,a,OH,,
2012-05-16,06:18,14:20,a,a,OH,,
2012-05-17,06:16,12:10,a,a,OH,,
2012-05-18,06:05,10:03,a,a,OH,,
2012-05-19,06:08,9:55,a,a,OH,,
2012-05-22,06:05,10:10,a,a,OH,,
2012-05-23,06:07,10:21,a,a,OH,,
2012-05-23,15:10,17:55,a,a,OH,,
2012-05-24,06:13,11:23,a,a,OH,,
2012-05-25,06:05,11:04,a,a,OH,,
2012-05-27,06:10,11:55,a,a,OH,,
2012-05-28,06:08,11:18,a,a,OH,,
2012-05-29,06:10,11:05,a,a,OH,,
2012-05-30,06:06,10:22,a,a,OH,,
2012-09-10,06:11,11:13,a,a,ED+OH,,
2012-09-11,06:00,10:45,a,a,OH,,
2012-09-11,06:00,11:23,a,a,ED,,
2012-09-12,06:16,9:35,a,ur,OH,,
2012-09-12,06:16,11:32,a,a,ED,,
2012-09-13,06:16,10:10,a,a,OH,,
2012-09-13,06:16,12:29,a,a,ED,,
2012-09-14,06:38,9:54,a,a,OH,,
2012-09-14,06:38,9:54,a,a,ED,,
2012-09-15,06:15,10:47,a,a,,,
2012-09-16,15:30,18:01,a,a,,,
2012-09-17,06:08,10:59,a,a,OH,,
2012-09-17,06:08,10:59,a,a,ED,,
2012-09-18,05:58,10:18,a,a,,,
2012-09-19,06:30,11:00,a,a,OH,,
2012-09-19,06:30,11:50,a,a,ED,,
2012-09-20,06:06,10:25,a,a,ED,,
2012-09-20,06:11,10:50,a,a,OH,,
2012-09-21,06:13,10:03,a,a,ED,,
2012-09-21,06:14,11:04,a,a,OH,,
2012-09-21,15:00,17:56,a,a,,,
2012-09-23,06:08,13:19,a,a,OH,,
2012-09-23,06:10,10:17,a,a,ED,,
2012-09-24,05:58,10:25,a,a,OH,,
2012-09-24,06:03,11:16,a,a,ED,,
2012-09-25,06:10,9:32,a,a,ED,,
2012-09-25,06:11,10:17,a,a,OH,,
2012-09-26,06:10,10:04,a,a,OH,,
2012-09-26,14:15,17:51,a,a,ED,,
2012-09-27,06:00,11:45,a,a,OH,,
2012-09-27,06:10,11:44,a,a,ED,,
2012-09-28,06:30,11:14,a,a,ED,,
2012-09-29,06:20,11:58,a,a,,,
2012-09-29,06:23,12:03,a,a,,,
2012-09-30,06:21,11:20,a,a,,,
2012-09-30,06:23,10:44,a,a,,,
2012-10-01,06:15,12:05,a,a,,,
2012-10-01,06:30,12:07,a,a,,,
2012-10-02,06:03,11:30,a,a,,,
2012-10-02,06:05,11:25,a,a,,,
2012-10-03,06:10,12:31,a,a,,,
2012-10-03,06:12,11:29,a,a,,,
2012-10-04,14:50,18:00,a,a,,,
2012-10-04,15:00,18:02,a,a,,,
2012-10-05,06:35,11:14,a,a,,,
2012-10-05,06:39,11:25,a,a,,,
2012-10-06,06:00,9:07,a,a,,,
2012-10-06,06:00,10:01,a,a,,,
2012-10-06,15:35,18:00,a,a,,,
2012-10-07,06:25,10:11,a,a,,,
2012-10-07,06:30,11:00,a,a,,,
2012-10-08,06:26,13:25,a,a,,,
2012-10-09,06:25,11:45,a,a,,,
2012-10-09,06:35,11:32,a,a,,,
2012-10-10,14:55,17:58,a,a,,,
2012-10-10,15:00,17:35,a,a,,,
2012-10-11,06:25,10:42,a,a,,,
2012-10-11,06:35,10:03,a,a,,,
2012-10-12,05:56,12:20,a,a,,,
2012-10-12,08:30,13:05,a,a,,,
2012-10-13,08:13,12:36,a,a,ED,,
2012-10-14,06:16,11:18,a,a,,,
2012-10-15,06:12,12:30,a,a,,,
2012-10-15,08:23,13:01,a,a,,,
2012-10-17,06:35,11:19,a,a,,,
2012-10-17,06:46,11:58,a,a,,,
2012-10-18,06:35,9:09,a,a,,,
2012-10-19,06:32,11:40,a,a,,,
2012-10-20,06:15,9:53,a,a,,,
2012-10-20,06:15,10:00,a,a,,,
2012-10-22,06:21,12:11,a,a,ED,,
2012-10-23,06:15,10:59,a,a,ED,,
2012-10-24,07:00,12:00,a,a,ED,,
2012-10-26,06:13,10:57,a,a,ED,,
2012-10-26,15:10,17:54,a,a,ED,,
2012-10-27,06:50,11:32,a,a,ED,,
2012-10-28,06:50,11:59,a,a,ED,,
2012-10-29,06:30,11:16,a,a,ED,,
2012-10-30,07:10,11:10,a,a,ED,,
2012-11-01,06:32,11:00,a,a,,,
2012-11-02,09:00,14:45,a,a,ED,,
2012-11-03,07:50,12:24,a,a,ED,,
2012-11-04,14:25,18:02,a,a,,,
2012-11-05,06:22,10:00,a,a,,,
2012-11-06,06:45,10:40,a,a,,,
2012-11-07,06:15,9:30,a,a,,,
2012-11-07,16:05,18:00,a,a,,,
2012-11-08,06:22,11:55,a,a,,,
2012-11-10,06:35,11:40,a,a,,,
2012-11-11,06:48,10:20,a,a,,,
2012-11-12,06:20,9:46,a,a,,,
2012-11-12,06:35,12:30,a,a,,,
2012-11-13,06:00,10:33,a,a,,,
2012-11-13,06:05,14:50,a,a,,,
2012-11-15,06:10,11:34,a,a,ED,,
2012-11-16,06:10,11:54,a,a,,,
2012-11-16,06:20,11:52,a,a,,,
2012-11-17,06:20,9:43,a,a,,,
2012-11-17,06:20,11:30,a,a,,,
2012-11-19,06:25,11:06,a,a,,,
2012-11-19,06:38,10:30,a,a,,,
2012-11-20,06:25,11:35,a,a,,,
2012-11-20,06:35,11:20,a,a,,,
2012-11-21,06:15,11:08,a,a,,,
2012-11-21,06:16,10:50,a,a,,,
2012-11-22,06:23,11:44,a,a,,,
2012-11-22,06:30,14:35,a,a,,,
2012-11-23,06:08,10:48,a,a,,,
2012-11-24,06:01,11:40,a,a,,,
2012-11-24,06:05,11:45,a,a,,,
2012-11-25,06:08,11:10,a,a,,,
2012-11-26,06:20,10:55,a,a,,,
2012-11-26,06:25,11:20,a,a,,,
2012-11-27,07:45,12:57,a,a,ED,,
2012-11-28,06:22,11:44,a,a,,,
2012-11-29,06:15,11:06,a,a,,,
2012-11-29,06:20,9:50,a,a,,,
2012-11-30,06:20,11:11,a,a,,,
2012-12-01,06:45,12:05,a,a,,,
2012-12-01,15:35,18:05,a,a,,,
2012-12-02,06:03,11:42,a,a,,,
2013-02-12,13:30,17:40,l,l,,,
2013-02-14,06:12,13:41,l,l,,,
2013-02-15,06:10,12:47,l,l,,,
2013-02-16,06:09,11:45,l,l,,,
2013-02-18,06:25,11:35,l,l,,,
2013-02-19,06:08,11:27,l,l,,,
2013-02-22,06:20,11:37,l,l,,,
2013-02-23,05:53,11:53,l,l,,,
2013-02-25,06:17,11:30,l,l,,,
2013-02-26,06:13,12:10,l,l,,,
2013-02-27,06:50,10:57,l,l,,,
2013-02-27,15:20,18:05,l,l,,,
2013-03-01,06:20,11:24,l,l,,,
2013-03-03,06:05,11:14,l,l,,,
2013-03-04,06:24,10:33,l,l,,,
2013-03-05,06:13,12:30,l,l,,,
2013-03-06,15:55,18:02,dr,l,,,
2013-03-07,06:27,11:32,l,l,,,
2013-03-09,06:17,14:52,l,l,,,
2013-03-10,06:27,11:10,l,l,,,
2013-03-12,06:30,13:30,l,l,,,
2013-04-14,06:40,11:43,l,l,,,
2013-04-15,06:16,10:43,l,l,,,
2013-04-18,06:25,11:17,l,l,,,
2013-04-19,06:12,12:33,l,l,,,
2013-04-20,06:20,12:05,l,l,,,
2013-04-21,06:15,11:33,l,l,,,
2013-04-22,06:02,11:25,l,l,,,
2013-04-23,06:12,10:46,l,l,,,
2013-04-25,06:09,10:57,l,l,,,
2013-04-27,06:33,11:27,l,l,,,
2013-04-28,06:30,10:55,l,l,,,
2013-04-29,06:32,11:55,l,l,,,
2013-04-30,06:03,12:35,l,l,,,
2013-05-02,06:13,12:23,l,l,,,
2013-05-03,06:25,11:50,l,l,,,
2013-05-04,06:05,10:44,l,l,,,
2013-05-06,06:22,12:06,l,l,,,
2013-05-07,06:20,11:52,l,l,,,
2013-05-09,06:18,10:43,l,l,,,
2013-05-09,15:35,18:03,l,l,,,
2013-05-10,06:18,11:18,l,l,,,
2013-05-11,06:25,10:41,l,l,,,
2013-05-12,06:30,11:50,l,l,,,
2013-05-12,15:45,18:03,l,l,,,
2013-05-13,06:27,12:32,l,l,,,
2013-05-13,15:00,18:00,l,l,,,
2013-05-15,06:44,11:44,l,l,,,
2013-05-19,06:00,13:28,l,l,,,
2013-05-20,06:00,10:54,l,l,,,
2013-05-21,06:00,11:49,l,l,,,
2013-05-23,06:00,12:00,l,l,,,
2013-05-25,06:00,12:50,l,l,,,
2013-05-26,06:00,11:42,l,l,,,
2013-05-28,06:13,11:09,l,l,,,
2013-05-30,09:20,10:40,dr,l,,,
2013-11-19,06:10,11:40,l,l,OH,,
2013-11-20,06:15,12:33,l,l,OH,,
2013-11-21,06:00,12:40,l,l,OH,,
2013-11-22,05:54,12:30,l,l,OH,,
2013-11-23,05:56,10:22,l,l,OH,,
2013-11-24,06:01,11:08,l,l,OH,,
2013-11-25,05:59,10:38,l,l,OH,,
2013-11-26,06:04,9:48,l,l,OH,,
2013-11-27,06:01,13:20,l,l,OH,,
2013-11-28,06:11,10:49,l,l,OH,,
2013-11-29,06:10,10:30,l,l,OH,,
2013-11-29,15:10,18:00,l,l,OH,,
2013-11-30,06:05,10:10,l,l,OH,,
2013-12-02,06:04,10:29,l,l,OH,,
2013-12-02,15:11,18:02,l,l,OH,,
2013-12-03,06:01,18:01,l,l,OH,,
2013-12-04,06:00,11:12,l,l,OH,,
2013-12-04,15:50,18:08,l,l,OH,,
2013-12-05,06:00,10:05,l,l,OH,,
2013-12-05,16:15,18:08,l,l,OH,,
2013-12-06,05:55,11:05,l,l,OH,,
2013-12-07,05:58,9:32,l,l,OH,,
2013-12-08,05:57,9:40,l,l,OH,,
2013-12-09,05:58,9:55,l,l,OH,,
2013-12-10,16:00,18:05,dr,l,OH,,
2013-12-11,06:10,10:30,l,l,OH,,
2013-12-13,06:00,11:05,l,l,OH,,
2013-12-13,16:05,18:05,l,l,OH,,
2013-12-14,06:05,11:20,l,l,OH,,
2013-12-15,06:09,10:20,l,l,OH,,
2013-12-16,06:26,9:50,l,l,OH,,
2013-12-16,15:50,17:50,l,l,OH,,
2013-12-17,05:55,11:58,l,l,OH,,
2013-12-18,06:08,10:34,l,l,OH,,
2014-04-30,06:15,12:20,l,l,OH,,
2014-05-01,06:12,13:40,l,l,OH,,
2014-05-02,06:04,12:45,l,l,OH,,
2014-05-03,06:00,9:40,l,l,OH,,
2014-05-04,05:58,11:10,l,l,OH,,
2014-05-05,06:15,10:10,l,l,OH,,
2014-05-06,06:33,10:50,l,l,OH,,
2014-05-07,06:00,10:20,l,l,OH,,
2014-05-08,06:03,12:05,l,l,OH,,
2014-05-09,14:55,18:05,l,l,OH,,
2014-05-10,06:04,10:44,l,l,OH,,
2014-05-11,06:05,12:30,l,l,OH,,
2014-05-12,06:08,12:08,l,l,OH,,
2014-05-13,06:15,10:30,l,l,OH,,
2014-05-14,06:08,12:03,l,l,OH,,
2014-05-15,06:00,13:00,l,l,OH,,
2014-05-16,06:10,12:10,l,l,OH,,
2014-05-17,06:05,12:05,l,l,OH,,
2014-05-18,06:12,12:12,l,l,OH,,
2014-05-19,06:10,12:50,l,l,OH,,
2014-05-21,06:03,12:03,l,l,OH,,
2014-05-22,06:10,14:30,l,l,OH,,
2014-05-23,06:05,11:20,l,l,OH,,
2014-05-24,05:57,10:07,l,l,OH,,
2014-05-26,06:10,9:47,l,l,OH,,
2014-05-27,06:03,10:28,l,l,OH,,
2014-05-28,06:00,14:30,l,l,OH,,
2014-05-29,05:57,10:42,l,l,OH,,
2014-05-30,06:00,10:50,l,l,OH,,
2014-05-31,06:00,9:55,l,l,OH,,
2014-06-01,06:05,10:00,l,l,OH,,
2014-06-02,06:05,18:00,l,l,OH,,
2014-06-03,06:00,12:55,l,l,OH,,
2014-06-04,06:01,10:35,l,l,OH,,
2014-06-06,06:03,12:23,l,l,OH,,
2014-06-07,06:04,12:14,l,l,OH,,
2014-06-08,06:25,12:15,l,l,OH,,
2014-06-09,06:03,11:07,l,l,OH,,
2014-06-10,05:57,10:23,l,l,OH,,
2014-06-11,06:32,10:28,l,l,OH,,
2014-06-12,06:12,9:22,l,l,OH,,
2014-06-14,06:50,11:55,l,l,OH,,
2014-06-15,06:20,12:25,l,l,OH,,
2014-06-15,15:05,18:00,l,l,OH,,
2014-06-16,06:12,12:17,l,l,OH,,
2014-06-17,06:25,12:25,l,l,OH,,
2014-06-18,06:14,12:50,l,l,OH,,
2014-11-21,06:10,12:00,l,l,OH,,
2014-11-22,06:07,9:42,l,l,OH,,
2014-11-22,16:10,18:00,l,l,OH,,
2014-11-23,06:10,9:50,l,l,OH,,
2014-11-24,06:10,10:10,l,l,OH,,
2014-11-25,06:10,9:20,l,l,OH,,
2014-11-26,06:14,11:20,l,l,OH,,
2014-11-27,05:55,10:00,l,l,OH,,
2014-11-28,06:01,11:51,l,l,OH,,
2014-11-29,06:25,13:05,l,l,OH,,
2014-11-30,06:00,11:45,l,l,OH,,
2014-12-01,06:03,14:20,l,l,OH,,
2014-12-02,06:15,10:30,l,l,OH,,
2014-12-03,05:55,13:21,l,l,OH,,
2014-12-04,06:15,12:40,l,l,OH,,
2014-12-06,06:15,11:20,l,l,OH,,
2014-12-07,06:12,11:58,l,l,OH,,
2014-12-08,06:10,11:35,l,l,OH,,
2014-12-09,06:07,12:05,l,l,OH,,
2014-12-10,06:11,12:55,l,l,OH,,
2014-12-11,06:12,11:40,l,l,OH,,
2014-12-12,06:06,12:55,l,l,OH,,
2014-12-13,06:05,11:46,l,l,OH,,
2014-12-14,06:03,10:37,l,l,OH,,
2014-12-14,16:05,18:00,l,l,OH,,
2014-12-15,06:06,12:08,l,l,OH,,
2014-12-16,06:08,13:04,l,l,OH,,
2014-12-17,06:10,11:23,l,l,OH,,
2014-12-20,06:08,11:58,l,l,OH,,
2014-12-21,06:18,10:45,l,l,OH,,
2014-12-22,06:10,11:10,l,l,OH,,
2014-12-23,06:05,10:42,l,l,OH,,
2014-12-24,06:17,11:45,l,l,OH,,
2014-12-25,06:10,9:25,l,l,OH,,
2014-12-27,06:17,10:17,l,l,OH,,
2014-12-28,06:05,12:35,l,l,OH,,
2014-12-29,06:10,12:20,l,l,OH,,
2014-12-30,06:10,11:35,l,l,OH,,
2014-12-31,06:25,11:25,l,l,OH,,
2015-01-01,06:00,12:55,l,l,OH,,
2015-01-03,06:25,11:30,l,l,OH,,
2015-01-04,05:55,11:20,l,l,OH,,
2015-01-05,06:05,12:52,l,l,OH,,
2015-01-07,06:09,13:44,l,l,OH,,
2015-01-08,06:00,11:20,l,l,OH,,
2015-01-09,06:20,11:20,l,l,OH,,
2015-01-10,06:10,11:35,l,l,OH,,
2015-01-11,06:10,10:55,l,l,OH,,
2015-07-28,06:15,11:07,l,l,OH,,
2015-07-30,06:20,11:02,l,l,OH,,
2015-07-31,06:24,10:31,l,l,OH,,
2015-08-01,06:15,11:05,l,l,OH,,
2015-08-02,06:08,12:18,l,l,OH,,
2015-08-03,06:16,10:36,l,l,OH,,
2015-08-05,06:16,12:16,l,l,OH,,
2015-08-06,06:08,12:08,l,l,OH,,
2015-08-07,06:15,11:52,l,l,OH,,
2015-08-08,06:07,11:47,l,l,OH,,
2015-08-11,06:10,12:00,l,l,OH+PN,,
2015-08-12,06:10,12:04,l,l,OH+PN,,
2015-08-13,06:12,12:20,l,l,OH+PN,,
2015-08-14,06:07,11:02,l,l,OH+PN,,
2015-08-15,06:05,11:45,l,l,OH+PN,,
2015-08-17,06:12,12:26,l,l,OH+PN,,
2015-08-18,06:01,11:05,l,l,OH+PN,,
2015-08-18,15:42,18:09,l,l,OH+PN,,
2015-08-19,06:05,12:28,l,l,OH+PN,,
2015-08-20,06:11,12:42,l,l,OH+PN,,
2015-08-21,06:00,12:08,l,l,OH+PN,,
2015-08-22,06:07,11:37,l,l,OH+PN,,
2015-08-23,06:12,11:12,l,l,OH+PN,,
2015-08-24,06:10,12:35,l,l,OH+PN,,
2015-08-25,06:06,11:50,l,l,OH+PN,,
2015-08-26,06:11,12:04,l,l,OH+PN,,
2015-08-27,06:05,11:53,l,l,OH+PN,,
2015-08-28,06:01,11:01,l,l,OH+PN,,
2015-08-29,06:03,10:50,l,l,OH+PN,,
2015-08-30,06:20,11:20,l,ur,OH+PN,,
2015-09-01,06:07,13:35,l,l,OH+PN,,
2015-09-02,06:08,12:36,l,l,OH+PN,,
2015-09-03,06:08,12:00,l,l,OH+PN,,
2015-09-04,06:06,12:39,l,l,OH+PN,,
2015-09-05,06:05,12:56,l,l,PN,,
2015-09-06,06:08,11:50,l,l,OH+PN,,
2015-09-07,06:14,11:30,l,ur,OH+PN,,
2015-09-08,06:26,11:58,l,l,OH+PN,,
2015-09-09,06:30,10:08,l,l,OH+PN,,
2015-09-12,06:19,12:39,L,L,PN,,
2015-09-13,06:16,13:53,L,L,PN,,
2015-09-14,06:15,14:22,L,L,PN,,
2015-09-15,06:25,17:54,L,L,PN,,
2015-09-16,06:23,16:58,L,L,PN,,
2015-09-17,06:20,13:38,L,L,PN,,
2015-09-18,06:23,12:20,L,L,PN,,
2015-09-20,06:18,13:42,L,L,PN,,
2015-09-21,06:25,18:00,L,L,PN,,
2015-09-22,06:12,12:33,L,L,PN,,
2015-09-23,06:20,12:52,L,L,PN,,
2015-09-24,03:30,17:25,L,L,PN,,
2015-09-24,06:17,11:21,L,L,PN,,
2015-09-25,06:20,12:55,L,L,PN,,
2015-10-02,06:14,12:48,L,L,PN,,
2015-10-03,06:17,11:45,L,L,PN,,
2015-10-04,06:13,11:00,L,L,PN,,
2015-10-05,15:15,18:05,L,L,PN,,
2015-10-07,06:15,12:35,L,L,PN,,
2015-10-08,08:20,12:30,L,L,PN,,
2015-10-09,06:14,12:37,L,L,PN,,
2015-10-10,06:24,14:46,L,L,PN,,
2015-10-11,06:16,11:18,L,L,PN,,
2015-10-12,06:05,11:07,L,L,PN,,
2015-10-13,06:18,12:16,L,L,PN,,
2015-10-14,06:15,11:40,L,L,PN,,
2015-10-15,06:19,11:12,L,L,PN,,
2015-10-18,08:20,13:17,L,L,PN,,
2015-10-19,06:20,11:25,L,L,PN,,
2015-10-20,06:10,10:00,L,L,PN,,
2015-10-21,06:15,12:15,L,L,PN,,
2015-10-22,06:15,11:26,L,L,PN,,
2015-10-23,07:13,12:15,L,L,PN,,
2015-10-27,06:05,16:32,L,L,PN,,
2015-10-28,06:20,10:29,L,L,PN,,
2015-10-29,14:45,18:00,L,L,PN,,
2015-11-03,14:30,18:00,L,L,PN,,
2015-11-04,06:15,10:25,L,L,PN,,
2015-11-05,15:00,18:10,L,L,PN,,
2015-11-06,06:17,10:30,L,L,PN,,
2015-11-07,14:45,18:07,L,L,PN,,
2015-11-11,06:06,10:06,L,L,PN,,
2015-11-12,06:15,10:50,L,L,PN,,
2015-11-13,06:25,11:40,L,L,PN,,
2015-11-14,06:00,12:04,L,L,PN,,
2015-11-15,06:02,11:55,L,L,PN,,
2015-11-18,08:20,12:30,L,L,PN,,
2015-11-19,06:00,11:10,L,L,PN,,
2015-11-20,06:15,12:08,L,L,PN,,
2015-11-21,06:18,12:30,L,L,PN,,
2015-11-23,06:20,10:40,L,L,PN,,
2015-11-24,06:08,10:45,L,L,PN,,
2015-11-25,06:15,10:15,L,L,PN,,
2015-11-26,06:06,10:47,L,L,PN,,
2015-11-27,06:15,11:00,L,L,PN,,
2015-11-28,15:30,18:00,L,L,PN,,
2015-12-03,06:18,11:30,L,L,PN,,
2015-12-04,06:15,10:00,L,L,PN,,
2015-12-05,06:17,10:23,L,L,PN,,
2015-12-06,06:18,11:00,L,L,PN,,
2015-12-07,15:15,18:00,L,L,PN,,
2015-12-08,06:10,10:20,L,L,PN,,
2015-12-10,06:06,11:34,L,L,PN,,
2015-12-11,06:08,12:15,L,L,PN,,
2015-12-12,06:10,11:30,L,L,PN,,
2015-12-14,07:10,18:00,L,L,PN,,
2015-12-15,07:50,13:00,L,L,PN,,
2015-12-16,06:20,10:45,L,L,PN,,
2015-12-17,06:40,11:10,L,L,PN,,
2015-12-18,08:15,12:30,L,L,PN,,
2015-12-20,08:35,12:30,L,L,PN,,
2015-12-21,06:20,12:30,L,L,PN,,
2015-12-22,06:30,12:45,L,L,PN,,
2015-12-24,07:40,12:20,L,L,PN,,
2015-12-25,06:15,10:00,L,L,PN,,
2015-12-28,06:07,11:40,L,L,PN,,
2015-12-29,07:00,11:45,L,L,PN,,
2016-01-04,08:00,12:00,L,L,PN,,
2016-01-05,15:30,18:00,L,L,PN,,
2016-01-06,06:12,11:45,L,L,PN,,
2016-01-07,06:16,12:15,L,L,PN,,
2016-01-08,06:10,12:00,L,L,PN,,
2016-01-10,06:15,12:19,L,L,PN,,
2016-01-11,06:25,13:30,L,L,PN,,
2016-01-12,06:20,10:20,L,L,PN,,
2016-01-13,07:15,12:20,L,L,PN,,
2016-01-14,06:17,11:48,L,L,PN,,
2016-01-15,06:35,11:30,L,L,PN,,
2016-01-16,15:30,18:03,L,L,PN,,
2016-01-17,06:17,11:02,L,L,PN,,
2016-01-20,06:04,10:30,L,L,PN,,
2016-01-21,06:55,13:50,L,L,PN,,
2016-01-22,06:40,12:45,L,L,PN,,
2016-01-23,06:18,10:10,L,L,PN,,
2016-01-24,06:17,12:40,L,L,PN,,
2016-01-26,06:19,12:00,L,L,PN,,
2016-01-27,07:40,11:50,L,L,PN,,
2016-01-28,06:30,12:30,L,L,PN,,
2016-01-30,06:14,12:16,L,L,PN,,
2016-01-31,06:45,10:25,L,L,PN,,
2016-02-04,06:10,12:02,L,L,PN,,
2016-02-05,06:16,11:30,L,L,PN,,
2016-02-06,06:40,12:10,L,L,PN,,
2016-02-07,06:25,12:20,L,L,PN,,
2016-02-08,15:15,18:00,L,L,PN,,
2016-02-09,07:15,12:10,L,L,PN,,
2016-02-10,06:30,13:44,L,L,PN,,
2016-02-11,14:45,18:05,L,L,PN,,
2016-02-13,06:16,11:35,L,L,PN,,
2016-02-14,06:21,12:10,L,L,PN,,
2016-02-15,06:24,10:19,L,L,PN,,
2016-02-16,15:45,18:00,L,L,PN,,
2016-02-17,07:00,11:26,L,L,PN,,
2016-02-19,06:30,13:48,L,L,PN,,
2016-02-20,06:50,13:30,L,L,PN,,
2016-02-21,15:00,18:02,L,L,PN,,
2016-02-22,06:14,12:14,L,L,PN,,
2016-02-23,06:22,10:36,L,L,PN,,
2016-02-24,07:20,12:45,L,L,PN,,
2016-02-25,06:30,10:49,L,L,PN,,
2016-02-26,07:00,12:50,L,L,PN,,
2016-02-27,07:00,12:55,L,L,PN,,
2016-02-29,06:16,10:10,L,L,PN,,
2016-03-01,07:00,11:48,L,L,PN,,
2016-03-06,07:00,11:44,L,L,PN,,
2016-03-07,06:09,11:40,L,L,PN,,
2016-03-08,06:24,10:54,L,L,PN,,
2016-03-09,07:15,11:00,L,L,PN,,
2016-03-10,06:28,11:01,L,L,PN,,
2016-03-11,06:50,12:59,L,L,PN,,
2016-03-12,06:17,12:10,L,L,PN,,
2016-03-14,06:19,12:32,L,L,PN,,
2016-03-16,06:14,12:05,L,L,PN,,
2016-03-17,06:16,10:45,L,L,PN,,
2016-03-18,06:24,10:42,L,L,PN,,
2016-03-19,06:25,12:40,L,L,PN,,
2016-03-20,06:20,10:40,L,L,PN,,
2016-03-21,07:00,11:30,L,L,PN,,
2016-03-23,06:46,12:07,L,L,PN,,
2016-03-24,06:40,11:25,L,L,PN,,
2016-03-25,06:25,10:00,L,L,PN,,
2016-03-26,06:19,12:05,L,L,PN,,
2016-03-28,06:45,12:20,L,L,PN,,
2016-03-29,06:18,11:46,L,L,PN,,
2016-03-30,06:25,11:00,L,L,PN,,
2016-03-31,06:20,10:40,L,L,PN,,
2016-04-07,06:11,12:56,l,l,OH+PN,,
2016-04-08,06:15,13:15,l,l,OH+PN,,
2016-04-09,06:23,12:38,l,l,OH+PN,,
2016-04-10,06:08,13:32,l,l,PN,,
2016-04-11,06:10,14:32,L,L,OH+PN,,
2016-04-13,06:33,12:10,L,ur,OH+PN,,
2016-04-15,06:17,15:36,L,L,OH+PN,,
2016-04-16,06:14,14:43,L,L,PN,,
2016-04-16,06:15,13:03,L,L,OH,,
2016-04-17,06:14,14:54,L,L,PN,,
2016-04-17,06:15,11:30,L,L,OH,,
2016-04-18,06:08,11:21,L,L,OH,,
2016-04-18,06:10,13:55,L,L,PN,,
2016-04-19,06:13,10:53,L,L,PN,,
2016-04-19,06:15,12:34,L,L,OH,,
2016-04-20,06:05,11:59,L,L,OH,,
2016-04-20,14:00,18:03,L,L,PN,,
2016-04-21,06:05,11:18,L,L,OH,,
2016-04-21,13:00,18:01,L,L,PN,,
2016-04-22,06:13,11:35,L,ur,OH,,
2016-04-22,12:20,14:50,dr,L,OH,,
2016-04-22,14:00,18:00,L,L,PN,,
2016-04-23,06:20,14:26,l,L,OH,,
2016-04-23,06:55,17:47,L,L,PN,,
2016-04-24,06:09,18:00,L,L,OH,,
2016-04-24,14:16,18:00,L,L,PN,,
2016-04-25,06:09,17:30,L,L,PN,,
2016-04-26,06:08,12:44,L,L,OH,,
2016-04-26,06:13,15:06,L,L,PN,,
2016-04-27,06:14,13:29,L,L,PN,,
2016-04-27,06:17,11:47,L,L,OH,,
2016-04-28,06:10,12:42,L,L,OH,,
2016-04-28,06:38,15:55,L,L,PN,,
2016-04-29,05:55,11:00,l,l,OH,,
2016-04-29,15:35,18:06,l,l,OH,,
2016-04-30,06:24,12:46,L,L,PN,,
2016-04-30,06:24,13:12,l,l,OH,,
2016-05-07,06:25,13:47,L,L,PN,,
2016-05-08,06:25,11:09,L,L,PN,,
2016-05-11,06:30,14:32,L,L,PN,,
2016-05-12,06:50,17:57,L,L,PN,,
2016-05-13,06:12,10:20,L,L,PN,,
2016-05-14,06:07,12:34,L,L,PN,,
2016-05-15,06:25,11:16,L,L,PN,,
2016-05-16,06:30,16:30,L,L,PN,,
2016-05-18,08:46,12:50,L,L,PN,,
2016-05-19,06:17,17:50,L,L,PN,,
2016-05-20,06:10,12:15,L,L,PN,,
2016-05-21,14:00,18:00,L,L,PN,,
2016-05-23,06:11,13:55,L,L,PN,,
2016-05-24,07:10,11:02,L,L,PN,,
2016-05-25,14:30,15:50,L,L,PN,,
2016-05-26,06:36,12:18,L,L,PN,,
2016-05-27,07:00,10:53,L,L,PN,,
2016-05-28,06:35,15:24,L,L,PN,,
2016-05-29,14:50,18:00,L,L,PN,,
2016-05-30,06:45,13:05,L,L,PN,,
2016-06-06,06:30,12:30,L,L,PN,,
2016-06-07,06:45,12:23,L,L,PN,,
2016-06-08,13:45,18:05,L,L,PN,,
2016-06-09,06:45,10:36,L,L,PN,,
2016-06-10,06:26,13:04,L,L,PN,,
2016-06-12,06:20,18:03,L,L,PN,,
2016-06-13,06:15,14:37,L,L,PN,,
2016-06-15,06:30,14:30,L,L,PN,,
2016-06-16,06:10,14:02,L,L,PN,,
2016-06-17,06:18,11:32,L,L,PN,,
2016-06-20,06:30,12:48,L,L,PN,,
2016-06-21,06:30,13:26,L,L,PN,,
2016-06-23,06:25,10:48,L,L,PN,,
2016-06-24,06:40,13:12,L,L,PN,,
2016-06-25,06:45,15:44,L,L,PN,,
2016-06-27,06:40,10:48,L,L,PN,,
2016-06-28,06:45,10:20,L,L,PN,,
2016-07-06,06:40,12:45,L,L,PN,,
2016-07-08,07:15,10:50,L,L,PN,,
2016-07-09,06:50,12:10,L,L,PN,,
2016-07-10,06:11,12:45,L,L,PN,,
2016-07-11,14:45,18:08,L,L,PN,,
2016-07-12,06:30,11:02,L,L,PN,,
2016-07-14,06:06,12:23,L,L,PN,,
2016-07-15,07:15,10:40,L,L,PN,,
2016-07-17,06:40,18:05,L,L,PN,,
2016-07-18,06:45,10:47,L,L,PN,,
2016-07-19,06:17,12:45,L,L,PN,,
2016-07-21,06:19,11:58,L,L,PN,,
2016-07-22,15:30,18:00,L,L,PN,,
2016-07-23,06:20,12:36,L,L,PN,,
2016-07-24,06:35,10:10,L,L,PN,,
2016-07-27,06:14,10:37,L,L,PN,,
2016-07-28,06:24,12:50,L,L,PN,,
2016-07-29,06:22,11:53,L,L,PN,,
2016-08-02,08:00,13:09,L,L,PN,,
2016-08-03,06:10,12:10,L,L,PN,,
2016-08-04,06:20,13:30,L,L,PN,,
2016-08-05,06:30,12:05,L,L,PN,,
2016-08-07,06:25,11:02,L,L,PN,,
2016-08-08,06:22,10:48,L,L,PN,,
2016-08-09,06:40,11:30,L,L,PN,,
2016-08-10,06:40,10:32,L,L,PN,,
2016-08-12,06:16,11:00,L,L,PN,,
2016-08-13,06:35,11:36,L,L,PN,,
2016-09-17,06:14,14:00,L,L,PN,,
2016-09-18,06:13,12:30,L,L,PN,,
2016-09-19,06:10,12:05,L,L,PN,,
2016-09-20,07:10,10:59,L,L,PN,,
2016-09-22,06:10,12:00,L,L,PN,,
2016-09-23,06:16,10:30,L,L,PN,,
2016-09-26,06:12,11:20,L,L,PN,,
2016-09-27,06:25,12:00,L,L,PN,,
2016-09-30,06:15,12:20,L,L,PN,,
2016-10-01,06:15,11:44,L,L,PN,,
2016-10-02,06:20,11:00,L,L,PN,,
2016-10-04,06:30,11:30,L,L,PN,,
2016-10-05,14:45,17:56,L,L,PN,,
2016-10-06,06:30,11:30,L,L,PN,,
2016-10-08,06:50,11:30,L,L,PN,,
2016-10-09,06:15,10:00,L,L,PN,,
2016-10-10,06:27,10:26,L,L,PN,,
2016-10-11,06:05,12:10,L,L,PN,,
2016-10-12,06:16,11:12,L,L,PN,,
2016-10-14,14:45,17:54,L,L,PN,,
2016-10-15,06:15,12:08,L,L,PN,,
2016-10-16,06:11,12:38,L,L,PN,,
2016-10-17,06:20,10:48,L,L,PN,,
2016-10-19,06:09,11:37,L,L,PN,,
2016-10-21,06:00,12:53,L,L,PN,,
2016-10-22,06:05,12:10,L,L,PN,,
2016-10-25,06:04,12:40,L,L,PN,,
2016-10-26,06:14,12:00,L,L,PN,,
2016-10-28,06:14,11:30,L,L,PN,,
2016-11-04,06:19,11:27,L,L,PN,,
2016-11-05,06:09,11:32,L,L,PN,,
2016-11-07,06:15,12:15,L,L,PN,,
2016-11-08,06:17,12:19,L,L,PN,,
2016-11-09,06:20,12:40,L,L,PN,,
2016-11-10,06:12,10:36,L,L,PN,,
2016-11-12,06:15,12:02,L,L,PN,,
2016-11-18,06:04,12:22,l,l,OH+PN,,
2016-11-19,06:12,11:23,l,l,OH+PN,,
2016-11-20,05:55,13:13,l,l,OH,,
2016-11-20,06:04,12:34,L,L,PN,,
2016-11-21,06:09,13:43,L,L,PN,,
2016-11-21,06:10,10:32,l,l,OH,,
2016-11-22,06:00,10:40,l,l,OH,,
2016-11-22,06:08,12:15,L,L,PN,,
2016-11-23,06:03,10:47,l,l,OH,,
2016-11-23,06:15,11:40,L,L,PN,,
2016-11-24,06:06,13:26,l,l,OH,,
2016-11-24,06:14,13:06,L,L,PN,,
2016-11-25,05:53,11:20,l,l,OH,,
2016-11-25,06:20,10:11,L,L,PN,,
2016-11-26,05:59,10:59,l,l,OH,,
2016-11-26,06:20,11:09,L,L,PN,,
2016-11-27,06:01,13:10,l,l,OH,,
2016-11-28,05:55,10:50,l,l,OH,,
2016-11-29,05:57,11:23,l,l,OH,,
2016-11-29,06:15,10:30,L,L,PN,,
2016-11-30,05:56,12:29,l,l,OH,,
2016-11-30,06:10,11:15,l,l,PN,,
2016-12-01,06:05,11:40,L,L,PN,,
2016-12-01,15:00,16:15,l,l,OH+PN,,
2016-12-02,05:57,12:03,l,l,OH,,
2016-12-02,06:07,13:44,L,L,PN,,
2016-12-03,06:20,10:38,l,l,OH,,
2016-12-04,06:04,13:20,l,l,OH,,
2016-12-05,06:04,12:36,l,l,OH,,
2016-12-05,15:45,18:05,l,l,OH,,
2016-12-06,06:07,12:01,l,l,OH,,
2016-12-06,15:35,18:05,l,l,OH,,
2016-12-07,06:06,11:35,l,l,OH,,
2016-12-09,06:10,11:08,l,l,OH,,
2016-12-09,06:10,13:10,L,L,PN,,
2016-12-09,15:39,18:04,l,l,OH,,
2016-12-10,06:07,11:48,L,L,PN,,
2016-12-10,06:08,11:55,l,l,OH,,
2016-12-11,06:00,11:15,l,l,OH,,
2016-12-11,06:00,12:50,L,L,PN,,
2016-12-12,06:06,12:08,L,L,PN,,
2016-12-12,15:35,18:00,l,l,OH,,
2016-12-13,06:11,12:01,l,l,OH+PN,,
2016-12-14,06:00,11:38,l,l,OH+PN,,
2016-12-16,06:15,11:30,L,L,PN,,
2016-12-17,15:14,18:00,L,L,PN,,
2016-12-18,06:15,11:12,L,L,PN,,
2016-12-19,06:18,11:26,L,L,PN,,
2016-12-20,06:15,10:57,L,L,PN,,
2016-12-21,06:05,11:16,L,L,PN,,
2016-12-22,06:02,11:15,L,L,PN,,
2016-12-23,06:23,09:48,L,L,PN,,
2016-12-28,06:10,10:10,L,L,PN,,
2016-12-29,06:10,11:18,L,L,PN,,
2016-12-30,15:20,18:00,L,L,PN,,
2016-12-31,06:12,13:18,L,L,PN,,
2017-01-03,06:10,11:16,L,L,PN,,
2017-01-04,06:25,11:22,L,L,PN,,
2017-01-05,06:20,11:39,L,L,PN,,
2017-01-09,14:35,18:00,L,L,PN,,
2017-01-10,06:15,12:10,L,L,PN,,
2017-01-11,06:10,12:14,L,L,PN,,
2017-01-12,06:15,12:28,L,L,PN,,
2017-01-13,06:25,10:11,L,L,PN,,
2017-01-15,06:20,10:48,L,L,PN,,
2017-01-16,06:10,10:21,L,L,PN,,
2017-01-17,15:00,17:55,L,L,PN,,
2017-01-18,06:18,13:00,L,L,PN,,
2017-01-19,06:18,13:07,L,L,PN,,
2017-01-20,06:12,11:07,L,L,PN,,
2017-01-21,06:10,12:15,L,L,PN,,
2017-01-22,06:10,11:30,L,L,PN,,
2017-01-25,06:15,11:45,L,L,PN,,
2017-01-26,06:30,12:10,L,L,PN,,
2017-01-27,06:40,11:00,L,L,PN,,
2017-01-30,14:30,18:30,L,L,PN,,
2017-02-01,15:05,18:10,L,L,PN,,
2017-02-02,06:40,11:40,L,L,PN,,
2017-02-04,06:30,12:00,L,L,PN,,
2017-02-05,06:20,12:10,L,L,PN,,
2017-02-10,06:10,10:42,L,L,PN,,
2017-02-11,06:30,12:10,L,L,PN,,
2017-02-12,06:25,13:15,L,L,PN,,
2017-02-14,06:08,12:20,L,L,PN,,
2017-02-16,06:10,10:30,L,L,PN,,
2017-02-17,06:19,11:20,L,L,PN,,
2017-02-18,06:11,12:08,L,L,PN,,
2017-02-19,14:30,18:00,L,L,PN,,
2017-02-20,06:15,11:46,L,L,PN,,
2017-02-21,06:30,10:40,L,L,PN,,
2017-02-23,06:15,11:25,L,L,PN,,
2017-02-24,06:40,11:02,L,L,PN,,
2017-02-25,06:00,18:00,L,L,PN,,
2017-02-27,06:15,12:00,L,L,PN,,
2017-03-07,14:30,18:10,L,L,PN,,
2017-03-09,14:45,18:00,L,L,PN,,
2017-03-10,06:19,11:42,L,L,PN,,
2017-03-12,14:24,18:00,L,L,PN,,
2017-03-13,06:15,12:02,L,L,PN,,
2017-03-15,06:15,12:05,L,L,PN,,
2017-03-17,06:18,13:20,L,L,PN,,
2017-03-18,15:30,18:08,L,L,PN,,
2017-03-19,07:00,10:15,L,L,PN,,
2017-03-21,15:00,18:00,L,L,PN,,
2017-03-23,06:16,11:30,L,L,PN,,
2017-03-26,06:30,12:06,L,L,PN,,
2017-03-27,13:45,18:10,L,L,PN,,
2017-03-28,06:15,11:05,L,L,PN,,
2017-03-29,06:10,12:32,L,L,PN,,
2017-03-30,15:00,18:10,L,L,PN,,
2017-03-31,06:15,10:35,L,L,PN,,
2017-04-08,14:45,18:00,L,L,PN,,
2017-04-09,06:15,11:45,L,L,PN,,
2017-04-10,06:16,11:20,L,L,PN,,
2017-04-11,06:17,11:24,L,L,PN,,
2017-04-12,06:20,11:48,L,L,PN,,
2017-04-13,06:12,12:18,L,L,PN,,
2017-04-15,06:15,11:00,L,L,PN,,
2017-04-17,14:45,18:00,L,L,PN,,
2017-04-18,06:18,11:45,L,L,PN,,
2017-04-19,07:00,12:49,L,L,PN,,
2017-04-21,14:45,18:00,L,L,PN,,
2017-04-22,14:30,18:00,L,L,PN,,
2017-04-23,06:40,10:41,L,L,PN,,
2017-04-24,06:30,13:41,L,L,PN,,
2017-04-25,14:45,18:03,L,L,PN,,
2017-04-26,06:30,12:47,L,L,PN,,
2017-04-27,15:00,18:00,L,L,PN,,
2017-04-28,06:35,12:33,L,L,PN,,
2017-04-30,06:30,12:14,L,L,PN,,
2017-05-08,15:00,18:00,L,L,PN,,
2017-05-09,14:00,18:02,L,L,PN,,
2017-05-10,14:15,18:00,L,L,PN,,
2017-05-11,06:19,11:11,L,L,PN,,
2017-05-12,14:15,18:12,L,L,PN,,
2017-05-13,06:15,12:00,L,L,PN,,
2017-05-15,14:12,18:00,L,L,PN,,
2017-05-16,06:11,12:34,L,L,PN,,
2017-05-17,14:30,18:15,L,L,PN,,
2017-05-18,06:30,11:10,L,L,PN,,
2017-05-20,06:15,11:00,L,L,PN,,
2017-05-21,15:00,18:00,L,L,PN,,
2017-05-22,06:20,12:30,L,L,PN,,
2017-05-23,06:15,12:50,L,L,PN,,
2017-05-25,06:15,11:47,L,L,PN,,
2017-05-27,06:17,13:49,L,L,PN,,
2017-05-28,06:15,12:53,L,L,PN,,
2017-05-29,06:30,10:00,L,L,PN,,
2017-05-30,15:00,18:00,L,L,PN,,
2017-05-31,06:30,10:40,L,L,PN,,
2017-06-09,06:07,10:41,L,L,PN,,
2017-06-10,06:13,11:00,L,L,PN,,
2017-06-11,07:00,11:30,L,L,PN,,
2017-06-12,06:13,12:03,L,L,PN,,
2017-06-14,06:22,11:12,L,L,PN,,
2017-06-15,07:00,10:40,L,L,PN,,
2017-06-17,06:11,13:17,L,L,PN,,
2017-06-17,06:12,12:51,l,l,OH,,
2017-06-18,06:06,9:03,l,l,OH,,
2017-06-18,06:08,13:17,L,L,PN,,
2017-06-19,06:10,11:40,l,l,OH,,
2017-06-19,06:15,11:40,L,L,PN,,
2017-06-20,06:12,9:38,l,l,OH,,
2017-06-20,06:16,12:09,L,L,PN,,
2017-06-22,06:14,13:30,L,L,PN,,
2017-06-22,06:17,10:48,l,l,OH,,
2017-06-23,06:10,18:00,L,L,PN,,
2017-06-23,06:10,10:15,l,l,OH,,
2017-06-24,06:16,11:36,l,l,OH,,
2017-06-25,06:09,8:39,l,l,OH,,
2017-06-26,15:00,18:00,L,L,PN,,
2017-06-27,06:15,11:40,L,L,PN,,
2017-06-28,06:16,10:45,L,L,PN,,
2017-06-29,14:30,18:00,L,L,PN,,
2017-06-30,06:20,11:40,L,L,PN,,
2017-07-06,06:17,18:00,L,L,PN,,
2017-07-07,06:28,10:40,L,L,PN,,
2017-07-08,06:30,18:00,L,L,PN,,
2017-07-10,06:15,12:21,L,L,PN,,
2017-07-11,15:00,18:00,L,L,PN,,
2017-07-12,07:00,17:45,L,L,PN,,
2017-07-13,06:50,11:50,L,L,PN,,
2017-07-16,15:15,18:00,L,L,PN,,
2017-07-17,06:40,10:48,L,L,PN,,
2017-07-18,06:50,18:00,L,L,PN,,
2017-07-19,14:00,18:00,L,L,PN,,
2017-07-20,06:45,11:43,L,L,PN,,
2017-07-22,06:32,12:15,L,L,PN,,
2017-07-23,14:15,18:03,L,L,PN,,
2017-07-24,06:35,12:21,L,L,PN,,
2017-07-25,06:30,12:30,L,L,PN,,
2017-07-26,07:15,13:13,L,L,PN,,
2017-07-27,15:30,18:06,L,L,PN,,
2017-07-28,06:14,10:55,L,L,PN,,
2017-07-30,06:20,16:30,L,L,PN,,
2017-07-31,06:35,11:10,L,L,PN,,
2017-08-09,06:20,11:13,L,L,PN,,
2017-08-10,06:25,12:30,L,L,PN,,
2017-08-11,06:24,10:46,L,L,PN,,
2017-08-12,14:45,18:13,L,L,PN,,
2017-08-14,12:55,18:00,L,L,PN,,
2017-08-15,06:35,12:35,L,L,PN,,
2017-08-17,06:11,12:44,L,L,PN,,
2017-08-18,06:20,11:40,L,L,PN,,
2017-08-19,06:23,18:00,L,L,PN,,
2017-08-20,06:25,18:00,L,L,PN,,
2017-08-21,06:14,10:20,L,L,PN,,
2017-08-22,06:25,11:34,L,L,PN,,
2017-08-23,06:30,12:45,L,L,PN,,
2017-08-25,14:45,18:00,L,L,PN,,
2017-08-26,14:30,18:00,L,L,PN,,
2017-08-28,06:20,11:30,L,L,PN,,
2017-08-29,06:20,10:16,L,L,PN,,
2017-08-30,06:15,11:45,L,L,PN,,
2017-08-31,06:25,10:43,L,L,PN,,
2017-09-09,14:04,18:00,L,L,PN,,
2017-09-10,06:15,18:00,L,L,PN,,
2017-09-11,06:17,12:30,L,L,PN,,
2017-09-12,06:20,13:20,L,L,PN,,
2017-09-14,06:24,12:09,L,L,PN,,
2017-09-15,06:18,12:03,L,L,PN,,
2017-09-16,15:30,18:00,L,L,PN,,
2017-09-17,06:10,10:30,L,L,PN,,
2017-09-18,06:10,12:12,L,L,PN,,
2017-09-20,06:10,16:24,L,L,PN,,
2017-09-21,15:15,18:20,L,L,PN,,
2017-09-23,06:18,12:08,L,L,PN,,
2017-09-24,06:15,10:30,L,L,PN,,
2017-09-25,14:00,18:08,L,L,PN,,
2017-09-26,06:03,10:31,L,L,PN,,
2017-09-27,13:30,18:11,L,L,PN,,
2017-09-28,09:30,16:20,L,L,PN,,
2017-09-29,07:40,18:00,L,L,PN,,
2017-09-30,06:40,18:00,L,L,PN,,
2017-10-01,08:53,14:20,L,L,PN,,
2017-10-09,06:24,10:00,L,L,PN,,
2017-10-10,06:23,11:54,L,L,PN,,
2017-10-14,06:02,13:25,l,l,OH,,
2017-10-14,06:10,18:00,L,L,PN,,
2017-10-15,06:05,12:54,L,L,PN,,
2017-10-16,06:07,12:54,L,L,PN,,
2017-10-16,06:25,9:08,l,l,OH,,
2017-10-17,06:12,12:34,l,l,OH,,
2017-10-17,06:50,13:18,L,L,PN,,
2017-10-18,06:10,10:46,l,l,OH,,
2017-10-18,14:45,18:00,L,L,PN,,
2017-10-19,06:20,9:26,l,l,OH,,
2017-10-20,06:10,11:08,L,L,PN,,
2017-10-21,06:08,15:30,L,HQ,PN,,
2017-10-21,06:10,11:10,l,l,OH,,
2017-10-22,06:11,12:50,L,L,PN,,
2017-10-22,06:18,12:05,l,l,OH,,
2017-10-23,06:10,13:20,L,L,PN,,
2017-10-23,15:53,17:58,l,l,OH,,
2017-10-24,15:48,18:02,l,l,OH,,
2017-10-25,06:13,13:09,l,l,OH,,
2017-10-25,06:14,12:30,L,L,PN,,
2017-10-26,06:14,17:21,L,L,PN,,
2017-10-26,06:24,9:14,l,l,OH,,
2017-10-27,06:17,9:04,l,l,OH,,
2017-10-27,06:19,14:30,L,L,PN,,
2017-10-28,15:50,18:00,l,l,OH,,
2017-10-29,06:15,12:02,L,L,PN,,
2017-10-29,06:20,11:13,l,l,OH,,
2017-10-30,06:09,10:15,l,l,OH,,
2017-10-30,06:28,18:00,L,L,PN,,
2017-10-31,06:50,10:18,l,l,OH,,
2017-10-31,06:55,11:10,L,L,PN,,
2017-11-01,06:06,10:16,l,l,OH,,
2017-11-02,06:20,17:50,l,l,OH,,
2017-11-03,06:04,12:36,L,L,PN,,
2017-11-03,06:08,12:38,l,l,OH+PN,,
2017-11-04,06:12,11:43,L,L,PN,,
2017-11-04,06:13,11:43,l,l,OH+PN,,
2017-11-05,06:18,12:32,l,l,OH,,
2017-11-06,06:00,11:13,l,l,OH,,
2017-11-07,06:06,8:39,l,l,OH,,
2017-11-07,06:12,11:51,L,L,PN,,
2017-11-07,15:40,18:05,l,l,OH,,
2017-11-08,06:00,12:18,l,l,OH+PN,,
2017-11-09,06:25,11:13,l,l,OH+PN,,
2017-11-10,06:10,10:00,L,HQ,PN,,
2017-11-10,06:11,12:38,l,l,OH,,
2017-11-10,15:45,18:15,l,l,OH,,
2017-11-11,05:58,12:46,l,l,OH,,
2017-11-11,06:04,11:14,L,L,PN,,
2017-11-11,15:50,18:05,l,l,OH,,
2017-11-13,15:42,18:04,L,L,PN,,
2017-11-14,06:20,10:30,L,L,PN,,
2017-11-15,06:15,18:00,L,L,PN,,
2017-11-16,14:24,18:00,L,L,PN,,
2017-11-18,06:03,16:45,L,L,PN,,
2017-11-19,06:23,10:56,L,L,PN,,
2017-11-20,06:20,11:57,L,L,PN,,
2017-11-22,06:10,12:30,L,L,PN,,
2017-11-23,06:14,13:30,L,L,PN,,
2017-11-24,06:17,12:12,L,L,PN,,
2017-11-27,06:21,11:43,L,HQ,PN,,
2017-12-09,15:30,18:00,L,L,PN,,
2017-12-10,06:30,10:38,L,L,PN,,
2017-12-11,15:30,18:00,L,L,PN,,
2017-12-12,06:30,10:53,L,L,PN,,
2017-12-13,06:30,12:02,L,L,PN,,
2017-12-14,06:30,12:04,L,L,PN,,
2017-12-16,15:45,18:00,L,L,PN,,
2017-12-17,06:40,11:54,L,L,PN,,
2017-12-19,06:20,11:26,L,L,PN,,
2017-12-21,06:00,12:13,L,L,PN,,
2017-12-22,06:30,10:30,L,L,PN,,
2017-12-23,06:40,12:43,L,L,PN,,
2017-12-27,14:45,18:00,L,L,PN,,
2017-12-28,06:18,18:00,L,L,PN,,
2017-12-30,06:11,09:36,L,L,PN,,
2018-01-10,06:18,11:12,L,L,PN,,
2018-01-11,06:12,11:00,L,L,PN,,
2018-01-13,06:10,10:23,L,L,PN,,
2018-01-14,06:33,10:12,L,L,PN,,
2018-01-16,06:13,12:25,L,L,PN,,
2018-01-17,06:08,10:22,L,L,PN,,
2018-01-19,15:15,18:00,L,L,PN,,
2018-01-20,06:11,10:46,L,L,PN,,
2018-01-21,15:32,18:06,L,L,PN,,
2018-01-22,15:36,18:09,L,L,PN,,
2018-01-23,06:21,09:05,L,L,PN,,
2018-01-24,06:16,08:13,L,L,PN,,
2018-01-27,06:18,09:45,L,L,PN,,
2018-02-03,06:20,11:05,l,l,OH+AD,,
2018-02-03,15:30,18:00,L,L,PN,,
2018-02-04,06:15,11:15,l,l,OH+AD,,
2018-02-04,06:15,12:30,L,L,PN,,
2018-02-05,06:05,10:50,L,L,OH+AD,,
2018-02-05,06:28,13:19,L,L,PN,,
2018-02-06,06:06,11:49,L,L,OH+AD,,
2018-02-06,06:25,11:07,L,L,PN,,
2018-02-07,06:03,16:30,L,L,OH+AD,,
2018-02-07,06:25,9:23,L,L,PN,,
2018-02-08,06:01,9:40,L,L,OH+AD,,
2018-02-09,06:14,11:05,L,ranger post,PN,,
2018-02-10,06:17,11:52,L,L,PN,,
2018-02-11,06:06,10:40,L,L,OH+AD,,
2018-02-11,06:37,9:47,L,L,PN,,
2018-02-12,06:16,9:41,L,L,OH+AD,,
2018-02-13,06:12,12:15,L,L,OH+AD,,
2018-02-13,06:28,11:48,L,L,PN,,
2018-02-14,06:11,12:37,L,L,OH+AD,,
2018-02-14,06:27,13:00,L,ranger post,PN,,
2018-02-15,06:40,9:15,L,L,OH+AD,,
2018-02-16,06:04,14:25,L,L,OH+AD,,
2018-02-17,14:02,18:08,L,L,PN,,
2018-02-17,15:25,18:05,L,L,OH,,
2018-02-18,05:59,10:35,L,L,OH+AD,,
2018-02-18,06:30,18:06,L,L,PN,,
2018-02-19,06:06,10:10,L,L,OH,,
2018-02-19,06:31,12:26,L,L,PN,,
2018-02-20,06:17,10:14,L,L,PN,,
2018-02-21,15:43,18:00,L,L,PN,,
2018-02-22,05:58,10:51,L,L,OH+AD,,
2018-02-22,06:19,11:30,L,ranger post,PN,,
2018-02-23,06:05,10:47,L,L,OH,,
2018-02-23,06:20,13:45,L,L,AD,,
2018-02-24,06:00,10:04,L,L,OH,,
2018-02-24,06:04,13:50,L,L,AD,,
2018-02-24,15:45,18:45,L,L,OH,,
2018-02-25,06:06,11:50,L,L,OH,,
2018-02-25,06:10,12:00,L,L,AD,,
2018-02-25,16:00,18:10,L,L,OH,,
2018-02-26,06:13,10:50,L,L,OH,,
2018-02-27,06:08,10:58,L,L,OH,,
2018-02-27,06:11,18:15,L,L,AD,,
2018-02-28,06:03,11:15,L,L,OH,,
2018-02-28,06:12,13:55,L,L,AD,,
2018-02-28,14:30,18:00,L,L,PN,,
2018-03-01,06:07,14:20,L,L,OH+AD,,
2018-03-02,06:19,14:31,L,L,OH+AD,,
2018-03-03,06:10,10:15,L,L,OH,,
2018-03-03,15:28,17:55,L,L,OH,,
2018-03-03,06:20,12:10,L,L,PN,,
2018-03-04,06:05,11:30,L,L,OH,,
2018-03-04,06:02,11:50,L,L,AD+PN,,
2018-03-05,06:10,18:11,L,L,AD,,
2018-03-05,07:50,11:15,L,L,OH,,
2018-03-06,06:10,18:05,L,L,AD,,
2018-03-06,06:21,11:24,L,L,OH,,
2018-03-06,15:47,18:11,L,L,OH+AD,,
2018-03-09,06:10,18:05,L,L,AD,,
2018-03-09,06:15,11:52,L,L,PN,,
2018-03-10,06:10,10:00,L,L,AD,,
2018-03-11,06:10,18:02,L,L,AD,,
2018-03-12,06:16,14:16,L,L,PN,,
2018-03-12,14:00,18:02,L,L,AD,,
2018-03-12,15:06,18:00,L,L,PN,,
2018-03-13,06:18,10:13,L,L,PN,,
2018-03-14,06:03,12:28,L,L,AD,,
2018-03-14,15:00,18:00,L,L,PN,,
2018-03-15,06:05,10:33,L,L,AD,,
2018-03-15,06:17,09:56,L,L,PN,,
2018-03-16,11:15,18:01,L,L,AD,,
2018-03-17,06:06,11:47,L,L,AD,,
2018-03-17,14:30,18:00,L,L,PN,,
2018-03-19,06:03,10:45,L,L,AD,,
2018-03-19,06:18,13:41,L,L,PN,,
2018-03-20,06:21,10:58,L,L,PN,,
2018-03-21,06:10,10:39,L,L,PN,,
2018-03-22,06:05,13:38,L,L,AD,,
2018-03-23,06:20,13:59,L,L,PN,,
2018-03-23,10:00,18:01,L,L,AD,,
2018-03-24,15:06,18:06,L,L,PN,,
2018-03-25,06:06,13:01,L,L,AD,,
2018-03-26,06:03,13:14,L,L,AD+PN,,
2018-03-27,06:22,11:26,L,L,PN,,
2018-03-27,15:35,18:00,L,L,PN,,
2018-03-28,13:34,17:59,L,L,AD,,
2018-03-28,15:30,18:08,L,L,PN,,
2018-03-29,06:03,15:14,L,L,AD,,
2018-03-29,06:20,11:45,L,L,PN,,
2018-03-31,12:12,18:02,L,L,AD,,
2018-04-02,12:46,17:57,L,L,AD,,
2018-04-03,06:01,11:31,L,L,AD,,
2018-04-05,05:59,16:44,L,L,AD,,
2018-04-06,14:00,18:02,L,L,AD,,
2018-04-07,06:00,18:14,L,L,AD,,
2018-04-09,11:18,18:09,L,L,AD,,
2018-04-10,09:15,18:00,L,L,PN,,
2018-04-11,08:30,18:00,L,L,PN,,
2018-04-12,11:11,18:00,L,L,AD,,
2018-04-15,08:31,14:56,L,L,AD,,
2018-04-15,08:31,15:00,L,L,PN,,
2018-04-19,14:40,18:09,L,L,PN,,
2018-04-20,15:01,18:00,L,L,PN,,
2018-04-21,06:14,17:38,L,L,PN,,
2018-04-21,10:11,17:58,L,L,AD,,
2018-04-22,10:20,17:54,L,L,AD,,
2018-04-24,15:30,18:00,L,L,PN,,
2018-04-25,06:01,11:03,L,L,AD,,
2018-04-25,06:10,18:00,L,L,PN,,
2018-04-26,06:18,12:59,L,L,PN,,
2018-04-26,08:06,14:01,L,L,AD,,
2018-04-28,06:15,13:54,L,L,PN,,
2018-04-29,06:01,14:14,L,L,AD,,
2018-04-29,15:01,18:00,L,L,PN,,
2018-04-30,06:35,10:49,L,L,PN,,
2018-05-03,12:42,18:00,L,L,AD,,
2018-05-04,07:20,12:45,L,L,PN,,
2018-05-05,14:30,18:00,L,L,PN,,
2018-05-06,07:30,13:31,L,L,PN,,
2018-05-08,14:30,18:00,L,L,PN,,
2018-05-09,06:18,11:34,L,L,PN,,
2018-05-09,12:40,18:02,L,L,AD,,
2018-05-10,06:16,17:30,L,L,PN,,
2018-05-10,11:10,18:05,L,L,AD,,
2018-05-11,10:45,18:08,L,L,AD,,
2018-05-11,12:16,18:00,L,L,PN,,
2018-05-12,10:30,18:11,L,L,AD,,
2018-05-13,07:57,18:04,L,L,AD,,
2018-05-14,06:08,12:19,L,L,PN,,
2018-05-14,11:20,18:00,L,L,AD,,
2018-05-15,06:30,10:20,L,L,PN,,
2018-05-16,06:02,14:55,L,L,AD,,
2018-05-17,06:25,11:34,L,L,PN,,
2018-05-18,06:32,11:58,L,L,PN,,
2018-05-18,10:50,17:44,L,L,AD,,
2018-05-19,06:04,18:00,L,L,AD,,
2018-05-20,06:10,18:01,L,L,AD,,
2018-05-21,10:40,15:30,L,L,AD,,
2018-05-21,15:30,18:00,L,L,PN,,
2018-05-22,06:22,12:59,L,L,PN,,
2018-05-23,06:00,18:11,L,L,AD,,
2018-05-23,06:18,14:45,L,L,PN,,
2018-05-24,12:40,18:08,L,L,AD,,
2018-05-24,14:35,18:00,L,L,PN,,
2018-05-25,09:45,18:03,L,L,AD,,
2018-05-26,06:30,14:34,L,L,PN,,
2018-05-26,10:30,18:01,L,L,AD,,
2018-05-27,06:04,14:14,L,L,AD,,
2018-05-27,06:32,12:19,L,L,PN,,
2018-05-28,06:02,18:04,L,L,AD,,
2018-05-28,06:26,10:19,L,L,PN,,
2018-05-30,06:39,11:13,L,L,PN,,
2018-05-30,08:35,18:02,L,L,AD,,
2018-05-31,06:32,10:30,L,L,PN,,
2018-05-31,12:30,18:01,L,L,AD,,
2018-06-01,12:42,18:00,Headquarters,L ,AD,,
2018-06-03,12:30,18:02,L ,L ,AD,,
2018-06-04,14:30,18:02,L ,L ,AD,,
2018-06-06,06:05,10:55,L ,L ,AD,,
2018-06-08,06:58,18:03,L ,L ,AD,,
2018-06-10,13:44,18:10,L ,L ,AD,,
2018-06-11,14:45,18:08,headquarters,L ,AD+PN,,
2018-06-12,06:30,10:04,L ,L ,AD,,
2018-06-12,06:40,10:47,L,L,PN,,
2018-06-15,13:05,18:04,L ,L ,AD,,
2018-06-16,06:05,09:47,L,L,PN,,
2018-06-17,06:01,10:45,L ,L ,AD,,
2018-06-21,13:00,17:50,L ,L ,AD,,
2018-06-22,13:20,17:53,L ,L ,AD,,
2018-06-24,06:05,10:59,L ,L ,AD,,
2018-06-26,06:07,13:48,L ,L ,AD,,
2018-06-28,06:03,10:07,L ,L ,AD,,
2018-06-29,13:30,18:21,headquarters,L ,AD,,
2018-06-30,14:40,18:10,headquarters,L ,AD,,
2018-07-01,06:01,12:01,L ,L ,AD,,
2018-07-02,13:40,17:50,L ,L ,AD,,
2018-07-03,06:03,10:31,L ,L ,AD,,
2018-07-04,06:03,13:14,L ,L ,AD,,
2018-07-05,06:19,11:54,L,L,PN,,
2018-07-05,14:50,18:08,L ,L ,AD,,
2018-07-06,06:17,10:22,L,L,PN,,
2018-07-06,13:35,18:02,L ,L ,AD,,
2018-07-07,06:02,10:35,L ,L ,AD,,
2018-07-07,15:00,18:00,L,L,PN,,
2018-07-08,06:22,12:13,L,L,PN,,
2018-07-09,06:20,11:30,L,L,PN,,
2018-07-09,15:04,17:54,L ,L ,AD,,
2018-07-10,06:17,14:24,L ,L ,AD,,
2018-07-10,15:20,18:00,L,L,PN,,
2018-07-11,14:45,17:51,L ,L ,AD,,
2018-07-12,06:04,10:31,L ,L ,AD,,
2018-07-12,06:19,11:45,L,L,PN,,
2018-07-13,06:21,13:29,L,L,PN,,
2018-07-13,12:22,17:51,L ,L ,AD,,
2018-07-14,06:20,17:32,L,L,PN,,
2018-07-15,06:02,11:07,L,L ,AD,,
2018-07-15,06:39,12:49,L,L,PN,,
2018-07-16,13:40,17:54,L ,L ,AD,,
2018-07-17,05:58,12:22,L ,L ,AD,,
2018-07-17,06:25,12:47,L,L,PN,,
2018-07-17,15:20,17:58,L,L,PN,,
2018-07-18,06:32,11:05,L,L,PN,,
2018-07-18,14:04,17:57,L,L ,AD,,
2018-07-19,06:29,12:59,L,L,PN,,
2018-07-20,06:24,11:36,L,L,PN,,
2018-07-20,14:16,18:06,L ,L ,AD,,
2018-07-21,06:03,11:57,L ,L ,AD,,
2018-07-22,06:30,09:32,L,L,PN,,
2018-07-25,15:20,18:00,L,L,PN,,
2018-07-26,06:23,10:40,L,L,PN,,
2018-07-27,06:32,11:23,L,L,PN,,
2018-07-28,06:34,15:00,L,L,PN,,
2018-07-30,06:30,12:44,L,L,PN,,
2018-07-31,06:22,10:25,L,L,PN,,
2018-08-08,14:45,17:53,L,L,PN,,
2018-08-09,06:21,10:42,L,L,PN,,
2018-08-09,14:00,18:00,L,L,PN,,
2018-08-10,06:45,12:19,L,L,PN,,
2018-08-12,12:00,18:00,L,L,PN,,
2018-08-13,06:16,10:16,L,hq,PN,,
2018-08-14,06:22,10:46,L,L,PN,,
2018-08-15,06:18,13:00,L,L,PN,,
2018-08-17,06:20,10:35,L,L,PN,,
2018-08-18,06:18,11:02,L,L,PN,,
2018-08-19,15:30,18:00,L,L,PN,,
2018-08-21,06:36,11:13,L,L,PN,,
2018-08-22,07:00,12:50,L,L,PN,,
2018-08-23,06:45,10:48,L,hq,PN,,
2018-08-24,06:22,11:29,L,L,PN,,
2018-08-25,06:33,10:28,L,L,OH,,
2018-08-25,06:41,12:36,L,L,PN,,
2018-08-26,06:12,9:35,L,L,OH,,
2018-08-26,06:35,12:49,L,L,PN,,
2018-08-26,15:36,18:07,L,L,OH,,
2018-08-27,12:35,18:05,L,L,OH,,
2018-08-28,06:10,11:59,L,L,PN,,
2018-08-28,07:40,14:06,L,L,OH,,
2018-08-29,06:19,13:22,L,L,PN,,
2018-08-30,06:07,11:08,L,hq,OH,,
2018-08-30,06:17,12:45,L,L,PN,,
2018-08-30,15:40,18:08,hq,L,OH,,
2018-08-31,06:28,13:05,L,L,PN,,
2018-09-01,06:13,11:40,L,L,OH,,
2018-09-02,06:12,11:41,L,L,OH,,
2018-09-03,06:00,12:31,L,L,PN,,
2018-09-03,06:06,11:21,L,L,OH,,
2018-09-04,06:05,14:06,L,L,PN,,
2018-09-04,06:13,13:38,L,L,OH,,
2018-09-05,06:10,10:04,L,L,OH,,
2018-09-05,06:22,13:00,L,L,PN,,
2018-09-06,06:10,12:11,L,L,OH,,
2018-09-06,06:19,18:00,L,L,PN,,
2018-09-07,06:15,11:06,L,L,OH,,
2018-09-08,05:57,10:05,L,L,OH,,
2018-09-08,06:14,11:23,L,L,PN,,
2018-09-09,06:12,10:26,L,L,OH,,
2018-09-09,06:18,10:53,L,L,PN,,
2018-09-10,06:00,12:28,L,L,OH,,
2018-09-11,06:11,10:42,L,L,OH,,
2018-09-11,06:22,14:00,L,L,PN,,
2018-09-12,05:56,11:00,L,L,OH,,
2018-09-12,06:18,13:00,L,L,PN,,
2018-09-13,06:02,11:24,L,L,OH,,
2018-09-18,06:06,10:29,L,L,PN,,
2018-09-20,06:22,09:16,L,L,PN,,
2018-09-21,14:50,17:58,L,L,PN,,
2018-09-22,06:08,10:48,L,L,PN,,
2018-09-23,06:15,12:10,L,L,PN,,
2018-09-25,06:10,11:41,L,L,PN,,
2018-09-26,06:08,12:23,L,L,PN,,
2018-09-27,06:20,10:10,L,L,PN,,
2018-10-09,14:30,18:00,L,L,PN,,
2018-10-10,06:34,10:52,L,L,PN,,
2018-10-11,06:18,11:30,L,L,PN,,
2018-10-12,06:29,10:18,L,L,PN,,
2018-10-13,15:20,18:02,L,L,PN,,
2018-10-15,06:12,12:07,L,L,PN,,
2018-10-16,06:08,17:48,L,L,PN,,
2018-10-18,06:14,10:47,L,L,PN,,
2018-10-19,06:16,10:16,L,L,PN,,
2018-10-20,06:20,11:26,L,L,PN,,
2018-10-22,06:16,11:10,L,L,PN,,
2018-10-24,06:01,15:42,L,L,PN,,
2018-10-26,06:05,12:00,L,L,PN,,
2018-10-27,14:30,18:04,L,L,PN,,
2018-10-28,06:15,10:17,L,L,PN,,
2018-10-29,06:05,15:47,L,L,PN,,
2018-10-31,06:02,11:02,L,L,PN,,
2018-11-03,14:30,18:00,L,L,PN,,
2018-11-04,06:09,11:43,L,L,PN,,
2018-11-06,06:01,16:57,L,L,PN,,
2018-11-07,06:01,10:09,L,L,PN,,
2018-11-08,15:30,18:07,L,L,PN,,
2018-11-09,06:09,17:43,L,L,PN,,
2018-11-10,14:55,18:11,L,L,PN,,
2018-11-12,15:09,18:00,L,L,PN,,
2018-11-13,06:06,11:45,L,L,PN,,
2018-11-14,06:03,10:20,L,L,PN,,
2018-11-29,06:12,11:47,L,L,PN,,
2018-11-29,06:17,11:55,L,HQ,OH,,
2018-11-29,14:20,15:30,HQ,L,OH,,
2018-11-30,06:03,12:13,L,L,PN,,
2018-11-30,06:04,10:17,L,L,OH,,
2018-12-01,06:00,13:09,L,L,OH,,
2018-12-01,06:00,11:10,L,L,PN,,
2018-12-02,15:22,18:04,L,L,AD+PN,,
2018-12-03,06:00,12:51,L,L,PN,,
2018-12-03,06:02,10:40,L,L,AD,,
2018-12-03,06:03,11:13,L,L,OH,,
2018-12-04,06:08,10:10,L,L,OH,,
2018-12-04,06:14,12:37,L,L,PN,,
2018-12-05,05:53,11:20,L,L,OH,,
2018-12-05,06:00,10:42,L,L,AD,,
2018-12-06,06:08,10:28,L,L,OH,,
2018-12-06,06:14,11:43,L,L,PN,,
2018-12-07,06:05,12:55,L,L,OH+AD,,
2018-12-07,09:50,18:01,L,L,PN,,
2018-12-08,06:00,12:00,L,L,OH,,
2018-12-08,06:02,11:55,L,L,AD,,
2018-12-08,14:40,17:50,L,L,OH,,
2018-12-09,06:03,10:52,L,L,AD,,
2018-12-09,10:05,17:55,L,L,OH,,
2018-12-10,06:00,11:48,L,L,OH,,
2018-12-10,14:45,17:50,L,L,OH,,
2018-12-11,06:07,12:33,L,L,PN,,
2018-12-11,06:05,12:01,L,HQ,AD,,
2018-12-12,06:02,14:12,L,L,OH+PN,,
2018-12-12,06:09,10:32,L,L,AD,,
2018-12-13,06:04,9:55,L,L,OH+PN,,
2018-12-14,06:05,13:36,L,L,OH+PN,,
2018-12-15,06:01,12:06,L,L,OH+AD,,
2018-12-15,06:07,12:08,L,L,PN,,
2018-12-16,06:03,11:03,L,L,AD+PN,,
2018-12-16,06:04,10:45,L,L,OH,,
2018-12-17,06:06,11:21,L,L,AD,,
2018-12-17,06:08,10:15,L,HQ,OH,,
2018-12-18,06:02,11:05,L,L,AD,,
2018-12-18,12:25,18:02,L,L,AD,,
2018-12-19,06:11,12:08,L,L,PN,,
2018-12-20,06:11,11:37,L,L,PN,,
2018-12-21,06:14,11:58,L,L,PN,,
2018-12-21,14:28,18:02,L,L,AD,,
2018-12-22,06:12,12:02,L,L,PN,,
2018-12-22,06:06,14:14,L,L,AD,,
2018-12-23,06:02,10:05,L,L,AD,,
2018-12-24,06:13,11:06,L,L,PN,,
2018-12-25,06:03,11:54,L ,L ,AD,,
2018-12-28,13:47,17:41,L ,L ,AD,,
2018-12-29,06:06,10:14,L ,L ,AD,,
2018-12-31,06:02,10:58,L ,L ,AD,,
2019-01-01,06:06,09:56,L ,L ,AD,,
2019-01-02,06:04,11:25,L ,headquarters,AD,,
2019-01-03,06:02,11:11,L ,L ,AD,,
2019-01-03,15:32,18:03,L,L,PN,,
2019-01-04,06:09,11:03,L,L,PN,,
2019-01-04,15:33,17:58,Oloirobi,L ,AD,,
2019-01-05,06:14,12:00,L,L,PN,,
2019-01-06,06:05,11:04,L ,L ,AD,,
2019-01-06,06:14,12:13,L,L,PN,,
2019-01-07,06:04,10:32,L ,L ,AD,,
2019-01-07,06:12,12:04,L,L,PN,,
2019-01-08,06:01,10:18,L ,L ,AD,,
2019-01-09,06:10,12:26,L,L,PN,,
2019-01-09,06:03,11:53,L ,headquarters,AD,,
2019-01-10,06:19,12:04,L,L,PN,,
2019-01-11,06:05,11:21,L ,L ,AD,,
2019-01-11,06:15,12:31,L,L,PN,,
2019-01-12,14:46,17:52,L ,L ,AD,,
2019-01-12,15:18,18:08,L,L,PN,,
2019-01-13,06:00,10:17,L ,L ,AD,,
2019-01-13,06:14,12:21,L,L,PN,,
2019-01-14,06:01,10:54,L ,L ,AD,,
2019-01-14,06:14,12:23,L,L,PN,,
2019-01-15,06:15,12:35,L,L,PN,,
2019-01-16,14:54,18:02,L ,L ,AD,,
2019-01-17,06:00,12:02,L ,Headquarters,AD,,
2019-01-18,06:18,10:53,L,L,PN,,
2019-01-19,06:09,13:53,L,L,AD+PN,,
2019-01-20,06:18,14:52,L,L,PN,,
2019-01-26,06:16,11:53,L,L,PN,,
2019-01-26,15:09,17:55,Kimba,L ,AD,,
2019-01-27,06:05,11:50,L ,L ,AD,,
2019-01-27,06:15,11:01,L,L,PN,,
2019-01-28,06:16,10:53,L,L,PN,,
2019-01-28,06:06,12:19,L ,headquarters,AD,,
2019-01-30,06:12,11:53,L,L,PN,,
2019-01-31,06:15,10:42,L,L,PN,,
2019-01-31,15:15,18:00,L ,L ,AD,,
2019-02-01,06:05,10:38,L ,headquarters,AD,,
2019-02-01,13:42,18:00,headquarters,L ,AD,,
2019-02-02,06:14,11:22,L,L,PN,,
2019-02-03,06:16,12:02,L,L,PN,,
2019-02-05,06:04,10:53,L ,L ,AD,,
2019-02-05,06:10,15:47,L,L,PN,,
2019-02-06,06:14,11:24,L,L,PN,,
2019-02-06,06:06,11:53,L ,headquarters,AD,,
2019-02-07,06:03,11:38,L ,L ,AD,,
2019-02-07,06:18,18:10,L,L,PN,,
2019-02-08,06:15,11:13,L,L,PN,,
2019-02-08,06:05,12:18,L ,headquarters,AD,,
2019-02-08,12:47,17:56,headquarters,L ,AD,,
2019-02-09,06:17,18:02,L,L,PN,,
2019-02-10,06:04,10:04,L ,L ,AD,,
2019-02-10,06:15,11:02,L,L,PN,,
2019-02-11,06:12,06:39,L,L,PN,,
2019-02-12,06:03,09:54,L ,headquarters,AD,,
2019-02-13,06:15,11:15,L,L,PN,,
2019-02-14,06:17,12:38,L,L,PN,,
2019-02-15,06:09,11:05,L,L,PN,,
2019-02-16,06:15,11:08,L,L,PN,,
2019-02-17,12:05,18:11,L,L,PN,,
2019-02-18,06:00,11:38,L,L,PN,,
2019-02-20,15:10,18:23,L,L,PN,,
2019-02-21,06:06,10:24,L ,L ,AD,,
2019-02-21,06:17,18:10,L,L,PN,,
2019-02-22,06:02,11:17,L ,L ,AD,,
2019-02-22,08:00,15:48,L,L,PN,,
2019-02-23,06:02,11:30,L ,L ,AD,,
2019-02-23,06:00,10:48,L,L,PN,,
2019-02-24,14:44,18:05,L,L,PN,,
2019-02-24,14:14,18:08,L ,L ,AD,,
2019-02-25,05:59,10:36,L ,Sopa ,AD,,
2019-02-25,06:23,12:25,L,L,PN,,
2019-02-27,06:14,12:22,L,L,PN,,
2019-02-28,06:00,10:42,L ,L ,AD,,
2019-03-08,06:08,10:47,L,L,PN,,
2019-03-09,06:26,10:51,L,L,PN,,
2019-03-10,06:00,10:52,L,L,PN,,
2019-03-11,06:02,11:25,L,L,PN,,
2019-03-12,06:04,12:07,L ,Headquarters,AD,,
2019-03-13,06:06,11:00,L,L,PN,,
2019-03-14,06:03,10:16,L ,L ,AD,,
2019-03-14,06:25,11:25,L,L,PN,,
2019-03-15,06:18,10:23,L,L,PN,,
2019-03-16,15:28,18:04,L,L,PN,,
2019-03-17,06:16,10:27,L,L,PN,,
2019-03-19,15:45,18:10,L,L,PN,,
2019-03-20,05:59,10:15,L ,L ,AD,,
2019-03-20,06:08,11:25,L,L,PN,,
2019-03-21,06:10,10:21,L,L,PN,,
2019-03-22,06:18,09:58,L,L,PN,,
2019-03-22,06:06,10:11,L ,L ,AD,,
2019-03-23,06:02,09:51,L ,L ,AD,,
2019-03-23,06:23,11:27,L,L,PN,,
2019-03-24,05:59,09:42,L ,L ,AD,,
2019-03-25,06:18,12:08,L,L,PN,,
2019-03-26,06:03,09:57,L ,L ,AD,,
2019-03-27,06:15,10:42,L,L,PN,,
2019-03-27,15:22,18:18,L ,L ,AD,,
2019-03-28,06:02,09:33,L ,L ,AD,,
2019-03-28,06:18,11:20,L,L,PN,,
2019-03-29,14:30,18:12,headquarters,L,PN,,
2019-03-30,06:04,09:15,L ,Simba A,AD,,
2019-03-30,06:16,17:47,L,L,PN,,
2019-03-31,06:09,13:39,L,L,PN,,
2019-04-01,05:59,10:40,L ,L ,AD,,
2019-04-01,15:35,18:20,L,L,PN,,
2019-04-02,15:36,18:19,L ,Sopa,AD,,
2019-04-03,06:10,12:18,L,L,PN,,
2019-04-04,06:08,11:48,L,L,PN,,
2019-04-04,05:59,10:33,L ,L ,AD,,
2019-04-04,15:35,18:15,L,L,PN,,
2019-04-05,06:08,11:20,L,L,PN,,
2019-04-06,06:00,10:12,L ,L ,AD,,
2019-04-06,14:45,18:00,L,L,PN,,
2019-04-08,06:13,12:45,L,L,PN,,
2019-04-08,13:45,18:16,L ,L ,AD,,
2019-04-09,06:06,10:06,L,L,PN,,
2019-04-09,06:00,10:27,L ,L ,AD,,
2019-04-10,06:16,11:23,L,L,PN,,
2019-04-11,06:03,12:40,L ,L ,AD,,
2019-04-13,07:16,12:37,L,L,PN,,
2019-04-13,06:01,11:35,L ,L ,AD,,
2019-04-14,06:18,10:58,L,L,PN,,
2019-04-15,06:16,11:40,L,HQ,PN,,
2019-04-16,06:00,10:48,L ,L,AD,,
2019-04-17,06:18,11:22,L,L,PN,,
2019-04-17,15:10,18:10,L,L,PN,,
2019-04-18,15:09,18:14,L,L,PN,,
2019-04-19,06:00,10:31,L,L,PN,,
2019-04-19,14:30,18:00,L,L,PN,,
2019-04-20,05:59,10:04,L ,L ,AD,,
2019-04-22,15:15,18:00,L,L,PN,,
2019-04-23,05:59,10:39,L ,L ,AD,,
2019-04-24,06:16,13:09,L,L,PN,,
2019-04-25,05:56,14:53,L ,L ,AD,,
2019-04-25,06:22,11:13,L,L,PN,,
2019-04-26,06:21,18:15,L,L,PN,,
2019-04-27,05:55,10:36,L ,Irkepuse,AD,,
2019-04-27,06:14,15:22,L,L,PN,,
2019-04-30,06:01,10:42,L ,L ,AD,,
2019-05-03,05:57,10:51,L ,L ,AD,,
2019-05-06,05:59,10:43,L ,L ,AD,,
2019-05-07,05:55,11:36,L ,L ,AD,,
2019-05-12,05:54,11:01,L ,L ,AD,,
2019-05-14,15:39,18:05,L,L,PN,,
2019-05-17,06:14,10:21,L,L,PN,,
2019-05-17,15:30,18:07,L,L,PN,,
2019-05-18,15:35,18:00,L,L,PN,,
2019-05-19,15:41,18:11,L,L,PN,,
2019-05-20,06:14,11:18,L,L,PN,,
2019-05-21,15:35,18:10,L,L,PN,,
2019-05-22,06:17,12:15,L,L,PN,,
2019-05-24,15:21,18:07,L,L,PN,,
2019-05-25,06:29,10:50,L,L,PN,,
2019-05-26,06:19,09:47,L,L,PN,,
2019-05-27,11:16,18:22,L,L,PN,,
2019-05-28,06:09,11:01,L,L,PN,,
2019-05-28,15:42,18:17,L,L,PN,,
2019-05-30,06:15,18:08,L,L,PN,,
2019-05-31,06:30,15:12,L,L,PN,,
2019-06-01,06:32,10:57,L,L,PN,,
2019-06-04,15:15,18:10,headquarters,L,PN,,
2019-06-05,06:18,09:31,L,L,PN,,
2019-06-06,06:14,10:01,L,L,PN,,
2019-06-06,15:33,18:15,L,L,PN,,
2019-06-12,06:13,10:56,L,L,PN,,
2019-06-12,15:40,18:05,L,L,OH,,
2019-06-13,06:10,11:50,L,L,OH,,
2019-06-13,06:18,11:47,L,L,PN,,
2019-06-14,06:19,9:59,L,L,OH,,
2019-06-14,15:43,18:13,L,L,PN,,
2019-06-15,06:16,11:16,L,L,OH,,
2019-06-15,06:20,11:26,L,L,PN,,
2019-06-16,05:55,18:03,L,L,OH,,
2019-06-16,05:57,14:24,L,L,PN,,
2019-06-17,06:16,17:58,L,L,OH,,
2019-06-17,06:19,17:28,L,L,PN,,
2019-06-18,06:05,11:51,L,L,OH,,
2019-06-18,06:21,13:40,L,L,PN,,
2019-06-19,06:10,13:10,L,L,OH,,
2019-06-19,06:13,18:12,L,L,PN,,
2019-06-20,06:06,17:56,L,L,OH,,
2019-06-21,06:11,17:30,L,L,OH,,
2019-06-21,06:13,15:32,L,L,PN,,
2019-06-22,06:09,15:15,L,L,OH,,
2019-06-22,06:13,12:12,L,L,PN,,
2019-06-23,06:08,13:40,L,L,OH,,
2019-06-23,06:19,13:05,L,L,PN,,
2019-06-24,06:05,12:19,L,hq,OH,,
2019-06-24,06:21,12:16,L,L,PN,,
2019-06-24,13:25,15:15,hq,L,OH,,
2019-06-25,06:06,15:16,L,L,OH,,
2019-06-25,06:21,18:05,L,L,PN,,
2019-06-26,06:23,12:15,L,L,PN,,
2019-06-27,06:10,18:00,L,L,OH,,
2019-06-27,15:25,18:20,L,L,PN,,
2019-06-28,06:07,14:31,L,L,OH,,
2019-06-28,06:11,12:43,L,L,PN,,
2019-06-28,15:50,17:52,L,L,OH,,
2019-06-29,06:20,13:52,L,L,OH,,
2019-06-29,06:21,17:23,L,L,PN,,
2019-06-30,06:15,13:15,L,L,OH,,
2019-06-30,06:18,13:43,L,L,PN,,
2019-06-30,15:50,18:00,L,L,OH,,
2019-07-01,06:10,11:45,L,L,OH,,
2019-07-02,06:14,16:06,L,L,OH,,
2019-07-03,06:18,12:08,L,L,OH,,
2019-07-03,15:47,18:00,L,L,OH,,
2019-07-04,06:04,8:55,L,L,OH,,
2019-07-05,06:19,18:05,L,L,PN,,
2019-07-06,06:23,18:12,L,L,PN,,
2019-07-08,06:21,18:07,L,L,PN,,
2019-07-09,06:41,17:32,L,L,PN,,
2019-07-10,06:22,18:04,L,L,PN,,
2019-07-12,06:51,18:00,L,L,PN,,
2019-07-13,08:00,18:10,L,L,PN,,
2019-07-14,06:18,14:37,L,L,PN,,
2019-07-15,06:43,13:37,L,L,PN,,
2019-07-16,06:21,15:40,L,L,PN,,
2019-07-17,06:15,13:10,L,L,PN,,
2019-07-18,06:31,11:00,L,hq,PN,,
2019-07-21,06:12,09:45,L,L,PN,,
2019-07-22,15:40,18:06,L,L,PN,,
2019-07-23,06:18,11:42,L,L,PN,,
2019-07-24,06:30,11:48,L,L,PN,,
2019-07-25,15:26,17:54,L,L,PN,,
2019-07-26,06:19,10:52,L,L,PN,,
2019-07-30,06:18,14:24,L,L,PN,,
2019-07-31,06:21,13:34,L,HQ,PN,,
2019-08-02,06:18,10:09,L,L,PN,,
2019-08-03,06:19,15:12,L,L,PN,,
2019-08-04,06:14,12:02,L,L,PN,,
2019-08-05,06:19,11:02,L,L,PN,,
2019-08-06,14:53,18:10,L,L,PN,,
2019-08-08,06:14,12:10,L,L,PN,,
2019-08-09,06:19,10:35,L,HQ,PN,,
2019-08-10,06:26,10:45,L,L,PN,,
2019-08-14,06:13,09:56,L,L,PN,,
2019-08-15,06:25,11:16,L,L,PN,,
2019-08-16,15:20,18:10,L,L,PN,,
2019-08-18,06:00,11:31,L,L,PN,,
2019-08-19,06:15,11:50,L,L,PN,,
2019-08-20,06:14,18:09,L,L,PN,,
2019-08-22,14:43,18:09,L,L,PN,,
2019-08-23,06:10,10:43,L,L,PN,,
2019-08-30,06:15,15:31,L,L,PN,,
2019-08-31,06:01,12:49,L,L,PN,,
2019-09-18,06:22,10:14,L,L,PN,,
2019-09-19,06:10,10:36,L,L,PN,,
2019-09-20,06:00,12:42,L,L,PN,,
2019-09-21,06:10,10:12,L,L,PN,,
2019-09-24,15:31,18:06,L,L,PN,,
2019-09-25,06:19,10:53,L,HQ,PN,,
2019-09-25,14:32,18:03,headquarters,L,PN,,
2019-09-26,06:19,11:55,L,L,PN,,
2019-09-27,06:11,10:42,L,L,PN,,
2019-09-27,15:30,18:00,L,L,PN,,
2019-09-29,06:00,13:13,L,L,PN,,
2019-09-30,05:59,12:17,L,L,PN,,
2019-10-06,06:22,11:27,L,L,PN,,
2019-10-07,15:39,18:00,L,L,PN,,
2019-10-08,06:23,10:16,L,L,PN,,
2019-10-09,15:31,18:08,L,L,PN,,
2019-10-11,06:17,10:21,L,L,PN,,
2019-10-11,15:32,18:13,L,L,PN,,
2019-10-11,06:17,10:28,L ,L ,AD,,
2019-10-11,14:05,18:14,L ,L ,AD,,
2019-10-12,06:15,15:00,L,L,PN,,
2019-10-13,06:02,11:07,L ,L ,AD,,
2019-10-13,06:02,18:04,L,L,PN,,
2019-10-15,06:16,10:20,L,L,PN,,
2019-10-19,05:55,10:26,L ,L ,AD,,
2019-10-19,15:11,18:12,L,L,PN,,
2019-10-20,06:18,18:04,L,L,PN,,
2019-10-21,05:57,11:03,L ,L ,AD,,
2019-10-21,06:14,18:04,L,L,PN,,
2019-10-22,06:29,10:54,L ,L ,AD,,
2019-10-22,11:54,18:06,L,L,PN,,
2019-10-23,15:00,18:10,HQ,L,PN,,
2019-10-24,06:09,12:22,L ,HQ,AD,,
2019-10-24,13:16,18:20,HQ,Sopa,AD,,
2019-10-24,06:22,10:08,L,L,PN,,
2019-10-25,06:15,18:09,L,L,PN,,
2019-10-27,05:56,09:36,L,L,PN,,
2019-10-28,06:05,09:41,L,L,PN,,
2019-10-28,15:31,18:10,L,L,PN,,
2019-10-29,06:18,10:46,L,L,PN,,
2019-10-29,06:30,10:37,L ,L ,AD,,
2019-10-29,15:00,18:07,L ,L ,AD,,
2019-10-30,06:12,10:30,L,L,PN,,
2019-10-30,15:12,18:10,L,L,PN,,
2019-11-01,06:25,17:37,L,L,PN,,
2019-11-01,05:52,11:54,L ,L ,AD,,
2019-11-02,06:13,11:20,L,L,PN,,
2019-11-08,06:18,11:30,L ,HQ,AD,,
2019-11-08,13:25,18:25,Seneto,L ,AD,,
2019-11-09,06:06,18:05,L ,L ,AD,,
2019-11-10,06:04,11:04,L,L,OH,,
2019-11-10,06:09,13:03,L,L,PN,,
2019-11-10,15:35,18:10,L,Sopa,PN,,
2019-11-10,15:43,18:03,L,L,OH,,
2019-11-11,06:18,12:32,L,L,PN,,
2019-11-11,14:47,18:07,L ,Sopa,AD,,
2019-11-12,06:14,12:18,L,L,PN,,
2019-11-12,06:06,11:13,L ,Oyster Bay,AD,,
2019-11-12,14:15,18:35,Seneto,L ,AD,,
2019-11-12,14:20,18:00,L,L,OH,,
2019-11-13,06:07,12:17,L,L,OH,,
2019-11-13,06:14,10:37,L,L,PN,,
2019-11-14,06:08,12:01,L,L,OH,,
2019-11-14,15:50,18:04,L,L,OH,,
2019-11-15,06:04,12:08,L ,L ,AD,,
2019-11-15,14:27,18:03,L,L,OH,,
2019-11-16,06:04,11:44,L,L,OH,,
2019-11-16,06:16,18:06,L,L,PN,,
2019-11-17,06:16,12:50,L,L,PN,,
2019-11-17,06:06,18:31,L ,L ,AD,,
2019-11-17,13:35,18:00,L,L,OH,,
2019-11-18,06:05,12:14,L ,L ,AD,,
2019-11-18,06:15,11:50,L,hq,OH,,
2019-11-18,14:04,18:09,L,Sopa,PN,,
2019-11-18,14:35,18:05,Seneto,L,OH,,
2019-11-19,06:08,12:46,L ,L ,AD,,
2019-11-19,06:18,11:15,L,L,PN,,
2019-11-20,06:14,10:15,L,L,PN,,
2019-11-20,07:00,12:40,L,uproad,OH,,
2019-11-20,15:12,18:10,L,L,PN,,
2019-11-20,15:50,18:05,Seneto,L,OH,,
2019-11-21,06:10,12:18,L ,L ,AD,,
2019-11-21,06:19,18:09,L,L,OH,,
2019-11-22,06:20,18:53,L,L,PN,,
2019-11-22,06:25,18:32,L,L,OH,,
2019-11-23,06:04,12:18,L ,L ,AD,,
2019-11-23,06:09,13:19,L,L,OH,,
2019-11-23,15:10,18:22,L,L,PN,,
2019-11-24,06:19,10:25,L,L,PN,,
2019-11-24,15:12,18:24,L,L,PN,,
2019-11-25,06:03,14:52,L ,L ,AD,,
2019-11-25,06:15,18:05,L,L,OH,,
2019-11-26,06:01,11:43,L ,L ,AD,,
2019-11-27,06:20,18:05,L,L,OH,,
2019-11-28,06:06,12:21,L ,HQ,AD,,
2019-11-28,15:21,18:08,L,L,OH,,
2019-11-29,06:40,18:20,L,L,OH,,
2019-11-30,06:04,11:04,L ,L ,AD,,
2019-11-30,13:55,18:17,L,L,OH,,
2019-11-30,15:28,18:12,L,L,PN,,
2019-12-01,04:35,13:55,L,L,OH,,
2019-12-01,06:08,14:25,L,L,PN,,
2019-12-01,14:44,18:09,L ,L ,AD,,
2019-12-02,06:04,11:24,L,L,OH,,
2019-12-03,06:07,12:27,L,HQ,OH,,
2019-12-03,15:20,17:50,Seneto,L,OH,,
2019-12-04,06:01,8:58,L,L,OH,,
2019-12-06,06:19,13:39,L,L,PN,,
2019-12-07,06:16,12:50,L,L,PN,,
2019-12-09,06:21,12:04,L ,Oyster Bay,AD,,
2019-12-13,06:11,11:35,L,L,PN,,
2019-12-18,15:15,18:06,L,L,PN,,
2019-12-19,15:33,18:11,L,L,PN,,
2019-12-21,06:18,11:03,L,L,PN,,
2019-12-23,06:17,12:08,L,L,PN,,
2019-12-24,06:21,12:16,L,L,PN,,
2020-01-07,06:00,10:36,L,L,PN,,
2020-01-08,05:56,12:17,L,L,PN,,
2020-01-09,15:39,18:12,L,L,PN,,
2020-01-11,06:11,12:15,L,L,PN,,
2020-01-12,15:21,18:16,L,L,PN,,
2020-01-14,15:37,18:12,L,L,PN,,
2020-01-15,06:19,12:26,L,L,PN,,
2020-01-17,06:23,10:21,L,HQ,PN,,
2020-01-17,15:24,18:04,HQ,L,PN,,
2020-01-18,05:56,10:02,L,L,PN,,
2020-01-19,06:03,10:48,L,L,PN,,
2020-01-20,15:21,18:09,L,L,PN,,
2020-01-22,06:00,12:08,L,L,PN,,
2020-01-23,06:00,18:07,L,L,PN,,
2020-01-24,15:14,18:04,L,L,PN,,
2020-01-27,06:20,12:15,L,L,PN,,
2020-01-28,06:23,14:23,L,L,PN,,
2020-01-29,06:05,13:20,L,L,PN,,
2020-01-31,06:23,11:18,L,L,PN,,
2020-02-07,06:21,15:32,L,L,PN,,
2020-02-08,13:34,18:12,L,L,PN,,
2020-02-10,06:25,13:06,L,L,PN,,
2020-02-11,06:05,18:06,L,L,PN,,
2020-02-13,06:23,12:34,L,L,PN,,
2020-02-14,06:19,11:48,L,L,PN,,
2020-02-16,06:25,10:35,L,L,PN,,
2020-02-17,15:30,18:08,HQ,L,PN,,
2020-02-18,06:03,11:06,L,L,PN,,
2020-02-19,06:16,12:18,L,L,PN,,
2020-02-23,06:14,15:38,L,L,PN,,
2020-02-24,06:10,18:13,L,L,PN,,
2020-02-25,06:04,18:06,L,L,PN,,
2020-02-28,06:19,11:20,L,L,PN,,
2020-02-29,06:13,12:20,L,L,PN,,
2020-03-04,14:48,18:13,L,L,PN,,
2020-03-05,06:07,17:45,L,L,OH,,
2020-03-05,06:08,13:03,L,L,PN,,
2020-03-06,06:05,8:45,L,L,OH,,
2020-03-06,06:10,18:00,L,L,PN,,
2020-03-07,06:08,12:43,L,L,PN,,
2020-03-07,15:10,18:10,L,L,OH,,
2020-03-08,06:10,11:52,L,L,OH,,
2020-03-09,06:07,11:55,L,L,OH,,
2020-03-09,06:23,12:12,L,L,PN,,
2020-03-10,06:07,11:54,L,L,OH,,
2020-03-10,06:14,18:27,L,L,PN,,
2020-03-11,05:58,10:32,L,L,OH,,
2020-03-11,14:45,18:11,HQ,L,PN,,
2020-03-12,06:06,18:18,L,L,PN,,
2020-03-12,06:09,12:54,L,L,OH,,
2020-03-13,05:57,11:54,L,L,PN,,
2020-03-14,06:07,18:13,L,L,OH,,
2020-03-15,06:25,12:15,L,L,PN,,
2020-03-19,12:00,18:00,L,L,PN,,
2020-03-20,06:18,11:52,L,L,PN,,
2020-03-21,15:02,18:08,L,L,PN,,
2020-03-23,06:00,10:18,L,L,PN,,
2020-03-24,06:19,09:56,L,L,PN,,
2020-03-27,06:19,14:25,L,L,PN,,
2020-03-28,15:09,18:00,L,L,PN,,
2020-03-30,15:18,18:30,L,L,PN,,
2020-03-31,06:24,12:12,L,L,PN,,
2020-04-01,06:09,12:49,L,L,PN,,
2020-04-07,06:00,11:06,L,L,PN,,
2020-04-09,06:19,11:39,L,HQ,PN,,
2020-04-12,14:05,18:21,L,L,PN,,
2020-04-13,06:14,18:30,L,L,PN,,
2020-04-14,06:16,10:19,L,L,PN,,
2020-04-15,14:45,18:10,L,L,PN,,
2020-04-16,06:24,18:22,L,L,PN,,
2020-04-17,15:45,18:06,L,L,PN,,
2020-05-26,06:12,11:26,L,L,PN,,
2020-05-27,06:15,13:29,L,L,PN,,
2020-05-28,06:22,10:55,L,L,PN,,
2020-05-29,06:15,13:07,L,L,PN,,
2020-05-30,06:15,13:20,L,L,PN,,
2020-05-31,06:24,12:16,L,L,PN,,
2020-06-01,06:16,11:28,L,L,PN,,
2020-06-04,06:16,12:31,L,L,PN,,
2020-06-05,06:21,11:29,L,L,PN,,
2020-06-06,14:55,18:27,L,L,PN,,
2020-06-07,06:22,12:36,L,L,PN,,
2020-06-09,06:16,12:51,L,L,PN,,
2020-06-10,06:18,11:45,L,L,PN,,
2020-06-11,14:45,18:22,L,L,PN,,
2020-06-12,06:15,11:06,L,L,PN,,
2020-06-15,06:09,14:22,L,L,PN,,
2020-06-18,06:12,10:05,L,L,PN,,
2020-06-19,06:16,12:37,L,L,PN,,
2020-06-20,06:08,11:36,L,L,PN,,
2020-06-27,06:11,13:54,L,L,PN,,
2020-06-28,06:16,12:22,L,L,PN,,
2020-07-09,06:07,12:10,L,L,PN,,
2020-07-10,06:10,12:10,L,L,PN,,
2020-07-11,06:08,13:20,L,L,PN,,
2020-07-13,14:30,18:30,L,L,PN,,
2020-07-14,14:45,18:18,L,L,PN,,
2020-07-15,06:09,11:19,L,L,PN,,
2020-07-16,06:07,10:25,L,L,PN,,
2020-07-17,15:24,18:30,L,L,PN,,
2020-07-18,05:59,12:33,L,L,PN,,
2020-07-18,15:09,18:10,L,L,PN,,
2020-07-20,14:30,18:06,HQ,L,PN,,
2020-07-21,06:15,10:45,L,L,PN,,
2020-07-22,15:00,18:00,L,L,PN,,
2020-07-23,06:16,14:34,L,L,PN,,
2020-07-24,06:19,12:48,L,L,PN,,
2020-07-27,06:15,14:22,L,L,PN,,
2020-07-28,15:18,18:00,L,L,PN,,
2020-07-29,06:21,18:15,L,L,PN,,
2020-07-30,06:18,14:18,L,L,PN,,
2020-07-31,06:15,13:22,L,Sopa,PN,,
2020-08-12,15:40,18:11,L,L,PN,,
2020-08-13,06:15,11:48,L,L,PN,,
2020-08-14,06:10,11:33,L,L,PN,,
2020-08-15,06:23,09:20,L,L,PN,,
2020-08-16,14:06,18:15,L,L,PN,,
2020-08-17,14:45,18:05,L,L,PN,,
2020-08-21,06:07,12:25,L,L,PN,,
2020-08-22,06:15,15:06,L,L,PN,,
2020-08-23,15:15,18:00,L,L,PN,,
2020-08-24,06:15,12:35,L,L,PN,,
2020-08-25,06:14,10:10,L,L,PN,,
2020-08-26,06:19,10:43,L,L,PN,,
2020-08-28,06:19,12:11,L,L,PN,,
2020-08-30,06:06,13:31,L,L,PN,,
2020-08-31,05:50,14:22,L,L,PN,,
2020-09-03,15:03,18:12,L,L,PN,,
2020-09-04,06:16,11:46,L,L,PN,,
2020-09-05,15:15,18:14,L,L,PN,,
2020-09-06,06:02,10:06,L,L,PN,,
2020-09-08,06:15,18:00,L,L,PN,,
2020-09-09,06:18,11:45,L,L,PN,,
2020-09-11,06:05,12:56,L,L,PN,,
2020-09-12,06:16,10:59,L,L,PN,,
2020-09-13,15:25,18:08,L,L,PN,,
2020-09-14,06:23,09:53,L,L,PN,,
2020-09-15,15:20,18:12,HQ,L,PN,,
2020-09-16,06:07,11:40,L,L,PN,,
2020-09-17,06:09,11:23,L,L,PN,,
2020-09-19,14:25,18:08,L,L,PN,,
2020-09-22,15:18,18:00,L,L,PN,,
2020-09-23,06:15,10:00,L,L,PN,,
2020-09-26,06:25,09:49,L,L,PN,,
2020-09-27,06:32,10:20,L,L,PN,,
2020-09-29,06:19,13:43,L,L,PN,,
2020-09-30,06:13,12:54,L,L,PN,,
2020-10-12,06:19,09:41,L,L,PN,,
2020-10-13,06:33,11:43,L,L,PN,,
2020-10-15,06:16,12:02,L,L,PN,,
2020-10-16,06:21,18:00,L,L,PN,,
2020-10-19,06:14,11:42,L,L,PN,,
2020-10-20,06:18,10:47,L,L,PN,,
2020-10-22,06:25,11:31,L,HQ,PN,,
2020-10-23,15:32,18:12,L,L,PN,,
2020-10-24,06:24,10:30,L,L,PN,,
2020-10-25,14:40,21:36,L,L,PN,,
2020-10-26,06:12,12:30,L,L,PN,,
2020-10-27,15:11,19:47,L,L,PN,,
2020-10-29,15:00,18:45,L,L,PN,,
2020-10-30,06:22,12:39,L,L,PN,,
2020-11-01,06:35,10:38,L,L,PN,,
2020-11-01,15:37,20:45,L,L,PN,,
2020-11-02,19:30,00:00,L,L,PN,,
2020-11-03,00:00,05:43,L,L,PN,,
2020-11-03,21:30,00:00,L,L,PN,,
2020-11-04,00:00,06:35,L,L,PN,,
2020-11-04,20:40,00:00,L,L,PN,,
2020-11-05,00:00,00:44,L,L,PN,,
2020-11-05,15:36,00:00,L,L,PN,,
2020-11-06,00:00,03:39,L,L,PN,,
2020-11-06,16:02,22:46,L,L,PN,,
2020-11-07,06:11,12:13,L,L,PN,,
2020-11-07,16:00,19:17,L,L,PN,,
2020-11-09,06:19,12:45,L,L,PN,,
2020-11-10,06:15,13:01,L,L,PN,,
2020-11-10,15:33,21:00,L,L,PN,,
2020-11-11,14:30,20:04,L,L,PN,,
2020-11-12,06:00,11:20,L,L,PN,,
2020-11-13,15:45,19:55,L,L,PN,,
2020-11-19,15:30,22:46,HQ,L,PN,,
2020-11-20,06:18,12:22,L,L,PN,,
2020-11-21,15:32,18:31,L,L,PN,,
2020-11-22,06:24,11:03,L,L,PN,,
2020-11-23,06:22,13:13,L,HQ,PN,,
2020-11-23,15:40,19:02,L,L,PN,,
2020-11-24,06:25,11:52,L,L,PN,,
2020-11-27,06:00,10:16,L,L,PN,,
2020-11-28,15:30,19:26,L,L,PN,,
2020-12-01,06:15,18:52,L,L,PN,,
2020-12-02,15:10,18:40,L,L,PN,,
2020-12-03,06:00,18:06,L,L,PN,,
2020-12-05,06:15,12:18,L,L,PN,,
2020-12-06,06:15,12:32,L,L,PN,,
2020-12-08,15:40,18:05,L,L,PN,,
2020-12-10,06:14,10:31,L,L,PN,,
2020-12-10,15:10,18:00,L,L,PN,,
2020-12-11,06:18,11:18,L,L,PN,,
2020-12-11,06:18,11:18,L,L,PN,,
2020-12-13,15:32,18:10,L,L,PN,,
2020-12-14,15:28,18:06,L,L,PN,,
2020-12-15,06:17,11:30,L,L,PN,,
2021-01-07,06:16,12:55,L,L,PN,,
2021-01-08,06:13,12:19,L,L,PN,,
2021-01-15,15:18,18:10,L,L,PN,,
2021-01-16,06:18,10:43,L,L,PN,,
2021-01-17,15:15,18:06,L,L,PN,,
2021-01-18,06:22,11:29,L,L,PN,,
2021-01-19,06:32,11:49,L,L,PN,,
2021-01-22,15:35,18:10,L,L,PN,,
2021-01-23,06:05,10:51,L,L,PN,,
2021-01-24,06:30,11:06,L,L,PN,,
2021-01-25,15:40,18:25,L,L,PN,,
2021-01-27,16:45,19:57,L,L,PN,,
2021-01-28,06:22,11:38,L,L,PN,,
2021-01-28,17:45,22:15,L,L,PN,,
2021-01-29,16:00,20:20,L,L,PN,,
2021-01-30,06:22,12:29,L,L,PN,,
2021-01-31,06:25,12:33,L,L,PN,,
2021-02-04,15:30,18:14,L,L,PN,,
2021-02-05,06:21,11:15,L,L,PN,,
2021-02-06,06:25,11:12,L,L,PN,,
2021-02-09,15:40,18:24,L,L,PN,,
2021-02-10,06:15,12:20,L,L,PN,,
2021-02-11,14:32,19:01,L,L,PN,,
2021-02-12,06:30,12:13,L,L,PN,,
2021-02-14,06:30,11:50,L,L,PN,,
2021-02-19,15:03,18:00,HQ,L,PN,,
2021-02-27,06:09,11:00,L,L,OH,,
2021-02-27,06:19,13:00,L,L,PN,,
2021-02-28,06:00,12:24,L,L,OH,,
2021-02-28,06:18,13:34,L,L,PN,,
2021-03-01,06:07,17:47,L,L,OH,,
2021-03-01,06:18,13:34,L,L,PN,,
2021-03-02,06:05,10:15,L,L,OH,,
2021-03-03,06:10,10:20,L,L,OH,,
2021-03-03,06:22,18:06,L,L,PN,,
2021-03-04,06:17,13:07,L,L,PN,,
2021-03-04,15:40,18:09,L,L,OH,,
2021-03-05,06:03,11:16,L,L,OH,,
2021-03-05,06:25,10:32,L,L,PN,,
2021-03-06,06:22,12:32,L,L,PN,,
2021-03-06,14:06,18:06,L,L,OH,,
2021-03-07,14:54,18:14,L,L,OH,,
2021-03-07,15:40,18:16,L,L,PN,,
2021-03-08,06:25,11:51,L,L,PN,,
2021-03-08,15:20,17:57,L,L,OH,,
2021-03-09,06:12,14:00,L,L,OH,,
2021-03-10,06:24,18:10,L,L,PN,,
2021-03-10,06:25,10:55,L,L,OH,,
2021-03-10,15:30,18:07,L,L,OH,,
2021-03-11,06:00,10:00,L,L,OH,,
2021-03-12,06:15,13:02,L,L,PN,,
2021-03-12,06:15,11:25,L,L,OH,,
2021-03-13,06:03,13:58,L,L,PN,,
2021-03-13,06:03,10:35,L,L,OH,,
2021-03-14,06:00,17:52,L,L,OH,,
2021-03-15,06:12,10:20,L,hq,OH,,
2021-03-15,06:13,12:02,L,L,PN,,
2021-03-15,14:10,17:57,hq,L,OH,,
2021-03-16,06:04,10:30,L,L,OH,,
2021-03-16,06:16,12:26,L,L,PN,,
2021-03-17,06:12,10:40,L,L,OH,,
2021-03-17,06:18,12:17,L,L,PN,,
2021-03-18,06:18,10:00,L,hq,OH,,
2021-03-18,06:19,11:28,L,L,PN,,
2021-03-18,11:00,12:00,hq,L,OH,,
2021-03-19,06:07,11:20,L,hq,OH,,
2021-03-19,13:20,14:20,hq,L,OH,,
2021-03-20,06:08,8:45,L,L,OH,,
2021-03-21,06:20,18:00,L,L,OH,,
2021-03-22,06:07,11:14,L,L,OH,,
2021-03-22,06:09,11:15,L,L,PN,,
2021-03-23,06:04,10:10,L,L,OH,,
2021-03-29,15:30,18:08,L,L,PN,,
2021-03-30,06:25,13:10,L,L,PN,,
2021-03-31,06:30,12:10,L,HQ,PN,,
2021-04-04,06:07,10:11,L,L,PN,,
2021-04-05,15:15,18:10,L,L,PN,,
2021-04-09,15:20,18:07,L,L,PN,,
2021-04-10,06:40,09:25,L,L,PN,,
2021-04-11,15:35,18:30,L,L,PN,,
2021-04-12,06:23,11:16,L,L,PN,,
2021-04-15,15:20,18:13,L,L,PN,,
2021-04-16,06:18,10:35,L,L,PN,,
2021-04-16,14:45,18:08,L,L,PN,,
2021-04-17,06:16,11:02,L,L,PN,,
2021-04-18,14:45,18:10,L,L,PN,,
2021-04-19,14:40,18:06,L,L,PN,,
2021-04-21,14:35,18:09,L,L,PN,,
2021-04-22,06:22,12:12,L,L,PN,,
2021-04-23,06:24,10:29,L,L,PN,,
2021-04-25,15:40,18:08,L,L,PN,,
2021-04-26,06:20,13:01,L,L,PN,,
2021-04-27,05:55,12:15,L,L,PN,,
2021-06-09,06:13,14:28,L,L,PN,,
2021-06-10,06:12,13:13,L,L,PN,,
2021-06-12,06:24,11:48,L,L,PN,,
2021-06-13,06:14,10:09,L,L,PN,,
2021-06-15,15:40,18:03,L,L,PN,,
2021-06-16,06:21,10:02,L,L,PN,,
2021-06-17,15:30,18:02,L,L,PN,,
2021-06-19,06:11,12:36,L,L,PN,,
2021-06-20,06:30,11:00,L,L,PN,,
2021-06-21,06:25,11:36,L,L,PN,,
2021-06-22,06:17,12:00,L,L,PN,,
2021-06-24,06:25,10:00,L,L,PN,,
2021-06-25,06:17,11:29,L,L,PN,,
2021-06-26,15:30,18:00,L,L,PN,,
2021-07-08,06:20,11:28,L,L,PN,,
2021-07-08,15:15,18:00,L,L,PN,,
2021-07-09,15:23,18:06,L,L,PN,,
2021-07-10,06:35,18:03,L,L,PN,,
2021-07-12,15:40,18:03,L,L,PN,,
2021-07-13,06:18,18:11,L,L,PN,,
2021-07-14,06:15,10:24,L,L,PN,,
2021-07-16,14:38,18:02,L,L,PN,,
2021-07-17,06:45,10:25,L,L,PN,,
2021-07-20,06:24,18:00,L,L,PN,,
2021-07-22,06:15,10:19,L,L,PN,,
2021-07-24,06:22,11:36,L,L,PN,,
2021-07-24,12:45,18:03,HQ,L,PN,,
2021-07-25,06:23,11:31,L,L,PN,,
2021-07-26,06:22,10:32,L,L,PN,,
2021-07-26,15:40,18:04,L,L,PN,,
2021-07-27,06:30,09:55,L,L,PN,,
2021-07-28,15:05,18:06,L,L,PN,,
2021-07-29,06:18,09:54,L,L,PN,,
2021-07-30,06:10,17:57,L,L,PN,,
2021-07-31,06:29,12:25,L,L,PN,,
2021-08-09,06:21,09:33,L,L,PN,,
2021-08-10,06:25,10:34,L,L,PN,,
2021-08-13,06:21,11:15,L,L,PN,,
2021-08-14,15:30,18:03,L,L,PN,,
2021-08-16,06:27,10:41,L,L,PN,,
2021-08-21,06:55,15:06,L,L,OH+ED,,
2021-08-22,06:08,18:06,L,L,PN,,
2021-08-22,06:10,11:31,L,L,OH+ED,,
2021-08-23,06:14,12:24,L,L,PN,,
2021-08-23,06:15,11:25,L,L,OH+ED,,
2021-08-24,06:08,12:04,L,L,PN,,
2021-08-24,06:09,11:00,L,L,OH+ED,,
2021-08-25,06:09,12:01,L,L,OH+ED,,
2021-08-25,06:25,11:01,L,L,PN,,
2021-08-26,06:18,10:38,L,L,PN,,
2021-08-27,06:13,13:11,L,L,OH+ED,,
2021-08-28,06:05,12:45,L,L,OH+ED,,
2021-08-28,06:21,13:04,L,L,PN,,
2021-08-29,06:08,12:05,L,L,OH+ED,,
2021-08-29,06:14,10:37,L,L,PN,,
2021-08-30,06:18,11:55,L,L,PN,,
2021-08-31,06:05,13:30,L,UR,OH+ED,,
2021-08-31,06:12,16:24,L,L,PN,,
2021-08-31,15:00,18:00,UR,L,OH+ED,,
2021-09-01,06:07,9:38,L,L,OH+ED,,
2021-09-01,06:25,11:55,L,L,PN,,
2021-09-02,06:14,13:30,L,L,OH+ED,,
2021-09-03,06:07,12:32,L,L,OH+ED,,
2021-09-03,06:25,12:35,L,L,PN,,
2021-09-04,06:02,10:15,L,L,OH+ED,,
2021-09-05,06:00,22:35,L,L,OH+ED,,
2021-09-05,06:01,11:40,L,L,PN,,
2021-09-06,06:19,11:50,L,L,PN,,
2021-09-07,06:11,12:18,L,L,OH+ED,,
2021-09-08,06:07,11:25,L,L,OH+ED,,
2021-09-09,05:59,11:56,L,L,OH+ED,,
2021-09-09,06:04,12:07,L,L,PN,,
2021-09-10,06:05,9:23,L,L,OH,,
2021-09-10,06:08,12:05,L,L,PN,,
2021-09-11,06:05,11:37,L,L,OH+ED,,
2021-09-11,14:35,18:05,L,Sopa,PN,,
2021-09-12,05:57,11:07,L,L,OH,,
2021-09-12,06:28,11:15,L,L,PN,,
2021-09-14,06:30,12:51,L,L,PN,,
2021-09-15,06:00,9:28,L,L,OH+ED+LB,,
2021-09-15,06:09,13:11,L,L,PN,,
2021-09-16,06:04,12:17,L,L,OH+ED+LB,,
2021-09-16,14:40,18:10,L,L,PN,,
2021-09-17,06:05,10:11,L,L,PN,,
2021-09-17,06:07,12:45,L,L,OH+ED+LB,,
2021-09-18,06:00,13:33,L,L,PN,,
2021-09-18,06:05,13:46,L,L,OH+ED,,
2021-09-19,06:02,13:20,L,L,PN,,
2021-09-20,06:02,10:30,L,L,OH,,
2021-09-21,05:58,11:43,L,L,OH+ED+LB,,
2021-09-22,06:06,12:46,L,L,OH+ED+LB,,
2021-09-22,06:07,11:22,L,L,PN,,
2021-09-23,06:07,12:10,L,L,OH+ED,,
2021-09-24,08:07,13:05,L,L,PN+LB,,
2021-09-26,06:02,11:34,L,L,PN+LB,,
2021-09-27,15:14,18:06,L,L,PN+LB,,
2021-10-08,06:09,10:25,L,L,PN,,
2021-10-09,06:13,11:01,L,L,PN,,
2021-10-11,06:14,11:06,L,L,PN,,
2021-10-12,06:25,11:45,L,L,PN,,
2021-10-13,15:35,18:03,L,L,PN,,
2021-10-15,06:12,12:35,L,L,PN,,
2021-10-27,06:18,12:14,L,L,PN,,
2021-10-28,06:13,13:09,L,L,PN,,
2021-10-30,06:09,13:13,L,L,PN,,
2021-10-31,06:13,09:52,L,L,PN,,
2021-11-03,06:16,10:52,L,L,PN,,
2021-11-04,06:15,09:46,L,L,PN,,
2021-11-07,15:00,17:59,L,L,PN,,
2021-11-08,06:17,15:02,L,L,PN,,
2021-11-09,09:21,09:33,L,L,PN,,
2021-11-11,15:30,18:02,L,L,PN,,
2021-11-12,06:07,10:16,L,L,PN,,
2021-11-13,06:08,10:49,L,L,PN,,
2021-11-16,06:13,10:01,L,L,PN,,
2021-11-17,06:22,10:32,L,L,PN,,
2021-11-18,15:25,18:03,L,L,PN,,
2021-11-19,15:24,18:00,L,L,PN,,
2021-11-20,06:11,11:55,L,L,PN,,
2021-11-23,06:21,11:36,L,L,PN,,
2021-11-24,15:35,18:00,L,L,PN,,
2021-11-27,15:30,18:03,L,L,PN,,
2021-11-28,06:05,12:18,L,L,PN,,
2021-11-29,06:17,12:50,L,L,PN,,
2021-11-30,06:11,10:27,L,L,PN,,
2021-12-17,06:10,10:18,L,L,PN,,
2021-12-18,06:20,09:40,L,L,PN,,
2021-12-18,15:37,18:05,L,L,PN,,
2021-12-19,06:25,09:41,L,L,PN,,
2021-12-19,15:38,18:11,L,L,PN,,
2021-12-20,06:09,09:45,L,L,PN,,
2021-12-20,15:43,18:04,L,L,PN,,
2021-12-22,06:16,09:45,L,L,PN,,
2021-12-23,06:13,10:25,L,L,PN,,
2021-12-26,06:15,10:00,L,L,PN,,
2021-12-26,14:45,17:58,L,L,PN,,
2021-12-27,06:25,10:15,L,L,PN,,
2021-12-31,06:18,12:26,L,L,PN,,
2022-01-07,06:12,13:12,L,L,PN,,
2022-01-08,06:05,12:29,L,L,PN,,
2022-01-11,06:03,11:01,L,L,PN,,
2022-01-12,06:10,13:17,L,L,PN,,
2022-01-13,06:11,10:43,L,L,PN,,
2022-01-14,06:08,10:51,L,L,PN,,
2022-01-15,06:23,10:10,L,L,PN,,
2022-01-29,06:12,11:00,L,L,OH,,
2022-01-30,06:09,10:02,L,L,OH+ED,,
2022-01-31,06:07,11:18,L,L,OH+ED,,
2022-02-01,06:12,10:22,L,L,OH,,
2022-02-02,15:11,18:02,L,L,OH+ED,,
2022-02-03,06:08,11:08,L,L,OH+ED,,
2022-02-04,06:04,11:16,L,L,OH+ED,,
2022-02-05,06:10,11:16,L,L,OH+ED,,
2022-02-06,13:57,18:02,L,L,OH+ED,,
2022-02-07,06:01,12:31,L,L,OH+ED,,
2022-02-09,14:09,18:11,L,L,OH+ED,,
2022-02-10,06:08,11:16,L,L,OH+ED,,
2022-02-11,06:15,10:24,L,L,OH+ED,,
2022-02-13,15:11,18:03,L,L,OH,,
2022-02-14,06:12,10:46,L,L,OH+ED,,
2022-02-15,06:10,11:50,L,L,OH,,
2022-02-16,06:16,10:33,L,L,OH,,
2022-02-17,06:12,12:28,L,L,OH+ED,,
2022-02-18,06:16,10:37,L,L,OH+ED,,
2022-02-20,06:16,11:51,L,L,OH+ED,,
2022-02-21,06:02,10:42,L,L,OH+ED,,
2022-02-21,15:15,18:05,L,L,OH+ED,,
2022-02-22,06:06,11:36,L,L,OH+ED,,
2022-02-22,06:25,10:32,L,L,PN,,
2022-02-23,06:04,14:34,L,L,PN,,
2022-02-23,06:10,9:45,L,L,OH+ED,,
2022-02-23,14:40,18:03,L,L,OH+ED,,
2022-02-24,06:11,13:39,L,L,PN,,
2022-02-25,06:04,11:49,L,L,OH+ED,,
2022-02-25,06:12,13:33,L,L,PN,,
2022-02-26,06:09,12:18,L,L,PN,,
2022-02-26,06:20,11:14,L,L,OH+ED,,
2022-02-27,06:15,13:31,L,L,PN,,
2022-02-28,06:05,14:34,L,L,OH+PN,,
2022-03-01,06:22,11:07,L,L,OH+ED,,
2022-03-02,06:15,10:29,L,L,OH+ED,,
2022-03-03,06:13,11:00,L,L,OH+ED,,
2022-03-04,06:07,12:06,L,L,PN,,
2022-03-04,06:23,11:10,L,L,OH+ED,,
2022-03-04,15:22,18:03,L,L,OH,,
2022-03-05,06:13,12:25,L,L,PN,,
2022-03-05,14:45,18:02,L,L,PN,,
2022-03-06,06:05,11:44,L,L,PN,,
2022-03-06,06:07,11:11,L,L,OH,,
2022-03-07,06:08,12:27,L,L,OH+ED,,
2022-03-07,06:13,18:29,L,L,PN,,
2022-03-08,06:03,11:17,L,L,OH+ED,,
2022-03-08,06:25,11:40,L,L,PN,,
2022-03-09,06:07,12:58,L,L,PN,,
2022-03-09,06:22,8:45,L,L,OH,,
2022-03-10,06:06,11:02,L,L,PN,,
2022-03-10,06:12,10:45,L,L,OH,,
2022-03-11,06:09,11:48,L,L,OH+ED,,
2022-03-12,06:06,11:50,L,L,OH+ED,,
2022-03-14,06:22,11:52,L,L,OH,,
2022-03-15,06:02,11:44,L,L,OH+ED,,
2022-03-15,15:30,18:05,L,L,OH,,
2022-03-16,06:11,11:54,L,L,OH+ED,,
2022-03-19,06:08,12:05,L,L,OH+ED+LB,,
2022-03-19,14:39,18:06,L,L,PN,,
2022-03-20,06:09,11:24,L,L,OH,,
2022-03-20,06:16,11:13,L,L,PN,,
2022-03-21,06:03,11:26,L,L,OH,,
2022-03-21,06:04,11:57,L,L,PN,,
2022-03-22,06:11,11:17,L,L,PN,,
2022-03-22,06:12,10:02,L,L,OH+ED,,
2022-03-23,06:06,10:38,L,L,OH+ED+LB,,
2022-03-23,15:06,18:08,L,L,OH+LB,,
2022-03-24,06:09,11:25,L,L,OH+ED,,
2022-03-24,06:14,11:17,L,L,PN,,
2022-03-25,06:09,12:44,L,L,PN,,
2022-03-26,06:16,09:57,L,L,PN,,
2022-03-26,14:16,17:56,L,L,OH+ED,,
2022-03-27,05:58,11:55,L,L,OH+ED+LB,,
2022-03-27,14:02,18:02,L,L,OH+LB,,
2022-03-28,06:15,18:01,L,L,PN,,
2022-03-29,06:03,14:00,L,L,OH+ED+LB,,
2022-03-29,06:11,18:26,L,L,PN,,
2022-03-30,06:10,10:50,L,L,OH+ED,,
2022-03-30,12:00,17:58,L,L,PN,,
2022-03-31,06:20,14:20,L,L,PN,,
2022-03-31,15:15,18:16,L,L,OH+ED,,
2022-04-01,06:02,12:24,L,L,OH+ED+LB,,
2022-04-02,06:10,11:57,L,L,OH+ED+LB,,
2022-04-03,06:05,12:12,L,L,OH+ED,,
2022-04-03,06:11,13:45,L,L,PN,,
2022-04-04,06:05,13:40,L,L,PN,,
2022-04-04,06:05,9:16,L,L,OH+ED+LB,,
2022-04-06,06:15,13:50,L,L,OH+ED,,
2022-04-08,06:12,12:51,L,L,OH+ED,,
2022-04-09,06:12,11:47,L,L,OH+ED,,
2022-04-10,06:08,12:55,L,L,OH+ED,,
2022-04-11,06:04,13:32,L,L,OH+ED,,
2022-04-13,06:11,11:51,L,L,OH+ED,,
2022-04-14,06:07,9:50,L,L,OH+ED,,
2022-04-14,06:12,18:02,L,L,PN,,
2022-04-14,15:03,17:58,L,L,OH+ED,,
2022-04-15,06:10,11:46,L,L,OH+ED,,
2022-04-15,06:13,12:41,L,L,PN,,
2022-04-16,06:08,11:46,L,L,OH+ED,,
2022-04-16,06:17,12:38,L,L,PN,,
2022-04-17,14:57,18:03,L,L,PN,,
2022-04-17,14:57,18:05,L,L,OH+ED,,
2022-04-18,06:05,11:27,L,L,OH+ED,,
2022-04-18,06:14,13:13,L,L,PN,,
2022-04-19,06:04,13:00,L,L,OH+ED,,
2022-04-19,06:15,18:03,L,L,PN,,
2022-04-20,06:08,10:57,L,L,OH+ED,,
2022-04-20,06:17,18:00,L,L,PN,,
2022-04-22,06:06,12:07,L,L,OH+ED,,
2022-04-22,06:09,15:09,L,L,PN,,
2022-04-23,06:06,14:33,L,L,OH+ED,,
2022-04-23,06:28,12:31,L,L,PN,,
2022-04-24,06:03,9:50,L,L,OH+ED,,
2022-04-24,06:15,16:00,L,L,PN,,
2022-04-25,06:08,11:50,L,L,OH+ED,,
2022-04-25,06:10,14:21,L,L,PN,,
2022-04-26,06:17,9:00,L,UR,OH+PN,,
2022-04-26,06:19,13:11,L,L,PN,,
2022-04-26,11:45,13:01,UR,L,OH+PN,,
2022-05-07,15:37,18:00,L,L,PN,,
2022-05-08,06:24,10:30,L,L,PN,,
2022-05-09,15:35,18:03,L,L,PN,,
2022-05-10,06:10,12:50,L,L,PN,,
2022-05-11,06:23,18:03,L,L,PN,,
2022-05-12,15:22,18:06,L,L,PN,,
2022-05-13,06:35,11:14,L,L,PN,,
2022-05-18,15:08,18:03,L,L,PN,,
2022-05-19,06:14,11:52,L,L,PN,,
2022-05-20,06:21,11:23,L,L,PN,,
2022-05-25,15:00,18:03,L,L,PN,,
2022-05-26,06:30,10:45,L,L,PN,,
2022-05-27,15:32,18:05,L,L,PN,,
2022-05-30,06:06,18:05,L,L,PN,,
2022-05-31,06:11,15:38,L,L,PN,,
2022-06-08,15:35,18:02,L,L,PN,,
2022-06-09,06:05,11:30,L,HQ,PN,,
2022-06-10,15:10,17:59,L,L,PN,,
2022-06-11,06:17,10:12,L,L,PN,,
2022-06-12,15:10,18:06,L,L,PN,,
2022-06-13,06:15,14:19,L,L,PN,,
2022-06-14,06:19,11:49,L,L,PN,,
2022-06-16,15:30,18:03,L,L,PN,,
2022-06-17,06:16,11:43,L,L,PN,,
2022-06-18,06:17,10:27,L,L,PN,,
2022-06-19,15:24,18:02,L,L,PN,,
2022-06-20,06:24,12:01,L,L,PN,,
2022-06-21,06:09,11:59,L,L,PN,,
2022-06-22,06:21,18:05,L,L,PN,,
2022-07-02,06:15,15:01,L,L,PN,,
2022-07-03,06:17,13:43,L,L,PN,,
2022-07-04,15:40,18:11,L,L,PN,,
2022-07-05,06:17,11:22,L,L,PN,,
2022-07-06,06:15,11:43,L,L,PN,,
2022-07-07,06:13,12:47,L,L,PN,,
2022-07-08,06:16,12:02,L,L,PN,,
2022-07-10,06:14,11:12,L,L,PN,,
2022-07-11,06:16,12:13,L,L,PN,,
2022-07-12,06:21,09:54,L,L,PN,,
2022-07-13,14:45,18:08,HQ,L,PN,,
2022-07-15,15:35,18:02,L,L,PN,,
2022-07-16,06:06,12:28,L,L,PN,,
2022-07-17,06:32,11:01,L,L,PN,,
2022-08-20,06:22,11:02,L,L,PN,,
2022-08-21,06:14,11:55,L,L,PN,,
2022-08-22,15:40,18:00,L,L,PN,,
2022-08-23,15:30,18:05,L,L,PN,,
2022-08-24,06:15,11:31,L,L,PN,,
2022-08-25,14:50,18:10,L,L,PN,,
2022-08-26,06:21,13:44,L,L,PN,,
2022-08-28,06:29,18:02,L,L,PN,,
2022-08-29,06:16,10:10,L,L,PN,,
2022-08-30,06:13,16:58,L,L,PN,,
2022-08-31,06:20,18:24,L,L,PN,,
2022-09-02,14:50,18:00,L,L,PN,,
2022-09-03,07:45,18:00,L,L,PN,,
2022-09-04,15:35,18:06,L,L,PN,,
2022-09-05,06:28,12:18,L,L,PN,,
2022-09-11,15:00,18:03,L,L,PN,,
2022-09-12,06:15,12:26,L,L,PN,,
2022-09-13,06:16,18:03,L,L,PN,,
2022-09-14,17:00,00:00,L,L,PN,,
2022-09-15,00:00,03:45,L,L,PN,,
2022-09-16,15:13,18:30,L,L,PN,,
2022-09-17,06:19,11:00,L,L,PN,,
2022-09-18,06:15,14:45,L,L,PN,,
2022-09-20,15:45,18:48,L,L,PN,,
2022-09-21,06:13,11:49,L,L,PN,,
2022-09-24,14:30,18:02,L,L,PN,,
2022-09-25,06:12,11:48,L,L,PN,,
2022-09-26,06:15,10:15,L,L,PN,,
2022-09-27,15:35,18:43,L,L,PN,,
2022-09-28,06:15,14:13,L,L,PN,,
2022-09-29,06:18,13:24,L,L,PN,,
2022-10-07,15:03,20:37,L,L,PN,,
2022-10-10,15:13,18:06,L,L,PN,,
2022-10-11,06:19,10:12,L,L,PN,,
2022-10-12,07:45,18:00,L,L,PN,,
2022-10-13,06:25,11:20,L,L,PN,,
2022-10-16,06:31,12:50,L,L,PN,,
2022-10-17,06:10,12:32,L,L,PN,,
2022-10-18,06:07,11:42,L,L,PN,,
2022-10-19,05:55,12:01,L,L,PN,,
2022-10-20,05:56,11:34,L,L,PN,,
2022-10-22,15:35,18:06,L,L,PN,,
2022-10-23,06:04,10:41,L,L,PN,,
2022-10-27,06:03,10:40,L,L,PN,,
2022-10-28,06:08,11:01,L,L,PN,,
2022-10-31,06:13,12:45,L,L,PN,,
2022-11-01,06:08,13:38,L,L,PN,,
2022-11-11,15:35,18:06,L,L,PN,,
2022-11-12,06:19,10:26,L,L,PN,,
2022-11-13,06:10,11:20,L,L,PN,,
2022-11-14,15:35,18:02,L,L,PN,,
2022-11-15,15:40,18:06,L,L,PN,,
2022-11-16,06:24,12:53,L,L,PN,,
2022-11-17,06:09,11:29,L,L,PN,,
2022-11-19,06:18,10:25,L,L,PN,,
2022-11-25,06:00,12:10,L,L,PN,,
2022-11-26,06:09,11:27,L,L,PN,,
2022-11-27,06:04,10:02,L,L,PN,,
2022-12-01,15:35,18:05,L,L,PN,,
2022-12-02,06:30,09:25,L,L,PN,,
2022-12-03,06:08,12:22,L,L,PN,,
2022-12-04,06:23,11:55,L,L,PN,,
2022-12-06,06:04,11:25,L,L,PN,,
2022-12-07,15:30,18:01,L,L,PN,,
2022-12-08,15:40,18:05,L,L,PN,,
2022-12-09,06:05,11:43,L,L,PN,,
2022-12-11,14:15,18:03,L,L,PN,,
2022-12-12,06:23,10:42,L,L,PN,,
2022-12-13,06:22,11:41,L,L,PN,,
2022-12-14,06:25,11:25,L,L,PN,,
2022-12-17,06:00,10:52,L,L,PN,,
2022-12-24,15:23,18:02,L,L,PN,,
2022-12-25,06:15,09:57,L,L,PN,,
2022-12-29,06:12,11:14,L,L,OH+ED,,
2022-12-29,06:15,18:01,L,L,PN,,
2022-12-30,06:15,15:23,L,L,PN,,
2022-12-31,06:09,11:29,L,L,OH+ED,,
2022-12-31,06:19,09:40,L,L,PN,,
2023-01-01,06:10,10:56,L,L,OH+ED,,
2023-01-01,15:40,18:15,L,L,PN,,
2023-01-02,06:25,14:38,L,L,PN,,
2023-01-03,06:10,12:09,L,L,OH+ED,,
2023-01-03,06:19,12:47,L,L,PN,,
2023-01-04,06:05,11:51,L,L,OH+ED,,
2023-01-04,06:31,10:12,L,L,PN,,
2023-01-05,06:05,10:57,L,L,OH+ED,,
2023-01-06,06:00,10:55,L,UR,OH+ED,,
2023-01-06,11:35,13:50,DR,L,OH+ED,,
2023-01-06,06:09,17:55,L,L,PN,field,
2023-01-08,06:24,17:54,L,L,PN,field,
2023-01-09,06:08,10:35,L,L,OH+ED,,
2023-01-09,06:33,12:14,L,L,PN,field,
2023-01-09,15:00,17:57,L,L,OH,,
2023-01-10,06:09,13:53,L,L,OH+ED,,
2023-01-10,12:35,17:57,L,L,PN,field,
2023-01-11,06:08,13:12,L,L,PN,field,
2023-01-11,06:08,13:40,L,L,OH,,
2023-01-12,06:08,9:48,L,L,OH+ED,,
2023-01-13,06:16,12:16,L,L,OH+ED,,
2023-01-16,06:13,10:17,L,L,OH+ED,,
2023-01-17,06:12,11:40,L,L,OH+ED,,
2023-01-18,06:06,11:15,L,L,OH+ED,,
2023-01-18,06:18,11:16,L,HQ,PN,,
2023-01-18,14:44,18:00,L,L,OH,,
2023-01-19,06:09,11:39,HQ,HQ,PN,,
2023-01-20,06:09,12:45,L,L,OH+ED,,
2023-01-21,15:36,18:03,L,L,OH,,
2023-01-22,06:11,12:20,HQ,HQ,PN,,
2023-01-23,06:09,12:23,L,Seneto,OH+ED,,
2023-01-23,06:20,14:28,HQ,HQ,PN,,
2023-01-23,13:40,14:38,Seneto,L,OH+ED,,
2023-01-24,06:11,12:21,L,L,OH+ED,,
2023-01-25,06:10,11:16,L,L,OH+ED,,
2023-01-26,06:04,11:06,L,L,OH+ED,,
2023-01-26,06:25,14:22,HQ,HQ,PN,,
2023-01-27,06:19,13:01,HQ,HQ,PN,,
2023-01-28,00:00,00:00,NA,NA,PN,desk,
2023-01-29,00:00,00:00,NA,NA,PN,desk,
2023-01-30,06:06,10:52,L,L,OH+ED,,
2023-01-30,15:40,18:06,L,L,OH,,
2023-01-30,00:00,00:00,NA,NA,PN,desk,
2023-01-31,06:04,10:35,L,L,OH+ED,,
2023-01-31,00:00,00:00,NA,NA,PN,holidays,
2023-02-01,06:10,11:48,L,L,OH+ED,,
2023-02-01,00:00,00:00,NA,NA,PN,holidays,
2023-02-02,00:00,00:00,NA,NA,PN,holidays,
2023-02-03,06:03,12:47,L,L,OH+ED,,
2023-02-03,00:00,00:00,NA,NA,PN,holidays,
2023-02-04,06:08,11:57,L,L,OH+ED,,
2023-02-04,06:10,14:33,L,L,PN,field,
2023-02-05,06:15,13:27,L,L,PN,field,
2023-02-06,06:09,12:15,L,L,OH+ED,,
2023-02-06,00:00,0:00,NA,NA,PN,desk,
2023-02-07,06:10,11:55,L,L,OH+ED,,
2023-02-07,06:15,13:17,L,L,PN,field,
2023-02-08,06:25,18:05,L,L,PN,field,
2023-02-08,06:28,13:00,L,L,OH+ED,,
2023-02-09,00:00,0:00,NA,NA,PN,desk,
2023-02-10,06:10,12:12,L,L,OH+ED,,
2023-02-10,06:18,11:15,L,L,PN,field,
2023-02-11,06:06,11:33,L,L,OH+ED,,
2023-02-11,06:11,11:34,L,L,PN,field,
2023-02-11,14:48,18:02,L,L,PN,field,
2023-02-12,06:11,11:33,L,L,OH+ED,,
2023-02-12,00:00,00:00,NA,NA,PN,desk,
2023-02-13,06:04,12:49,L,HQ,PN,field,
2023-02-13,06:09,12:31,L,L,OH+ED,,
2023-02-14,06:11,12:10,HQ,HQ,PN,field,
2023-02-15,06:19,11:21,HQ,HQ,PN,field,
2023-02-16,06:11,12:17,L,L,OH+ED,,
2023-02-16,06:19,10:54,HQ,L,PN,field,
2023-02-17,06:03,11:43,L,L,OH+ED,,
2023-02-17,00:00,00:00,NA,NA,PN,desk,
2023-02-18,06:06,10:41,L,L,PN,field,
2023-02-18,06:07,10:35,L,L,OH+ED,,
2023-02-19,00:00,00:00,NA,NA,PN,trip to Karatu and back+desk,
2023-02-20,00:00,00:00,NA,NA,PN,desk,
2023-02-21,06:02,17:56,L,L,PN,field/filming,
2023-02-22,06:03,18:03,L,L,PN,field/filming,
2023-02-23,,,,,PN,desk,
2023-02-24,06:03,13:16,L,N,PN,field/filming,
2023-02-24,14:41,18:49,N,L,PN,field/filming,
2023-02-25,06:11,13:00,L,N,PN,field/filming,
2023-02-25,14:30,19:21,N,L,PN,field/filming,
2023-02-26,06:13,18:06,L,L,PN,field/filming,
2023-02-27,,,L,L,PN,desk,
2023-02-28,,,L,L,PN,desk,
2023-03-01,06:13,19:05,L,L,PN,field/filming,
2023-03-02,05:55,09:01,L,L,PN,field/filming,
2023-03-03,06:02,19:22,L,L,PN,field/filming,
2023-03-04,06:21,09:17,L,L,PN,field/filming,
2023-03-05,05:46,19:30,L,L,PN,field/filming,
2023-03-06,,,L,L,PN,desk,
2023-03-07,,,L,L,PN,desk,
2023-03-08,06:16,11:50,L,L,PN,field/transect,
2023-03-09,06:11,15:48,L,L,PN,field/transect,
2023-03-10,05:55,19:15,L,L,PN,field/filming,
2023-03-11,06:02,19:27,L,L,PN,field/filming,
2023-03-12,06:11,18:50,L,L,PN,field/filming,
2023-03-13,06:07,18:53,L,L,PN,field/filming,
2023-03-14,06:12,19:29,L,L,PN,field/filming,
2023-03-15,,,L,L,PN,desk,
2023-03-16,,,,,PN,holiday,
2023-03-17,,,,,PN,holiday,
2023-03-18,,,,,PN,holiday,
2023-03-19,,,,,PN,holiday,
2023-03-20,,,,,PN,holiday,
2023-03-21,,,,,PN,holiday,
2023-03-22,,,,,PN,holiday,
2023-03-23,,,,,PN,holiday,
2023-03-24,,,,,PN,holiday,
2023-03-25,,,,,PN,holiday,
2023-03-26,,,,,PN,desk,
2023-03-27,,,,,PN,desk,
2023-03-28,14:00,18:00,L,L,PN,field,
2023-03-29,06:16,13:07,L,L,PN,field,
2023-03-30,,,,,PN,desk,
2023-03-31,15:21,18:01,L,L,PN,field,
2023-04-01,06:16,10:14,L,L,PN,field,
2023-04-02,,,,,PN,desk,
2023-04-03,06:19,11:52,L,L,PN,field,
2023-04-04,14:40,18:05,L,L,PN,field,
2023-04-05,06:09,13:50,L,L,PN,field,
2023-04-06,06:06,12:37,L,L,PN,field,
2023-04-07,,,,,PN,desk,
2023-04-08,15:40,18:03,L,L,PN,field,
2023-04-09,06:18,10:11,L,L,PN,field,
2023-04-10,,,,,PN,desk,
2023-04-11,,,,,PN,holiday,
2023-04-12,,,,,PN,holiday,
2023-04-13,,,,,PN,holiday,
2023-04-14,,,,,PN,holiday,
2023-04-15,06:09,10:14,HQ,HQ,PN,field,
2023-04-16,06:24,11:02,HQ,HQ,PN,field,
2023-04-17,14:35,18:00,HQ,HQ,PN,field,
2023-04-18,,,HQ,HQ,PN,desk,
2023-04-19,06:19,12:56,HQ,HQ,PN,field,
2023-04-20,06:21,12:50,HQ,L,PN,field,
2023-04-21,,,L,L,PN,sick,
2023-04-22,,,L,L,PN,sick,
2023-04-23,,,L,L,PN,sick,
2023-04-24,06:23,10:10,L,L,PN,field,
2023-04-25,06:15,10:40,L,HQ,PN,field,
2023-04-26,06:21,11:16,HQ,HQ,PN,field,
2023-04-27,,,HQ,HQ,PN,desk,
2023-04-28,14:30,18:03,HQ,HQ,PN,field,
2023-04-29,06:23,12:58,HQ,HQ,PN,field,
2023-04-30,06:16,11:02,HQ,HQ,PN,field,
2023-05-01,,,,,PN,holiday,
2023-05-02,,,,,PN,holiday,
2023-05-03,,,,,PN,holiday,
2023-05-04,06:19,13:20,L,L,PN,field,
2023-05-05,06:14,12:30,L,L,PN,field,
2023-05-06,,,L,L,PN,desk,
2023-05-06,,,L,L,PN,desk,
2023-05-07,15:34,18:03,L,L,PN,field,
2023-05-08,06:11,10:31,L,L,PN,field,
2023-05-09,,,L,L,PN,desk,
2023-05-10,06:28,10:15,L,L,PN,field,
2023-05-11,15:25,18:00,L,L,PN,field,
2023-05-12,06:22,11:01,L,L,PN,field,
2023-05-13,,,L,L,PN,desk,
2023-05-14,,,L,L,PN,desk,
2023-05-15,15:35,18:03,L,L,PN,field,
2023-05-16,06:15,11:42,L,L,PN,field,
2023-05-17,,,L,L,PN,desk,
2023-05-18,06:17,10:35,L,L,PN,field,
2023-05-19,06:24,12:24,L,L,PN,field,
2023-05-20,,,L,L,PN,desk,
2023-05-21,06:19,09:47,L,L,PN,field,
2023-05-22,06:21,10:45,L,L,PN,field,
2023-05-23,,,L,L,PN,desk,
2023-05-24,,,L,L,PN,desk,
2023-05-25,15:21,18:03,L,L,PN,field,
2023-05-26,06:17,11:08,L,L,PN,field,
2023-05-27,,,L,L,PN,desk,
2023-05-28,,,L,L,PN,desk,
2023-05-29,,,,,PN,holiday,
2023-05-30,,,,,PN,holiday,
2023-05-31,,,,,PN,holiday,
2023-06-01,,,L,L,PN,sick,
2023-06-02,,,L,L,PN,desk,
2023-06-03,06:19,14:03,L,L,PN,field,
2023-06-04,06:05,14:08,L,L,PN,field,
2023-06-05,15:32,18:02,L,L,PN,field,
2023-06-06,,,L,L,PN,desk,
2023-06-07,06:19,10:14,L,L,PN,field,
2023-06-08,06:21,10:40,L,L,PN,field,
2023-06-08,15:00,18:00,L,L,PN,field,
2023-06-09,,,L,L,PN,desk,
2023-06-10,15:40,18:00,L,L,PN,field,
2023-06-11,06:24,11:00,L,L,PN,Field,
2023-06-12,,,L,L,PN,desk,
2023-06-13,06:13,10:56,L,L,PN,field,
2023-06-14,06:22,10:40,L,L,PN,field,
2023-06-15,,,L,L,PN,desk,
2023-06-16,,,L,L,PN,desk,
2023-06-17,,,,,PN,holiday,
2023-06-18,,,,,PN,holiday,
2023-06-19,,,,,PN,holiday,
2023-06-20,06:16,10:21,L,L,PN,field,
2023-06-21,06:11,11:56,L,L,PN,field,
2023-06-22,,,L,L,PN,desk,
2023-06-23,06:19,12:28,L,L,PN,field,
2023-06-24,06:24,10:00,L,L,PN,field,
2023-06-25,,,L,L,PN,desk,
2023-06-26,06:04,10:55,L,L,PN,field,
2023-06-27,15:30,18:02,L,L,PN,field,
2023-06-28,15:30,18:02,L,L,PN,field,
2023-06-29,06:22,09:55,L,L,PN,field,
2023-06-30,06:25,11:45,L,L,PN,field,
2023-07-01,,,L,L,PN,desk,
2023-07-02,,,L,L,PN,holiday,
2023-07-03,,,L,L,PN,holiday,
2023-07-04,06:02,17:55,L,L,PN,field,
2023-07-05,,,L,L,PN,desk,
2023-07-06,,,L,L,PN,desk,
2023-07-07,15:30,18:02,L,L,PN,field,
2023-07-08,06:15,09:11,L,L,PN,field,
2023-07-08,15:23,18:00,L,Makhoromba,PN,field,
2023-07-09,,,L,L,PN,desk,
2023-07-10,,,L,L,PN,desk,
2023-07-11,,,L,L,PN,desk,
2023-07-12,,,L,L,PN,desk,
2023-07-13,,,L,L,PN,desk,
2023-07-14,06:09,13:01,L,NgoPicnic,OH+ED,field,
2023-07-14,14:23,15:00,NgoPicnic,L,OH+ED,field,
2023-07-14,,,L,L,PN,desk,
2023-07-15,06:17,10:42,L,L,OH+ED,field,
2023-07-15,14:24,18:00,L,L,PN,field,
2023-07-16,06:02,10:35,L,L,OH+ED,field,
2023-07-16,,,L,L,PN,desk,
2023-07-17,08:00,8:47,L,LodoGate,OH+ED,RimRoad,
2023-07-17,09:00,17:30,HQ,HQ,OH+ED+PN,NCAA HQ,
2023-07-17,17:40,18:29,LodoGate,L,OH+ED,RimRoad,
2023-07-18,06:14,11:47,L,L,OH+ED,field,
2023-07-18,,,,,PN,car repairs,
2023-07-19,,,,,PN,car repairs,
2023-07-20,,,,,PN,car repairs,
2023-07-20,06:13,11:46,L,L,OH+ED,field,
2023-07-21,,,,,PN,sick,
2023-07-22,06:06,11:11,L,L,OH+ED,field,
2023-07-22,06:08,12:31,L,L,PN,field,
2023-07-23,06:06,12:10,L,L,PN,field,
2023-07-23,06:10,10:40,L,L,OH,field,
2023-07-24,06:15,11:15,L,L,PN,field,
2023-07-25,06:17,10:37,L,L,OH,field,
2023-07-25,15:15,18:00,L,L,PN,field,
2023-07-26,06:13,12:53,L,L,PN,field,
2023-07-27,05:56,10:40,L,L,PN,field,
2023-07-27,05:59,11:59,L,Picnic_Seneto,OH+ED,field with CBC film team,
2023-07-27,12:50,16:04,L,L,OH+ED,field with CBC film team,
2023-07-28,06:03,15:41,L,L,PN,field,
2023-07-28,06:05,12:30,L,Picnic_Seneto,OH+ED,field with CBC film team,
2023-07-28,13:30,16:05,L,L,OH+ED,field with CBC film team,
2023-07-29,08:35,12:17,L,L,PN,field,
2023-07-30,,,L,L,PN,desk,
2023-07-31,,,L,L,PN,desk,
2023-08-01,,,,,PN,Karatu,
2023-08-02,15:22,18:00,L,L,PN,field,
2023-08-03,06:10,13:23,L,L,PN,field,
2023-08-04,06:14,15:14,L,L,PN,field,
2023-08-05,06:19,11:07,L,L,PN,field,
2023-08-07,15:17,18:00,L,L,PN,field,
2023-08-08,06:16,10:30,L,L,PN,field,
2023-08-09,15:31,18:04,L,L,PN,field,
2023-08-10,,,L,L,PN,desk,
2023-08-11,06:14,11:44,L,L,PN,field,
2023-08-12,06:19,11:58,L,L,PN,field,
2023-08-13,15:25,18:04,L,L,PN,field,
2023-08-14,,,?,?,PN,Should be a Desk day,
2023-09-13,06:09,12:52,L,L,PN,field/Transect,
2023-09-14,06:06,12:41,L,L,PN,field/Transect,
2023-09-15,,,L,L,PN,desk,
2023-09-16,06:21,11:21,L,L,PN,field,
2023-09-17,06:23,11:15,L,L,PN,field,
2023-09-18,15:00,18:01,HQ,L,PN,field,
2023-09-19,,,L,L,PN,desk,
2023-09-20,,,L,L,PN,sick,
2023-09-21,15:17,18:04,L,L,PN,field,
2023-09-22,06:25,12:34,L,L,PN,field,
2023-09-23,06:18,11:18,L,L,PN,field,
2023-09-24,,,L,L,PN,field,
2023-09-25,06:24,10:13,L,L,PN,field,
2023-09-26,06:18,09:55,L,L,PN,field,
2023-09-27,06:26,10:57,L,L,PN,field,
2023-09-28,15:10,18:03,L,L,PN,field,
2023-09-29,06:18,10:06,L,L,PN,field,
2023-09-30,,,L,L,PN,desk,
2023-10-01,,,,,PN,holiday,
2023-10-02,,,,,PN,holiday,
2023-10-03,,,,,PN,holiday,
2023-10-04,,,L,L,PN,house repair,
2023-10-05,,,L,L,PN,house repair,
2023-10-06,06:17,11:17,L,L,PN,field,
2023-10-07,,,L,L,PN,desk,
2023-10-08,06:06,11:28,L,L,PN,field,
2023-10-09,06:19,10:37,L,L,PN,field,
2023-10-10,15:35,18:07,L,L,PN,field,
2023-10-11,06:19,10:55,L,L,PN,field,
2023-10-12,06:14,10:45,L,L,PN,field,
2023-10-13,,,L,L,PN,field,
2023-10-14,06:15,10:24,L,L,PN,field,
2023-10-15,06:18,10:55,L,L,PN,field,
2023-10-16,,,L,L,PN,desk,
2023-10-17,06:18,13:24,L,L,PN,field,
2023-10-18,15:15,18:05,L,L,PN,field,
2023-10-19,06:18,14:07,L,L,PN,field/Transect,
2023-10-20,06:15,13:43,L,L,PN,field/Transect,
2023-10-21,,,,,PN,holiday,
2023-10-22,,,,,PN,holiday,
2023-10-23,,,,,PN,holiday,
2023-10-24,,,,,PN,holiday,
2023-10-25,06:16,11:46,L,L,PN,field,
2023-10-26,15:35,18:09,L,L,PN,Field,
2023-10-27,06:23,13:32,L,L,PN,field,
2023-10-28,06:15,10:43,L,L,PN,field,
2023-10-29,,,L,L,PN,desk,
2023-10-30,06:10,09:03,L,L,PN,field,
2023-10-31,,,,,PN,Karatu,
2023-11-01,,,L,L,PN,desk,
2023-11-02,06:03,12:40,L,L,ED+OH+MM,field,
2023-11-02,06:15,12:22,L,L,PN,field,
2023-11-03,06:03,11:13,L,L,ED+OH+MM,field,
2023-11-03,06:16,12:35,L,L,PN,field,
2023-11-04,06:20,10:50,L,L,ED+OH+MM,field,
2023-11-04,06:12,12:35,L,L,PN,field,
2023-11-05,,,L,L,PN,1/2 desk,
2023-11-06,06:09,11:22,L,L,OH+MM,field,
2023-11-06,06:18,11:19,L,L,PN,field,
2023-11-07,06:05,11:17,L,L,ED+OH+MM,field,
2023-11-07,06:07,12:04,L,L,PN,field,
2023-11-08,06:05,13:26,L,L,PN,field,
2023-11-08,06:11,11:11,L,L,ED+OH+MM,field,
2023-11-09,06:02,11:18,L,L,ED+OH+MM,field,
2023-11-10,06:12,12:57,L,L,PN,field,
2023-11-11,06:06,11:31,L,L,ED+OH+MM,field,
2023-11-11,06:13,15:00,L,L,PN,field,
2023-11-12,06:02,10:09,L,L,ED+OH,field,
2023-11-12,06:08,12:57,L,L,PN+MM,field,
2023-11-13,06:06,9:53,L,L,ED+OH+MM,field,
2023-11-13,,,L,L,PN,desk,
2023-11-14,06:09,12:25,L,L,ED+OH+MM,field,
2023-11-14,,,,,PN,holiday,
2023-11-15,15:27,17:59,L,L,OH+MM,field,
2023-11-15,,,,,PN,holiday,
2023-11-16,06:00,10:35,L,L,OH+MM,field,
2023-11-16,,,,,PN,holiday,
2023-11-17,06:06,10:46,L,L,ED+OH+MM,field,
2023-11-17,,,,,PN,holiday,
2023-11-18,06:03,11:41,L,L,ED+OH+MM,field,
2023-11-18,06:08,11:47,L,L,PN,field,
2023-11-19,06:10,17:54,L,L,ED+OH,field,
2023-11-19,06:12,15:18,L,L,PN,field,
2023-11-20,06:12,11:56,L,L,PN+MM,field,
2023-11-20,06:13,11:56,L,L,MM+PN,field,
2023-11-21,06:05,12:09,L,L,OH+MM,field,
2023-11-21,06:20,12:04,L,L,PN,field,
2023-11-22,06:04,11:02,L,L,ED+OH,field,
2023-11-22,,,L,L,PN,desk,
2023-11-23,,,L,L,PN,desk,
2023-11-24,06:18,12:28,L,L,PN,field,
2023-11-25,06:16,13:10,L,L,PN,field,
2023-11-26,06:06,12:15,L,NgoPicnic,ED+OH,field,
2023-11-26,06:19,12:16,L,L,PN,field,
2023-11-26,13:38,14:21,NgoPicnic,L,ED+OH,field,
2023-11-26,13:51,17:58,L,L,PN,field,
2023-11-27,06:00,10:52,L,L,ED+OH,field,
2023-11-27,,,L,L,PN,field,
2023-11-28,06:19,11:16,L,L,PN,field,
2023-11-29,06:02,11:14,L,L,PN,field,
2023-11-30,14:39,18:04,L,L,PN,field,
2023-12-01,06:04,12:08,L,L,ED+OH+MM,field,
2023-12-02,06:04,12:09,L,L,PN,field,
2023-12-02,06:06,10:50,L,L,ED+OH+MM,field,
2023-12-03,06:02,11:37,L,L,ED+OH,field,
2023-12-03,06:10,12:46,L,L,PN,field,
2023-12-03,15:50,18:08,L,L,OH,field,
2023-12-04,,,L,L,PN,desk,
2023-12-05,06:09,11:15,L,L,ED+OH,field,
2023-12-05,,,L,L,PN,desk,
2023-12-06,06:02,11:23,L,L,MM ,field,
2023-12-06,,,,,PN,conference,
2023-12-07,06:01,11:17,L,L,MM ,field,
2023-12-07,,,,,PN,conference,
2023-12-08,,,,,PN,conference,
2023-12-09,06:04,11:59,L,L,MM ,field,
2023-12-09,,,,,PN,conference,
2023-12-10,06:10,11:53,L,L,ED+OH,field,
2023-12-10,15:02,18:00,L,L,PN,field,
2023-12-11,06:03,11:12,L,L,ED+OH+MM,field,
2023-12-11,06:03,12:33,L,L,PN,field,
2023-12-11,06:04,11:15,L,L,ED+OH,field,
2023-12-12,06:08,11:06,L,L,PN,field,
2023-12-12,06:10,11:06,L,L,ED+OH,field,
2023-12-13,14:57,18:04,L,L,PN,field,
2023-12-14,06:03,11:33,L,L,MM ,field,
2023-12-14,,,,,PN,sample transport,
2023-12-15,,,,,PN,car repairs,
2023-12-15,14:16,17:53,L,L,MM ,field,
2023-12-15,06:09,12:30,L,L,OH+DM,field,
2023-12-16,06:06,13:06,L,L,PN,field,
2023-12-17,06:01,11:05,L,L,DM+ED+OH,field,
2023-12-17,06:10,11:30,L,L,PN,field,
2023-12-18,06:00,10:58,L,L,DM+ED+OH,field,
2023-12-18,06:08,12:05,L,L,PN+MM,field,
2023-12-19,06:10,10:35,L,L,ED+OH,field,
2023-12-19,,,L,L,PN,desk/Karatu,
2023-12-19,14:08,17:55,L,L,MM+DM,field,
2023-12-20,06:04,11:37,L,L,MM+DM,field,
2023-12-20,06:12,12:23,L,L,PN,field,
2023-12-21,06:00,12:07,L,L,DM+PN,field,
2023-12-21,06:06,11:07,L,L,MM ,field,
2023-12-22,06:10,13:40,L,L,DM+PN,field,
2023-12-22,15:30,18:08,NgoPicnic,L,MM,field,
2023-12-23,,,,,PN,holiday,
2023-12-24,,,,,PN,holiday,
2023-12-25,,,,,PN,holiday,
2023-12-26,,,,,PN,holiday,
2023-12-27,,,,,PN,holiday,
2023-12-28,,,,,PN,holiday,
2023-12-29,,,,,PN,holiday,
2023-12-30,,,,,PN,holiday,
2023-12-31,,,,,PN,holiday,
2024-01-01,,,,,PN,holiday,
2024-01-02,,,,,PN,holiday,
2024-01-03,,,L,L,PN,desk,
2024-01-04,13:28,18:02,L,L,MM,field,
2024-01-04,15:31,18:07,L,L,PN,field,
2023-01-05,06:14,12:39,L,L,PN,field,
2024-01-06,06:00,12:39,L,L,MM,field,
2024-01-06,06:13,13:22,L,L,PN,field,
2024-01-07,06:16,14:25,L,L,PN,field,
2024-01-08,,,,,PN,? Went to get Doreen but no field or desk work,
2024-01-08,14:24,17:56,L,L,MM,field,
2024-01-09,06:10,12:55,L,L,DM+PN,field/transect,
2024-01-09,14:21,17:59,L,L,MM,field,
2024-01-10,06:15,12:15,L,L,DM+PN,field/transect,
2024-01-10,14:19,17:59,L,L,MM,field,
2024-01-11,06:04,13:34,L,L,DM+MM,field,
2024-01-11,14:45,18:09,L,L,PN,field,
2024-01-12,06:09,10:45,L,L,MM,field,
2024-01-12,,,,,PN,car repairs,
2024-01-12,,,,,DM,desk?,
2024-01-13,15:07,18:06,L,L,DM+MM,field,
2024-01-13,,,,,PN,car repairs,
2024-01-14,14:25,18:08,L,L,DM+PN+MM,field,
2024-01-15,06:05,10:43,L,L,DM+MM,field,
2024-01-15,06:18,12:30,L,L,PN,field,
2024-01-15,14:46,18:00,L,L,MM,field,
2024-01-16,06:19,10:42,L,L,PN,field,
2024-01-16,06:05,10:43,L,L,DM+MM,field,
2024-01-16,15:45,18:05,L,L,PN+MM,field,
2024-01-17,06:07,12:00,L,L,DM+MM,field,
2024-01-18,,,,,PN,leave,
2024-01-18,,,,,DM+MM,desk?,
2024-01-19,,,,,PN,leave,
2024-01-19,06:07,11:01,L,L,DM+MM,field,
2024-01-20,,,,,PN,leave,
2024-01-20,06:08,12:24,L,L,DM+MM,field,
2024-01-21,,,,,PN,leave,
2024-01-21,,,,,DM,desk?,
2024-01-22,14:09,18:06,L,L,DM+MM,field,
2024-01-22,15:40,18:08,L,L,PN,field,
2024-01-23,06:10,12:23,L,L,DM+MM,field,
2024-01-23,06:18,11:18,L,L,PN,field,
2024-01-24,,,,,PN+DM,Karatu+MM,
2024-01-25,06:15,13:36,L,L,DM+PN,field,
2024-01-26,06:15,11:40,L,L,DM+PN,field,
2024-01-27,14:22,18:07,L,L,DM+PN,field,
2024-01-28,06:18,10:55,L,L,DM+PN,field,
2024-01-30,14:36,18:13,L,L,DM+PN,field,
2024-01-31,06:08,11:07,L,L,DM+PN,field,
2024-02-01,14:30,18:11,L,L,DM+PN,field,
2024-02-02,06:12,11:20,L,L,DM+PN,field,
2024-02-03,06:15,12:50,L,L,DM+PN,field,
2024-02-04,,,,,PN+DM,desk,
2024-02-05,,,,,PN+DM,leave,
2024-02-06,,,,,PN+DM,leave,
2024-02-07,,,,,PN+DM,leave,
2024-02-08,,,,,PN+DM,leave,
2024-02-09,,,,,PN+DM,leave,
2024-02-10,,,,,PN+DM,leave,
2024-02-11,,,,,PN+DM,leave,
2024-02-12,,,,,DM,driving/work,
2024-02-12,15:31,18:09,L,L,PN,field,
2024-02-13,06:19,13:03,L,L,PN,field,
2024-02-13,,,,,DM,driving/work,
2024-02-14,06:18,13:31,L,L,PN,field,
2024-02-14,,,,,DM,driving/work,
2024-02-15,,,,,PN,desk,
2024-02-15,,,,,DM,driving/work,
2024-02-16,06:18,12:30,L,L,PN,field,
2024-02-16,,,,,DM,driving/work,
2024-02-17,15:11,18:07,L,L,DM+PN,field,
2024-02-18,06:15,12:11,L,L,DM+PN,field,
2024-02-19,06:15,12:15,L,L,DM+PN,field,
2024-02-20,06:05,10:41,L,L,DM+PN,field,
2024-02-21,,,,,DM+PN,desk,
2024-02-22,06:00,12:19,L,L,DM+PN,field,
2024-02-23,06:05,10:37,L,L,DM+PN,field,
2024-02-24,,,,,DM+PN,desk,
2024-02-25,06:07,12:44,L,L,DM+PN,field,
2024-02-26,06:06,10:58,L,L,DM+PN,field,
2024-02-27,14:48,18:11,L,L,DM+PN,field,
2024-02-28,06:07,10:42,L,L,DM+PN,field,
2024-02-29,,,L,L,DM+PN,desk,
2024-03-01,,,L,L,DM+PN,sick,
2024-03-02,06:08,14:36,L,L,DM+PN,transect,
2024-03-03,06:10,13:20,L,L,DM+PN,transect,
2024-03-04,06:10,09:23,L,L,DM+PN,field,
2024-03-05,,,,,DM+PN,leave,
2024-03-06,,,,,DM+PN,leave,
2024-03-07,,,,,DM+PN,leave,
2024-03-08,,,,,DM+PN,leave,
2024-03-09,,,,,DM+PN,leave,
2024-03-10,,,,,DM+PN,leave,
2024-03-11,,,,,DM+PN,leave,
2024-03-12,15:37,18:10,L,L,DM+PN,field,
2024-03-13,06:06,10:23,L,L,DM+PN,field,
2024-03-14,06:15,10:47,L,L,DM+PN,field,
2024-03-15,06:02,10:20,L,L,DM+PN,field,
2024-03-16,,,L,L,DM+PN,desk,
2024-03-17,06:05,10:37,L,L,DM+PN,field,
2024-03-18,06:07,11:08,L,L,DM+PN,field,
2024-03-19,06:07,10:52,L,L,DM+PN,field,
2024-03-20,,,L,L,DM+PN,desk,
2024-03-21,,,L,L,DM+PN,desk,
2024-03-22,15:27,18:03,L,L,DM+PN,field,
2024-03-23,06:10,11:47,L,L,DM+PN,field,
2024-03-24,06:10,11:39,L,L,DM+PN,field,
2024-03-25,06:08,10:07,L,L,DM+PN,field,
2024-03-26,,,L,L,DM+PN,desk,
2024-03-27,14:50,18:09,L,L,DM+PN,field,
2024-03-28,06:05,10:18,L,L,DM+PN,field,
2024-03-29,06:04,10:56,L,L,DM+PN,field,
2024-03-30,,,,,DM+PN,desk,
2024-03-31,,,,,DM+PN,leave,
2024-04-01,,,,,DM+PN,leave,
2024-04-02,,,,,DM+PN,leave,
2024-04-03,,,,,DM+PN,leave,
2024-04-04,,,,,DM+PN,leave,
2024-04-05,,,,,DM+PN,leave,
2024-04-06,15:35,18:03,L,L,DM+PN,field,
2024-04-07,06:08,12:16,L,L,DM+PN,transect,
2024-04-08,06:02,11:50,L,L,DM+PN,transect,
2024-04-09,06:00,10:08,L,L,DM,field,
2024-04-09,,,L,L,PN,desk,
2024-04-10,06:00,11:39,L,L,DM,field,
2024-04-10,06:05,11:41,L,L,PN,field,
2024-04-11,06:00,10:45,L,L,DM,field,
2024-04-11,06:07,13:20,L,L,PN,field,
2024-04-12,06:09,13:04,L,L,PN,field,
2024-04-12,,,L,L,DM,desk,
2024-04-13,06:00,10:29,L,L,DM,field,
2024-04-13,15:02,18:09,L,L,PN,field,
2024-04-14,06:00,10:11,L,L,DM,field,
2024-04-14,,,L,L,PN,desk,
2024-04-15,06:03,11:00,L,L,PN,field,
2024-04-15,06:04,11:55,L,L,DM,field,
2024-04-16,,,L,L,PN,Weather stations visit,
2024-04-16,,,L,L,DM,emergency leave,
2024-04-17,15:08,18:11,L,L,PN,field,
2024-04-17,,,L,L,DM,emergency leave,
2024-04-18,06:07,10:17,L,L,PN,field,
2024-04-18,,,L,L,DM,emergency leave,
2024-04-19,,,L,L,PN,desk,
2024-04-19,,,L,L,DM,emergency leave,
2024-04-20,06:12,11:02,L,L,PN,field,
2024-04-20,,,L,L,DM,emergency leave,
2024-04-21,06:00,11:00,L,L,DM,field,
2024-04-21,15:32,18:10,L,L,PN,field,
2024-04-22,06:04,10:00,L,L,PN,field,
2024-04-22,06:00,10:35,L,L,DM,field,
2024-04-23,06:00,10:36,L,L,DM,field,
2024-04-23,15:00,18:04,L,L,PN,field,
2024-04-24,,,L,L,PN,desk,
2024-04-24,,,L,L,DM,desk,
2024-04-25,06:00,10:40,L,L,DM,field,
2024-04-26,06:00,11:00,L,L,DM,field,
2024-04-27,06:00,10:57,L,L,DM,field,
2024-04-28,06:00,10:47,L,L,DM,field,
2024-04-29,06:00,10:15,L,L,DM,field,
2024-04-25,,,,,PN,leave,
2024-04-26,,,,,PN,leave,
2024-04-27,,,,,PN,leave,
2024-04-28,,,,,PN,leave,
2024-04-29,,,,,PN,leave,
2024-04-30,,,,,PN,support letter follow-up,
2024-04-30,,,L,L,DM,desk,
2024-05-01,06:04,12:38,L,L,DM+PN,transect,
2024-05-02,06:09,13:40,L,L,DM+PN,transect,
2024-05-03,06:12,10:39,L,L,PN,field,
2024-05-03,,,L,L,DM,desk,
2024-05-03,15:00,18:12,Makhoromba village,L,PN,field,
2024-05-04,06:00,10:31,L,L,DM,field,
2024-05-04,15:31,18:09,L,L,PN,field,
2024-05-05,06:00,10:30,L,L,DM,field,
2024-05-05,06:10,10:08,L,L,PN,field,
2024-05-06,06:00,11:33,L,L,DM,field,
2024-05-06,06:06,11:18,L,L,PN,field,
2024-05-07,06:00,11:02,L,L,DM,field,
2024-05-07,,,L,L,PN,desk,
2024-05-08,15:18,18:10,L,L,PN,field,
2024-05-08,,,L,L,DM,desk,
2024-05-09,06:10,11:19,L,L,PN,field,
2024-05-09,06:00,10:22,L,L,DM,field,
2024-05-10,06:00,10:43,L,L,DM,field,
2024-05-10,15:35,18:12,L,L,PN,field,
2024-05-11,06:00,11:00,L,L,DM,field,
2024-05-11,06:06,09:49,L,L,PN,field,
2024-05-12,06:03,11:35,L,L,DM,field,
2024-05-12,,,L,L,PN,desk,
2024-05-13,06:07,11:19,L,L,PN,field,
2024-05-13,,,L,L,DM,desk,
2024-05-14,06:12,11:39,L,L,PN,field,
2024-05-14,,,,,DM,off,
2024-05-15,15:32,18:05,L,L,PN,field,
2024-05-15,,,,,DM,off,
2024-05-16,06:11,11:39,L,L,PN,field,
2024-05-16,,,,,DM,off,
2024-05-17,,,L,L,PN,desk,
2024-05-17,,,,,DM,off,
2024-05-18,06:12,10:44,L,L,PN,field,
2024-05-18,,,,,DM,off,
2024-05-19,06:13,11:31,L,L,PN,field,
2024-05-19,,,,,DM,off,
2024-05-20,,,L,L,PN,desk,
2024-05-20,06:00,10:56,L,L,DM,field,
2024-05-21,06:40,10:45,L,L,DM,field,
2024-05-21,15:31,18:00,L,Karatu,PN,field,
2024-05-22,06:00,11:11,L,L,DM,field,
2024-05-22,,,,,PN,car/Karatu,
2024-05-23,,,L,L,DM,desk,
2024-05-23,,,,,PN,car/Karatu,
2024-05-24,06:03,10:45,L,L,DM,field,
2024-05-24,,,,,PN,car/Karatu,
2024-05-25,06:00,11:27,L,L,DM,field,
2024-05-25,,,,,PN,off,
2024-05-26,06:00,11:25,L,L,DM,field,
2024-05-26,,,,,PN,off,
2024-05-27,06:00,11:04,L,L,DM,field,
2024-05-27,,,,,PN,off,
2024-05-28,,,,,PN,off,
2024-05-28,,,L,L,DM,desk,
2024-05-29,06:03,12:05,L,L,DM,field,
2024-05-29,15:29,18:07,L,L,PN,field,
2024-05-30,05:57,11:44,L,L,PN,field,
2024-05-30,06:00,11:25,L,L,DM,field,
2024-05-31,,,L,L,PN,desk,
2024-05-31,06:13,11:23,L,L,DM,field,
2024-06-01,06:06,12:49,L,L,DM+PN,Transect,
2024-06-02,06:08,14:04,L,L,DM+PN,Transect,
2024-06-03,06:09,11:01,L,L/Karatu,PN,field/hospital,
2024-06-03,,,L,Karatu,DM,desk/hospital,
2024-06-04,,,Karatu,Karatu,DM+PN,hospital,
2024-06-04,,,Karatu,Karatu,PN,hospital,
2024-06-05,06:02,13:04,L,L,DM,field,
2024-06-05,,,Karatu,Karatu,PN,car repair,
2024-06-06,,,L,L,DM,desk,
2024-06-06,,,Karatu,L,PN,car repair/Oliver,
2024-06-07,06:00,11:08,L,L,DM,field,
2024-06-07,,,L,L,PN,desk,
2024-06-08,06:10,10:53,L,L,OH,,
2024-06-08,,,L,L,DM,desk,
2024-06-08,,,L,L,PN,desk,
2024-06-09,06:07,11:05,L,L,OH,,
2024-06-09,06:08,11:22,L,L,PN,field,
2024-06-10,06:09,09:52,L,L,OH,,
2024-06-10,,,,,PN,desk,
2024-06-11,06:12,12:03,L,L,PN,field,
2024-06-12,06:08,10:45,L,L,OH+DM,,
2024-06-12,06:11,11:08,L,L,PN,field,
2024-06-13,06:04,11:44,L,L,OH,,
2024-06-13,06:06,12:30,L,L,PN,field,
2024-06-14,06:05,10:53,L,L,PN,field,
2024-06-14,06:11,10:15,L,L,OH,,
2024-06-15,06:04,10:12,L,L,OH,,
2024-06-15,,,L,L,PN,desk,
2024-06-16,06:03,12:30,L,L,OH,,
2024-06-16,06:05,11:32,L,L,PN,field,
2024-06-17,05:58,11:52,L,L,OH,,
2024-06-17,06:05,11:46,L,L,PN,field,
2024-06-18,06:07,12:09,L,L,PN,field,
2024-06-19,06:09,12:24,L,L,PN,field,
2024-06-20,05:57,13:55,L,L,OH,,
2024-06-20,,,L,L,PN,desk,
2024-06-21,06:05,11:22,L,L,OH,,
2024-06-21,06:10,11:36,L,L,PN,field,
2024-06-22,05:57,13:08,L,L,OH,,
2024-06-22,06:06,14:25,L,L,PN,field,
2024-06-23,06:02,14:00,L,uproad,OH,,
2024-06-23,06:06,10:30,L,L,PN,field,
2024-06-24,,,,,PN,off,
2024-06-25,06:12,10:58,L,L,OH,,
2024-06-25,,,,,PN,off,
2024-06-26,06:11,12:17,L,L,OH,,
2024-06-26,,,,,PN,Karatu+bring HM,
2024-06-27,06:05,13:40,L,L,OH+HM,,
2024-06-27,06:10,14:46,L,L,PN,field,
2024-06-28,06:06,11:50,L,L,OH+HM,,
2024-06-28,06:11,13:42,L,L,PN,field,
2024-06-29,06:06,11:14,L,L,OH+HM,,
2024-06-29,06:10,11:35,L,L,PN,field,
2024-06-30,,,L,L,PN,desk,
2024-07-01,06:06,11:14,L,L,OH,,
2024-07-01,06:09,14:13,L,L,PN+HM,transect,
2024-07-02,06:14,12:39,L,L,PN+HM,transect,
2024-07-03,06:04,12:28,L,L,OH+HM,,
2024-07-03,,,L,L,PN,desk,
2024-07-04,06:02,12:09,L,L,OH+HM,,
2024-07-04,,,,,PN,Car repair,
2024-07-05,06:17,10:57,L,L,OH,,
2024-07-05,,,,,PN,Car repair,
2024-07-06,06:07,11:13,L,L,OH,,
2024-07-06,06:11,13:28,L,L,PN,field,
2024-07-07,06:00,10:18,L,L,OH,,
2024-07-07,06:06,14:06,L,L,PN,field,
2024-07-07,15:00,18:07,L,L,OH,,
2024-07-08,06:07,11:22,L,L,OH,,
2024-07-08,,,,,PN,desk,
2024-07-09,06:02,12:13,L,L,OH,,
2024-07-09,06:10,13:31,L,L,PN,field,
2024-08-30,06:09,11:06,L,L,PN+HM,field,
2024-08-31,06:07,11:45,L,L,PN+HM,field,
2024-09-01,,,L,L,PN+HM,desk,
2024-09-02,06:10,11:07,L,L,PN+HM,field,
2024-09-03,06:05,14:32,L,L,PN+HM,transect,
2024-09-04,06:05,14:04,L,L,PN+HM,transect,
2024-09-05,06:09,11:42,L,L,PN,field,
2024-09-06,,,L,L,PN+HM,desk,
2024-09-07,06:05,10:00,L,L,PN+HM,field,
2024-09-08,06:06,11:56,L,L,PN+HM,field,
2024-09-09,14:57,18:00,L,L,PN+HM,field,
2024-09-10,06:03,10:14,L,L,PN+HM,field,
2024-09-11,,,L,L,PN+HM,desk,
2024-09-12,06:02,10:11,L,L,PN+HM,field,
2024-09-13,06:03,11:25,L,L,PN+HM,field,
2024-09-14,06:03,11:06,L,L,PN+HM,field,
2024-09-15,06:04,10:02,L,L,PN+HM,field,
2024-09-16,,,L,L,PN+HM,desk,
2024-09-17,,,L,L,PN+HM,desk,
2024-09-18,06:09,12:13,L,L,PN+HM,field,
2024-09-19,06:09,11:32,L,L,PN+HM,field,
2024-09-20,06:09,11:18,L,L,PN+HM,field,
2024-09-21,14:48,18:07,L,L,PN+HM,field,
2024-10-03,06:11,14:21,L,L,PN+HM,transect,
2024-10-04,06:09,14:35,L,L,PN+HM,transect,
2024-10-05,,,L,L,PN+HM,desk,
2024-10-06,14:59,18:10,L,L,PN+HM,field,
2024-10-07,06:09,15:55,L,L,PN+HM,field,
2024-10-08,06:09,10:31,L,L,PN+HM,field,
2024-10-09,06:10,11:05,L,Karatu,PN+HM,field,
2024-10-10,,,Karatu,Karatu,PN+HM,car repair,
2024-10-11,06:02,11:51,L,L,MM,field,
2024-10-11,15:15,17:48,L,L,PN+HM,field,
2024-10-12,,,L,L,PN+HM,desk,
2024-10-12,06:04,13:12,L,L,MM,field,
2024-10-13,06:04,10:17,L,L,PN+HM,field,
2024-10-14,,,L,L,PN,desk,
2024-10-14,06:04,11:56,L,L,MM+HM,field,
2024-10-15,06:08,11:12,L,L,PN,field,
2024-10-15,15:12,18:04,L,L,MM+HM,field,
2024-10-16,06:02,11:58,L,L,MM+HM,field,
2024-10-16,15:08,18:06,L,L,PN,field,
2024-10-17,06:03,11:10,L,L,PN,field,
2024-10-17,15:21,18:06,L,L,MM+HM,field,
2024-10-18,05:56,10:46,L,L,MM ,field,
2024-10-18,,,,,PN,desk,
2024-10-18,,,L,L,HM,desk,
2024-10-19,06:02,11:42,L,L,MM+HM,field,
2024-10-19,,,,,PN,off,
2024-10-20,,,L,L,HM,desk+driving,
2024-10-20,,,,,PN,off,
2024-10-21,06:04,13:24,L,L,MM+HM,field,
2024-10-21,,,,,PN,off,
2024-10-22,06:04,10:47,L,L,MM+HM,field,
2024-10-22,,,,,PN,off,
2024-10-23,06:04,12:04,L,L,MM+HM,field,
2024-10-23,,,,,PN,off,
2024-10-23,15:05,18:07,L,L,MM+HM,field,
2024-10-24,,,L,L,MM+HM,desk,
2024-10-24,,,L,L,PN,off,
2024-10-25,06:06,10:45,L,L,PN,field,
2024-10-26,15:05,18:02,L,L,MM+HM,field,
2024-10-26,06:08,11:46,L,L,PN,field,
2024-10-27,06:03,11:39,L,L,PN+HM,field,
2024-10-28,06:09,11:40,L,L,MM+HM,field,
2024-10-28,15:10,18:06,L,L,PN,,
2024-10-29,,,L,L,MM+HM,desk,
2024-10-29,,,L,L,PN,car/desk,
2024-10-30,06:06,11:12,L,L,MM+HM,field,
2024-10-30,15:12,18:04,L,L,PN,field,
2024-10-31,06:02,12:23,L,L,PN,field,
2024-10-31,14:50,18:10,L,L,MM+HM,field,
2024-11-01,06:03,11:15,L,L,MM,field,
2024-11-01,,,,,PN,desk,
2024-11-01,,,,,HM,off,
2024-11-02,,,,,PN,car/Karatu,
2024-11-02,,,,,HM,off,
2024-11-03,15:22,18:05,L,L,PN,field,
2024-11-03,,,,,HM,off,
2024-11-04,06:01,11:58,L,L,MM,field,
2024-11-04,06:04,10:48,L,L,PN,field,
2024-11-04,,,,,HM,off,
2024-11-05,06:10,11:48,L,L,PN+MM,transect,
2024-11-05,,,,,HM,off,
2024-11-06,06:08,12:11,L,L,PN+MM,transect,
2024-11-06,,,,,HM,off,
2024-11-07,,,L,L,PN,desk,
2024-11-07,06:06,12:01,L,L,MM,field,
2024-11-07,,,,,HM,off,
2024-11-08,06:05,11:19,L,L,PN,field,
2024-11-08,15:00,18:01,L,L,MM,field,
2024-11-08,,,,,HM,off,
2024-11-09,06:03,11:50,L,L,MM,field,
2024-11-09,06:07,10:25,L,L,PN,field,
2024-11-09,,,,,HM,off,
2024-11-10,,,L,L,PN,desk,
2024-11-11,06:08,12:17,L,L,HM+MM,field,
2024-11-10,,,,,HM,off,
2024-11-11,,,,,PN,off,
2024-11-12,06:08,12:30,L,Gate,HM+MM,field,
2024-11-12,,,,,PN,off,
2024-11-13,06:08,11:00,L,L,HM+MM,field,
2024-11-13,,,,,PN,off,
2024-11-14,15:12,18:11,L,L,HM+MM,field,
2024-11-14,,,,,PN,off,
2024-11-15,06:09,12:09,L,L,HM+MM,field,
2024-11-15,,,,,PN,off,
2024-11-16,06:09,12:18,L,L,HM+MM,field,
2024-11-16,,,,,PN,off,
2024-11-17,,,L,L,HM,desk,
2024-11-17,,,L,L,PN,desk,
2024-11-18,06:07,12:05,L,L,PN,field,
2024-11-18,14:33,18:12,L,L,HM+MM,field,
2024-11-19,06:08,10:49,L,L,PN,field,
2024-11-19,14:57,18:00,L,L,HM+MM,field,
2024-11-20,06:03,10:20,L,L,PN,field,
2024-11-20,05:59,10:54,L,L,MM+HM,field,
2024-11-21,06:09,11:19,L,L,HM+MM,field,
2024-11-21,,,L,L,PN,desk,
2024-11-22,06:05,12:44,L,L,PN,desk,
2024-11-22,06:08,12:28,L,L,MM+HM,field,
2024-11-23,06:07,10:10,L,L,PN,field,
2024-11-23,,,L,L,HM,desk,
2024-11-24,,,L,L,HM,desk,
2024-11-24,,,L,L,PN,weather station fence ,
2024-11-25,06:08,12:00,L,L,MM+HM,field,
2025-11-25,15:15,18:05,L,L,PN,field,
2024-11-26,06:10,12:02,L,L,MM+HM,field,
2024-11-26,06:10,10:20,L,L,PN,field,
2024-11-27,06:07,12:05,L,L,MM+HM,field,
2024-11-27,,,L,L,PN,desk,
2024-11-28,,,L,L,MM+HM,desk,
2024-11-28,06:11,11:30,L,Karatu,PN,field,
2024-11-29,06:12,10:50,L,L,PN,field,
2024-11-29,15:30,18:11,L,L,MM+HM,field,
2024-11-30,06:09,11:35,L,L,PN,field,
2024-11-30,06:11,12:37,L,L,MM+HM,field,
2024-12-01,,,L,L,HM,desk,
2024-12-01,,,L,Karatu,PN+MM,Car repair,
2024-12-02,15:12,18:02,L,L,MM+HM,field,
2024-12-02,15:16,18:01,L,L,PN,field,
2024-12-03,06:01,11:25,L,L,MM+HM,field,
2024-12-03,06:07,10:57,L,L,PN,field,
2024-12-04,06:07,11:31,L,L,PN,field,
2024-12-04,06:10,11:45,L,L,MM+HM,field,
2024-12-05,,,L,L,MM+HM,desk,
2024-12-05,,,L,L,PN,desk,
2024-12-06,,,L,L,PN,desk,
2024-12-06,15:03,18:11,L,L,MM+HM,field,
2024-12-07,06:01,12:08,L,L,PN+HM,transect,
2024-12-07,06:04,11:59,L,L,MM ,field,
2024-12-08,06:09,15:07,L,L,PN+HM,transect,
2024-12-09,06:07,11:20,L,Gate,PN+HM,field,
2024-12-10,14:35,17:59,L,L,MM,field,
2024-12-10,,,L,L,PN,desk,
2024-12-10,,,L,L,HM,desk,
2024-12-11,06:40,12:02,L,L,MM,field,
2024-12-11,,,L,L,PN+HM ,desk,
2024-12-12,06:02,10:15,L,L,PN+HM ,field,
2024-12-13,15:23,18:11,L,L,MM+PN+HM ,field,
