date,time,latitude,longitude,film,picture,name,side,clan
1996-03-28,7:11,,,B001,17,M-044,right,M
1996-03-28,7:20,-3.15567,35.62200,B001,16,,right,M
1996-03-28,7:20,-3.15567,35.62200,B001,15,,left,M
1996-03-28,7:20,-3.15567,35.62200,B001,14,,front,M
1996-03-28,7:20,-3.15567,35.62200,B001,13,,left,M
1996-03-28,7:30,-3.15917,35.62750,B001,12,M-017,right,M
1996-03-28,7:30,-3.15917,35.62750,B001,11,M-017,right,M
1996-03-28,7:30,-3.15917,35.62750,B001,10,M-017,left,M
1996-03-28,7:30,-3.15917,35.62750,B001,9,M-017,left,M
1996-03-28,8:41,-3.17950,35.61050,B001,8,M-015,left,M
1996-03-28,8:41,-3.17950,35.61050,B001,7,M-015,left,M
1996-03-28,8:41,-3.17950,35.61050,B001,6,M-015,right,M
1996-03-28,8:41,-3.17950,35.61050,B001,5,M-015,right,M
1996-03-28,8:46,-3.18300,35.60950,B001,4,M-044,front,M
1996-03-28,8:46,-3.18300,35.60950,B001,3,M-044,left,M
1996-03-28,8:46,-3.18300,35.60950,B001,2,M-044,right,M
1996-03-28,8:53,-3.19167,35.60183,B001,1,L-011,left,L
1996-03-28,8:53,-3.19167,35.60183,B001,0,L-011,right,L
1996-03-28,8:53,-3.19167,35.60183,A002,1,L-011,right,L
1996-03-28,9:02,-3.19567,35.59650,A002,2,L-009,left,L
1996-03-28,9:02,-3.19567,35.59650,A002,7,L-009,right,L
1996-03-28,9:10,-3.20100,35.59617,A002,3,L-002,right,L
1996-03-28,9:10,-3.20100,35.59617,A002,4,L-002,right,L
1996-03-28,9:10,-3.20100,35.59617,A002,5,L-002,left,L
1996-03-28,9:10,-3.20100,35.59617,A002,6,L-002,left,L
1996-03-28,9:56,-3.17867,35.55333,A002,8,L-043,right,L
1996-03-28,9:58,-3.17867,35.55333,A002,9,L-004,left,L
1996-03-28,10:10,-3.18033,35.54700,A002,10,L-047,left,L
1996-04-12,9:37,-3.15150,35.63517,B003,20,M-007,right,M
1996-04-12,9:37,-3.15150,35.63517,B003,14,M-007,left,M
1996-04-12,9:37,-3.15150,35.63517,B003,8,M-007,right,M
1996-04-12,9:37,-3.15150,35.63517,B003,7,M-007,left,M
1996-04-12,9:37,-3.15150,35.63517,B003,5,M-007,left,M
1996-04-12,9:37,-3.15150,35.63517,B003,23,M-010,right,M
1996-04-12,9:37,-3.15150,35.63517,B003,21,M-010,left,M
1996-04-12,9:37,-3.15150,35.63517,B003,19,M-011,right,M
1996-04-12,9:37,-3.15150,35.63517,B003,13,M-011,left,M
1996-04-12,9:37,-3.15150,35.63517,B003,18,M-040,right,M
1996-04-12,9:37,-3.15150,35.63517,B003,12,M-040,left,M
1996-04-12,9:37,-3.15150,35.63517,B003,22,M-048,left,M
1996-04-12,9:37,-3.15150,35.63517,B003,17,M-048,right,M
1996-04-12,9:37,-3.15150,35.63517,B003,16,M-048,right,M
1996-04-12,9:37,-3.15150,35.63517,B003,15,M-048,right,M
1996-04-12,10:08,-3.14650,35.64183,B003,9,M-047,right,M
1996-04-12,10:08,-3.14650,35.64183,B003,11,M-047,left,M
1996-04-12,10:08,-3.14650,35.64183,B003,4,M-047,left,M
1996-04-12,10:12,-3.14650,35.64183,B003,19,,right,M
1996-04-13,10:30,-3.19833,35.58833,A005,5,L-004,right,L
1996-04-13,10:30,-3.19833,35.58833,A005,6,L-004,right,L
1996-04-13,10:30,-3.19833,35.58833,A005,8,L-004,left,L
1996-04-13,10:30,-3.19833,35.58833,A005,9,L-004,left,L
1996-04-13,10:30,-3.19833,35.58833,A005,4,L-008,right,L
1996-04-13,10:30,-3.19833,35.58833,A005,7,L-008,left,L
1996-04-13,11:14,-3.19500,35.58900,B003,3,L-043,left,L
1996-04-13,11:14,-3.19500,35.58900,A005,10,L-043,right,L
1996-04-13,11:17,-3.19550,35.59100,B003,2,L-003,left,L
1996-04-13,11:17,-3.19550,35.59100,B003,1,L-003,front,L
1996-04-13,11:17,-3.19550,35.59100,A005,11,L-003,right,L
1996-04-13,11:17,-3.19550,35.59100,A005,12,L-003,right,L
1996-04-13,12:17,-3.19550,35.59100,B006,23,L-004,left,L
1996-04-13,12:17,-3.19550,35.59100,B006,24,L-008,left,L
1996-04-13,13:31,-3.19683,35.59917,A005,14,L-040,right,L
1996-04-13,13:31,-3.19683,35.59917,B006,22,L-040,left,L
1996-04-14,6:56,-3.19783,35.59483,B006,21,S-004,right,S
1996-04-14,6:56,-3.19783,35.59483,A005,19,S-004,left,S
1996-04-14,6:56,-3.19783,35.59483,A005,20,S-004,left,S
1996-04-14,6:56,-3.19783,35.59483,A005,21,S-004,left,S
1996-04-14,7:07,-3.20250,35.58833,A005,23,L-004,right,L
1996-04-14,7:07,-3.20250,35.58833,A005,24,L-004,left,L
1996-04-14,7:07,-3.20250,35.58833,A005,22,L-007,left,L
1996-04-14,7:20,-3.20633,35.58800,A007,1,L-002,left,L
1996-04-14,7:20,-3.20633,35.58800,A007,6,L-002,right,L
1996-04-14,7:20,-3.20633,35.58800,A007,2,L-005,right,L
1996-04-14,7:20,-3.20633,35.58800,A007,3,L-005,left,L
1996-04-14,7:20,-3.20633,35.58800,A007,4,L-005,left,L
1996-04-14,7:20,-3.20633,35.58800,A007,5,L-008,right,L
1996-04-14,7:26,-3.20650,35.58833,A007,7,L-044,right,L
1996-04-14,7:27,-3.20650,35.58833,A007,8,L-009,right,L
1996-04-14,7:27,-3.20650,35.58833,A007,10,L-009,left,L
1996-04-14,7:27,-3.20650,35.58833,A007,11,L-013,right,L
1996-04-14,7:27,-3.20650,35.58833,A007,9,L-040,left,L
1996-04-14,7:44,-3.21433,35.57117,B006,17,S-001,right,S
1996-04-14,7:44,-3.21433,35.57117,B006,18,S-001,left,S
1996-04-14,7:44,-3.21433,35.57117,B006,13,S-004,left,S
1996-04-14,7:44,-3.21433,35.57117,B006,16,S-040,left,S
1996-04-14,7:44,-3.21433,35.57117,B006,19,S-041,right,S
1996-04-14,7:44,-3.21433,35.57117,B006,14,S-041,left,S
1996-04-14,7:44,-3.21433,35.57117,B006,15,S-041,left,S
1996-04-14,7:44,-3.21433,35.57117,B006,20,S-044,left,S
1996-04-14,9:19,-3.15550,35.51800,B006,11,A-011,left,A
1996-04-14,9:19,-3.15550,35.51800,B006,12,A-011,left,A
1996-04-14,9:19,-3.15550,35.51800,A007,12,A-011,right,A
1996-04-14,11:06,-3.19650,35.59500,A007,16,L-014,right,L
1996-04-14,11:06,-3.19650,35.59500,A007,17,L-014,left,L
1996-04-14,11:06,-3.19650,35.59500,A007,18,L-014,left,L
1996-04-14,11:06,-3.19650,35.59500,A007,18,L-045,left,L
1996-04-14,11:24,-3.19100,35.60983,A007,28,M-003,right,M
1996-04-14,11:24,-3.19100,35.60983,B006,3,M-003,left,M
1996-04-14,11:24,-3.19100,35.60983,B006,8,M-006,left,M
1996-04-14,11:24,-3.19100,35.60983,A007,19,M-009,left,M
1996-04-14,11:24,-3.19100,35.60983,A007,20,M-009,right,M
1996-04-14,11:24,-3.19100,35.60983,B006,0,M-012,right,M
1996-04-14,11:24,-3.19100,35.60983,A007,25,M-047,right,M
1996-04-14,11:24,-3.19100,35.60983,A007,26,M-047,right,M
1996-04-14,11:24,-3.19100,35.60983,A007,23,M-047,left,M
1996-04-14,11:24,-3.19100,35.60983,B006,6,M-049,right,M
1996-04-14,11:24,-3.19100,35.60983,B006,10,M-054,left,M
1996-04-14,11:24,-3.19100,35.60983,B006,2,M-087,right,M
1996-04-14,11:24,-3.19100,35.60983,B006,1,M-087,left,M
1996-04-14,11:24,-3.19100,35.60983,A007,21,M-092,right,M
1996-04-14,11:24,-3.19100,35.60983,A007,22,,left,M
1996-04-14,11:24,-3.19100,35.60983,A007,24,,left,M
1996-04-14,12:03,-3.18133,35.60583,B008,23,M-001,right,M
1996-04-14,12:03,-3.18133,35.60583,B008,24,M-001,left,M
1996-04-14,12:35,-3.18050,35.59933,B008,21,M-004,right,M
1996-04-14,12:35,-3.18050,35.59933,B008,22,M-004,left,M
1996-04-14,12:35,-3.18050,35.59933,A007,29,M-004,left,M
1996-04-14,13:38,-3.19533,35.59767,A007,33,L-001,left,L
1996-04-14,13:38,-3.19533,35.59767,B008,17,L-001,front,L
1996-04-14,13:38,-3.19533,35.59767,B008,16,L-005,right,L
1996-04-14,13:38,-3.19533,35.59767,B008,14,L-005,left,L
1996-04-14,13:38,-3.19533,35.59767,B008,15,L-005,left,L
1996-04-14,13:38,-3.19533,35.59767,A007,31,L-049,right,L
1996-04-14,13:38,-3.19533,35.59767,A007,32,L-049,left,L
1996-04-14,15:54,-3.18050,35.59933,A007,34,M-005,right,M
1996-04-14,15:54,-3.18050,35.59933,A007,35,M-005,left,M
1996-04-14,15:54,-3.18050,35.59933,A007,35,M-086,right,M
1996-04-14,15:54,-3.18050,35.59933,B008,3,M-086,right,M
1996-04-14,15:54,-3.18050,35.59933,B008,4,M-086,right,M
1996-04-14,15:54,-3.18050,35.59933,A009,2,M-086,left,M
1996-04-14,15:54,-3.18050,35.59933,B008,13,M-093,left,M
1996-04-14,16:15,-3.18050,35.59933,B008,11,M-002,right,M
1996-04-14,16:15,-3.18050,35.59933,B008,9,M-002,left,M
1996-04-14,16:15,-3.18050,35.59933,B008,12,M-002,left,M
1996-04-14,16:15,-3.18050,35.59933,A009,1,M-002,right,M
1996-04-14,16:15,-3.18050,35.59933,B008,8,M-081,right,M
1996-04-14,16:15,-3.18050,35.59933,B008,7,M-081,left,M
1996-04-14,16:15,-3.18050,35.59933,B008,10,M-081,left,M
1996-04-14,16:46,-3.18050,35.59933,B008,5,M-004,front,M
1996-04-14,16:46,-3.18050,35.59933,B008,6,M-004,right,M
1996-04-14,16:59,-3.18050,35.59933,A009,3,M-001,right,M
1996-04-14,17:03,-3.18050,35.59933,A009,4,M-003,front,M
1996-04-15,6:58,-3.18050,35.59933,B008,0,M-047,right,M
1996-04-15,6:58,-3.18050,35.59933,B008,2,M-047,right,M
1996-04-15,6:58,-3.18050,35.59933,B008,1,M-047,left,M
1996-04-15,7:28,-3.18050,35.59933,B010,19,,right,M
1996-04-15,7:34,-3.17300,35.59383,A009,7,M-003,left,M
1996-04-15,7:34,-3.17300,35.59383,A009,8,M-003,left,M
1996-04-15,7:34,-3.17300,35.59383,B010,33,M-003,right,M
1996-04-15,7:34,-3.17067,35.59350,B010,35,M-042,left,M
1996-04-15,7:34,-3.17067,35.59350,B010,36,M-042,right,M
1996-04-15,7:34,-3.17067,35.59350,B010,32,M-046,right,M
1996-04-15,7:34,-3.17067,35.59350,B010,34,M-046,right,M
1996-04-15,7:34,-3.17300,35.59383,A009,6,M-046,right,M
1996-04-15,7:34,-3.17300,35.59383,A009,5,M-046,left,M
1996-04-15,7:34,-3.17300,35.59383,B010,33,M-046,right,M
1996-04-15,7:50,-3.17300,35.59383,B010,30,M-008,left,M
1996-04-15,7:50,-3.17300,35.59383,B010,31,M-008,left,M
1996-04-15,7:51,-3.17300,35.59383,B010,29,M-042,left,M
1996-04-15,7:53,-3.17900,35.59683,B010,28,M-008,right,M
1996-04-15,7:53,-3.17900,35.59683,B010,27,M-010,right,M
1996-04-15,7:53,-3.17900,35.59683,B010,26,M-010,left,M
1996-04-15,8:04,-3.18050,35.59933,B010,25,M-080,right,M
1996-04-15,8:04,-3.18050,35.59933,B010,24,M-080,left,M
1996-04-15,8:06,-3.18050,35.59933,B010,20,M-090,right,M
1996-04-15,8:06,-3.18050,35.59933,B010,21,M-090,right,M
1996-04-15,8:06,-3.18050,35.59933,B010,22,M-090,right,M
1996-04-15,8:06,-3.18050,35.59933,B010,23,M-090,left,M
1996-04-15,8:22,-3.18050,35.59933,A009,13,M-086,right,M
1996-04-15,8:22,-3.18050,35.59933,A009,10,M-086,left,M
1996-04-15,8:22,-3.18050,35.59933,A009,9,M-086,left,M
1996-04-15,8:25,-3.18050,35.59933,A009,12,M-080,right,M
1996-04-15,8:25,-3.18050,35.59933,A009,11,M-080,left,M
1996-04-15,8:31,-3.18050,35.59933,B010,17,M-093,right,M
1996-04-15,8:31,-3.18050,35.59933,B010,18,M-093,left,M
1996-04-15,9:04,-3.18050,35.59933,A009,13,M-046,right,M
1996-04-15,9:04,-3.18050,35.59933,A009,15,M-046,right,M
1996-04-15,9:04,-3.18050,35.59933,A009,17,M-046,left,M
1996-04-15,9:04,-3.18050,35.59933,A009,16,M-047,right,M
1996-04-15,9:04,-3.18050,35.59933,A009,14,M-047,left,M
1996-04-24,17:03,-3.18050,35.59933,A011,7,M-002,right,M
1996-04-24,17:03,-3.18050,35.59933,A011,6,M-014,left,M
1996-04-24,17:03,-3.18050,35.59933,A011,5,M-040,left,M
1996-04-24,17:03,-3.18050,35.59933,A011,11,M-041,right,M
1996-04-24,17:03,-3.18050,35.59933,A011,12,M-041,right,M
1996-04-24,17:03,-3.18050,35.59933,A011,13,M-041,left,M
1996-04-24,17:03,-3.18050,35.59933,A011,14,M-086,right,M
1996-04-24,17:03,-3.18050,35.59933,B010,16,M-086,left,M
1996-04-24,17:03,-3.18050,35.59933,A011,8,M-087,left,M
1996-04-24,17:03,-3.18050,35.59933,A011,10,M-087,left,M
1996-04-24,17:03,-3.18050,35.59933,A011,9,M-089,right,M
1996-04-24,17:03,-3.18050,35.59933,A011,4,M-091,right,M
1996-04-24,17:03,-3.18050,35.59933,A011,3,M-091,left,M
1996-04-25,9:13,-3.18050,35.59933,B010,11,M-080,right,M
1996-04-25,9:13,-3.18050,35.59933,B010,10,M-080,left,M
1996-04-25,9:17,-3.18050,35.59933,B010,6,M-043,right,M
1996-04-25,9:17,-3.18050,35.59933,B010,8,M-043,left,M
1996-04-25,9:17,-3.18050,35.59933,B010,7,M-093,left,M
1996-04-25,9:51,-3.18050,35.59933,A011,17,M-001,right,M
1996-04-25,9:51,-3.18050,35.59933,A011,16,M-001,left,M
1996-04-25,9:51,-3.18050,35.59933,A011,15,M-001,front,M
1996-04-25,10:16,-3.18050,35.59933,A011,18,M-004,left,M
1996-04-25,10:36,-3.18050,35.59933,A011,19,M-009,right,M
1996-04-25,10:36,-3.18050,35.59933,A011,20,M-009,left,M
1996-04-25,13:46,-3.20183,35.58650,B010,5,L-004,right,L
1996-04-25,13:46,-3.20183,35.58650,B010,4,L-004,left,L
1996-04-25,15:14,-3.18050,35.59933,A011,24,M-005,right,M
1996-04-25,15:14,-3.18050,35.59933,A011,25,M-005,left,M
1996-04-25,15:14,-3.18050,35.59933,A011,21,M-082,right,M
1996-04-25,15:14,-3.18050,35.59933,A011,22,M-083,right,M
1996-04-25,15:14,-3.18050,35.59933,A011,23,M-083,left,M
1996-04-26,8:04,-3.18050,35.59933,A011,26,M-042,left,M
1996-04-26,8:04,-3.18050,35.59933,A011,27,M-042,right,M
1996-04-26,10:33,-3.18050,35.59933,A011,28,M-040,right,M
1996-04-26,11:18,-3.18050,35.59933,A011,30,M-008,left,M
1996-04-26,13:59,-3.15900,35.50650,B010,3,A-047,right,A
1996-04-26,13:59,-3.15900,35.50650,B010,2,A-047,front,A
1996-04-26,16:49,-3.18050,35.59933,A011,32,M-086,right,M
1996-04-26,16:49,-3.18050,35.59933,A011,31,M-086,left,M
1996-04-26,16:49,-3.18050,35.59933,A011,33,M-086,front,M
1996-04-26,16:54,-3.18050,35.59933,A011,34,M-009,right,M
1996-04-26,16:54,-3.18050,35.59933,A011,35,M-009,left,M
1996-04-26,17:19,-3.18050,35.59933,A013,1,M-083,right,M
1996-04-26,17:19,-3.18050,35.59933,A013,2,M-083,left,M
1996-04-27,7:27,-3.17267,35.60667,A013,4,M-048,right,M
1996-04-27,7:27,-3.17267,35.60667,A013,3,M-048,left,M
1996-04-27,7:49,-3.18050,35.59933,A013,5,M-041,left,M
1996-04-27,7:49,-3.18050,35.59933,A013,6,M-041,left,M
1996-04-27,9:13,-3.18050,35.59933,A013,8,M-045,right,M
1996-04-27,9:13,-3.18050,35.59933,A013,7,M-045,left,M
1996-04-27,9:18,-3.18050,35.59933,A013,10,M-007,right,M
1996-04-27,9:18,-3.18050,35.59933,A013,9,M-007,left,M
1996-04-27,10:07,-3.17800,35.55450,A013,11,L-048,right,L
1996-04-27,10:07,-3.17800,35.55450,A013,12,L-048,left,L
1996-04-27,10:14,-3.17850,35.55317,A013,13,L-043,right,L
1996-04-27,10:14,-3.17850,35.55317,A013,14,L-043,left,L
1996-04-27,10:47,-3.17517,35.55467,A013,18,L-002,right,L
1996-04-27,10:47,-3.17517,35.55467,A013,16,L-002,left,L
1996-04-27,10:47,-3.17517,35.55467,A013,17,L-002,left,L
1996-04-27,17:23,-3.18050,35.59933,A013,18,M-042,right,M
1996-04-27,17:23,-3.18050,35.59933,A013,21,M-042,left,M
1996-04-27,17:26,-3.18050,35.59933,A013,22,M-003,right,M
1996-04-27,17:26,-3.18050,35.59933,A013,20,M-003,left,M
1996-04-27,17:26,-3.18050,35.59933,A013,24,M-082,right,M
1996-04-27,17:26,-3.18050,35.59933,A013,23,M-082,left,M
1996-04-27,18:04,-3.18050,35.59933,A013,25,M-084,right,M
1996-04-27,18:04,-3.18050,35.59933,A013,26,M-084,left,M
1996-04-28,6:44,-3.18050,35.59933,A013,27,M-005,right,M
1996-04-28,6:44,-3.18050,35.59933,A013,29,M-009,right,M
1996-04-28,6:44,-3.18050,35.59933,A013,28,M-009,left,M
1996-04-28,6:54,-3.18050,35.59933,A013,30,M-007,right,M
1996-04-28,6:54,-3.18050,35.59933,A013,31,M-007,left,M
1996-04-28,7:07,-3.18050,35.59933,A013,33,M-006,right,M
1996-04-28,7:07,-3.18050,35.59933,A013,34,M-006,right,M
1996-04-28,7:07,-3.18050,35.59933,A013,32,M-006,left,M
1996-04-28,7:19,-3.18067,35.61100,A013,36,M-009,right,M
1996-04-28,7:19,-3.18067,35.61100,A013,35,M-009,left,M
1996-04-28,8:18,-3.18050,35.59933,A014,0,M-015,right,M
1996-04-28,9:28,-3.17450,35.59533,A014,3,M-086,right,M
1996-04-28,9:28,-3.17450,35.59533,A014,1,M-086,left,M
1996-04-28,10:05,-3.17450,35.59533,A014,5,M-003,left,M
1996-04-28,10:05,-3.17450,35.59533,A014,6,M-082,right,M
1996-04-28,10:05,-3.17450,35.59533,A014,7,M-082,left,M
1996-04-28,10:52,-3.18267,35.59767,A014,11,M-044,right,M
1996-04-28,10:52,-3.18267,35.59767,A014,8,M-044,left,M
1996-04-28,10:52,-3.18267,35.59767,A014,10,M-044,left,M
1996-04-28,10:52,-3.18267,35.59767,A014,9,M-044,front,M
1996-04-28,16:05,-3.17450,35.59533,A014,14,M-006,right,M
1996-04-28,16:05,-3.17450,35.59533,A014,17,M-006,right,M
1996-04-28,16:05,-3.17450,35.59533,A014,15,M-006,left,M
1996-04-28,16:05,-3.17450,35.59533,A014,18,M-006,left,M
1996-04-28,16:05,-3.17450,35.59533,A014,16,M-006,front,M
1996-04-28,16:12,-3.17450,35.59533,A014,20,M-087,right,M
1996-04-28,16:12,-3.17450,35.59533,A014,19,M-087,left,M
1996-04-28,16:30,-3.17450,35.59533,A014,21,M-088,right,M
1996-04-28,16:30,-3.17450,35.59533,A014,22,M-088,left,M
1996-04-28,16:40,-3.17450,35.59533,A014,23,M-003,right,M
1996-04-28,16:40,-3.17450,35.59533,A014,25,M-003,left,M
1996-04-28,16:44,-3.17450,35.59533,A014,26,M-082,right,M
1996-04-28,16:44,-3.17450,35.59533,A014,24,M-082,left,M
1996-04-28,17:25,-3.18050,35.59933,A014,28,M-085,right,M
1996-04-28,17:25,-3.18050,35.59933,A014,27,M-085,left,M
1996-05-17,16:59,-3.17633,35.59217,B012,25,M-080,right,M
1996-05-17,16:59,-3.17633,35.59217,A015,12,M-080,right,M
1996-05-17,16:59,-3.17633,35.59217,B012,27,M-080,left,M
1996-05-17,16:59,-3.17633,35.59217,B012,24,M-081,right,M
1996-05-17,16:59,-3.17633,35.59217,B012,23,M-081,left,M
1996-05-17,16:59,-3.17633,35.59217,B012,26,M-090,right,M
1996-05-17,16:59,-3.17633,35.59217,B012,21,M-093,right,M
1996-05-17,16:59,-3.17633,35.59217,A015,13,M-093,right,M
1996-05-17,16:59,-3.17633,35.59217,B012,22,M-093,left,M
1996-05-18,7:17,-3.17833,35.60050,B012,20,M-013,right,M
1996-05-18,7:17,-3.17833,35.60050,B012,19,M-013,left,M
1996-05-18,8:35,-3.17833,35.60050,A015,14,M-008,right,M
1996-05-18,8:35,-3.17833,35.60050,B012,17,M-008,left,M
1996-05-18,8:35,-3.17833,35.60050,B012,18,M-008,left,M
1996-05-18,10:00,-3.17633,35.59217,A015,16,L-042,right,L
1996-05-18,10:00,-3.17633,35.59217,A015,15,L-042,left,L
1996-05-18,13:03,-3.20167,35.61000,A015,18,N-041,right,N
1996-05-18,13:03,-3.20167,35.61000,A015,19,N-041,left,N
1996-05-18,13:15,-3.19833,35.60667,A015,21,L-002,right,L
1996-05-18,13:15,-3.19833,35.60667,A015,20,L-002,left,L
1996-05-18,13:40,-3.20167,35.60800,A015,22,N-040,right,N
1996-05-18,13:40,-3.20167,35.60800,A015,23,N-040,left,N
1996-05-18,13:40,-3.20250,35.60700,A015,24,N-041,right,N
1996-05-18,13:40,-3.20250,35.60700,A015,25,N-041,left,N
1996-05-18,16:48,-3.17833,35.60050,A015,27,M-043,right,M
1996-05-18,17:28,-3.17833,35.60050,B012,16,M-092,right,M
1996-05-18,17:28,-3.17833,35.60050,B012,15,M-092,left,M
1996-05-18,17:30,-3.17833,35.60050,B012,14,M-012,right,M
1996-05-18,17:30,-3.17833,35.60050,B012,13,M-012,left,M
1996-05-18,18:37,-3.17467,35.60633,B012,11,A-046,right,A
1996-05-18,18:37,-3.17467,35.60633,B012,12,A-046,left,A
1996-05-19,7:19,-3.17317,35.60933,A015,28,M-014,right,M
1996-05-19,7:19,-3.17317,35.60933,A015,29,M-014,left,M
1996-05-19,7:19,-3.17317,35.60933,A015,30,M-048,left,M
1996-05-19,7:19,-3.17317,35.60933,A015,32,M-053,right,M
1996-05-19,7:19,-3.17317,35.60933,A015,31,M-053,left,M
1996-05-19,8:15,-3.17317,35.60933,B012,8,M-045,right,M
1996-05-19,8:15,-3.17317,35.60933,B012,9,M-045,right,M
1996-05-19,8:15,-3.17317,35.60933,B012,10,M-045,left,M
1996-05-19,8:24,-3.17400,35.60317,A015,34,M-050,right,M
1996-05-19,8:24,-3.17400,35.60317,A015,33,M-050,left,M
1996-05-19,9:13,-3.17533,35.59767,A015,35,M-080,right,M
1996-05-19,9:23,-3.17533,35.59767,A015,26,M-089,right,M
1996-05-19,9:23,-3.17533,35.59767,A016,4,M-089,left,M
1996-05-19,9:28,-3.17533,35.59767,A016,3,M-085,right,M
1996-05-19,9:28,-3.17533,35.59767,A016,1,M-085,left,M
1996-05-19,9:28,-3.17533,35.59767,A016,2,M-085,left,M
1996-05-19,9:33,-3.17533,35.59767,B012,7,M-009,left,M
1996-05-19,10:05,-3.17533,35.59767,A016,5,M-051,right,M
1996-05-19,10:05,-3.17533,35.59767,A016,6,M-051,left,M
1996-05-19,10:10,-3.17517,35.59867,B012,6,M-009,right,M
1996-05-19,10:10,-3.17517,35.59867,B012,5,M-009,left,M
1996-05-19,16:41,-3.17550,35.54900,A016,10,L-013,right,L
1996-05-19,16:41,-3.17550,35.54900,A016,11,L-013,left,L
1996-05-19,16:41,-3.17550,35.54900,A016,9,L-015,right,L
1996-05-19,16:41,-3.17550,35.54900,B012,4,L-015,left,L
1996-05-19,16:41,-3.17550,35.54900,A016,12,L-015,left,L
1996-05-19,16:41,-3.17550,35.54900,A016,8,L-047,right,L
1996-05-19,16:41,-3.17550,35.54900,A016,7,L-047,left,L
1996-05-19,18:01,-3.17533,35.59767,A016,14,M-081,right,M
1996-05-20,7:34,-3.17533,35.59767,B012,1,M-081,right,M
1996-05-20,7:34,-3.17533,35.59767,A016,28,M-081,left,M
1996-05-20,7:55,-3.17533,35.59767,B012,2,M-088,right,M
1996-05-20,7:55,-3.17533,35.59767,B012,3,M-088,left,M
1996-05-20,8:25,-3.17533,35.59767,B012,0,M-040,left,M
1996-05-20,8:56,-3.17600,35.59917,A016,29,M-010,right,M
1996-05-20,9:10,-3.18033,35.60200,A016,30,M-049,right,M
1996-05-20,9:10,-3.18033,35.60200,A016,31,M-049,left,M
1996-05-20,9:20,-3.17833,35.60050,A016,33,M-052,right,M
1996-05-20,9:20,-3.17833,35.60050,B017,36,M-052,left,M
1996-05-20,9:20,-3.17833,35.60050,A016,32,M-087,right,M
1996-05-20,9:20,-3.17833,35.60050,B017,35,M-087,left,M
1996-05-20,9:20,-3.17833,35.60050,A016,34,M-092,right,M
1996-05-20,9:20,-3.17833,35.60050,A016,35,M-092,left,M
1996-05-20,10:38,-3.17550,35.59883,A016,36,M-008,right,M
1996-05-20,10:38,-3.17550,35.59883,A018,1,M-008,left,M
1996-05-20,11:47,-3.17550,35.59883,B017,32,M-087,right,M
1996-05-20,11:47,-3.17550,35.59883,B017,42,M-087,left,M
1996-05-20,11:47,-3.17550,35.59883,B017,33,M-088,right,M
1996-05-20,15:46,-3.17550,35.59883,B017,31,M-008,right,M
1996-05-21,11:54,-3.14717,35.63850,A018,2,L-005,right,L
1996-05-21,11:54,-3.14717,35.63850,A018,3,L-005,right,L
1996-05-21,11:54,-3.14717,35.63850,B017,27,L-005,left,L
1996-05-21,11:54,-3.14717,35.63850,B017,28,L-005,left,L
1996-05-21,14:13,-3.17233,35.53867,A018,9,A-003,right,A
1996-05-21,14:29,-3.16533,35.53633,A018,20,A-001,right,A
1996-05-21,14:29,-3.16533,35.53633,A018,19,A-001,left,A
1996-05-21,14:29,-3.16533,35.53633,A018,14,A-008,right,A
1996-05-21,14:29,-3.16533,35.53633,A018,13,A-008,left,A
1996-05-21,14:29,-3.16533,35.53633,A018,15,A-043,right,A
1996-05-21,14:29,-3.16533,35.53633,A018,11,A-043,left,A
1996-05-21,14:39,-3.16400,35.53817,A018,18,A-044,right,A
1996-05-21,14:39,-3.16400,35.53817,A018,17,A-044,left,A
1996-05-21,15:50,-3.17117,35.54050,B017,25,A-002,left,A
1996-05-21,15:50,-3.17117,35.54050,B017,26,A-003,right,A
1996-05-21,15:50,-3.17117,35.54050,A018,23,A-003,left,A
1996-05-21,15:50,-3.17117,35.54050,A018,22,A-010,right,A
1996-05-21,15:50,-3.17117,35.54050,A018,21,A-010,left,A
1996-05-21,16:06,-3.17900,35.55467,B017,21,L-004,right,L
1996-05-21,16:06,-3.17900,35.55467,B017,23,L-004,right,L
1996-05-21,16:06,-3.17900,35.55467,B017,24,L-004,left,L
1996-05-21,16:06,-3.17900,35.55467,B017,18,L-006,right,L
1996-05-21,16:06,-3.17900,35.55467,B017,19,L-006,left,L
1996-05-21,16:06,-3.17900,35.55467,A018,25,L-015,right,L
1996-05-21,16:06,-3.17900,35.55467,A018,24,L-015,left,L
1996-05-21,16:06,-3.17900,35.55467,B017,16,L-041,right,L
1996-05-21,16:06,-3.17900,35.55467,B017,17,L-041,left,L
1996-05-21,16:06,-3.17900,35.55467,B017,22,L-044,right,L
1996-05-21,16:06,-3.17900,35.55467,B017,20,L-044,left,L
1996-05-21,16:31,-3.18417,35.56117,B017,14,L-001,right,L
1996-05-21,16:31,-3.18417,35.56117,B017,15,L-001,left,L
1996-05-21,16:31,-3.18417,35.56117,A018,26,L-001,front,L
1996-05-22,7:29,-3.17533,35.59767,A018,27,M-089,right,M
1996-05-22,7:29,-3.17533,35.59767,A018,30,M-089,right,M
1996-05-22,7:29,-3.17533,35.59767,A018,28,M-089,left,M
1996-05-22,7:29,-3.17533,35.59767,A018,29,M-089,left,M
1996-05-22,9:36,-3.17733,35.60050,A018,33,M-008,right,M
1996-05-22,9:36,-3.17733,35.60050,A018,31,M-008,left,M
1996-05-22,9:36,-3.17733,35.60050,A018,32,M-008,left,M
1996-05-22,10:00,-3.18017,35.60200,B017,5,M-087,right,M
1996-05-22,10:00,-3.18017,35.60200,B017,9,M-087,left,M
1996-05-22,10:00,-3.18017,35.60200,B017,7,M-088,right,M
1996-05-22,10:00,-3.18017,35.60200,B017,8,M-088,left,M
1996-05-22,10:00,-3.18017,35.60200,B017,6,M-092,right,M
1996-05-22,10:00,-3.18017,35.60200,B017,10,M-092,left,M
1996-06-05,17:10,-3.18067,35.59683,B020,24,,right,M
1996-06-05,17:10,-3.18067,35.59683,B020,23,,left,M
1996-06-06,7:11,-3.17533,35.59767,B020,22,M-088,right,M
1996-06-06,7:11,-3.17533,35.59767,B020,21,M-088,left,M
1996-06-06,7:23,-3.17617,35.59950,B020,20,M-041,front,M
1996-06-06,8:05,-3.19717,35.59300,B020,18,L-040,right,L
1996-06-06,8:05,-3.19717,35.59300,B020,19,L-040,left,L
1996-06-06,9:20,-3.21433,35.62100,B020,17,S-003,front,S
1996-06-06,11:20,-3.19467,35.59800,B020,8,L-001,right,L
1996-06-06,11:20,-3.19467,35.59800,B020,6,L-001,left,L
1996-06-06,11:20,-3.19433,35.59717,B020,3,L-004,right,L
1996-06-06,11:20,-3.19433,35.59717,B020,4,L-004,left,L
1996-06-06,11:20,-3.19467,35.59800,B020,9,L-011,right,L
1996-06-06,11:20,-3.19467,35.59800,B020,10,L-011,right,L
1996-06-06,11:20,-3.19467,35.59800,B020,12,L-011,left,L
1996-06-06,11:20,-3.19467,35.59800,B020,11,L-013,right,L
1996-06-06,11:20,-3.19467,35.59800,B020,13,L-013,left,L
1996-06-06,11:20,-3.19467,35.59800,B020,7,L-040,right,L
1996-06-06,11:20,-3.19467,35.59800,B020,5,L-040,left,L
1996-06-07,11:05,-3.20200,35.58600,B021,14,L-002,right,L
1996-06-07,11:05,-3.20200,35.58600,B021,15,L-002,left,L
1996-06-07,11:56,-3.19550,35.59733,B021,13,L-012,right,L
1996-06-07,11:56,-3.19550,35.59733,B021,12,L-012,left,L
1996-06-14,9:25,-3.20133,35.59150,B021,11,L-010,right,L
1996-06-14,9:25,-3.20133,35.59150,B021,10,L-010,left,L
1996-06-14,9:45,-3.20183,35.58583,A022,1,L-047,right,L
1996-06-14,9:45,-3.20183,35.58583,A022,2,L-047,right,L
1996-06-14,10:09,-3.19750,35.58767,B021,9,L-089,right,L
1996-06-14,10:20,-3.19783,35.58883,A022,3,L-002,right,L
1996-06-14,10:20,-3.19783,35.58883,A022,4,L-002,right,L
1996-06-14,10:20,-3.19783,35.58883,A022,6,L-002,front,L
1996-06-14,10:20,-3.19783,35.58883,B021,7,L-040,right,L
1996-06-14,10:20,-3.19783,35.58883,A022,5,L-040,right,L
1996-06-14,10:20,-3.19783,35.58883,B021,8,L-040,left,L
1996-06-14,10:20,-3.19783,35.58883,A022,7,L-040,left,L
1996-06-14,12:25,-3.20000,35.60133,B021,1,L-003,left,L
1996-06-14,12:25,-3.20000,35.60133,B021,5,L-005,right,L
1996-06-14,12:25,-3.20000,35.60133,B021,6,L-005,left,L
1996-06-14,12:25,-3.20000,35.60133,B021,4,L-007,right,L
1996-06-14,12:25,-3.20000,35.60133,B021,3,L-042,right,L
1996-06-14,12:25,-3.20000,35.60133,B021,2,L-042,left,L
1996-06-15,7:02,-3.19783,35.58883,A022,8,L-081,left,L
1996-06-15,18:05,-3.20083,35.59317,A022,10,L-047,right,L
1996-06-15,18:05,-3.20083,35.59317,A022,11,L-047,right,L
1996-06-15,18:05,-3.20083,35.59317,A022,9,L-047,left,L
1996-06-15,18:32,-3.19117,35.60167,B023,35,L-014,right,L
1996-06-15,18:32,-3.19117,35.60167,B023,36,L-014,right,L
1996-06-15,18:32,-3.19117,35.60167,B021,0,L-014,left,L
1996-06-16,7:10,-3.19783,35.58883,A022,14,L-046,left,L
1996-06-16,7:10,-3.19783,35.58883,A022,20,L-082,right,L
1996-06-16,7:10,-3.19783,35.58883,B023,8,L-082,right,L
1996-06-16,7:10,-3.19783,35.58883,A022,12,L-082,left,L
1996-06-16,7:10,-3.19783,35.58883,A022,13,L-088,left,L
1996-06-16,8:46,-3.20183,35.58567,B023,33,L-046,right,L
1996-06-16,8:46,-3.20183,35.58567,B023,34,L-046,left,L
1996-06-16,9:11,-3.19750,35.59533,B023,29,L-005,right,L
1996-06-16,9:11,-3.19750,35.59533,B023,30,L-005,left,L
1996-06-16,9:11,-3.19750,35.59533,B023,31,L-013,right,L
1996-06-16,9:11,-3.19750,35.59533,B023,32,L-013,left,L
1996-06-16,9:36,-3.18050,35.59933,B023,28,M-015,right,M
1996-06-16,9:36,-3.18050,35.59933,B023,27,M-015,left,M
1996-06-16,10:21,-3.17450,35.59467,A022,16,M-050,right,M
1996-06-16,10:21,-3.17450,35.59467,A022,15,M-050,left,M
1996-06-16,18:03,-3.19200,35.58667,A022,21,L-083,right,L
1996-06-16,18:03,-3.19200,35.58667,A022,22,L-083,left,L
1996-06-16,18:23,-3.19283,35.60067,B023,17,L-007,left,L
1996-06-16,18:23,-3.19283,35.60067,B023,23,L-013,right,L
1996-06-16,18:23,-3.19283,35.60067,B023,22,L-013,left,L
1996-06-16,18:23,-3.19283,35.60067,B023,19,L-040,right,L
1996-06-16,18:23,-3.19283,35.60067,B023,13,L-040,left,L
1996-06-16,18:23,-3.19283,35.60067,B023,12,L-041,right,L
1996-06-16,18:23,-3.19283,35.60067,B023,15,L-041,left,L
1996-06-16,18:23,-3.19283,35.60067,B023,11,M-051,right,M
1996-06-17,17:59,-3.19200,35.58667,B023,6,L-083,right,L
1996-06-17,17:59,-3.19200,35.58667,B023,10,L-083,left,L
1996-06-17,18:03,-3.19200,35.58667,B023,9,L-002,right,L
1996-06-17,18:03,-3.19200,35.58667,B023,7,L-005,left,L
1996-06-18,7:51,-3.19200,35.58667,A022,23,L-011,right,L
1996-06-18,7:51,-3.19200,35.58667,A022,24,L-011,left,L
1996-06-18,8:42,-3.17933,35.59933,A022,25,M-050,right,M
1996-06-18,10:19,-3.17400,35.61017,A022,27,A-016,right,A
1996-06-18,10:19,-3.17400,35.61017,A022,26,A-016,left,A
1996-06-18,10:19,-3.17400,35.61017,A022,29,A-049,right,A
1996-06-18,10:19,-3.17400,35.61017,A022,28,A-049,left,A
1996-06-18,17:17,-3.19783,35.58883,B023,5,L-089,right,L
1996-06-18,17:42,-3.19200,35.58667,A022,32,L-008,left,L
1996-06-18,17:42,-3.19200,35.58667,A022,31,L-083,left,L
1996-06-18,17:42,-3.19200,35.58667,A022,30,L-088,right,L
1996-06-18,17:42,-3.19200,35.58667,A022,33,L-088,left,L
1996-06-18,18:38,-3.19783,35.58883,B023,3,L-089,right,L
1996-06-18,18:38,-3.19783,35.58883,B023,4,L-089,left,L
1996-06-19,7:00,-3.17683,35.60850,B023,2,F-042,right,F
1996-06-19,7:00,-3.17683,35.60850,B023,1,F-042,left,F
1996-06-19,9:00,-3.19417,35.58883,B024,35,L-007,right,L
1996-06-19,9:00,-3.19417,35.58883,B024,36,L-007,left,L
1996-06-19,9:00,-3.19417,35.58883,B024,30,L-008,right,L
1996-06-19,9:00,-3.19417,35.58883,B024,29,L-008,left,L
1996-06-19,9:00,-3.19417,35.58883,B024,26,L-009,right,L
1996-06-19,9:00,-3.19417,35.58883,B024,27,L-009,right,L
1996-06-19,9:00,-3.19417,35.58883,B024,28,L-009,left,L
1996-06-19,9:00,-3.19417,35.58883,B024,34,L-010,right,L
1996-06-19,9:00,-3.19417,35.58883,B024,31,L-010,left,L
1996-06-19,9:00,-3.19417,35.58883,B024,32,L-010,left,L
1996-06-19,9:00,-3.19417,35.58883,B024,33,L-010,front,L
1996-06-19,9:00,-3.19417,35.58883,B024,24,L-089,right,L
1996-06-19,9:00,-3.19417,35.58883,B024,25,L-089,left,L
1996-06-19,10:07,-3.19433,35.59200,B024,22,L-012,right,L
1996-06-19,10:07,-3.19433,35.59200,B024,23,L-012,left,L
1996-06-20,7:11,-3.20217,35.58417,B024,21,L-046,right,L
1996-06-20,7:11,-3.20217,35.58417,B024,20,L-046,left,L
1996-06-20,7:30,-3.19200,35.58667,A022,34,L-009,left,L
1996-06-20,8:00,-3.19200,35.58667,B024,19,L-089,right,L
1996-06-20,8:46,-3.19100,35.59267,B024,17,L-042,right,L
1996-06-20,8:46,-3.19100,35.59267,B024,18,L-042,left,L
1996-06-21,9:49,-3.14083,35.62250,A022,36,,right,M
1996-06-21,9:49,-3.14083,35.62250,A025,1,,right,M
1996-06-21,9:49,-3.14083,35.62250,A022,35,,left,M
1996-06-21,18:20,-3.17617,35.59900,B024,14,M-005,left,M
1996-06-23,8:48,-3.17500,35.54933,A025,12,L-043,right,L
1996-06-23,8:48,-3.17500,35.54933,A025,13,L-043,left,L
1996-06-23,8:51,-3.17383,35.55017,A025,11,L-041,right,L
1996-06-23,8:51,-3.17383,35.55017,A025,10,L-041,left,L
1996-06-23,10:04,-3.15250,35.52633,B024,9,A-001,right,A
1996-06-23,10:04,-3.15250,35.52633,A025,20,A-001,left,A
1996-06-23,10:04,-3.15250,35.52633,B024,11,A-002,right,A
1996-06-23,10:04,-3.15250,35.52633,A025,16,A-002,left,A
1996-06-23,10:04,-3.15250,35.52633,A025,15,A-010,right,A
1996-06-23,10:04,-3.15250,35.52633,A025,17,A-010,left,A
1996-06-23,10:04,-3.15250,35.52633,B024,12,A-010,right,A
1996-06-23,10:04,-3.15250,35.52633,B024,10,A-010,left,A
1996-06-23,10:04,-3.15250,35.52633,A025,19,A-041,right,A
1996-06-23,10:04,-3.15250,35.52633,A025,14,A-041,left,A
1996-06-23,10:04,-3.15250,35.52633,B024,7,A-046,right,A
1996-06-23,10:04,-3.15250,35.52633,B024,13,A-046,left,A
1996-06-23,10:04,-3.15250,35.52633,A025,22,A-049,right,A
1996-06-23,10:04,-3.15250,35.52633,A025,23,A-049,left,A
1996-06-23,10:04,-3.15250,35.52633,A025,21,A-054,right,A
1996-06-23,10:04,-3.15250,35.52633,B024,8,A-054,left,A
1996-06-23,10:04,-3.15250,35.52633,B024,6,A-057,right,A
1996-06-23,10:04,-3.15250,35.52633,B024,5,A-057,left,A
1996-06-23,11:29,-3.15317,35.53650,A025,24,A-041,left,A
1996-06-24,7:55,-3.19200,35.58667,A025,27,L-080,left,L
1996-06-24,8:07,-3.19200,35.58667,A025,28,,right,L
1996-06-24,8:16,-3.19217,35.58900,B024,1,L-088,right,L
1996-06-24,8:16,-3.19217,35.58900,B024,2,L-088,left,L
1996-06-24,8:25,-3.19217,35.58900,B026,36,L-089,right,L
1996-06-24,8:25,-3.19217,35.58900,B026,35,L-089,left,L
1996-06-24,9:38,-3.21100,35.61233,A025,34,N-001,right,N
1996-06-24,9:38,-3.21100,35.61233,A025,29,N-001,left,N
1996-06-24,9:38,-3.21100,35.61233,A025,36,N-002,right,N
1996-06-24,9:38,-3.21100,35.61233,A025,35,N-002,left,N
1996-06-24,9:38,-3.21100,35.61233,A025,33,N-008,right,N
1996-06-24,9:38,-3.21100,35.61233,A025,32,N-008,left,N
1996-06-24,9:38,-3.21100,35.61233,A025,31,N-040,right,N
1996-06-24,9:38,-3.21100,35.61233,A025,30,N-040,left,N
1996-06-25,7:52,-3.18717,35.59483,A027,3,L-043,right,L
1996-06-25,8:42,-3.19150,35.59167,B026,31,L-012,right,L
1996-06-25,8:42,-3.19150,35.59167,B026,33,L-012,right,L
1996-06-25,8:42,-3.19150,35.59167,B026,32,L-012,left,L
1996-06-25,10:07,-3.20200,35.59067,A027,7,L-041,right,L
1996-06-25,10:07,-3.20200,35.59067,A027,8,L-041,left,L
1996-06-25,10:07,-3.20200,35.59067,B026,30,L-042,left,L
1996-06-25,11:34,-3.20833,35.61417,A027,9,N-045,right,N
1996-06-25,11:34,-3.20833,35.61417,A027,10,N-045,left,N
1996-06-25,11:35,-3.20833,35.61417,A027,13,N-001,right,N
1996-06-25,11:35,-3.20833,35.61417,A027,11,N-001,left,N
1996-06-25,11:36,-3.20833,35.61417,A027,14,F-042,right,F
1996-06-25,11:36,-3.20833,35.61417,A027,12,F-042,left,F
1996-06-25,12:07,-3.20417,35.60583,A027,16,L-042,right,L
1996-06-25,12:07,-3.20417,35.60583,A027,15,L-042,left,L
1996-06-26,17:17,-3.19500,35.59283,B026,29,L-010,right,L
1996-06-26,17:17,-3.19500,35.59283,B026,28,L-010,left,L
1996-06-26,17:34,-3.17733,35.59983,B026,26,M-015,right,M
1996-06-26,17:34,-3.17733,35.59983,B026,27,M-015,left,M
1996-06-26,18:28,-3.17750,35.60333,B026,22,M-043,right,M
1996-06-26,18:28,-3.17750,35.60333,B026,23,M-043,left,M
1996-06-27,9:01,-3.19200,35.58667,A027,21,L-090,right,L
1996-06-27,9:01,-3.19200,35.58667,A027,22,L-090,left,L
1996-06-27,9:01,-3.19200,35.58667,A027,23,L-090,left,L
1996-06-27,9:52,-3.19200,35.58667,A027,24,L-081,left,L
1996-06-27,9:54,-3.19200,35.58667,A027,25,L-080,left,L
1996-06-27,10:46,-3.19450,35.59267,B026,20,L-040,right,L
1996-06-27,10:46,-3.19450,35.59267,B026,21,L-040,left,L
1996-06-28,7:31,-3.17100,35.54400,B026,13,L-013,right,L
1996-06-28,7:31,-3.17100,35.54400,B026,17,L-013,left,L
1996-06-28,7:31,-3.17100,35.54400,B026,19,L-045,right,L
1996-06-28,7:31,-3.17100,35.54400,B026,15,L-045,left,L
1996-06-28,7:31,-3.17100,35.54400,B026,18,L-045,left,L
1996-06-28,7:40,-3.17217,35.54067,B026,16,L-014,right,L
1996-06-28,7:40,-3.17217,35.54067,B026,14,L-014,left,L
1996-06-28,8:02,-3.16767,35.53467,B026,12,L-010,right,L
1996-06-28,8:20,-3.17367,35.54483,A027,27,L-043,right,L
1996-06-28,8:20,-3.17367,35.54483,A027,26,L-043,left,L
1996-06-28,9:06,-3.17100,35.54350,A027,28,L-011,right,L
1996-06-28,9:06,-3.17100,35.54350,B026,11,L-011,left,L
1996-06-28,9:56,-3.17733,35.55300,B026,10,L-044,left,L
1996-06-29,7:54,-3.17617,35.59900,B026,9,M-015,left,M
1996-07-07,7:52,-3.18517,35.56317,B026,7,L-013,right,L
1996-07-07,7:52,-3.18517,35.56317,B026,8,L-089,right,L
1996-07-07,18:20,-3.19400,35.58783,A027,33,,right,L
1996-07-10,7:19,-3.19400,35.58783,A027,34,L-090,right,L
1996-07-10,7:19,-3.19400,35.58783,A028,4,L-090,front,L
1996-07-10,7:22,-3.19400,35.58783,A027,35,L-086,right,L
1996-07-10,7:29,-3.19400,35.58783,A027,36,,right,L
1996-07-10,8:01,-3.19400,35.58783,A028,1,L-092,front,L
1996-07-10,8:01,-3.19400,35.58783,A028,2,L-092,front,L
1996-07-10,8:01,-3.19400,35.58783,A028,3,L-092,front,L
1996-07-10,12:06,-3.14333,35.50967,A028,5,A-011,right,A
1996-07-10,12:06,-3.14333,35.50967,B026,6,A-011,left,A
1996-07-12,8:34,-3.18217,35.50400,A028,15,F-003,right,F
1996-07-12,8:34,-3.18217,35.50400,A028,16,F-003,left,F
1996-07-12,8:34,-3.18150,35.50417,A028,14,F-047,right,F
1996-07-12,8:34,-3.18150,35.50417,A028,13,F-047,left,F
1996-07-12,8:38,-3.18217,35.50400,A028,18,F-045,right,F
1996-07-12,8:38,-3.18217,35.50400,A028,17,F-045,left,F
1996-07-12,8:40,-3.18217,35.50400,A028,21,F-041,right,F
1996-07-12,8:40,-3.18217,35.50400,A028,19,F-041,left,F
1996-07-12,8:40,-3.18217,35.50400,A028,29,F-041,left,F
1996-07-12,8:44,-3.18217,35.50400,A028,26,F-040,right,F
1996-07-12,8:44,-3.18217,35.50400,A028,22,F-040,left,F
1996-07-12,8:56,-3.18617,35.50267,B029,31,F-005,right,F
1996-07-12,8:56,-3.18617,35.50267,B029,32,F-005,right,F
1996-07-12,8:56,-3.18617,35.50267,A028,23,F-005,left,F
1996-07-12,8:56,-3.18617,35.50267,A028,25,F-042,right,F
1996-07-12,8:56,-3.18617,35.50267,A028,24,F-042,left,F
1996-07-12,8:59,-3.18667,35.50350,B029,28,F-001,right,F
1996-07-12,8:59,-3.18667,35.50350,B029,30,F-001,right,F
1996-07-12,8:59,-3.18667,35.50350,B029,29,F-001,left,F
1996-07-12,9:03,-3.18600,35.50300,B029,27,F-004,right,F
1996-07-12,9:03,-3.18600,35.50300,B029,26,F-004,left,F
1996-07-12,9:23,-3.18667,35.50400,A028,27,F-003,right,F
1996-07-12,9:23,-3.18667,35.50400,A028,28,F-003,left,F
1996-07-12,10:02,-3.18333,35.50183,B029,24,S-044,right,S
1996-07-12,10:02,-3.18333,35.50183,B029,25,S-044,left,S
1996-07-12,10:57,-3.18667,35.50367,A028,29,F-002,right,F
1996-07-12,10:57,-3.18667,35.50367,A028,30,F-002,left,F
1996-07-13,7:19,-3.17433,35.54783,B029,23,L-011,right,L
1996-07-13,7:19,-3.17433,35.54783,B029,22,L-011,left,L
1996-07-13,8:01,-3.18133,35.54467,A028,35,L-047,right,L
1996-07-13,8:01,-3.18133,35.54467,A028,34,L-047,left,L
1996-07-13,8:21,-3.17583,35.51650,B029,20,S-044,right,S
1996-07-13,8:21,-3.17583,35.51650,B029,21,S-044,left,S
1996-07-13,9:12,-3.15417,35.53033,A030,2,A-011,right,A
1996-07-13,9:12,-3.15417,35.53033,A030,3,A-011,left,A
1996-07-13,9:12,-3.15050,35.52683,A030,6,A-042,right,A
1996-07-13,9:12,-3.15050,35.52683,B029,18,A-042,left,A
1996-07-13,9:12,-3.15050,35.52683,B029,19,A-042,left,A
1996-07-13,9:12,-3.15117,35.52850,A030,4,A-047,right,A
1996-07-13,9:12,-3.15117,35.52850,A030,5,A-047,left,A
1996-07-13,9:12,-3.15117,35.52850,A028,36,A-049,right,A
1996-07-13,9:12,-3.15117,35.52850,A030,1,A-049,left,A
1996-07-13,9:28,-3.14833,35.52450,A030,7,A-007,right,A
1996-07-13,9:28,-3.14833,35.52450,A030,8,A-007,left,A
1996-07-13,9:28,-3.14617,35.52383,B029,13,A-008,right,A
1996-07-13,9:28,-3.14617,35.52383,A030,9,A-008,left,A
1996-07-13,9:28,-3.14833,35.52450,B029,15,A-044,left,A
1996-07-13,9:28,-3.14833,35.52450,B029,17,A-048,right,A
1996-07-13,9:28,-3.14833,35.52450,B029,16,A-048,left,A
1996-07-13,9:28,-3.14833,35.52450,B029,14,A-082,right,A
1996-07-13,9:28,-3.14833,35.52450,A030,15,A-082,left,A
1996-07-13,9:45,-3.14617,35.52450,B029,12,A-002,right,A
1996-07-13,9:45,-3.14617,35.52450,B029,9,A-002,left,A
1996-07-13,9:45,-3.14617,35.52450,B029,8,A-004,right,A
1996-07-13,9:45,-3.14617,35.52450,B029,11,A-004,left,A
1996-07-13,9:45,-3.14617,35.52450,B029,10,A-010,right,A
1996-07-13,9:45,-3.14617,35.52450,B029,6,A-010,left,A
1996-07-13,9:45,-3.14617,35.52450,B029,7,A-040,right,A
1996-07-13,9:45,-3.14617,35.52450,B029,5,A-040,left,A
1996-07-13,9:45,-3.14617,35.52450,B029,3,A-043,right,A
1996-07-13,9:45,-3.14617,35.52450,B029,4,A-043,left,A
1996-07-13,9:45,-3.14617,35.52450,A030,11,A-045,right,A
1996-07-13,9:45,-3.14617,35.52450,A030,10,A-045,left,A
1996-07-13,9:54,-3.14617,35.52517,A030,12,A-057,right,A
1996-07-13,9:54,-3.14617,35.52517,B029,2,A-057,left,A
1996-07-13,10:42,-3.14617,35.52383,A030,14,A-004,right,A
1996-07-13,10:42,-3.14617,35.52383,A030,13,A-004,left,A
1996-07-13,12:44,-3.14617,35.52383,B029,1,L-041,right,L
1996-07-13,12:44,-3.14617,35.52383,B029,0,L-041,left,L
1996-07-14,8:02,-3.18033,35.59867,A030,18,M-014,left,M
1996-07-14,8:44,-3.20467,35.63783,A030,19,N-003,right,N
1996-07-14,8:44,-3.20467,35.63783,A030,20,N-003,right,N
1996-07-14,8:44,-3.20467,35.63783,A030,23,N-003,right,N
1996-07-14,8:44,-3.20467,35.63783,A030,21,N-080,right,N
1996-07-14,8:44,-3.20467,35.63783,A030,22,N-080,right,N
1996-07-16,8:55,-3.21833,35.56783,A030,26,S-004,front,S
1996-07-16,8:55,-3.21833,35.56783,A030,27,S-004,front,S
1996-07-16,8:55,-3.21833,35.56783,A030,28,S-004,front,S
1996-07-16,8:55,-3.21833,35.56783,A030,25,S-043,right,S
1996-07-16,8:55,-3.21833,35.56783,A030,24,S-043,left,S
1996-07-16,17:50,-3.14267,35.50350,A030,31,A-057,right,A
1996-07-16,17:50,-3.14267,35.50350,A030,30,A-057,left,A
1996-07-16,17:57,-3.14017,35.50417,A030,33,A-008,right,A
1996-07-16,17:57,-3.14017,35.50417,A030,32,A-008,left,A
1996-07-16,17:57,-3.14017,35.50417,A030,34,A-081,front,A
1996-07-16,18:03,-3.14017,35.50417,A030,36,A-009,right,A
1996-07-16,18:03,-3.14017,35.50417,A030,35,A-009,left,A
1996-07-16,18:08,-3.14017,35.50417,A031,1,A-080,front,A
1996-07-16,18:08,-3.14017,35.50417,A031,2,M-053,right,A
1996-07-16,18:14,-3.14017,35.50417,A031,4,A-040,right,A
1996-07-16,18:14,-3.14017,35.50417,A031,3,A-040,left,A
1996-07-17,7:27,-3.14967,35.50833,A031,5,A-015,right,A
1996-07-17,7:38,-3.15733,35.51117,A031,6,A-007,right,A
1996-07-17,7:38,-3.15733,35.51117,A031,7,A-007,left,A
1996-07-17,7:47,-3.15567,35.51400,B032,35,A-045,right,A
1996-07-17,7:47,-3.15567,35.51400,B032,36,A-045,left,A
1996-07-17,7:55,-3.15183,35.51550,B032,33,A-040,right,A
1996-07-17,7:55,-3.15183,35.51550,B032,34,A-040,left,A
1996-07-17,7:58,-3.15183,35.51550,A031,8,A-056,right,A
1996-07-17,7:58,-3.15183,35.51550,B032,32,A-056,left,A
1996-07-17,8:22,-3.15717,35.51450,A031,9,A-006,right,A
1996-07-17,8:22,-3.15717,35.51450,A031,10,A-006,left,A
1996-07-17,8:48,-3.14017,35.50417,A031,11,A-004,front,A
1996-07-18,7:05,-3.17167,35.54683,B032,31,L-044,right,L
1996-07-18,7:30,-3.17267,35.54233,B032,28,L-011,right,L
1996-07-18,7:30,-3.17267,35.54233,B032,29,L-011,left,L
1996-07-18,7:30,-3.17267,35.53083,B032,27,L-014,right,L
1996-07-18,7:30,-3.17267,35.53083,A031,13,L-014,left,L
1996-07-18,7:30,-3.17267,35.53083,B032,30,L-014,left,L
1996-07-18,7:30,-3.17267,35.53083,A031,12,L-042,right,L
1996-07-18,7:30,-3.17267,35.53083,A031,14,L-042,left,L
1996-07-18,7:30,-3.17267,35.53083,A031,15,L-042,left,L
1996-07-18,7:55,-3.17217,35.53533,B032,26,L-046,left,L
1996-07-19,17:30,-3.14017,35.50417,A031,18,A-043,right,A
1996-07-19,17:30,-3.14017,35.50417,A031,19,A-043,left,A
1996-07-19,17:30,-3.14017,35.50417,B032,24,A-043,left,A
1996-07-19,18:14,-3.14017,35.50417,B032,23,A-045,right,A
1996-07-19,18:14,-3.14017,35.50417,B032,22,A-045,left,A
1996-07-19,18:30,-3.15950,35.50817,A031,21,A-052,right,A
1996-07-19,18:30,-3.15950,35.50817,A031,20,A-052,left,A
1996-07-19,18:30,-3.15950,35.50817,B032,21,M-012,right,M
1996-07-19,18:38,-3.16233,35.51750,B032,19,S-042,right,S
1996-07-19,18:38,-3.16233,35.51750,B032,20,S-042,left,S
1996-07-20,6:37,-3.20167,35.57567,A031,22,L-011,right,L
1996-07-20,6:37,-3.20167,35.57567,A031,23,L-011,left,L
1996-07-20,8:08,-3.17533,35.50167,A031,25,A-010,right,A
1996-07-20,8:08,-3.17533,35.50167,A031,26,A-010,left,A
1996-07-20,8:08,-3.17533,35.50167,A031,24,A-042,right,A
1996-07-20,8:08,-3.17533,35.50167,A031,27,A-042,left,A
1996-07-20,8:15,-3.16833,35.49900,A031,29,A-001,right,A
1996-07-20,8:15,-3.16833,35.49900,A031,28,A-001,left,A
1996-07-20,8:26,-3.16433,35.50117,B032,17,A-048,right,A
1996-07-20,8:26,-3.16433,35.50117,B032,18,A-048,left,A
1996-07-20,9:11,-3.14017,35.50417,A031,30,A-008,right,A
1996-07-20,9:13,-3.14017,35.50417,A031,31,A-083,right,A
1996-07-20,9:16,-3.14017,35.50417,A031,32,A-010,right,A
1996-07-20,9:18,-3.14017,35.50417,A031,33,A-041,right,A
1996-07-20,9:38,-3.14017,35.50417,A031,34,A-084,right,A
1996-07-20,9:38,-3.14017,35.50417,A031,35,A-084,left,A
1996-07-20,9:50,-3.14017,35.50417,A031,36,,left,A
1996-07-21,17:29,-3.21150,35.61100,A033,3,N-002,right,N
1996-07-21,17:29,-3.21150,35.61100,A033,2,N-002,left,N
1996-07-21,17:29,-3.21150,35.61100,A033,1,N-081,right,N
1996-07-21,17:29,-3.21150,35.61100,A033,4,N-081,left,N
1996-07-21,17:29,-3.21150,35.61100,A033,5,N-081,left,N
1996-07-21,18:18,-3.19250,35.61833,A033,6,N-046,right,N
1996-07-21,18:18,-3.19250,35.61833,A033,7,N-046,left,N
1996-07-21,18:18,-3.19250,35.61833,A033,8,N-046,left,N
1996-07-21,18:18,-3.19250,35.61833,A033,9,N-046,left,N
1996-07-23,9:13,-3.17533,35.51733,A033,10,L-047,left,L
1996-07-23,9:13,-3.17533,35.51733,A033,11,L-047,left,L
1996-07-23,9:30,-3.17767,35.51467,B032,16,E-042,right,E
1996-07-23,9:30,-3.17767,35.51467,A033,12,E-042,left,E
1996-07-23,9:30,-3.17767,35.51467,A033,13,E-042,left,E
1996-07-23,10:04,-3.20267,35.49800,A033,15,F-046,right,F
1996-07-23,10:04,-3.20267,35.49800,A033,14,F-046,left,F
1996-07-23,10:58,-3.19850,35.52133,B032,15,L-001,right,L
1996-07-23,10:58,-3.19850,35.52133,B032,14,L-001,left,L
1996-07-26,9:47,-3.20550,35.60717,A033,16,N-041,right,N
1996-07-26,9:47,-3.20550,35.60717,A033,17,N-041,left,N
1996-07-26,11:54,-3.17633,35.51583,B032,12,S-004,right,S
1996-07-26,11:54,-3.17633,35.51583,B032,13,S-004,front,S
1996-07-26,18:18,-3.18967,35.60683,B032,10,M-008,right,M
1996-07-26,18:18,-3.18967,35.60683,B032,11,M-008,left,M
1996-07-27,7:15,-3.17467,35.55083,A033,20,L-086,right,L
1996-07-27,8:43,-3.14017,35.50417,A033,22,A-040,right,A
1996-07-27,8:43,-3.14017,35.50417,A033,21,A-040,left,A
1996-07-27,17:57,-3.19400,35.58783,B032,9,L-085,right,L
1996-07-27,17:57,-3.19400,35.58783,B032,6,L-085,left,L
1996-07-27,18:00,-3.19400,35.58783,B032,8,L-080,right,L
1996-07-27,18:00,-3.19400,35.58783,B032,7,L-080,left,L
1996-07-27,18:06,-3.19400,35.58783,B032,4,L-084,right,L
1996-07-27,18:06,-3.19400,35.58783,B032,5,L-084,left,L
1996-07-28,15:35,-3.20533,35.54700,B032,1,S-001,right,S
1996-07-28,15:35,-3.20533,35.54700,A033,24,S-001,right,S
1996-07-28,15:35,-3.20533,35.54700,A033,25,S-001,left,S
1996-07-28,15:35,-3.20533,35.54700,A033,26,S-001,left,S
1996-07-28,15:35,-3.20533,35.54700,A033,23,S-003,right,S
1996-07-28,15:35,-3.20533,35.54700,B034,36,S-044,right,S
1996-07-28,15:35,-3.20533,35.54700,B034,35,S-044,left,S
1996-07-28,15:54,-3.19700,35.55950,A033,27,L-005,right,L
1996-07-28,16:08,-3.20583,35.56267,A033,29,L-010,right,L
1996-07-28,16:08,-3.20583,35.56267,A033,28,L-010,left,L
1996-07-28,16:08,-3.20583,35.56267,A033,30,L-010,left,L
1996-07-28,16:16,-3.20900,35.55867,B034,34,L-011,right,L
1996-07-28,16:16,-3.20900,35.55867,A033,31,L-011,left,L
1996-07-29,7:25,-3.19100,35.58133,A033,32,L-009,right,L
1996-07-29,7:25,-3.19100,35.58133,A033,33,L-009,right,L
1996-07-29,7:25,-3.19100,35.58133,A033,34,L-009,left,L
1996-07-29,7:25,-3.19100,35.58133,A033,35,L-009,left,L
1996-07-29,9:20,-3.20883,35.54600,B034,24,S-002,right,S
1996-07-29,9:20,-3.20883,35.54600,B034,25,S-002,right,S
1996-07-29,9:20,-3.20883,35.54600,B034,23,S-002,left,S
1996-07-29,9:23,-3.20617,35.54267,A035,2,S-044,right,S
1996-07-29,9:23,-3.20617,35.54267,A035,1,S-044,left,S
1996-07-29,9:25,-3.20617,35.54267,B034,31,S-001,right,S
1996-07-29,9:25,-3.20617,35.54267,B034,32,S-001,right,S
1996-07-29,9:25,-3.20617,35.54267,B034,30,S-001,left,S
1996-07-29,9:25,-3.20617,35.54267,B034,25,S-040,right,S
1996-07-29,9:25,-3.20617,35.54267,B034,27,S-040,right,S
1996-07-29,9:25,-3.20617,35.54267,B034,26,S-040,left,S
1996-07-29,9:25,-3.20617,35.54267,A035,3,S-043,right,S
1996-07-29,9:25,-3.20617,35.54267,B034,29,S-043,left,S
1996-07-29,17:54,-3.17383,35.54500,A035,7,L-047,left,L
1996-07-29,17:54,-3.17383,35.54500,A035,8,L-047,left,L
1996-07-30,7:23,-3.19400,35.58783,A035,11,L-092,right,L
1996-07-30,7:23,-3.19400,35.58783,A035,10,L-092,left,L
1996-07-30,8:42,-3.15333,35.53550,A035,12,A-048,right,A
1996-07-30,8:42,-3.15333,35.53550,A035,13,A-048,right,A
1996-07-30,8:42,-3.15333,35.53550,A035,14,A-048,left,A
1996-07-30,8:47,-3.15267,35.53733,B034,22,L-040,right,L
1996-07-30,8:49,-3.15317,35.53683,B034,21,A-052,right,A
1996-07-30,8:49,-3.15317,35.53683,A035,15,A-052,left,A
1996-07-30,8:49,-3.15317,35.53683,B034,20,,right,X
1996-07-30,8:49,-3.15317,35.53683,B034,19,,left,X
1996-07-30,12:34,-3.16717,35.53783,B034,3,L-046,right,L
1996-07-30,12:34,-3.16717,35.53783,A035,17,L-046,right,L
1996-07-30,12:34,-3.16717,35.53783,B034,4,L-046,left,L
1996-07-30,12:34,-3.16717,35.53783,A035,16,L-046,left,L
1996-07-31,8:29,-3.20683,35.54367,B034,1,S-001,right,S
1996-07-31,8:29,-3.20683,35.54367,A035,20,S-040,right,S
1996-07-31,8:29,-3.20683,35.54367,A035,18,S-040,left,S
1996-07-31,8:29,-3.20683,35.54367,B036,34,S-040,left,S
1996-07-31,8:29,-3.20683,35.54367,A035,19,S-041,left,S
1996-07-31,8:29,-3.20683,35.54367,A035,33,S-041,left,S
1996-07-31,8:29,-3.20683,35.54367,B036,35,S-043,right,S
1996-07-31,8:29,-3.20683,35.54367,B036,36,S-043,left,S
1996-07-31,9:51,-3.20983,35.55567,B036,32,M-045,right,M
1996-08-01,12:16,-3.13900,35.50767,B036,28,A-053,right,A
1996-08-01,12:16,-3.13900,35.50767,B036,29,A-053,right,A
1996-08-01,12:16,-3.13900,35.50767,B036,30,A-053,left,A
1996-08-02,11:33,-3.23083,35.54050,B036,27,S-002,right,S
1996-08-04,9:11,-3.20133,35.51000,A035,21,F-003,right,F
1996-08-04,9:11,-3.20133,35.51000,A035,22,F-003,left,F
1996-08-04,9:21,-3.19883,35.50783,A035,24,A-048,right,A
1996-08-04,9:21,-3.19883,35.50783,A035,23,A-048,left,A
1996-08-04,9:24,-3.19817,35.50683,A035,26,F-005,right,F
1996-08-04,9:24,-3.19817,35.50683,A035,27,F-005,right,F
1996-08-04,9:24,-3.19817,35.50683,A035,25,F-005,left,F
1996-08-04,9:24,-3.19817,35.50683,A035,28,F-046,right,F
1996-08-04,9:24,-3.19817,35.50683,B036,27,F-046,left,F
1996-08-04,10:15,-3.17967,35.51567,A035,29,S-004,right,S
1996-08-04,10:15,-3.17967,35.51567,B036,25,S-004,left,S
1996-08-05,9:14,-3.19550,35.51000,A035,32,F-005,right,F
1996-08-05,9:14,-3.19550,35.51000,A035,31,F-005,left,F
1996-08-05,9:14,-3.19550,35.51000,A035,33,F-005,left,F
1996-08-05,9:33,-3.17600,35.51233,A035,35,M-050,right,M
1996-08-05,9:33,-3.17600,35.51233,A035,34,M-050,left,M
1996-08-05,9:33,-3.17600,35.51233,A035,36,M-050,left,M
1996-08-05,10:35,,,A037,1,M-015,right,M
1996-08-05,10:38,,,A037,2,M-046,right,M
1996-08-05,16:33,-3.19183,35.61250,A037,3,M-010,right,M
1996-08-06,8:15,-3.19150,35.55683,A037,8,L-045,right,L
1996-08-06,8:15,-3.19150,35.55683,A037,9,L-045,left,L
1996-08-06,8:15,-3.19150,35.55683,A037,7,,right,L
1996-08-06,8:23,-3.20083,35.55667,A037,11,M-047,right,L
1996-08-06,8:23,-3.20083,35.55667,A037,10,M-047,left,L
1996-08-06,8:26,-3.20000,35.55817,A037,12,L-047,right,L
1996-08-06,8:26,-3.20000,35.55817,A037,13,L-047,left,L
1996-08-06,8:41,-3.18183,35.55717,A037,14,L-048,right,L
1996-08-06,8:41,-3.18183,35.55717,A037,15,L-048,left,L
1996-08-06,10:30,-3.17850,35.51067,A037,17,A-011,right,A
1996-08-06,10:30,-3.17850,35.51067,A037,16,A-011,left,A
1996-08-07,8:41,-3.19400,35.58783,A037,18,L-080,right,L
1996-08-07,10:46,-3.17750,35.50750,A037,19,A-053,right,A
1996-08-08,7:13,-3.17000,35.54517,A037,20,N-041,right,N
1996-08-08,7:13,-3.17000,35.54517,A037,21,N-041,left,N
1996-08-08,8:02,-3.14017,35.50417,A037,22,A-085,right,A
1996-08-08,8:06,-3.14017,35.50417,A037,23,A-002,left,A
1996-08-08,8:06,-3.14017,35.50417,A037,25,A-003,right,A
1996-08-08,8:06,-3.14017,35.50417,A037,24,A-003,left,A
1996-08-08,8:21,-3.14017,35.50417,A037,26,A-083,left,A
1996-08-08,8:31,-3.14017,35.50417,A037,27,A-080,front,A
1996-08-08,8:31,-3.14017,35.50417,A037,27,A-081,front,A
1996-08-08,8:31,-3.14017,35.50417,A037,27,A-084,front,A
1996-08-08,12:07,-3.22267,35.57200,A037,28,S-043,left,S
1996-08-08,12:24,-3.22300,35.57200,A037,29,S-040,right,S
1996-08-08,12:24,-3.22300,35.57200,A037,30,S-040,left,S
1996-08-08,12:27,-3.22333,35.57633,A037,31,S-001,right,S
1996-08-10,8:12,-3.19917,35.56033,A037,32,L-048,right,L
1996-08-10,8:12,-3.19917,35.56033,A037,33,L-048,right,L
1996-08-10,8:12,-3.19917,35.56033,A037,34,L-048,left,L
1996-08-15,7:45,-3.17900,35.55000,A038,22,L-048,right,L
1996-08-15,8:27,-3.19083,35.50183,A038,24,A-049,right,A
1996-08-15,8:27,-3.19083,35.50183,B036,5,A-049,left,A
1996-08-15,8:27,-3.19083,35.50183,A038,26,A-049,left,A
1996-08-15,8:27,-3.19083,35.50183,A038,23,F-040,right,F
1996-08-15,9:13,-3.19083,35.50183,B036,3,F-042,right,F
1996-08-15,9:13,-3.19083,35.50183,B036,4,F-042,left,F
1996-08-15,9:27,-3.19083,35.50183,A038,25,F-041,right,F
1996-08-15,9:27,-3.19083,35.50183,B036,2,F-041,left,F
1996-08-15,10:58,-3.17950,35.55950,B036,1,L-013,left,L
1996-08-16,9:22,-3.21100,35.55350,A038,29,S-040,right,S
1996-08-16,9:22,-3.21100,35.55350,A038,28,S-040,left,S
1996-08-16,9:22,-3.21100,35.55350,A038,27,S-041,right,S
1996-08-16,9:40,-3.21100,35.55350,B039,35,S-001,right,S
1996-08-16,9:40,-3.21100,35.55350,B039,37,S-001,left,S
1996-08-16,9:40,-3.21100,35.55350,B039,36,S-043,right,S
1996-08-16,9:40,-3.21100,35.55350,A038,30,S-043,left,S
1996-08-17,8:10,-3.20050,35.58900,A038,31,M-012,right,M
1996-08-17,8:10,-3.20050,35.58900,B039,32,M-012,right,M
1996-08-17,8:10,-3.20050,35.58900,B039,33,M-012,left,M
1996-08-17,8:10,-3.20050,35.58900,B039,34,M-012,left,M
1996-08-17,11:14,-3.17906,35.50900,A038,33,A-054,right,A
1996-08-17,11:14,-3.17906,35.50900,A038,32,A-054,left,A
1996-08-18,8:31,-3.18033,35.50917,B039,28,A-001,right,A
1996-08-18,8:31,-3.18033,35.50917,B039,31,A-010,left,A
1996-08-18,8:31,-3.18033,35.50917,B039,29,A-043,right,A
1996-08-18,8:31,-3.18033,35.50917,B039,30,A-043,left,A
1996-08-18,8:46,-3.17250,35.51017,B039,27,A-008,right,A
1996-08-18,8:46,-3.17250,35.51017,B039,26,A-008,left,A
1996-08-18,8:46,-3.17250,35.51017,B039,19,A-011,right,A
1996-08-18,8:46,-3.17250,35.51017,B039,20,A-011,left,A
1996-08-18,8:46,-3.17250,35.51017,B039,18,A-058,right,A
1996-08-18,8:46,-3.17250,35.51017,B039,21,A-058,left,A
1996-08-18,8:56,-3.16933,35.51033,B039,23,A-045,right,A
1996-08-18,8:56,-3.16933,35.51033,B039,22,A-045,left,A
1996-08-18,8:56,-3.16933,35.51033,B039,24,A-046,right,A
1996-08-18,8:56,-3.16933,35.51033,B039,25,A-046,left,A
1996-08-18,9:29,-3.18067,35.51083,B039,17,A-055,right,A
1996-08-18,9:29,-3.18067,35.51083,B039,16,A-055,left,A
1996-08-18,10:44,-3.19700,35.55850,B039,15,L-045,left,L
1996-08-18,16:52,-3.19800,35.55867,A038,35,L-048,right,L
1996-08-18,16:52,-3.19800,35.55867,A038,34,L-048,left,L
1996-08-20,10:01,-3.13817,35.49817,B039,13,A-008,right,A
1996-08-20,10:01,-3.13817,35.49817,B039,14,A-008,left,A
1996-08-20,10:06,-3.13867,35.49950,B039,12,A-041,right,A
1996-08-20,11:02,-3.19800,35.51983,B039,11,F-001,right,F
1996-08-20,11:02,-3.19800,35.51983,B039,10,F-001,left,F
1996-08-20,11:06,-3.19983,35.52017,B039,8,F-046,right,F
1996-08-20,11:06,-3.19983,35.52017,B039,9,F-046,left,F
1996-08-20,11:28,-3.21683,35.50033,A040,1,F-003,right,F
1996-08-20,11:28,-3.21683,35.50033,A040,2,F-003,left,F
1996-08-29,13:12,-3.19467,35.55917,A040,3,L-082,right,L
1996-08-29,13:12,-3.19467,35.55917,A040,4,L-082,left,L
1996-08-29,15:05,-3.17317,35.52333,B041,17,S-003,right,S
1996-08-29,15:05,-3.17317,35.52333,B041,15,S-003,left,S
1996-08-29,15:05,-3.17317,35.52333,B041,16,S-043,right,S
1996-08-29,15:05,-3.17317,35.52333,B041,14,S-043,left,S
1996-08-30,17:48,-3.16933,35.54033,A040,5,L-014,left,L
1996-08-31,7:05,-3.16650,35.63133,A040,6,M-088,left,M
1996-08-31,7:41,-3.16650,35.63183,B041,12,M-041,right,M
1996-08-31,7:53,-3.17650,35.63483,A040,7,M-088,right,M
1996-09-01,8:54,-3.16733,35.62700,B041,11,M-042,left,M
1996-09-01,9:09,-3.16733,35.62717,B041,10,M-017,right,M
1996-09-01,18:22,-3.17000,35.54700,A040,8,L-044,right,L
1996-09-03,8:27,-3.17433,35.54567,A040,9,L-047,left,L
1996-09-03,9:29,-3.17150,35.52317,A040,10,L-011,left,L
1996-09-06,20:30,-3.13117,35.65867,A040,15,C-040,right,C
1996-09-06,20:30,-3.13117,35.65867,A040,16,C-040,right,C
1996-09-06,20:30,-3.13117,35.65867,A040,13,C-083,left,C
1996-09-06,20:30,-3.13117,35.65867,A040,14,C-083,left,C
1996-09-07,7:55,-3.17167,35.52700,B042,21,A-004,left,A
1996-09-07,7:55,-3.17167,35.52700,B042,22,A-046,right,A
1996-09-07,7:55,-3.17167,35.52700,B042,23,A-046,left,A
1996-09-07,7:55,-3.17167,35.52700,B042,24,A-046,left,A
1996-09-07,8:42,-3.15950,35.51833,A040,17,A-013,left,A
1996-09-07,8:53,-3.15817,35.51350,A040,18,A-009,right,A
1996-09-07,8:53,-3.15817,35.51350,B042,18,M-053,right,A
1996-09-07,8:53,-3.15817,35.51350,B042,16,M-053,left,A
1996-09-07,8:53,-3.15817,35.51350,B042,17,M-053,left,A
1996-09-07,9:40,-3.14367,35.50700,A040,21,A-019,right,A
1996-09-07,9:40,-3.14367,35.50700,A040,20,A-050,right,A
1996-09-07,9:40,-3.14367,35.50700,A040,19,A-050,left,A
1996-09-08,8:21,-3.16733,35.52483,A040,23,E-041,right,E
1996-09-08,8:21,-3.16733,35.52483,B042,14,E-041,right,E
1996-09-08,8:21,-3.16733,35.52483,B042,15,E-041,left,E
1996-09-08,8:35,-3.17100,35.51967,B042,13,S-043,right,S
1996-09-08,8:35,-3.17100,35.51967,A040,24,S-043,left,S
1996-09-08,17:31,-3.17450,35.52250,B042,11,,left,S
1996-09-10,8:10,-3.17233,35.52133,A040,26,A-004,right,A
1996-09-10,8:10,-3.17233,35.52133,B042,10,A-009,right,A
1996-09-10,8:10,-3.17233,35.52133,B042,9,A-042,right,A
1996-09-10,8:10,-3.17233,35.52133,A040,27,A-042,left,A
1996-09-10,8:10,-3.17233,35.52133,A040,28,A-042,left,A
1996-09-10,8:10,-3.17233,35.52133,B042,5,A-048,left,A
1996-09-10,8:10,-3.17233,35.52133,B042,7,A-051,right,A
1996-09-10,8:10,-3.17233,35.52133,B042,8,A-051,right,A
1996-09-10,8:10,-3.17233,35.52133,B042,6,A-051,left,A
1996-09-10,9:32,-3.18983,35.51467,B042,3,F-043,right,F
1996-09-10,9:32,-3.18983,35.51467,B042,4,F-043,left,F
1996-09-10,9:45,-3.18983,35.51467,A040,31,F-005,right,F
1996-09-10,9:45,-3.18983,35.51467,A040,29,F-005,left,F
1996-09-10,9:46,-3.18983,35.51467,A040,32,F-040,right,F
1996-09-10,9:46,-3.18983,35.51467,A040,30,F-040,left,F
1996-09-10,9:56,-3.18883,35.51500,A040,34,A-049,right,A
1996-09-10,9:56,-3.18883,35.51500,A040,36,A-049,left,A
1996-09-10,9:56,-3.18883,35.51500,A040,35,F-046,right,F
1996-09-10,9:56,-3.18883,35.51500,B042,2,F-046,left,F
1996-09-10,10:08,-3.18967,35.51500,A043,2,F-041,right,F
1996-09-10,10:08,-3.18967,35.51500,A043,1,F-041,left,F
1996-09-10,10:13,-3.18967,35.51500,A043,4,F-047,right,F
1996-09-10,10:13,-3.18967,35.51500,A043,3,F-047,left,F
1996-09-12,8:04,-3.21367,35.61717,A043,6,N-041,right,N
1996-09-12,8:04,-3.21367,35.61717,A043,7,N-041,right,N
1996-09-12,8:04,-3.21367,35.61717,A043,5,N-041,left,N
1996-09-12,8:04,-3.21367,35.61717,B044,26,N-043,right,N
1996-09-12,8:09,-3.21467,35.61583,A043,8,N-046,right,N
1996-09-12,18:27,-3.17050,35.54550,B044,24,L-045,right,L
1996-09-13,11:00,-3.14117,35.62517,A043,9,M-016,right,M
1996-09-13,11:00,-3.14117,35.62517,A043,10,M-016,left,M
1996-09-13,12:21,-3.17483,35.51783,B044,22,M-047,right,L
1996-09-13,12:21,-3.17483,35.51783,B044,23,M-047,right,L
1996-09-13,12:21,-3.17483,35.51783,B044,21,M-047,left,L
1996-09-13,17:29,-3.17350,35.60150,B044,20,M-050,right,M
1996-09-13,17:29,-3.17350,35.60150,B044,19,M-050,left,M
1996-09-14,6:55,-3.16117,35.62917,A043,14,M-087,right,M
1996-09-14,6:55,-3.16117,35.62917,B044,18,M-087,left,M
1996-09-15,9:28,-3.17883,35.56267,A043,18,L-085,left,L
1996-09-16,17:17,-3.17883,35.56267,B044,15,L-084,right,L
1996-09-16,17:17,-3.17883,35.56267,B044,14,L-084,left,L
1996-09-17,13:51,-3.22050,35.56967,A045,8,N-044,right,N
1996-09-17,13:51,-3.22050,35.56967,A045,6,N-044,left,N
1996-09-18,9:58,-3.19883,35.55700,A045,0,L-045,right,L
1996-09-20,12:45,-3.17333,35.51950,A045,10,A-055,right,A
1996-09-20,12:45,-3.17333,35.51950,A045,11,A-055,left,A
1996-09-25,15:53,-3.14017,35.50417,B044,6,A-014,right,A
1996-09-25,15:53,-3.14017,35.50417,B044,4,A-014,left,A
1996-09-25,15:53,-3.14017,35.50417,B044,5,A-014,left,A
1996-09-25,16:39,-3.14017,35.50417,A045,17,A-013,right,A
1996-09-25,16:39,-3.14017,35.50417,B044,3,A-013,left,A
1996-09-25,17:49,-3.14017,35.50417,A045,18,A-080,right,A
1996-09-25,17:49,-3.14017,35.50417,A045,19,A-080,left,A
1996-09-25,17:55,-3.14017,35.50417,A045,20,A-046,left,A
1996-09-26,17:21,-3.17883,35.56267,A045,24,L-093,right,L
1996-09-26,17:21,-3.17883,35.56267,A045,23,L-093,left,L
1996-09-27,19:09,-3.13217,35.65567,B046,35,C-003,right,C
1996-09-27,19:09,-3.13217,35.65567,B046,36,C-003,right,C
1996-09-28,18:18,-3.18583,35.56333,B046,32,L-048,right,L
1996-09-28,18:18,-3.18583,35.56333,B046,33,L-048,right,L
1996-09-28,18:18,-3.18583,35.56333,B046,34,L-048,left,L
1996-10-01,7:46,-3.16900,35.55333,B046,29,E-001,right,E
1996-10-01,7:46,-3.16900,35.55333,B046,28,E-001,left,E
1996-10-01,7:46,-3.16900,35.55333,B046,25,E-002,right,E
1996-10-01,7:46,-3.16900,35.55333,B046,24,E-002,left,E
1996-10-01,7:46,-3.16900,35.55333,B046,26,E-003,right,E
1996-10-01,7:46,-3.16900,35.55333,B046,27,E-003,left,E
1996-10-01,7:46,-3.16900,35.55333,B046,21,E-040,right,E
1996-10-01,7:46,-3.16900,35.55333,B046,20,E-040,left,E
1996-10-01,7:46,-3.16900,35.55333,B046,22,E-040,left,E
1996-10-01,7:46,-3.16900,35.55333,B046,31,E-042,right,E
1996-10-01,7:46,-3.16900,35.55333,B046,30,E-042,left,E
1996-10-01,7:46,-3.16900,35.55333,B046,19,E-044,right,E
1996-10-01,7:46,-3.16900,35.55333,B046,23,E-044,left,E
1996-10-01,8:05,-3.16900,35.55333,B046,18,E-002,right,E
1996-10-01,8:05,-3.16900,35.55333,B046,17,E-002,left,E
1996-10-01,8:22,-3.16700,35.55650,B046,15,E-046,right,E
1996-10-01,8:22,-3.16700,35.55650,B046,16,E-046,left,E
1996-10-01,10:38,-3.16600,35.55683,A047,1,E-003,left,E
1996-10-02,17:42,-3.14117,35.57583,B046,14,E-041,right,E
1996-10-02,17:42,-3.14117,35.57583,B046,13,E-041,left,E
1996-10-03,16:25,-3.20933,35.56133,B046,3,L-011,right,L
1996-10-03,16:25,-3.20933,35.56133,B046,2,L-011,left,L
1996-10-04,8:22,-3.17283,35.53767,B046,1,L-048,right,L
1996-10-04,9:40,-3.20933,35.50717,A047,3,F-041,right,F
1996-10-04,9:40,-3.20933,35.50717,A047,2,F-041,left,F
1996-10-04,10:46,-3.23083,35.54217,A047,12,S-001,left,S
1996-10-04,10:46,-3.23083,35.54217,A047,13,S-002,right,S
1996-10-04,10:46,-3.23083,35.54217,B048,32,S-002,right,S
1996-10-04,10:46,-3.23083,35.54217,B048,33,S-002,right,S
1996-10-04,10:46,-3.23083,35.54217,B048,34,S-002,left,S
1996-10-04,10:46,-3.23083,35.54217,B048,35,S-002,left,S
1996-10-04,10:46,-3.23083,35.54217,B046,0,S-043,left,S
1996-10-04,10:46,-3.23083,35.54217,A047,11,S-043,right,S
1996-10-04,10:46,-3.23083,35.54217,A047,14,S-043,right,S
1996-10-04,10:46,-3.23083,35.54217,B048,36,S-043,left,S
1996-12-28,10:32,-3.17667,35.55117,A049,19,A-051,right,A
1996-12-28,10:32,-3.17667,35.55117,A049,18,A-051,left,A
1996-12-28,10:58,-3.17050,35.53783,A049,20,A-053,right,A
1996-12-28,10:58,-3.17050,35.53783,A049,21,A-053,left,A
1996-12-29,9:42,-3.16817,35.53517,A049,22,A-085,right,A
1996-12-29,9:42,-3.16817,35.53517,A049,23,A-085,left,A
1996-12-29,9:43,-3.16800,35.53500,A049,24,A-010,right,A
1996-12-29,9:43,-3.16800,35.53500,A049,26,A-010,left,A
1996-12-29,9:43,-3.16800,35.53500,A049,25,A-084,right,A
1996-12-29,9:43,-3.16800,35.53500,A049,27,A-084,left,A
1996-12-29,9:56,-3.16717,35.53100,A049,28,A-048,right,A
1996-12-29,9:56,-3.16717,35.53100,A049,29,A-048,left,A
1996-12-29,9:56,-3.16717,35.53100,A049,30,A-054,right,A
1996-12-29,9:56,-3.16717,35.53100,A049,31,A-054,left,A
1997-01-02,7:17,-3.17183,35.60200,B050,37,M-091,right,M
1997-01-02,7:17,-3.17183,35.60200,B050,36,M-091,left,M
1997-01-02,7:33,-3.17550,35.59700,B050,33,M-081,right,M
1997-01-02,7:33,-3.17550,35.59700,B050,34,M-081,left,M
1997-01-02,7:33,-3.17550,35.59700,B050,35,M-081,left,M
1997-01-02,7:49,-3.17617,35.59750,B050,32,M-016,right,M
1997-01-02,7:49,-3.17617,35.59750,B050,31,M-016,left,M
1997-01-02,8:39,-3.16917,35.59767,B050,29,M-087,right,M
1997-01-02,8:39,-3.16917,35.59767,B050,30,M-087,left,M
1997-01-04,6:41,-3.17450,35.60467,B050,23,M-092,left,M
1997-01-04,10:23,-3.20633,35.58500,B050,20,L-015,left,L
1997-01-04,10:23,-3.20633,35.58500,B050,21,L-048,right,L
1997-01-04,10:23,-3.20633,35.58500,B050,19,L-048,left,L
1997-01-04,16:52,-3.18783,35.56500,B050,18,L-093,left,L
1997-01-04,17:05,-3.18783,35.56500,B050,17,L-084,right,L
1997-01-04,17:30,-3.16717,35.55983,B050,16,L-046,right,L
1997-01-06,6:54,-3.18783,35.56500,B050,15,L-084,left,L
1997-01-06,7:14,-3.18783,35.56500,B050,14,L-086,right,L
1997-01-06,7:15,-3.18783,35.56500,B050,13,L-090,right,L
1997-01-06,7:15,-3.18783,35.56500,B050,12,L-090,left,L
1997-01-06,9:58,-3.17617,35.59900,B050,10,M-097,right,M
1997-01-06,9:58,-3.17617,35.59900,B050,11,M-097,left,M
1997-01-07,7:55,-3.19250,35.62800,B050,9,M-052,right,M
1997-01-07,7:55,-3.19250,35.62800,B050,8,M-052,left,M
1997-01-07,8:15,-3.20117,35.61967,B050,5,N-040,right,N
1997-01-07,8:15,-3.20117,35.61967,B050,6,N-040,left,N
1997-01-07,8:15,-3.20117,35.61967,B050,7,N-040,left,N
1997-01-08,10:03,-3.22917,35.53750,B050,4,S-005,right,S
1997-01-08,10:03,-3.22917,35.53750,B050,3,S-005,left,S
1997-01-08,16:57,-3.17267,35.60217,B050,2,M-082,right,M
1997-01-08,16:57,-3.17267,35.60217,B050,1,M-082,left,M
1997-01-09,6:51,-3.14033,35.62950,B051,37,M-008,right,M
1997-01-09,8:12,-3.13600,35.63483,B051,35,M-041,right,M
1997-01-09,8:12,-3.13600,35.63483,B051,36,M-041,left,M
1997-01-09,9:22,-3.15617,35.55467,B051,34,S-043,right,S
1997-01-09,9:22,-3.15617,35.55467,B051,33,S-043,left,S
1997-01-09,10:56,-3.17233,35.54033,B051,31,A-048,right,A
1997-01-09,10:56,-3.17233,35.54033,B051,32,A-048,left,A
1997-01-10,8:26,-3.19250,35.55950,B051,26,N-042,right,N
1997-01-10,8:26,-3.19250,35.55950,B051,27,N-042,right,N
1997-01-10,8:26,-3.19250,35.55950,B051,28,N-042,left,N
1997-01-10,8:26,-3.19250,35.55950,B051,29,N-042,left,N
1997-01-14,7:31,-3.17200,35.59067,B051,24,M-041,right,M
1997-01-14,7:31,-3.17200,35.59067,B051,25,M-041,left,M
1997-01-14,7:39,-3.17583,35.58700,B051,23,M-008,right,M
1997-01-14,7:39,-3.17583,35.58700,B051,22,M-008,left,M
1997-01-15,8:15,-3.20317,35.56700,B051,19,L-048,right,L
1997-01-15,8:15,-3.20317,35.56700,B051,18,L-048,left,L
1997-01-15,9:31,-3.20800,35.55800,B051,15,L-005,left,L
1997-01-15,9:31,-3.20800,35.55800,B051,16,L-042,left,L
1997-01-15,18:02,-3.18933,35.56417,B051,13,L-090,right,L
1997-01-15,18:02,-3.18933,35.56417,B051,14,L-090,left,L
1997-01-15,18:28,-3.18950,35.56417,B051,11,L-087,right,L
1997-01-15,18:28,-3.18950,35.56417,B051,12,L-087,left,L
1997-01-16,7:10,-3.19767,35.56933,B051,6,L-082,right,L
1997-01-16,7:10,-3.19767,35.56933,B051,7,L-082,left,L
1997-01-16,7:10,-3.19767,35.56933,B051,8,L-082,left,L
1997-01-17,7:03,-3.20217,35.59867,B051,2,N-005,right,N
1997-01-17,7:03,-3.20217,35.59867,B052,37,N-005,right,N
1997-01-17,7:03,-3.20217,35.59867,B051,3,N-005,left,N
1997-01-17,7:03,-3.20217,35.59867,B051,1,N-044,right,N
1997-01-17,7:03,-3.20217,35.59867,B051,5,N-044,left,N
1997-01-17,10:02,-3.18950,35.56400,B052,34,L-093,right,L
1997-01-17,11:52,-3.18017,35.61017,B052,32,M-046,right,M
1997-01-17,11:52,-3.18017,35.61017,B052,33,M-046,left,M
1997-01-17,17:38,-3.17500,35.53717,B052,29,S-043,right,S
1997-01-17,17:38,-3.17500,35.53717,B052,30,S-043,right,S
1997-01-17,17:38,-3.17500,35.53717,B052,31,S-043,left,S
1997-01-17,17:43,-3.17183,35.53767,B052,26,M-051,right,M
1997-01-17,17:43,-3.17183,35.53767,B052,27,M-051,left,M
1997-01-17,17:43,-3.17183,35.53767,B052,28,M-051,left,M
1997-01-18,7:40,-3.14150,35.50283,B052,25,A-080,left,A
1997-01-18,7:43,-3.14133,35.50300,B052,22,A-015,right,A
1997-01-18,7:43,-3.14133,35.50300,B052,23,A-015,right,A
1997-01-18,7:43,-3.14133,35.50300,B052,24,A-015,left,A
1997-01-18,7:57,-3.14017,35.50417,B052,21,A-081,right,A
1997-01-18,8:18,-3.14017,35.50417,B052,20,A-016,right,A
1997-01-18,9:22,-3.14617,35.52350,B052,18,A-040,right,A
1997-01-18,9:22,-3.14617,35.52350,B052,19,A-040,left,A
1997-01-18,9:37,-3.15867,35.52983,B052,15,A-045,right,A
1997-01-18,9:37,-3.15867,35.52983,B052,16,A-083,right,A
1997-01-18,9:37,-3.15867,35.52983,B052,17,A-083,left,A
1997-01-21,18:31,-3.15650,35.63983,B053,36,X-006,right,X
1997-01-21,18:31,-3.15650,35.63983,B053,37,X-006,left,X
1997-01-22,8:52,-3.19200,35.59883,B053,35,N-040,right,N
1997-01-22,10:50,-3.20633,35.58400,B053,34,N-043,left,L
1997-01-22,10:54,-3.20633,35.58400,B053,33,L-046,left,L
1997-01-23,9:41,-3.22850,35.53800,B053,29,S-042,right,S
1997-01-23,9:41,-3.22850,35.53800,B053,30,S-042,right,S
1997-01-23,9:41,-3.22850,35.53800,B053,31,S-042,left,S
1997-01-23,9:41,-3.22850,35.53800,B053,32,S-042,left,S
1997-01-23,19:54,-3.13983,35.65367,B053,27,M-051,left,M
1997-01-25,8:20,-3.20567,35.57850,B053,24,L-080,right,L
1997-01-25,8:20,-3.20567,35.57850,B053,22,L-080,left,L
1997-01-25,8:20,-3.20567,35.57850,B053,23,L-081,left,L
1997-01-25,8:40,-3.20567,35.57850,B053,21,L-093,right,L
1997-01-27,7:16,-3.19800,35.60100,B053,19,A-055,right,A
1997-01-27,7:16,-3.19800,35.60100,B053,20,A-055,left,A
1997-01-27,8:18,-3.21250,35.62267,B053,17,N-003,right,N
1997-01-27,8:18,-3.21250,35.62267,B053,18,N-003,left,N
1997-01-27,8:55,-3.21167,35.60450,B053,16,N-045,left,N
1997-01-27,8:58,-3.21350,35.60517,B053,15,N-007,right,N
1997-01-27,9:41,-3.21550,35.59917,B053,14,N-042,left,N
1997-01-27,10:21,-3.22367,35.56733,B053,13,L-041,right,L
1997-01-27,10:21,-3.22367,35.56733,B053,12,L-041,left,L
1997-01-28,10:20,-3.18450,35.63883,B053,8,A-050,right,A
1997-01-28,10:20,-3.18450,35.63883,B053,10,A-050,left,A
1997-01-28,10:20,-3.18450,35.63883,B053,9,A-055,right,A
1997-01-28,10:20,-3.18450,35.63883,B053,11,A-055,left,A
1997-01-29,7:34,-3.20850,35.60417,B053,6,N-043,right,L
1997-01-29,7:34,-3.20850,35.60417,B053,7,N-043,left,L
1997-01-29,9:47,-3.20950,35.60467,B053,5,L-015,left,L
1997-01-30,7:18,-3.18700,35.61217,B053,3,A-013,right,A
1997-01-30,7:18,-3.18700,35.61217,B053,4,A-013,left,A
1997-01-30,7:33,-3.18350,35.60733,B053,1,A-019,right,A
1997-01-30,7:33,-3.18350,35.60733,B053,2,A-019,right,A
1997-01-30,7:33,-3.18350,35.60733,B054,37,A-019,left,A
1997-01-30,9:54,-3.18900,35.60633,B054,35,N-043,right,L
1997-01-30,9:54,-3.18900,35.60633,B054,36,N-043,right,L
1997-01-30,9:54,-3.18900,35.60633,B054,34,N-043,left,L
1997-02-02,7:17,-3.19833,35.61933,B054,31,E-042,right,N
1997-02-02,7:17,-3.19833,35.61933,B054,33,E-042,right,N
1997-02-02,7:17,-3.19833,35.61933,B054,30,E-042,left,N
1997-02-02,7:17,-3.19833,35.61933,B054,32,N-001,right,N
1997-02-02,7:18,-3.19933,35.61783,B054,25,N-005,right,N
1997-02-02,7:18,-3.19933,35.61783,B054,27,N-005,left,N
1997-02-02,7:18,-3.19933,35.61783,B054,29,N-046,right,N
1997-02-02,7:18,-3.19933,35.61783,B054,26,N-046,left,N
1997-02-02,7:18,-3.19933,35.61783,B054,28,N-046,left,N
1997-02-02,7:22,-3.20083,35.62017,B054,17,N-007,left,N
1997-02-02,7:22,-3.20083,35.62017,B054,16,N-042,right,N
1997-02-02,7:22,-3.20083,35.62017,B054,19,N-042,right,N
1997-02-02,7:22,-3.20083,35.62017,B054,20,N-042,left,N
1997-02-02,7:22,-3.20083,35.62017,B054,22,N-042,left,N
1997-02-02,7:22,-3.20083,35.62017,B054,23,N-044,right,N
1997-02-02,7:22,-3.20083,35.62017,B054,6,N-044,left,N
1997-02-02,7:22,-3.20083,35.62017,B054,24,N-044,left,N
1997-02-02,7:22,-3.20083,35.62017,B054,18,N-047,right,N
1997-02-02,7:22,-3.20083,35.62017,B054,21,N-047,left,N
1997-02-02,7:38,-3.20233,35.62217,B054,10,N-002,left,N
1997-02-02,7:38,-3.20233,35.62217,B054,4,N-003,right,N
1997-02-02,7:38,-3.20233,35.62217,B054,5,N-003,right,N
1997-02-02,7:38,-3.20233,35.62217,B054,8,N-003,right,N
1997-02-02,7:38,-3.20233,35.62217,B054,7,N-003,left,N
1997-02-02,7:38,-3.20233,35.62217,B054,9,N-003,left,N
1997-02-02,7:38,-3.20233,35.62217,B054,3,N-006,right,N
1997-02-02,7:38,-3.20233,35.62217,B054,1,N-006,left,N
1997-02-02,7:38,-3.20233,35.62217,B054,2,N-006,left,N
1997-02-02,7:38,-3.20233,35.62217,B054,13,N-040,right,N
1997-02-02,7:38,-3.20233,35.62217,B054,14,N-040,left,N
1997-02-02,7:38,-3.20233,35.62217,B054,11,N-045,right,N
1997-02-02,7:38,-3.20233,35.62217,B054,12,N-045,right,N
1997-02-02,7:38,-3.20233,35.62217,B054,15,N-045,left,N
1997-02-02,8:06,-3.20433,35.62033,B055,37,N-040,right,N
1997-02-02,8:06,-3.20433,35.62033,B055,37,N-042,left,N
1997-02-02,8:19,-3.20800,35.61600,B055,35,E-042,right,N
1997-02-02,8:19,-3.20800,35.61600,B055,36,E-042,left,N
1997-02-02,8:19,-3.20800,35.61600,B055,33,N-044,right,N
1997-02-02,8:19,-3.20800,35.61600,B055,34,N-044,left,N
1997-02-02,8:29,-3.20800,35.61600,B055,32,N-081,right,N
1997-02-02,8:29,-3.20800,35.61600,B055,31,N-081,left,N
1997-02-02,8:36,-3.20817,35.61250,B055,30,E-042,right,N
1997-02-02,8:36,-3.20817,35.61250,B055,29,E-042,left,N
1997-02-03,8:52,-3.17183,35.50783,B055,18,M-053,right,A
1997-02-03,8:52,-3.17183,35.50783,B055,17,M-053,left,A
1997-02-03,9:39,-3.14017,35.50417,B055,16,A-020,left,A
1997-02-03,10:22,-3.16533,35.50017,B055,4,A-053,right,A
1997-02-03,10:22,-3.16533,35.50017,B055,5,A-053,right,A
1997-02-03,10:28,-3.16633,35.50067,B055,7,M-051,right,A
1997-02-03,10:28,-3.16633,35.50067,B055,6,M-051,left,A
1997-02-03,17:32,-3.21567,35.57583,B055,3,L-041,right,L
1997-02-03,17:32,-3.21567,35.57583,B055,2,L-041,left,L
1997-02-10,7:42,-3.21433,35.61517,B056,36,N-007,right,N
1997-02-10,7:42,-3.21433,35.61517,B056,37,N-081,right,N
1997-02-10,7:42,-3.21433,35.61517,B055,1,N-081,left,N
1997-02-11,6:50,-3.15017,35.63183,B056,34,M-046,right,M
1997-02-13,17:48,-3.17533,35.64183,B056,30,M-047,right,L
1997-02-13,17:48,-3.17533,35.64183,B056,31,M-047,left,L
1997-02-17,9:18,-3.21283,35.60833,B056,24,N-007,right,N
1997-02-17,9:18,-3.21283,35.60833,B056,23,N-007,left,N
1997-02-19,8:15,-3.24583,35.56567,B056,21,T-002,right,T
1997-02-19,8:15,-3.24583,35.56567,B056,22,T-002,right,T
1997-02-19,8:15,-3.24583,35.56567,B056,19,T-002,left,T
1997-02-19,8:15,-3.24583,35.56567,B056,20,T-002,left,T
1997-02-19,8:47,-3.24317,35.56833,B056,18,T-001,right,T
1997-02-19,8:47,-3.24317,35.56833,B056,14,T-001,left,T
1997-02-19,8:47,-3.24317,35.56833,B056,17,T-003,right,T
1997-02-19,8:47,-3.24317,35.56833,B056,13,T-003,left,T
1997-02-19,8:50,-3.24317,35.56833,B056,16,T-080,right,T
1997-02-19,8:50,-3.24317,35.56833,B056,15,T-080,left,T
1997-02-19,9:17,-3.23900,35.54317,B056,11,,right,T
1997-02-19,9:17,-3.23900,35.54317,B056,12,,right,T
1997-02-19,9:17,-3.23900,35.54317,B056,10,,left,T
1997-02-20,7:42,-3.24583,35.56567,B056,7,T-005,right,T
1997-02-20,7:52,-3.24583,35.56567,B056,5,T-002,right,T
1997-02-20,7:52,-3.24583,35.56567,B056,6,T-002,left,T
1997-02-23,7:40,-3.22400,35.56267,B057,35,L-048,right,L
1997-02-23,7:40,-3.22400,35.56267,B057,34,L-048,left,L
1997-02-23,7:40,-3.22400,35.56267,B057,31,S-001,right,S
1997-02-23,7:40,-3.22400,35.56267,B057,30,S-001,left,S
1997-02-23,7:40,-3.22400,35.56267,B057,32,S-040,right,S
1997-02-23,7:40,-3.22400,35.56267,B057,33,S-040,right,S
1997-02-23,7:40,-3.22400,35.56267,B057,36,S-040,left,S
1997-02-23,7:40,-3.22400,35.56267,B057,37,S-040,left,S
1997-02-23,9:17,-3.24317,35.56767,B057,27,T-001,right,T
1997-02-23,9:17,-3.24317,35.56767,B057,28,T-001,left,T
1997-02-23,9:17,-3.24317,35.56767,B057,29,T-001,left,T
1997-02-23,9:17,-3.24317,35.56767,B057,26,T-002,right,T
1997-02-24,7:40,-3.23617,35.53250,B057,24,,right,T
1997-02-24,7:40,-3.23617,35.53250,B057,25,,left,T
1997-02-24,8:02,-3.24633,35.56500,B057,23,T-005,right,T
1997-02-24,8:06,-3.24633,35.56500,B057,22,T-002,right,T
1997-02-24,8:06,-3.24633,35.56500,B057,21,T-002,left,T
1997-02-24,8:14,-3.24650,35.56767,B057,20,T-008,left,T
1997-02-25,10:32,-3.17350,35.58083,B057,18,L-084,left,L
1997-02-25,17:09,-3.24583,35.56567,B057,9,T-082,right,T
1997-02-25,17:09,-3.24583,35.56567,B057,6,T-082,left,T
1997-02-25,17:09,-3.24583,35.56567,B057,17,T-082,left,T
1997-02-25,17:15,-3.24333,35.56767,B057,14,T-003,right,T
1997-02-25,17:15,-3.24333,35.56767,B057,15,T-003,right,T
1997-02-25,17:15,-3.24333,35.56767,B057,13,T-003,left,T
1997-02-25,17:15,-3.24333,35.56767,B057,16,T-003,left,T
1997-02-25,17:23,-3.24333,35.56767,B057,12,T-002,right,T
1997-02-25,17:37,-3.24583,35.56567,B057,10,T-004,left,T
1997-02-25,17:37,-3.24583,35.56567,B057,11,T-081,right,T
1997-02-25,17:37,-3.24583,35.56567,B057,8,T-081,left,T
1997-02-28,9:59,-3.18383,35.56183,B057,2,L-086,left,L
1997-03-02,7:28,-3.11817,35.59983,B058,36,E-002,right,E
1997-03-02,7:28,-3.11817,35.59983,B058,35,E-002,left,E
1997-03-02,7:28,-3.11817,35.59983,B058,26,E-005,right,E
1997-03-02,7:28,-3.11817,35.59983,B058,34,E-005,right,E
1997-03-02,7:28,-3.12000,35.60133,B058,37,E-043,right,E
1997-03-02,7:28,-3.12000,35.60133,B057,1,E-043,left,E
1997-03-02,7:42,-3.11467,35.59267,B058,31,E-004,right,E
1997-03-02,7:42,-3.11467,35.59267,B058,29,E-004,left,E
1997-03-02,7:42,-3.11467,35.59267,B058,33,E-041,right,E
1997-03-02,7:42,-3.11467,35.59267,B058,28,E-041,left,E
1997-03-02,7:42,-3.11467,35.59267,B058,30,E-080,right,E
1997-03-02,7:42,-3.11467,35.59267,B058,32,E-080,right,E
1997-03-02,7:42,-3.11467,35.59267,B058,27,E-080,left,E
1997-03-02,7:52,-3.11400,35.59150,B058,22,E-040,right,E
1997-03-02,7:52,-3.11400,35.59150,B058,23,E-040,left,E
1997-03-02,7:52,-3.11533,35.59217,B058,24,S-041,right,E
1997-03-02,7:52,-3.11533,35.59217,B058,25,S-041,right,E
1997-03-02,10:02,-3.16033,35.55417,B058,21,N-040,right,N
1997-03-03,7:00,-3.11883,35.59667,B058,17,E-043,right,E
1997-03-03,7:00,-3.11883,35.59667,B058,16,E-043,left,E
1997-03-06,18:32,-3.15817,35.57717,B058,10,N-045,right,N
1997-03-06,18:32,-3.15817,35.57717,B058,8,N-045,left,N
1997-03-06,18:32,-3.15817,35.57717,B058,9,N-045,left,N
1997-03-08,9:06,-3.15717,35.58433,B058,2,E-042,right,N
1997-03-10,9:37,-3.13633,35.51300,B059,34,A-019,right,A
1997-03-10,9:37,-3.13633,35.51300,B059,33,A-019,left,A
1997-03-10,9:54,-3.14067,35.50883,B059,30,A-040,right,A
1997-03-10,9:54,-3.14067,35.50883,B059,31,A-040,right,A
1997-03-10,9:54,-3.14067,35.50883,B059,32,A-040,left,A
1997-03-10,9:54,-3.14067,35.50883,B059,28,A-042,right,A
1997-03-10,9:54,-3.14067,35.50883,B059,29,A-042,left,A
1997-03-10,10:12,-3.13950,35.50500,B059,27,A-009,right,A
1997-03-10,10:12,-3.13950,35.50500,B059,26,A-009,left,A
1997-03-10,10:16,-3.13950,35.50500,B059,23,A-010,right,A
1997-03-10,10:16,-3.13950,35.50500,B059,24,A-010,right,A
1997-03-10,10:16,-3.13950,35.50500,B059,25,A-010,left,A
1997-03-10,10:31,-3.13950,35.50500,B059,22,A-009,left,A
1997-03-10,10:36,-3.14150,35.50333,B059,20,A-002,right,A
1997-03-10,10:36,-3.14150,35.50333,B059,19,A-002,left,A
1997-03-10,10:36,-3.14150,35.50333,B059,21,A-080,left,A
1997-03-10,11:00,-3.20450,35.51083,B059,14,F-042,right,F
1997-03-10,11:00,-3.20450,35.51083,B059,18,F-042,right,F
1997-03-10,11:00,-3.20450,35.51083,B059,13,F-042,left,F
1997-03-10,11:00,-3.20450,35.51083,B059,15,F-042,front,F
1997-03-10,11:00,-3.20450,35.51083,B059,16,F-042,front,F
1997-03-10,11:00,-3.20450,35.51083,B059,17,F-042,front,F
1997-03-14,8:02,-3.17267,35.53867,B059,8,A-010,right,A
1997-03-14,8:02,-3.17267,35.53867,B059,10,A-010,left,A
1997-03-14,8:02,-3.17267,35.53867,B059,7,A-011,right,A
1997-03-14,8:02,-3.17267,35.53867,B059,9,A-011,right,A
1997-03-14,8:02,-3.17267,35.53867,B059,6,A-011,left,A
1997-03-14,8:02,-3.17267,35.53867,B059,2,,left,A
1997-03-16,8:23,-3.14767,35.57283,B060,31,E-001,right,E
1997-03-16,8:24,-3.14717,35.57183,B060,34,E-002,right,E
1997-03-16,8:24,-3.14717,35.57183,B060,32,E-002,left,E
1997-03-16,8:24,-3.14717,35.57183,B060,33,E-044,right,E
1997-03-17,10:02,-3.17117,35.54417,B060,24,A-045,left,A
1997-03-18,8:07,-3.21833,35.56833,B060,5,S-001,right,S
1997-03-18,8:07,-3.21833,35.56833,B060,8,S-001,left,S
1997-03-18,8:07,-3.21833,35.56833,B060,9,S-040,right,S
1997-03-18,8:07,-3.21833,35.56833,B060,6,S-040,left,S
1997-03-18,8:07,-3.21833,35.56833,B060,10,S-080,right,S
1997-03-18,8:07,-3.21833,35.56833,B060,7,S-080,left,S
1997-03-18,9:10,-3.23367,35.53617,B061,33,T-006,right,T
1997-03-18,9:10,-3.23367,35.53617,B060,4,T-006,left,T
1997-03-18,9:10,-3.23367,35.53617,B060,1,T-080,right,T
1997-03-18,9:10,-3.23367,35.53617,B060,3,T-080,left,T
1997-03-18,9:12,-3.23350,35.53617,B061,36,T-001,right,T
1997-03-18,9:12,-3.23350,35.53617,B060,2,T-001,left,T
1997-03-18,9:12,-3.24383,35.53383,B061,32,T-003,right,T
1997-03-18,9:12,-3.24383,35.53383,B061,E,T-003,left,T
1997-03-18,9:19,-3.23767,35.53433,B061,34,,left,T
1997-03-18,9:19,-3.23767,35.53433,B061,35,,left,T
1997-03-27,17:05,-3.17000,35.55700,B061,23,A-057,right,A
1997-03-27,17:05,-3.17000,35.55700,B061,22,A-057,left,A
1997-03-28,9:45,-3.18067,35.57100,B061,21,L-090,left,L
1997-03-29,6:52,-3.12883,35.58283,B061,12,E-043,right,E
1997-03-29,6:52,-3.12883,35.58283,B061,13,E-043,left,E
1997-03-29,7:34,-3.14617,35.58550,B061,11,L-044,right,L
1997-03-29,7:41,-3.15617,35.57800,B061,9,N-043,right,L
1997-03-29,7:41,-3.15617,35.57800,B061,10,N-043,left,L
1997-03-31,8:31,-3.17250,35.56900,B061,5,L-081,right,L
1997-03-31,8:31,-3.17250,35.56900,B061,6,L-081,right,L
1997-03-31,8:31,-3.17250,35.56900,B061,4,L-081,left,L
1997-03-31,8:31,-3.17250,35.56900,B061,4,L-093,left,L
1997-04-04,11:28,-3.13750,35.57633,B061,2,L-009,right,L
1997-04-04,13:05,-3.13500,35.59100,B062,E,,right,E
1997-04-04,13:05,-3.13500,35.59100,B061,1,,left,E
1997-04-04,13:05,-3.13500,35.59100,B062,36,,left,E
1997-04-04,14:33,-3.21817,35.50333,B062,35,F-005,right,F
1997-04-04,14:33,-3.21817,35.50333,B062,34,F-005,left,F
1997-04-04,18:30,-3.23517,35.51783,B062,33,,right,T
1997-04-05,17:38,-3.17483,35.61450,B062,32,A-013,right,A
1997-04-05,17:38,-3.17483,35.61450,B062,31,A-013,left,A
1997-04-06,9:31,-3.16400,35.61233,B062,30,M-100,front,M
1997-04-06,10:11,-3.16400,35.61233,B062,28,M-098,right,M
1997-04-06,10:11,-3.16400,35.61233,B062,26,M-098,left,M
1997-04-06,10:11,-3.16400,35.61233,B062,27,M-098,left,M
1997-04-06,10:11,-3.16400,35.61233,B062,29,M-099,right,M
1997-04-06,10:11,-3.16400,35.61233,B062,24,M-099,left,M
1997-04-06,16:55,-3.16400,35.61233,B062,25,M-098,front,M
1997-04-07,8:42,-3.15567,35.58333,B062,23,,right,X
1997-04-07,8:42,-3.15567,35.58333,B062,22,,left,X
1997-04-07,9:01,-3.14500,35.57750,B062,20,A-052,right,E
1997-04-07,9:01,-3.14500,35.57750,B062,21,A-052,left,E
1997-04-07,9:10,-3.14450,35.57150,B062,16,E-005,right,E
1997-04-07,9:10,-3.14450,35.57150,B062,15,E-005,left,E
1997-04-07,9:10,-3.14450,35.57150,B062,12,E-044,right,E
1997-04-07,9:10,-3.14450,35.57150,B062,17,E-044,left,E
1997-04-07,9:10,-3.14450,35.57150,B062,18,E-045,right,E
1997-04-07,9:10,-3.14450,35.57150,B062,19,E-045,left,E
1997-04-07,9:17,-3.14450,35.57150,B062,14,E-040,right,E
1997-04-07,9:17,-3.14450,35.57150,B062,13,E-040,left,E
1997-04-08,6:50,-3.16533,35.61167,B062,9,L-045,right,M
1997-04-08,6:50,-3.16533,35.61167,B062,10,L-045,left,M
1997-04-08,6:50,-3.16533,35.61167,B062,11,L-045,left,M
1997-04-09,18:24,-3.12583,35.58283,B062,8,A-052,right,E
1997-04-09,18:24,-3.12583,35.58283,B062,7,A-052,left,E
1997-04-09,18:41,-3.11767,35.59117,B062,3,E-004,left,E
1997-04-10,6:58,-3.22617,35.54317,B063,32,F-044,right,F
1997-04-10,6:58,-3.22617,35.54317,B063,33,F-044,right,F
1997-04-10,6:58,-3.22617,35.54317,B063,30,F-044,left,F
1997-04-10,6:58,-3.22617,35.54317,B063,34,F-044,left,F
1997-04-10,6:58,-3.22617,35.54317,B063,31,F-044,front,F
1997-04-10,7:28,-3.24483,35.52633,B063,27,T-006,right,T
1997-04-10,8:58,-3.16350,35.52233,B063,23,A-054,right,A
1997-04-10,8:58,-3.16350,35.52233,B063,25,A-054,right,A
1997-04-10,8:58,-3.16350,35.52233,B063,24,A-054,left,A
1997-04-10,9:36,-3.13867,35.50650,B063,17,A-001,right,A
1997-04-10,9:36,-3.13867,35.50650,B063,21,A-003,left,A
1997-04-10,9:36,-3.13867,35.50650,B063,18,A-018,left,A
1997-04-10,9:36,-3.13867,35.50650,B063,22,A-019,left,A
1997-04-10,9:36,-3.13867,35.50650,B063,16,A-083,right,A
1997-04-10,9:36,-3.13867,35.50650,B063,15,A-083,left,A
1997-04-10,9:36,-3.13867,35.50650,B063,20,A-084,right,A
1997-04-10,9:36,-3.13867,35.50650,B063,19,A-084,left,A
1997-04-10,9:36,-3.13867,35.50650,B063,14,A-085,right,A
1997-04-10,9:36,-3.13867,35.50650,B063,13,A-085,left,A
1997-04-10,12:37,-3.15517,35.51067,B063,11,A-042,right,A
1997-04-10,12:37,-3.15517,35.51067,B063,12,A-042,left,A
1997-04-10,12:42,-3.15250,35.50983,B063,9,A-017,right,A
1997-04-10,12:42,-3.15250,35.50983,B063,8,A-017,left,A
1997-04-10,12:42,-3.15250,35.50983,B063,10,A-019,right,A
1997-04-10,12:42,-3.15250,35.50983,B063,7,A-019,left,A
1997-04-10,12:42,-3.15250,35.50983,B063,6,A-045,right,A
1997-04-10,12:42,-3.15250,35.50983,B063,5,A-045,left,A
1997-04-13,9:37,-3.14383,35.64233,B063,1,A-047,left,A
1997-04-13,9:37,-3.14383,35.64233,B063,2,A-047,left,A
1997-04-13,9:37,-3.14383,35.64233,B063,3,A-047,left,A
1997-04-13,9:37,-3.14383,35.64233,B063,4,A-047,left,A
1997-04-15,10:20,-3.13867,35.50650,B064,E,A-053,left,A
1997-04-15,10:27,-3.13867,35.50650,B064,36,A-045,left,A
1997-04-15,10:27,-3.13867,35.50650,B064,34,A-089,right,A
1997-04-15,10:27,-3.13867,35.50650,B064,35,A-089,left,A
1997-04-15,10:27,-3.13867,35.50650,B064,32,A-092,right,A
1997-04-15,10:27,-3.13867,35.50650,B064,33,A-092,left,A
1997-04-15,17:30,-3.16400,35.61233,B064,31,M-042,left,M
1997-04-16,9:20,-3.13867,35.50650,B064,24,A-014,right,A
1997-04-16,9:20,-3.13867,35.50650,B064,20,A-014,left,A
1997-04-16,9:20,-3.13867,35.50650,B064,21,A-014,left,A
1997-04-16,9:20,-3.13867,35.50650,B064,18,A-014,front,A
1997-04-16,9:20,-3.13867,35.50650,B064,22,A-016,right,A
1997-04-16,9:20,-3.13867,35.50650,B064,26,A-086,right,A
1997-04-16,9:20,-3.13867,35.50650,B064,19,A-086,left,A
1997-04-16,9:20,-3.13867,35.50650,B064,23,A-086,left,A
1997-04-16,9:20,-3.13867,35.50650,B064,27,A-087,right,A
1997-04-16,9:20,-3.13867,35.50650,B064,23,A-087,left,A
1997-04-16,9:20,-3.13867,35.50650,B064,24,A-087,left,A
1997-04-25,7:40,-3.13800,35.51000,B064,15,A-054,right,A
1997-04-25,7:40,-3.13800,35.51000,B064,14,A-054,left,A
1997-04-25,7:54,-3.14017,35.50417,B064,10,A-015,right,A
1997-04-25,7:54,-3.14017,35.50417,B064,11,A-015,left,A
1997-04-25,7:54,-3.14017,35.50417,B064,13,A-081,right,A
1997-04-25,7:54,-3.14017,35.50417,B064,12,A-081,left,A
1997-04-25,8:49,-3.15500,35.51200,B064,6,A-001,left,A
1997-04-25,8:49,-3.15500,35.51200,B064,7,A-001,left,A
1997-04-25,8:49,-3.15500,35.51200,B064,3,A-042,right,A
1997-04-25,8:49,-3.15500,35.51200,B064,2,A-042,left,A
1997-04-25,8:49,-3.15500,35.51200,B064,9,A-083,right,A
1997-04-25,8:49,-3.15500,35.51200,B064,4,A-083,left,A
1997-04-25,8:49,-3.15500,35.51200,B064,5,M-053,left,A
1997-04-25,8:49,-3.15500,35.51200,B064,8,M-053,left,A
1997-04-25,17:23,-3.16400,35.61233,B064,1,M-082,right,M
1997-04-26,10:15,-3.15267,35.52533,B065,E,A-054,right,A
1997-04-26,10:15,-3.15267,35.52533,B065,36,A-054,left,A
1997-04-26,10:22,-3.14933,35.52067,B065,31,A-008,right,A
1997-04-26,10:22,-3.14933,35.52067,B065,29,A-008,left,A
1997-04-26,10:22,-3.14933,35.52067,B065,30,A-051,right,A
1997-04-26,10:22,-3.14933,35.52067,B065,32,A-051,left,A
1997-04-26,10:22,-3.14933,35.52067,B065,33,A-083,right,A
1997-04-26,10:22,-3.14933,35.52067,B065,35,A-083,left,A
1997-04-26,10:22,-3.14933,35.52067,B065,34,A-084,right,A
1997-04-26,10:22,-3.14933,35.52067,B065,28,A-084,left,A
1997-04-26,11:23,-3.14800,35.53450,B065,19,A-008,right,A
1997-04-26,11:23,-3.14800,35.53450,B065,20,A-008,left,A
1997-05-26,9:02,-3.18933,35.59800,B065,18,L-045,right,M
1997-05-26,9:02,-3.18933,35.59800,B065,16,L-045,left,M
1997-05-26,9:02,-3.18933,35.59800,B065,17,L-045,left,M
1997-05-27,11:49,-3.17817,35.60967,B065,15,M-081,left,M
1997-05-30,17:39,-3.14017,35.50417,B065,14,A-095,right,A
1997-05-30,17:39,-3.14017,35.50417,B065,13,A-095,left,A
1997-05-30,17:47,-3.14017,35.50417,B065,12,A-091,right,A
1997-05-30,17:47,-3.14017,35.50417,B065,11,A-091,left,A
1997-05-30,17:52,-3.14017,35.50417,B065,10,A-088,right,A
1997-05-30,17:52,-3.14017,35.50417,B065,8,A-088,left,A
1997-05-30,17:52,-3.14017,35.50417,B065,9,A-093,left,A
1997-05-31,18:22,-3.13100,35.56817,B065,6,A-052,right,E
1997-05-31,18:22,-3.13100,35.56817,B065,7,A-052,right,E
1997-05-31,18:22,-3.13100,35.56817,B065,2,A-052,left,E
1997-05-31,18:22,-3.13100,35.56817,B065,4,E-041,right,E
1997-05-31,18:22,-3.13100,35.56817,B065,5,E-041,right,E
1997-05-31,18:22,-3.13100,35.56817,B065,3,E-041,left,E
1997-05-31,18:28,-3.12967,35.57133,B065,1,E-004,left,E
1997-05-31,18:29,-3.13000,35.57133,B066,E,E-080,left,E
1997-06-01,11:04,-3.22267,35.56750,B066,34,T-002,right,T
1997-06-01,11:04,-3.22267,35.56750,B066,35,T-002,left,T
1997-06-01,11:04,-3.22267,35.56750,B066,31,T-040,right,T
1997-06-01,11:04,-3.22267,35.56750,B066,32,T-040,right,T
1997-06-01,11:04,-3.22267,35.56750,B066,33,T-040,left,T
1997-06-01,11:04,-3.22267,35.56750,B066,36,T-040,left,T
1997-06-01,17:30,-3.17150,35.60050,B066,28,N-042,right,M
1997-06-01,17:30,-3.17150,35.60050,B066,29,N-042,right,M
1997-06-01,17:30,-3.17150,35.60050,B066,30,N-042,left,M
1997-06-02,16:20,-3.17383,35.54650,B066,26,A-042,right,A
1997-06-02,16:20,-3.17383,35.54650,B066,27,A-042,left,A
1997-06-02,17:01,-3.19200,35.58667,B066,24,L-094,right,L
1997-06-02,17:01,-3.19200,35.58667,B066,25,L-094,right,L
1997-06-02,17:01,-3.19200,35.58667,B066,23,L-094,left,L
1997-06-03,7:45,-3.16333,35.61750,B066,21,M-084,right,M
1997-06-03,7:45,-3.16333,35.61750,B066,22,M-084,left,M
1997-06-06,8:25,-3.16333,35.61750,B066,19,A-056,right,M
1997-06-06,8:25,-3.16333,35.61750,B066,20,A-056,left,M
1997-06-14,8:15,-3.19333,35.58783,B066,13,E-042,right,N
1997-06-14,8:15,-3.19333,35.58783,B066,12,E-042,left,N
1997-06-14,8:15,-3.19333,35.58783,B066,14,E-042,left,N
1997-06-16,9:24,-3.19100,35.58767,B066,11,,right,X
1997-06-16,9:24,-3.19100,35.58767,B066,9,,left,X
1997-06-16,9:24,-3.19100,35.58767,B066,10,,left,X
1997-06-17,8:43,-3.14017,35.50417,B066,8,A-003,left,A
1997-06-18,9:11,-3.14583,35.58867,B066,5,E-041,right,E
1997-06-18,9:11,-3.14583,35.58867,B066,6,E-041,left,E
1997-06-18,9:11,-3.14583,35.58867,B066,7,E-041,left,E
1997-06-18,9:39,-3.17800,35.55350,B066,4,A-049,right,L
1997-06-18,9:39,-3.17800,35.55350,B066,2,A-049,left,L
1997-06-18,9:39,-3.17800,35.55350,B066,3,A-049,left,L
1997-06-20,18:32,-3.14017,35.50417,B066,1,A-009,right,A
1997-06-20,18:32,-3.14017,35.50417,B067,E,A-009,left,A
1997-06-23,8:04,-3.14017,35.50417,B067,36,A-113,left,A
1997-06-24,10:38,-3.16417,35.51867,B067,34,S-043,right,A
1997-06-24,10:38,-3.16417,35.51867,B067,35,S-043,left,A
1997-06-25,16:09,-3.17167,35.54067,B067,31,A-010,right,A
1997-06-25,16:09,-3.17167,35.54067,B067,33,A-010,right,A
1997-06-25,16:09,-3.17167,35.54067,B067,32,A-010,left,A
1997-06-25,16:32,-3.17900,35.55350,B067,30,L-048,left,L
1997-06-25,16:42,-3.18333,35.55917,B067,28,N-043,right,L
1997-06-25,16:42,-3.18333,35.55917,B067,29,N-043,left,L
1997-06-25,18:10,-3.16400,35.61233,B067,26,M-098,left,M
1997-06-25,18:10,-3.16400,35.61233,B067,27,M-100,front,M
1997-06-27,18:10,-3.17950,35.59150,B067,25,L-095,left,L
1997-06-28,8:52,-3.17817,35.58567,B067,20,L-001,front,L
1997-06-30,7:15,-3.14133,35.63050,B067,4,A-056,right,M
1997-06-30,7:15,-3.14133,35.63050,B067,3,A-056,left,M
1997-07-01,17:32,-3.17567,35.59000,B067,1,L-005,left,L
1997-07-01,17:32,-3.17567,35.59000,B067,2,L-005,left,L
1997-07-01,17:40,-3.17567,35.59000,B068,E,L-088,left,L
1997-07-01,17:55,-3.17567,35.59000,B068,35,L-095,right,L
1997-07-01,17:55,-3.17567,35.59000,B068,36,L-095,left,L
1997-07-03,9:18,-3.17717,35.59067,B068,21,L-084,front,L
1997-07-03,9:18,-3.17717,35.59067,B068,21,L-095,front,L
1997-07-03,9:18,-3.17717,35.59067,B068,21,,front,L
1997-07-03,17:44,-3.17567,35.59000,B068,22,,right,L
1997-07-03,17:44,-3.17567,35.59000,B068,20,,left,L
1997-07-04,7:46,-3.17883,35.59550,B068,18,L-012,left,L
1997-07-04,7:46,-3.17883,35.59550,B068,19,L-012,left,L
1997-07-04,11:25,-3.23100,35.54217,B068,16,S-042,left,S
1997-07-12,10:30,-3.16467,35.61683,B068,13,M-050,right,M
1997-07-12,10:30,-3.16467,35.61683,B068,14,M-050,right,M
1997-07-12,10:30,-3.16467,35.61683,B068,15,M-050,left,M
1997-07-13,8:50,-3.15000,35.64117,B068,12,A-056,right,M
1997-07-13,8:50,-3.15000,35.64117,B068,11,A-056,left,M
1997-07-13,10:14,-3.16383,35.61650,B068,10,M-102,left,M
1997-07-15,7:55,-3.13217,35.56417,B068,8,E-041,right,E
1997-07-15,7:55,-3.13217,35.56417,B068,6,E-043,right,E
1997-07-15,7:55,-3.13217,35.56417,B068,7,E-080,right,E
1997-07-15,7:55,-3.13217,35.56417,B068,5,E-080,left,E
1997-07-15,7:55,-3.13217,35.56417,B068,9,E-080,left,E
1997-07-15,7:55,-3.13217,35.56417,B068,3,M-042,right,E
1997-07-15,7:55,-3.13217,35.56417,B068,9,S-041,right,E
1997-07-15,7:55,-3.13217,35.56417,B068,4,,left,E
1997-07-15,9:50,-3.13883,35.50400,B068,2,A-018,left,A
1997-07-15,10:34,-3.13933,35.50717,B069,E,A-040,right,A
1997-07-15,10:34,-3.13933,35.50717,B069,34,A-040,left,A
1997-07-15,10:34,-3.13933,35.50717,B069,35,A-041,right,A
1997-07-15,10:34,-3.13933,35.50717,B069,36,A-041,right,A
1997-07-15,10:34,-3.13933,35.50717,B068,1,A-041,left,A
1997-07-15,11:04,-3.13867,35.50650,B069,33,A-011,left,A
1997-07-15,11:04,-3.13867,35.50650,B069,31,A-013,left,A
1997-07-15,11:04,-3.13867,35.50650,B069,29,A-083,right,A
1997-07-15,11:04,-3.13867,35.50650,B069,30,A-083,left,A
1997-07-15,11:04,-3.13867,35.50650,B069,32,M-053,right,A
1997-07-15,17:58,-3.17567,35.61283,B069,28,M-106,left,M
1997-07-17,10:17,-3.16950,35.53250,B069,22,R-040,right,R
1997-07-17,10:17,-3.16950,35.53250,B069,26,R-040,left,R
1997-07-17,10:17,-3.16950,35.53250,B069,23,R-041,right,R
1997-07-17,10:17,-3.16950,35.53250,B069,25,R-041,left,R
1997-07-17,10:17,-3.16950,35.53250,B069,21,R-080,right,R
1997-07-17,10:17,-3.16950,35.53250,B069,24,R-080,right,R
1997-07-17,10:17,-3.16950,35.53250,B069,27,R-080,left,R
1997-07-18,8:16,-3.20033,35.60183,B069,19,N-007,left,N
1997-07-18,8:16,-3.20033,35.60183,B069,20,N-007,left,N
1997-07-18,10:56,-3.17283,35.52000,B069,18,X-006,right,X
1997-07-18,10:56,-3.17283,35.52000,B069,17,X-006,left,X
1997-07-25,18:36,-3.22867,35.48367,A,36,,right,X
1997-07-25,18:36,-3.22867,35.48367,A,37,,right,X
1997-07-25,18:36,-3.22867,35.48367,A,1,,left,X
1997-07-27,7:49,-3.16267,35.49317,B069,9,A-013,left,A
1997-07-27,7:49,-3.16267,35.49317,B069,12,A-041,right,A
1997-07-27,7:49,-3.16267,35.49317,B069,13,A-041,left,A
1997-07-27,7:49,-3.16267,35.49317,B069,11,A-083,right,A
1997-07-27,7:49,-3.16267,35.49317,B069,10,A-083,left,A
1997-07-27,8:37,-3.14033,35.50217,B069,8,A-089,left,A
1997-07-27,9:06,-3.14017,35.50417,B069,1,A-046,right,A
1997-07-27,9:06,-3.14017,35.50417,B069,7,A-046,left,A
1997-07-27,9:06,-3.14017,35.50417,B070,E,A-046,left,A
1997-07-27,9:06,-3.14017,35.50417,B069,3,A-086,left,A
1997-07-27,9:06,-3.14017,35.50417,B069,4,A-086,left,A
1997-07-27,9:06,-3.14017,35.50417,B069,5,A-087,right,A
1997-07-27,9:28,-3.14017,35.50417,B069,2,A-089,right,A
1997-07-27,9:47,-3.14017,35.50417,B070,36,A-002,right,A
1997-07-27,17:23,-3.17817,35.56367,B070,35,L-088,right,L
1997-07-27,17:55,-3.17933,35.55750,B070,33,N-043,right,L
1997-07-27,17:55,-3.17933,35.55750,B070,34,N-043,left,L
1997-08-10,16:52,-3.20350,35.60200,B070,31,N-002,right,N
1997-08-10,16:52,-3.20350,35.60200,B070,32,N-002,right,N
1997-08-10,16:52,-3.20350,35.60200,B070,30,N-002,left,N
1997-08-11,8:47,-3.17283,35.55550,B070,28,A-049,right,L
1997-08-11,8:47,-3.17283,35.55550,B070,29,A-049,left,L
1997-08-11,18:15,-3.21583,35.56200,B070,21,S-001,right,S
1997-08-11,18:15,-3.21583,35.56200,B070,22,S-001,right,S
1997-08-11,18:15,-3.21583,35.56200,B070,24,S-001,left,S
1997-08-11,18:15,-3.21583,35.56200,B070,20,S-040,right,S
1997-08-11,18:15,-3.21583,35.56200,B070,25,S-040,left,S
1997-08-11,18:15,-3.21583,35.56200,B070,26,S-040,left,S
1997-08-11,18:15,-3.21583,35.56200,B070,29,S-080,right,S
1997-08-11,18:15,-3.21583,35.56200,B070,27,S-080,left,S
1997-08-12,8:55,-3.14117,35.50233,B070,18,A-088,right,A
1997-08-12,9:29,-3.14117,35.50233,B070,17,,right,A
1997-08-12,9:34,-3.14117,35.50233,B070,15,A-093,right,A
1997-08-12,9:34,-3.14117,35.50233,B070,16,A-093,right,A
1997-08-12,10:42,-3.20400,35.60250,B070,14,,right,N
1997-08-12,17:21,-3.16400,35.61233,B070,12,M-103,right,M
1997-08-12,17:21,-3.16400,35.61233,B070,10,M-103,left,M
1997-08-12,17:21,-3.16400,35.61233,B070,11,M-104,right,M
1997-08-12,17:21,-3.16400,35.61233,B070,13,M-104,left,M
1997-08-12,17:34,-3.16400,35.61233,B070,8,M-098,right,M
1997-08-12,17:34,-3.16400,35.61233,B070,2,M-100,right,M
1997-08-12,17:34,-3.16400,35.61233,B070,9,M-100,left,M
1997-08-12,17:34,-3.16400,35.61233,B070,4,M-101,right,M
1997-08-12,17:34,-3.16400,35.61233,B070,5,M-101,left,M
1997-08-12,17:34,-3.16400,35.61233,B070,6,M-102,right,M
1997-08-12,17:34,-3.16400,35.61233,B070,7,M-102,left,M
1997-08-12,17:52,-3.16400,35.61233,B070,3,M-105,right,M
1997-08-12,17:52,-3.16400,35.61233,B070,1,M-106,right,M
1997-08-13,9:38,-3.18150,35.58300,B071,36,L-096,right,L
1997-08-13,9:38,-3.18150,35.58300,B071,E,L-096,left,L
1997-08-13,10:00,-3.18150,35.58300,B071,35,L-097,right,L
1997-08-25,17:47,-3.19567,35.57400,B071,21,M-047,left,L
1997-08-28,10:00,-3.20350,35.60200,B071,16,N-082,right,N
1997-08-28,10:00,-3.20350,35.60200,B071,14,N-082,left,N
1997-08-28,10:00,-3.20350,35.60200,B071,17,N-083,right,N
1997-08-28,10:00,-3.20350,35.60200,B071,15,N-083,left,N
1997-08-30,6:53,-3.16400,35.61233,B071,11,M-017,right,M
1997-09-02,8:12,-3.19567,35.57367,B071,10,A-049,right,L
1997-09-02,10:23,-3.16000,35.61983,B071,8,M-046,left,M
1997-09-29,9:10,-3.13933,35.49833,B072,E,A-018,right,A
1997-09-29,11:39,-3.23083,35.53833,B072,35,S-001,right,S
1997-09-29,11:39,-3.23083,35.53833,B072,36,S-040,right,S
1997-10-05,17:17,-3.15517,35.54950,B072,24,A-057,right,E
1997-10-05,17:17,-3.15517,35.54950,B072,28,A-057,right,E
1997-10-05,17:17,-3.15517,35.54950,B072,25,A-057,left,E
1997-10-05,17:17,-3.15517,35.54950,B072,27,E-041,right,E
1997-10-05,17:17,-3.15517,35.54950,B072,26,E-041,left,E
1997-10-05,17:17,-3.15517,35.54950,B072,28,,right,X
1997-10-05,17:44,-3.15483,35.55683,B072,16,A-052,right,E
1997-10-05,17:44,-3.15483,35.55683,B072,17,A-052,right,E
1997-10-05,17:44,-3.15483,35.55683,B072,18,A-052,left,E
1997-10-05,17:44,-3.15483,35.55683,B072,13,E-045,right,E
1997-10-05,17:44,-3.15483,35.55683,B072,14,E-045,right,E
1997-10-05,17:44,-3.15483,35.55683,B072,15,E-045,left,E
1997-10-05,17:44,-3.15483,35.55683,B072,22,M-042,right,E
1997-10-05,17:44,-3.15483,35.55683,B072,21,M-042,left,E
1997-10-05,17:48,-3.15483,35.55683,B072,19,E-040,right,E
1997-10-05,17:48,-3.15483,35.55683,B072,20,E-040,left,E
1997-10-05,18:06,-3.15117,35.56000,B072,10,E-005,right,E
1997-10-05,18:06,-3.15117,35.56000,B072,8,E-005,left,E
1997-10-05,18:06,-3.15117,35.56000,B072,11,E-043,right,E
1997-10-05,18:06,-3.15117,35.56000,B072,12,E-043,right,E
1997-10-05,18:06,-3.15117,35.56000,B072,9,E-043,left,E
1997-10-05,18:19,-3.14767,35.56850,B072,7,E-003,left,E
1997-10-05,18:22,-3.14767,35.56883,B072,6,E-004,left,E
1997-10-06,9:50,-3.15400,35.55733,B072,3,E-046,right,E
1997-10-06,9:50,-3.15400,35.55733,B072,4,E-046,left,E
1997-10-06,9:50,-3.15400,35.55733,B072,5,E-046,left,E
1997-10-06,10:00,-3.15467,35.55583,B073,36,E-003,right,E
1997-10-06,10:00,-3.15467,35.55583,B072,1,E-003,left,E
1997-10-06,10:00,-3.15467,35.55583,B073,E,E-005,right,E
1997-10-06,10:00,-3.15467,35.55583,B072,2,E-005,left,E
1997-10-07,7:42,-3.13400,35.63600,B073,34,C-040,right,C
1997-10-07,7:42,-3.13400,35.63600,B073,35,C-040,right,C
1997-10-07,7:42,-3.13400,35.63600,B073,33,C-040,left,C
1997-10-07,9:16,-3.15083,35.56000,B073,32,E-045,left,E
1997-10-07,9:33,-3.15333,35.55750,B073,31,E-005,right,E
1997-10-07,9:33,-3.15333,35.55750,B073,29,E-005,left,E
1997-10-07,9:33,-3.15333,35.55750,B073,30,E-005,left,E
1997-10-10,17:28,-3.15483,35.54667,B073,27,E-003,right,E
1997-10-10,17:28,-3.15483,35.54667,B073,28,E-003,left,E
1997-10-10,17:28,-3.15483,35.54667,B073,23,E-043,right,E
1997-10-10,17:28,-3.15483,35.54667,B073,26,E-080,right,E
1997-10-10,17:28,-3.15483,35.54667,B073,24,E-080,left,E
1997-10-10,17:28,-3.15483,35.54667,B073,25,E-080,left,E
1997-10-10,17:47,-3.15433,35.55600,B073,19,E-083,right,E
1997-10-10,17:47,-3.15433,35.55600,B073,20,E-083,right,E
1997-10-10,17:47,-3.15433,35.55600,B073,21,E-083,left,E
1997-10-10,17:47,-3.15433,35.55600,B073,22,E-083,left,E
1997-10-11,16:52,-3.14767,35.56867,B073,16,E-004,right,E
1997-10-11,16:52,-3.14767,35.56867,B073,17,E-004,left,E
1997-10-11,16:52,-3.14767,35.56867,B073,18,E-004,left,E
1997-10-11,17:00,-3.15350,35.55783,B073,15,E-043,right,E
1997-10-11,17:05,-3.15583,35.55583,B073,11,E-005,right,E
1997-10-11,17:05,-3.15583,35.55583,B073,12,E-005,left,E
1997-10-11,17:05,-3.15583,35.55583,B073,14,E-045,right,E
1997-10-11,17:05,-3.15583,35.55583,B073,13,E-045,left,E
1997-10-12,7:27,-3.16200,35.61533,B073,10,M-088,left,M
1997-10-13,8:21,-3.13167,35.52150,B073,3,A-019,right,A
1997-10-13,17:55,-3.18033,35.56867,B074,32,L-097,left,L
1997-10-13,18:09,-3.18033,35.56867,B074,31,L-102,left,L
1997-10-19,6:55,-3.16200,35.61533,B074,30,M-088,left,M
1997-10-20,16:20,-3.17133,35.53583,B074,29,A-085,right,A
1997-10-20,16:20,-3.17133,35.53583,B074,28,A-085,left,A
1997-10-20,17:00,-3.14767,35.56867,B074,27,E-080,right,E
1997-10-20,17:00,-3.14767,35.56867,B074,24,E-084,right,E
1997-10-20,17:00,-3.14767,35.56867,B074,26,E-084,right,E
1997-10-20,17:07,-3.14767,35.56867,B074,25,E-004,right,E
1997-10-20,17:07,-3.14767,35.56867,B074,23,E-004,left,E
1997-10-20,17:47,-3.18033,35.56867,B074,22,L-012,left,L
1997-10-21,8:08,-3.17850,35.56850,B074,21,L-094,right,L
1997-10-21,15:00,-3.19983,35.60250,B074,20,N-046,right,N
1997-10-21,15:00,-3.19983,35.60250,B074,18,N-046,left,N
1997-10-21,15:00,-3.19983,35.60250,B074,19,N-046,left,N
1997-10-21,15:05,-3.20350,35.60200,B074,13,N-082,right,N
1997-10-21,15:05,-3.20350,35.60200,B074,16,N-082,left,N
1997-10-21,15:05,-3.20350,35.60200,B074,15,N-083,right,N
1997-10-21,15:05,-3.20350,35.60200,B074,17,N-083,left,N
1997-10-21,15:08,-3.20350,35.60200,B074,14,N-008,right,N
1998-01-18,6:31,-3.18917,35.60200,B075,E,A-049,left,L
1998-01-18,17:18,-3.16400,35.61233,B075,36,M-115,right,M
1998-01-18,17:18,-3.16400,35.61233,B075,35,M-115,left,M
1998-01-20,6:25,-3.14817,35.64950,B075,33,C-001,right,C
1998-01-20,6:25,-3.14817,35.64950,B075,34,C-001,right,C
1998-01-20,6:25,-3.14817,35.64950,B075,32,C-001,left,C
1998-01-20,6:25,-3.14817,35.64950,B075,28,C-082,right,C
1998-01-20,6:25,-3.14817,35.64950,B075,29,C-082,right,C
1998-01-20,6:25,-3.14817,35.64950,B075,30,C-082,right,C
1998-01-20,6:25,-3.14817,35.64950,B075,31,C-082,right,C
1998-01-20,10:55,-3.20000,35.60517,B075,26,N-044,right,N
1998-01-20,10:55,-3.20000,35.60517,B075,27,N-044,left,N
1998-01-25,6:16,-3.14983,35.64817,A,6,,right,C
1998-01-25,6:16,-3.14983,35.64817,A,7,,right,C
1998-01-25,6:16,-3.14983,35.64817,A,8,,right,C
1998-01-25,6:16,-3.14983,35.64817,A,9,,right,C
1998-01-25,8:04,-3.18617,35.60350,B075,14,L-082,right,L
1998-01-28,8:24,-3.19317,35.59767,B075,1,L-086,left,L
1998-02-02,6:49,-3.16700,35.61050,B076,13,L-045,right,M
1998-02-02,6:49,-3.16700,35.61050,B076,10,L-045,left,M
1998-02-02,6:49,-3.16700,35.61050,B076,11,L-045,left,M
1998-02-02,6:49,-3.16700,35.61050,B076,12,L-045,left,M
1998-02-02,18:12,-3.16200,35.61533,B076,8,M-113,left,M
1998-02-02,18:12,-3.16200,35.61533,B076,9,M-114,right,M
1998-02-03,6:46,-3.18533,35.61083,B076,6,L-089,right,L
1998-02-03,6:46,-3.18533,35.61083,B076,7,L-089,right,L
1998-02-16,8:57,-3.19517,35.59967,B077,36,L-009,right,L
1998-02-16,8:57,-3.19517,35.59967,B077,E,L-009,left,L
1998-02-17,15:31,-3.14383,35.62283,B077,18,M-106,right,M
1998-02-17,15:31,-3.14383,35.62283,B077,19,M-106,left,M
1998-02-23,7:32,-3.18533,35.60683,B077,14,L-047,left,L
1998-02-23,7:32,-3.18533,35.60683,B077,15,L-047,left,L
1998-03-16,18:14,-3.15383,35.62883,B077,6,M-106,right,M
1998-03-16,18:14,-3.15383,35.62883,B077,7,M-106,left,M
1998-03-17,7:55,-3.17100,35.59417,B077,5,L-087,left,L
1998-03-19,7:03,-3.15817,35.62217,B077,4,M-103,left,M
1998-03-19,7:08,-3.15817,35.62217,B077,3,M-014,left,M
1998-03-19,7:36,-3.15817,35.62217,B077,2,M-005,right,M
1998-03-20,6:26,-3.14850,35.64967,B078,15,C-001,right,C
1998-03-20,6:26,-3.14850,35.64967,B078,16,C-001,left,C
1998-03-20,6:26,-3.14850,35.64967,B078,22,C-001,left,C
1998-03-20,6:26,-3.14850,35.64967,B078,29,C-002,right,C
1998-03-20,6:26,-3.14850,35.64967,B078,30,C-002,right,C
1998-03-20,6:26,-3.14850,35.64967,B078,26,C-002,left,C
1998-03-20,6:26,-3.14850,35.64967,B078,31,C-002,left,C
1998-03-20,6:26,-3.14850,35.64967,B078,36,C-002,left,C
1998-03-20,6:26,-3.14850,35.64967,B078,20,C-003,right,C
1998-03-20,6:26,-3.14850,35.64967,B078,17,C-003,left,C
1998-03-20,6:26,-3.14850,35.64967,B078,35,C-003,left,C
1998-03-20,6:26,-3.14850,35.64967,B077,1,C-003,left,C
1998-03-20,6:26,-3.14850,35.64967,B078,23,C-040,left,C
1998-03-20,6:26,-3.14850,35.64967,B078,25,C-041,right,C
1998-03-20,6:26,-3.14850,35.64967,B078,32,C-041,right,C
1998-03-20,6:26,-3.14850,35.64967,B078,21,C-041,left,C
1998-03-20,6:26,-3.14850,35.64967,B078,28,C-042,right,C
1998-03-20,6:26,-3.14850,35.64967,B078,E,C-042,right,C
1998-03-20,6:26,-3.14850,35.64967,B078,18,C-042,left,C
1998-03-20,6:26,-3.14850,35.64967,B078,33,C-080,right,C
1998-03-20,6:26,-3.14850,35.64967,B078,27,C-080,left,C
1998-03-20,6:26,-3.14850,35.64967,B078,34,C-081,right,C
1998-03-20,6:26,-3.14850,35.64967,B078,19,C-081,left,C
1998-03-21,9:01,-3.17233,35.50933,B078,8,S-043,right,A
1998-03-21,9:01,-3.17233,35.50933,B078,9,S-043,left,A
1998-03-21,9:01,-3.17233,35.50933,B078,12,S-043,left,A
1998-03-21,9:18,-3.17317,35.50717,B078,10,A-054,right,A
1998-03-21,9:18,-3.17317,35.50717,B078,11,A-054,left,A
1998-03-30,7:04,-3.16450,35.61517,B079,36,M-042,right,E
1998-03-30,7:04,-3.16450,35.61517,B079,35,M-042,left,E
1998-03-30,9:35,-3.15883,35.63267,B079,34,M-081,left,M
1998-04-01,7:53,-3.17083,35.60400,B079,32,A-057,right,E
1998-04-01,7:53,-3.17083,35.60400,B079,33,A-057,left,E
1998-04-01,8:02,-3.16933,35.59700,B079,30,L-090,right,L
1998-04-01,8:02,-3.16933,35.59700,B079,31,L-090,left,L
1998-04-01,8:54,-3.16250,35.61667,B079,26,M-042,right,E
1998-04-01,8:54,-3.16250,35.61667,B079,25,M-042,left,E
1998-04-01,9:12,-3.14717,35.61650,B079,24,E-040,right,E
1998-04-01,9:12,-3.14717,35.61650,B079,22,E-040,left,E
1998-04-01,9:12,-3.14717,35.61650,B079,23,E-040,left,E
1998-04-02,6:40,-3.15350,35.62767,B079,20,N-046,right,M
1998-04-02,6:40,-3.15350,35.62767,B079,21,N-046,left,M
1998-04-03,17:46,-3.19000,35.60667,B079,17,L-090,right,L
1998-04-11,7:56,-3.13933,35.62400,B079,10,E-043,right,E
1998-04-11,7:56,-3.13933,35.62400,B079,11,E-043,left,E
1998-04-11,17:32,-3.18783,35.58417,B079,9,L-086,left,L
1998-04-11,17:35,-3.18783,35.58417,B079,8,L-096,left,L
1998-04-12,17:24,-3.18750,35.60167,B079,6,A-041,right,L
1998-04-12,17:24,-3.18750,35.60167,B079,7,A-041,left,L
1998-05-06,16:53,-3.18850,35.58467,B080,31,L-100,left,L
1998-05-06,16:53,-3.18850,35.58467,B080,32,L-100,left,L
1998-05-07,7:35,-3.17117,35.63967,B080,30,E-044,left,E
1998-05-24,6:37,-3.15750,35.61667,B080,9,M-081,right,M
1998-05-24,6:37,-3.15750,35.61667,B080,12,M-081,right,M
1998-05-24,6:37,-3.15750,35.61667,B080,11,M-081,left,M
1998-05-24,6:37,-3.15750,35.61667,B080,14,M-088,right,M
1998-05-24,6:37,-3.15750,35.61667,B080,13,M-091,right,M
1998-05-24,6:37,-3.15750,35.61667,B080,16,M-091,left,M
1998-05-24,6:37,-3.15750,35.61667,B080,15,M-092,right,M
1998-05-24,6:37,-3.15750,35.61667,B080,17,M-092,left,M
1998-05-24,6:37,-3.15750,35.61667,B080,10,N-042,right,M
1998-05-27,8:52,-3.17450,35.59533,B080,5,L-101,left,L
1998-05-27,18:19,-3.17450,35.59533,B080,4,L-082,left,L
1998-06-03,17:26,-3.17450,35.59533,B080,1,L-084,right,L
1998-06-03,17:26,-3.17450,35.59533,B080,0,L-084,left,L
1998-06-10,14:41,-3.18067,35.59417,B081,28,T-040,right,T
1998-06-10,14:41,-3.18067,35.59417,B081,29,T-040,right,T
1998-06-10,14:41,-3.18067,35.59417,B081,30,T-040,left,T
1998-06-17,17:30,-3.20350,35.60200,B081,26,N-091,right,N
1998-06-17,17:30,-3.20350,35.60200,B081,25,N-092,right,N
1998-06-17,17:30,-3.20350,35.60200,B081,26,N-092,left,N
1998-06-20,7:12,-3.16117,35.61717,B081,24,A-057,right,E
1998-06-21,6:47,-3.14583,35.61850,B081,19,A-052,right,E
1998-06-21,6:47,-3.14583,35.61850,B081,20,E-046,right,E
1998-07-18,7:36,-3.17483,35.60950,B081,12,M-097,right,M
1998-07-18,7:36,-3.17483,35.60950,B081,11,M-097,left,M
1998-07-18,9:05,-3.17383,35.61033,B081,9,M-106,right,M
1998-07-18,9:05,-3.17383,35.61033,B081,10,M-106,right,M
1998-07-20,8:19,-3.17467,35.62917,B081,7,M-014,right,M
1998-07-20,8:19,-3.17467,35.62917,B081,6,M-082,right,M
1998-07-20,8:19,-3.17467,35.62917,B081,8,M-084,left,M
1998-08-07,7:40,-3.17133,35.60717,B082,31,M-008,right,M
1998-08-07,7:40,-3.17133,35.60717,B082,32,M-008,right,M
1998-08-07,7:40,-3.17133,35.60717,A,23,M-008,right,M
1998-08-07,7:40,-3.17133,35.60717,B082,33,M-008,left,M
1998-08-07,7:40,-3.17133,35.60717,B082,43,M-008,left,M
1998-08-07,7:40,-3.17133,35.60717,B082,35,M-008,left,M
1998-08-07,7:40,-3.17133,35.60717,B082,36,M-008,left,M
1998-08-07,7:40,-3.17133,35.60717,A,20,M-008,left,M
1998-08-07,7:40,-3.17133,35.60717,A,21,M-008,left,M
1998-08-07,7:40,-3.17133,35.60717,A,22,M-008,left,M
1998-08-09,6:39,-3.19933,35.59833,B082,29,T-040,right,T
1998-08-09,8:04,-3.20350,35.60200,B082,28,N-082,left,N
1998-08-09,8:32,-3.20350,35.60200,B082,24,N-083,right,N
1998-08-09,8:32,-3.20350,35.60200,B082,27,N-083,left,N
1998-08-09,8:32,-3.20350,35.60200,B082,25,N-087,left,N
1998-08-09,8:32,-3.20350,35.60200,B082,26,N-087,left,N
1998-08-10,8:55,-3.18433,35.50150,B082,23,A-042,right,A
1998-08-10,8:56,-3.18433,35.50150,B082,22,A-009,right,A
1998-08-10,8:56,-3.18433,35.50150,B082,21,A-009,left,A
1998-08-10,8:56,-3.18433,35.50150,B083,35,A-009,left,A
1998-08-10,8:56,-3.18433,35.50150,B082,13,A-040,right,A
1998-08-10,8:56,-3.18433,35.50150,B082,12,A-040,left,A
1998-08-10,8:56,-3.18433,35.50150,B082,14,A-051,right,A
1998-08-10,8:56,-3.18433,35.50150,B082,15,A-051,left,A
1998-08-10,8:56,-3.18433,35.50150,B083,33,A-081,right,A
1998-08-10,8:56,-3.18433,35.50150,B083,30,A-081,left,A
1998-08-10,8:56,-3.18433,35.50150,B083,32,A-081,left,A
1998-08-10,8:56,-3.18433,35.50150,B082,3,A-084,right,A
1998-08-10,8:56,-3.18433,35.50150,B083,36,A-084,left,A
1998-08-10,8:56,-3.18433,35.50150,B082,1,A-085,right,A
1998-08-10,8:56,-3.18433,35.50150,B082,0,A-085,left,A
1998-08-10,8:56,-3.18433,35.50150,B082,11,A-085,left,A
1998-08-10,8:56,-3.18433,35.50150,B082,19,A-087,right,A
1998-08-10,8:56,-3.18433,35.50150,B082,18,A-087,left,A
1998-08-10,8:56,-3.18433,35.50150,B083,31,A-087,left,A
1998-08-10,8:56,-3.18433,35.50150,B082,20,A-089,right,A
1998-08-10,8:56,-3.18433,35.50150,B083,34,A-089,right,A
1998-08-10,8:56,-3.18433,35.50150,A084,4,A-089,left,A
1998-08-10,8:56,-3.18433,35.50150,B082,10,M-053,right,A
1998-08-10,8:56,-3.18433,35.50150,B082,16,M-053,right,A
1998-08-10,8:56,-3.18433,35.50150,B082,17,M-053,left,A
1998-08-19,17:47,-3.18150,35.57050,B083,23,A-084,right,L
1998-08-19,17:47,-3.18150,35.57050,B083,24,A-084,left,L
1998-08-20,8:32,-3.16383,35.57317,B083,22,E-041,right,E
1998-09-11,10:40,-3.17400,35.54900,A084,1,,right,A
1998-09-11,10:40,-3.17400,35.54900,A084,36,,left,A
1998-09-11,11:00,-3.17300,35.54583,B083,15,A-087,right,A
1998-09-11,11:00,-3.17300,35.54583,B083,16,A-087,right,A
1998-09-11,11:00,-3.17300,35.54583,B083,17,A-087,left,A
1998-09-11,11:00,-3.17300,35.54583,B083,18,A-087,left,A
1998-09-11,11:25,-3.17383,35.54900,B083,14,A-045,right,A
1998-09-11,11:40,-3.16917,35.55033,B083,12,A-011,left,A
1998-09-11,11:40,-3.16917,35.55033,B083,13,A-011,left,A
1998-09-11,12:50,-3.17283,35.54583,A084,2,M-041,right,A
1998-09-11,12:50,-3.17283,35.54583,B083,9,M-041,left,A
1998-09-11,12:50,-3.17283,35.54583,B083,10,M-041,left,A
1998-09-11,12:50,-3.17283,35.54583,B083,11,M-041,left,A
1998-09-11,13:04,-3.17650,35.55550,B083,0,A-018,right,A
1998-09-11,13:04,-3.17650,35.55550,B083,8,A-018,right,A
1998-09-11,13:04,-3.17650,35.55550,B083,7,A-018,left,A
1998-09-11,15:00,-3.17333,35.54700,B083,6,A-084,left,L
1998-09-11,16:05,-3.17533,35.55317,B083,5,A-045,right,A
1998-09-11,16:05,-3.17533,35.55317,B083,1,A-045,left,A
1998-09-11,16:05,-3.17533,35.55317,B083,4,A-045,left,A
1998-09-11,16:15,-3.17400,35.55183,B083,2,L-082,left,L
1998-09-11,16:15,-3.17400,35.55183,B083,3,L-082,left,L
1998-09-12,11:48,-3.17367,35.54700,B083,0,A-018,left,A
1998-09-12,11:48,-3.17367,35.54700,A084,1,A-018,left,A
1998-09-12,11:48,-3.17367,35.54700,A084,6,A-018,left,A
1998-09-13,7:30,-3.16067,35.57583,A084,7,E-045,right,E
1998-09-14,7:15,-3.14100,35.57233,A084,11,E-043,right,E
1998-09-14,7:15,-3.14100,35.57233,A084,12,E-043,left,E
1998-09-14,12:00,,,A084,13,A-008,left,A
1998-09-14,12:00,,,A084,14,A-008,left,A
1998-09-14,12:00,,,A084,15,A-008,left,A
1998-09-14,12:00,,,A084,16,A-008,left,A
1998-09-14,12:55,-3.17100,35.52433,A084,20,A-015,right,A
1998-09-14,12:55,-3.17100,35.52433,A084,18,A-041,left,L
1998-09-14,12:55,-3.17100,35.52433,A084,19,A-080,right,A
1998-09-14,12:55,-3.17100,35.52433,A084,17,A-080,left,A
1998-09-14,14:11,-3.17100,35.52433,A084,22,A-016,right,A
1998-09-14,14:11,-3.17100,35.52433,A084,21,A-016,left,A
1998-09-14,15:20,-3.17100,35.52433,A084,24,A-015,left,A
1998-09-14,15:20,-3.17100,35.52433,A084,23,A-041,left,L
1998-09-14,16:00,-3.17100,35.52433,A084,29,A-010,right,A
1998-09-14,16:00,-3.17100,35.52433,A084,27,A-080,right,A
1998-09-14,16:00,-3.17100,35.52433,A084,28,A-080,left,A
1998-09-14,16:00,-3.17100,35.52433,A084,26,A-081,right,A
1998-09-14,16:00,-3.17100,35.52433,A084,25,A-081,left,A
1998-09-14,17:41,-3.17100,35.52433,A084,30,A-041,left,L
1998-09-15,7:59,-3.22183,35.56583,A084,34,A-049,right,L
1998-09-15,7:59,-3.22183,35.56583,B085,30,A-049,left,L
1998-09-15,7:59,-3.22183,35.56583,B085,33,A-049,left,L
1998-09-15,7:59,-3.22183,35.56583,B085,36,A-049,left,L
1998-09-15,7:59,-3.22183,35.56583,A084,32,A-085,right,A
1998-09-15,7:59,-3.22183,35.56583,A084,31,A-085,left,A
1998-09-15,7:59,-3.22183,35.56583,A084,33,S-040,right,S
1998-09-15,7:59,-3.22183,35.56583,B085,29,S-040,left,S
1998-09-15,7:59,-3.22183,35.56583,B085,35,S-040,left,S
1998-09-15,7:59,-3.22183,35.56583,A084,36,S-080,right,S
1998-09-15,7:59,-3.22183,35.56583,A084,35,S-080,left,S
1998-09-15,7:59,-3.22183,35.56583,B085,31,T-040,right,S
1998-09-15,7:59,-3.22183,35.56583,B085,32,T-040,left,S
1998-09-15,7:59,-3.22183,35.56583,B085,34,T-040,left,S
1998-09-18,8:54,-3.22433,35.56250,B085,28,S-019,right,S
1998-09-18,8:54,-3.22433,35.56250,B085,14,S-019,left,S
1998-09-18,8:54,-3.22433,35.56250,B085,26,S-019,left,S
1998-09-18,8:54,-3.22433,35.56250,B085,24,S-080,right,S
1998-09-18,8:54,-3.22433,35.56250,B085,27,S-080,right,S
1998-09-18,8:54,-3.22433,35.56250,B085,25,S-080,left,S
1998-09-19,7:53,-3.14117,35.62483,B085,13,M-102,right,M
1998-09-21,7:43,-3.20183,35.56333,B085,11,L-083,left,L
1998-09-22,8:43,-3.14450,35.57483,B085,10,E-006,right,E
1998-09-22,8:43,-3.14450,35.57483,B085,8,E-006,left,E
1998-09-22,8:43,-3.14450,35.57483,B085,9,E-006,left,E
1998-10-03,9:46,-3.22317,35.54383,B086,35,S-018,right,S
1998-10-03,9:46,-3.22317,35.54383,B086,36,S-018,right,S
1998-10-03,10:14,-3.22317,35.54383,B086,33,X-012,right,X
1998-10-03,10:14,-3.22317,35.54383,B086,34,X-012,right,X
1998-10-04,8:35,-3.14133,35.49733,B086,32,A-100,left,A
1998-10-04,17:47,-3.14833,35.56683,B086,31,E-003,right,E
1998-10-04,17:47,-3.14833,35.56683,B086,29,E-003,left,E
1998-10-04,17:47,-3.14833,35.56683,B086,30,E-003,left,E
1998-10-05,8:30,-3.21117,35.50050,B086,24,S-042,right,F
1998-10-05,8:30,-3.21117,35.50050,B086,21,S-042,left,F
1998-10-05,8:30,-3.21117,35.50050,B086,23,S-042,left,F
1998-10-05,8:35,-3.21117,35.50050,B086,27,F-002,right,F
1998-10-05,8:35,-3.21117,35.50050,B086,28,F-002,right,F
1998-10-05,8:35,-3.21117,35.50050,B086,25,F-043,right,F
1998-10-05,8:35,-3.21117,35.50050,B086,26,F-043,right,F
1998-10-05,8:35,-3.21117,35.50050,B086,22,F-043,left,F
1998-10-05,9:40,-3.22767,35.55067,B086,20,T-006,right,T
1998-10-05,9:40,-3.22767,35.55067,B086,19,T-006,left,T
1998-10-06,17:53,-3.20350,35.60200,B086,16,N-094,right,N
1998-10-06,17:53,-3.20350,35.60200,B086,18,N-094,right,N
1998-10-06,17:54,-3.20350,35.60200,B086,17,N-093,right,N
1998-10-06,17:54,-3.20350,35.60200,B086,14,N-093,left,N
1998-10-06,17:56,-3.20350,35.60200,B086,15,N-087,left,N
1998-10-07,17:48,-3.20350,35.60200,B086,10,N-092,right,N
1998-10-07,17:48,-3.20350,35.60200,B086,13,N-092,left,N
1998-10-09,9:06,-3.20450,35.60500,B086,11,N-089,right,N
1998-10-09,9:06,-3.20450,35.60500,B086,12,N-089,left,N
1998-10-11,7:35,-3.14117,35.62483,B086,8,M-116,left,M
1998-10-11,7:35,-3.14117,35.62483,B086,9,M-117,left,M
1998-10-11,8:17,-3.13300,35.56333,B086,7,A-050,left,A
1998-10-13,7:22,-3.13967,35.57350,B086,6,A-057,right,E
1998-10-13,7:22,-3.13967,35.57350,B086,5,A-057,left,E
1998-10-13,7:41,-3.19083,35.56583,B086,4,A-016,right,A
1998-10-14,7:29,-3.14117,35.62483,B086,2,M-122,right,M
1998-10-14,7:29,-3.14117,35.62483,B086,3,M-122,left,M
1998-10-14,7:42,-3.14117,35.62483,B086,1,M-116,right,M
1998-10-21,6:51,-3.14600,35.56583,B087,26,E-004,left,E
1998-10-22,8:21,-3.17067,35.50933,B087,25,M-051,left,A
1998-10-27,6:38,-3.16200,35.52833,B087,24,M-053,right,A
1998-10-27,16:52,-3.22667,35.52867,B087,23,L-045,right,T
1998-10-28,6:52,-3.15400,35.62250,B087,22,M-104,left,M
1998-10-28,9:45,-3.18200,35.56917,B087,20,L-100,right,L
1998-10-28,9:45,-3.18200,35.56917,B087,21,L-100,left,L
1998-11-04,17:47,-3.14767,35.56933,B087,19,E-084,right,E
1998-11-04,17:47,-3.14767,35.56933,B087,18,E-084,left,E
1998-11-08,6:20,-3.15733,35.61817,B087,16,M-104,right,M
1998-11-08,6:20,-3.15733,35.61817,B087,17,M-104,left,M
1998-11-09,7:52,-3.19367,35.49883,B087,11,F-006,right,F
1998-11-09,7:52,-3.19367,35.49883,B087,12,F-006,left,F
1998-11-09,7:52,-3.19367,35.49883,B087,6,F-043,left,F
1998-11-09,7:52,-3.19367,35.49883,B087,9,F-044,left,F
1998-11-09,7:52,-3.19367,35.49883,B087,15,F-045,right,F
1998-11-09,7:52,-3.19367,35.49883,B087,13,F-045,left,F
1998-11-09,7:52,-3.19367,35.49883,B087,14,F-045,left,F
1998-11-09,7:52,-3.19367,35.49883,B087,4,F-080,right,F
1998-11-09,7:52,-3.19367,35.49883,B087,5,L-046,left,F
1998-11-09,7:52,-3.19367,35.49883,B087,10,L-046,left,F
1998-11-09,7:52,-3.19367,35.49883,B087,7,L-083,right,F
1998-11-09,7:52,-3.19367,35.49883,B087,8,L-083,left,F
1998-11-11,7:52,-3.15417,35.53150,B088,35,L-087,right,L
1998-11-11,7:52,-3.15417,35.53150,B088,36,L-087,right,L
1998-11-11,7:52,-3.15417,35.53150,B088,34,L-087,left,L
1998-11-12,7:01,-3.17067,35.52500,B088,31,A-054,right,A
1998-11-12,7:01,-3.17067,35.52500,B088,33,A-054,right,A
1998-11-12,7:01,-3.17067,35.52500,B088,32,A-054,left,A
1998-11-12,7:30,-3.17433,35.51700,B088,30,A-093,right,A
1998-11-12,7:30,-3.17433,35.51700,B088,29,A-093,left,A
1998-11-12,7:44,-3.17383,35.51283,B088,28,A-042,left,A
1998-11-12,9:16,-3.16717,35.50783,B088,27,A-081,right,A
1998-11-12,9:20,-3.17217,35.50817,B088,24,A-080,right,A
1998-11-12,9:20,-3.17217,35.50817,B088,25,A-080,left,A
1998-11-12,9:20,-3.17217,35.50817,B088,26,A-080,left,A
1998-11-12,18:03,-3.17917,35.57083,B088,23,L-111,right,L
1998-11-12,18:09,-3.17917,35.57083,B088,22,L-116,left,L
1998-11-13,9:52,-3.16950,35.52200,B088,21,M-051,left,A
1998-11-13,10:18,-3.19017,35.49567,B088,20,A-046,right,A
1998-11-13,10:18,-3.19017,35.49567,B088,19,A-046,left,A
1998-11-13,13:55,-3.21050,35.56467,B088,17,S-008,right,S
1998-11-13,13:55,-3.21050,35.56467,B088,18,S-008,left,S
1998-12-05,17:50,-3.16900,35.55850,B088,14,L-117,right,L
1998-12-05,17:50,-3.16900,35.55850,B088,15,L-117,left,L
1998-12-05,17:50,-3.16900,35.55850,B088,16,L-117,left,L
1998-12-06,7:58,-3.17350,35.55600,B088,12,A-046,right,L
1998-12-06,7:58,-3.17350,35.55600,B088,13,A-046,left,L
1998-12-06,18:06,-3.16900,35.55867,B088,0,L-119,left,L
1998-12-07,8:08,-3.16617,35.51233,B089,36,A-101,right,A
1998-12-07,8:08,-3.16617,35.51233,B089,35,A-101,left,A
1998-12-07,8:29,-3.16750,35.51300,B089,29,A-015,right,A
1998-12-07,8:29,-3.16750,35.51300,B089,30,A-015,right,A
1998-12-07,8:29,-3.16750,35.51300,B089,26,A-015,left,A
1998-12-07,8:29,-3.16750,35.51300,B089,28,A-081,right,A
1998-12-07,8:29,-3.16750,35.51300,B089,25,A-081,left,A
1998-12-07,8:29,-3.16750,35.51300,B089,34,,right,A
1998-12-07,8:41,-3.16750,35.51300,B089,33,A-085,right,A
1998-12-07,8:45,-3.16400,35.51533,B089,32,A-113,right,A
1998-12-07,8:45,-3.16400,35.51533,B089,31,A-113,left,A
1998-12-07,8:45,-3.16400,35.51533,B089,27,A-113,left,A
1998-12-09,9:16,-3.17617,35.51483,B089,23,L-093,right,L
1998-12-09,9:16,-3.17617,35.51483,B089,24,L-093,left,L
1998-12-09,9:35,-3.16800,35.51283,B089,20,A-040,right,A
1998-12-09,9:35,-3.16800,35.51283,B089,21,A-040,left,A
1998-12-09,9:35,-3.16800,35.51283,B089,19,A-093,left,A
1998-12-09,9:35,-3.16800,35.51283,B089,22,A-113,right,A
1998-12-09,17:44,-3.15850,35.60383,B089,15,M-120,right,M
1998-12-09,17:44,-3.15850,35.60383,B089,10,M-120,left,M
1998-12-09,17:45,-3.15850,35.60383,B089,7,M-122,right,M
1998-12-09,17:45,-3.15850,35.60383,B089,14,M-122,left,M
1998-12-09,17:46,-3.15850,35.60383,B089,8,M-119,right,M
1998-12-09,17:46,-3.15850,35.60383,B089,12,M-119,left,M
1998-12-09,17:46,-3.15850,35.60383,B089,11,M-121,right,M
1998-12-09,17:46,-3.15850,35.60383,B089,13,M-121,left,M
1998-12-09,17:50,-3.15850,35.60383,B089,6,M-113,right,M
1998-12-09,17:50,-3.15850,35.60383,B089,9,M-113,left,M
1998-12-10,6:43,-3.18783,35.61917,B089,3,N-094,right,N
1998-12-10,6:43,-3.18783,35.61917,B089,5,N-094,right,N
1998-12-10,6:43,-3.18783,35.61917,B089,1,N-094,left,N
1998-12-10,6:43,-3.18783,35.61917,B089,2,N-094,left,N
1998-12-10,6:43,-3.18783,35.61917,B089,4,N-094,left,N
1998-12-10,6:53,-3.18833,35.61467,B089,0,E-044,right,N
1998-12-10,6:53,-3.18833,35.61467,B090,36,E-044,left,N
1998-12-10,6:53,-3.18750,35.61717,B090,33,N-082,right,N
1998-12-10,6:53,-3.18750,35.61717,B090,34,N-082,left,N
1998-12-10,6:53,-3.18750,35.61717,B090,35,N-083,right,N
1998-12-10,6:53,-3.18750,35.61717,B090,31,N-087,right,N
1998-12-10,6:53,-3.18750,35.61717,B090,32,N-089,right,N
1998-12-10,6:53,-3.18750,35.61717,B090,29,N-089,left,N
1998-12-10,6:53,-3.18750,35.61717,B090,30,N-089,left,N
1998-12-10,10:24,-3.18500,35.61850,B090,28,M-081,right,M
1998-12-10,18:19,-3.14283,35.57183,B090,28,E-084,right,E
1998-12-11,7:04,-3.18700,35.49950,B090,27,F-004,right,F
1998-12-11,7:06,-3.18700,35.49950,B090,26,L-046,right,F
1998-12-11,7:10,-3.18817,35.49850,B090,25,F-005,left,F
1998-12-11,7:10,-3.18817,35.49850,B090,15,F-006,right,F
1998-12-11,7:10,-3.18817,35.49850,B090,22,F-006,right,F
1998-12-11,7:10,-3.18817,35.49850,B090,23,F-006,left,F
1998-12-11,7:10,-3.18817,35.49850,B090,21,F-007,right,F
1998-12-11,7:10,-3.18817,35.49850,B090,24,F-007,left,F
1998-12-11,7:20,-3.18917,35.49867,B090,20,L-083,left,F
1998-12-11,7:35,-3.18600,35.49800,B090,18,F-002,left,F
1998-12-11,7:35,-3.18600,35.49800,B090,19,F-040,left,F
1998-12-11,7:52,-3.19417,35.49350,B090,17,F-048,right,F
1998-12-11,17:39,-3.16900,35.55883,B090,14,L-108,right,L
1998-12-11,17:39,-3.16900,35.55883,B090,12,L-108,left,L
1998-12-11,17:41,-3.16900,35.55883,B090,13,L-117,right,L
1998-12-11,17:55,-3.16900,35.55883,B090,11,L-119,left,L
1998-12-12,7:39,-3.16633,35.51567,B090,10,A-113,left,A
1998-12-12,7:40,-3.16833,35.51383,B090,8,A-020,right,A
1998-12-12,7:40,-3.16833,35.51383,B090,7,A-081,left,A
1998-12-12,7:40,-3.16517,35.51517,B090,9,M-041,left,A
1998-12-12,18:13,-3.18600,35.49800,B090,6,,right,F
1998-12-12,18:13,-3.18600,35.49800,B090,5,,left,F
1998-12-13,8:13,-3.18267,35.49683,B090,4,F-004,right,F
1998-12-13,8:13,-3.18267,35.49683,B090,3,F-004,left,F
1998-12-13,8:20,-3.18250,35.49700,B090,1,F-006,right,F
1998-12-13,8:20,-3.18250,35.49700,B090,2,F-006,left,F
1998-12-13,9:42,-3.17083,35.52850,B090,1,A-089,left,A
1998-12-13,10:32,-3.17383,35.54650,B091,35,A-046,right,L
1998-12-13,10:32,-3.17383,35.54650,B091,36,A-046,left,L
1998-12-13,10:32,-3.17383,35.54650,B091,34,A-084,right,L
1998-12-14,16:13,-3.14183,35.57017,B091,33,E-004,right,E
1998-12-15,8:08,-3.15783,35.49350,B091,31,A-102,left,A
1998-12-15,9:20,-3.17133,35.50933,B091,30,S-008,right,S
1998-12-15,9:20,-3.17133,35.50933,B091,28,S-008,left,S
1998-12-15,9:20,-3.17133,35.50933,B091,29,S-008,left,S
1998-12-16,7:53,-3.13833,35.50467,B091,22,A-093,left,A
1998-12-16,18:02,-3.13600,35.58783,B091,20,E-083,left,E
1998-12-17,8:04,-3.16517,35.51467,B091,17,A-089,right,A
1998-12-17,8:04,-3.16517,35.51467,B091,14,A-089,left,A
1998-12-17,8:04,-3.16517,35.51467,B091,15,A-100,left,A
1998-12-17,8:04,-3.16517,35.51467,B091,16,A-100,left,A
1998-12-17,11:00,-3.17083,35.52633,B091,10,S-080,right,S
1998-12-17,11:00,-3.17083,35.52633,B091,13,S-080,right,S
1998-12-17,11:00,-3.17083,35.52633,B091,11,S-080,left,S
1998-12-17,11:00,-3.17083,35.52633,B091,12,S-080,left,S
1998-12-17,12:03,-3.17083,35.52917,B091,9,S-018,right,S
1998-12-17,12:03,-3.17083,35.52917,B091,8,S-018,left,S
1998-12-17,15:48,-3.16350,35.51350,B091,5,A-020,left,A
1998-12-17,15:48,-3.16350,35.51350,B091,6,A-020,left,A
1998-12-17,15:48,-3.16350,35.51350,B091,7,A-020,left,A
1998-12-17,16:40,-3.16150,35.51750,B091,4,A-089,right,A
1998-12-17,16:57,-3.15983,35.51683,B091,2,A-015,right,A
1998-12-17,16:57,-3.15983,35.51683,B091,3,A-015,right,A
1998-12-18,7:40,-3.14783,35.51600,B092,33,X-015,right,X
1998-12-18,7:40,-3.14783,35.51600,B092,34,X-015,right,X
1998-12-18,7:40,-3.14783,35.51600,B092,35,X-015,left,X
1998-12-18,7:40,-3.14783,35.51600,B092,36,X-015,left,X
1998-12-18,7:40,-3.14783,35.51600,B091,0,X-016,right,X
1998-12-18,7:40,-3.14783,35.51600,B091,1,X-016,left,X
1998-12-18,18:11,-3.15850,35.60383,B092,32,M-118,right,M
1998-12-19,18:11,-3.16900,35.55883,B092,31,L-119,right,L
1998-12-19,18:13,-3.16900,35.55883,B092,30,L-111,left,L
1998-12-21,7:06,-3.13800,35.51600,B092,29,A-100,right,A
1998-12-21,7:06,-3.13800,35.51600,B092,28,A-100,left,A
1998-12-21,8:45,-3.20333,35.52017,B092,27,S-042,left,F
1998-12-21,9:26,-3.23933,35.53217,B092,23,T-008,right,T
1998-12-21,9:26,-3.23933,35.53217,B092,24,T-008,right,T
1998-12-21,9:26,-3.23717,35.53200,B092,22,T-009,right,T
1998-12-21,9:26,-3.23717,35.53200,B092,25,T-009,left,T
1998-12-21,9:26,-3.23717,35.53200,B092,26,T-009,left,T
1998-12-22,7:15,-3.16900,35.55883,B092,18,L-114,right,L
1998-12-22,7:15,-3.16900,35.55883,B092,21,L-114,left,L
1998-12-22,7:38,-3.16900,35.55883,B092,20,L-112,right,L
1998-12-22,7:40,-3.16900,35.55883,B092,19,L-118,right,L
1998-12-22,10:02,-3.17450,35.54933,B092,12,A-046,right,L
1998-12-22,10:02,-3.17450,35.54933,B092,13,A-046,right,L
1998-12-22,10:02,-3.17450,35.54933,B092,15,A-046,right,L
1998-12-22,10:02,-3.17450,35.54933,B092,16,A-046,right,L
1998-12-22,10:02,-3.17450,35.54933,B092,11,A-046,left,L
1998-12-22,10:02,-3.17450,35.54933,B092,14,A-046,left,L
1998-12-22,10:02,-3.17450,35.54933,B092,17,A-046,left,L
1998-12-23,7:36,-3.15200,35.49167,B092,9,,right,A
1998-12-23,7:36,-3.15200,35.49167,B092,10,,right,A
1998-12-23,7:44,-3.14900,35.49300,B092,5,A-013,right,A
1998-12-23,7:44,-3.14900,35.49300,B092,6,A-013,left,A
1998-12-23,7:44,-3.14933,35.49367,B092,7,A-114,right,A
1998-12-23,7:44,-3.14933,35.49367,B092,8,A-114,left,A
1998-12-23,17:55,-3.16733,35.59100,B092,2,M-016,left,M
1999-04-03,7:27,-3.14133,35.62517,B093,35,M-125,right,M
1999-04-03,7:27,-3.14133,35.62517,B093,34,M-126,right,M
1999-04-03,7:27,-3.14133,35.62517,B093,36,M-126,left,M
1999-04-03,9:35,-3.18200,35.56917,B093,31,X-010,right,X
1999-04-03,9:35,-3.18200,35.56917,B093,32,X-010,left,X
1999-04-03,9:35,-3.18200,35.56917,B093,33,X-010,left,X
1999-04-03,9:45,-3.18667,35.56917,B093,29,L-105,right,L
1999-04-03,9:45,-3.18667,35.56917,B093,30,L-105,right,L
1999-04-03,9:45,-3.18667,35.56917,B093,28,L-105,left,L
1999-04-04,18:15,-3.18850,35.59100,B093,24,L-112,right,L
1999-04-04,18:15,-3.18850,35.59100,B093,23,L-112,left,L
1999-04-05,8:05,-3.17167,35.50950,B093,22,S-042,right,F
1999-04-05,8:05,-3.17167,35.50950,B093,21,S-042,left,F
1999-04-06,6:48,-3.15883,35.62350,B093,20,R-080,right,M
1999-04-06,6:48,-3.15883,35.62350,B093,19,R-080,left,M
1999-04-06,17:10,-3.18500,35.60817,B093,17,A-087,left,M
1999-04-06,17:10,-3.18500,35.60817,B093,18,A-087,left,M
1999-04-06,17:27,-3.19350,35.59817,B093,16,L-101,right,L
1999-04-11,7:14,-3.13500,35.61867,B093,14,M-117,right,M
1999-04-11,7:57,-3.14117,35.62483,B093,13,M-123,right,M
1999-04-11,17:56,-3.17833,35.56767,B093,12,L-108,right,L
1999-04-11,17:56,-3.17833,35.56767,B093,11,L-108,left,L
1999-04-12,9:38,-3.15683,35.59217,B093,9,,right,X
1999-04-12,9:38,-3.15683,35.59217,B093,10,,left,X
1999-04-13,9:21,-3.14683,35.61933,B093,8,M-114,right,M
1999-04-13,13:13,-3.19300,35.60367,B093,7,L-082,right,L
1999-04-13,18:15,-3.15033,35.61800,B093,0,M-128,right,M
1999-04-16,7:24,-3.13683,35.61817,B094,36,M-117,right,M
1999-04-17,8:11,-3.14433,35.61483,B094,28,M-118,right,M
1999-04-17,8:11,-3.14433,35.61483,B094,29,M-118,left,M
1999-04-17,8:11,-3.14433,35.61483,B094,30,M-118,left,M
1999-04-18,7:22,-3.18950,35.57183,B094,27,S-040,left,S
1999-04-18,7:22,-3.18950,35.57183,B094,26,T-040,left,S
1999-04-18,7:30,-3.19467,35.57267,B094,23,S-019,right,S
1999-04-18,7:30,-3.19467,35.57267,B094,25,S-019,right,S
1999-04-18,7:30,-3.19467,35.57267,B094,22,S-019,left,S
1999-04-18,7:30,-3.19467,35.57267,B094,24,S-019,left,S
1999-04-20,6:12,-3.12867,35.66017,B094,20,C-084,left,C
1999-04-20,6:12,-3.12867,35.66017,B094,21,C-084,left,C
1999-04-20,6:12,-3.12867,35.66017,B094,21,C-085,right,C
1999-04-23,6:48,-3.14867,35.53267,B094,14,X-013,right,X
1999-04-23,6:48,-3.14867,35.53267,B094,15,X-013,right,X
1999-04-23,6:48,-3.14867,35.53267,B094,12,X-013,left,X
1999-04-23,6:48,-3.14867,35.53267,B094,13,X-013,left,X
1999-04-25,6:46,-3.18100,35.59617,A095,33,L-101,right,L
1999-04-25,6:46,-3.18100,35.59617,A095,34,L-116,right,L
1999-04-25,8:25,-3.18150,35.58300,A095,36,L-120,right,L
1999-04-25,8:25,-3.18150,35.58300,A095,35,L-120,left,L
1999-04-26,6:50,-3.15100,35.63983,A095,29,M-119,right,M
1999-04-26,6:58,-3.15150,35.64000,A095,30,M-117,right,M
1999-04-26,7:46,-3.14933,35.64033,A095,31,M-114,right,M
1999-04-26,7:46,-3.14933,35.64033,A095,32,M-114,left,M
1999-05-04,7:55,-3.17833,35.59733,A095,28,A-093,right,A
1999-05-04,7:55,-3.17833,35.59733,A095,27,A-093,left,A
1999-05-06,18:20,-3.14983,35.58050,A095,0,E-088,left,E
1999-05-07,16:39,-3.17617,35.59300,B096,34,X-010,right,X
1999-05-07,16:39,-3.17617,35.59300,B096,33,X-010,left,X
1999-05-09,9:30,-3.17600,35.59733,B096,32,L-109,right,L
1999-05-09,9:30,-3.17600,35.59733,B096,31,L-109,left,L
1999-05-09,9:46,-3.17733,35.59250,B096,29,L-095,right,L
1999-05-09,9:46,-3.17733,35.59250,B096,30,L-095,left,L
1999-05-10,8:40,-3.18367,35.58767,B096,28,L-121,left,L
1999-05-12,7:07,-3.15033,35.61800,B096,25,M-125,right,M
1999-05-12,7:07,-3.15033,35.61800,B096,24,M-125,left,M
1999-05-12,7:07,-3.15033,35.61800,B096,27,M-126,right,M
1999-05-12,7:07,-3.15033,35.61800,B096,26,M-126,left,M
1999-05-13,6:32,-3.14683,35.62017,B096,23,M-114,left,M
1999-05-15,8:39,-3.17967,35.56967,B096,19,L-095,right,L
1999-05-15,8:45,-3.17983,35.55917,B096,20,A-084,right,L
1999-05-17,6:37,-3.19217,35.60117,B096,9,L-093,left,L
1999-05-19,18:05,-3.15683,35.59967,B096,7,F-045,right,F
1999-05-19,18:05,-3.15683,35.59967,B096,8,F-045,right,F
1999-05-20,7:27,-3.14050,35.62733,B096,4,M-120,right,M
1999-05-20,7:27,-3.14050,35.62733,B096,6,M-121,right,M
1999-05-20,7:27,-3.14050,35.62733,B096,5,M-121,left,M
1999-05-21,9:28,-3.18633,35.62717,B097,30,A-101,right,A
1999-05-21,9:28,-3.18633,35.62717,B097,31,A-101,left,A
1999-05-21,9:28,-3.18633,35.62717,B097,32,A-101,left,A
1999-05-22,6:20,-3.14917,35.64883,B097,29,C-043,left,C
1999-05-22,11:23,-3.16850,35.51283,B097,28,X-011,right,X
1999-05-22,11:23,-3.16850,35.51283,B097,26,X-011,left,X
1999-05-22,11:23,-3.16850,35.51283,B097,27,X-011,left,X
1999-05-23,7:50,-3.13817,35.62450,B097,25,M-051,left,A
1999-05-26,18:24,-3.13317,35.58150,B097,21,E-087,right,E
1999-05-26,18:24,-3.13317,35.58150,B097,24,E-087,left,E
1999-05-26,18:24,-3.13317,35.58150,B097,22,E-088,right,E
1999-05-26,18:24,-3.13317,35.58150,B097,23,E-088,left,E
1999-06-03,7:50,-3.19150,35.63117,B097,2,N-001,right,N
1999-06-03,7:50,-3.19150,35.63117,B097,4,N-087,right,N
1999-06-03,7:50,-3.19150,35.63117,B097,3,N-087,left,N
1999-06-04,8:36,-3.18433,35.56350,B098,36,L-102,right,L
1999-06-04,8:36,-3.18433,35.56350,B097,0,L-118,right,L
1999-06-05,17:47,-3.18983,35.58850,B098,35,L-105,left,L
1999-11-28,10:53,-3.16933,35.53850,B099,36,S-043,right,A
1999-11-28,10:53,-3.16933,35.53850,B099,35,S-043,left,A
1999-11-28,11:47,-3.15367,35.55633,B099,31,A-054,right,L
1999-11-28,11:47,-3.15367,35.55633,B099,33,L-093,right,L
1999-11-28,11:47,-3.15367,35.55633,B099,34,L-093,left,L
1999-11-28,11:47,-3.15433,35.55700,B099,30,L-095,right,L
1999-11-28,11:47,-3.15433,35.55700,B099,32,L-095,left,L
1999-11-28,17:57,-3.16133,35.56217,B099,29,L-122,right,L
1999-11-28,17:57,-3.16133,35.56217,B099,28,L-122,left,L
1999-11-29,7:15,-3.16133,35.56217,B099,25,L-084,right,L
1999-11-29,8:12,-3.16300,35.55817,B099,24,L-118,left,L
1999-11-29,8:55,-3.16300,35.55817,B099,21,L-108,right,L
1999-11-29,8:55,-3.16300,35.55817,B099,22,L-108,right,L
1999-11-29,8:55,-3.16300,35.55817,B099,20,L-108,left,L
1999-11-29,8:55,-3.16300,35.55817,B099,23,L-108,left,L
1999-11-29,9:24,-3.16333,35.55800,B099,19,L-112,left,L
1999-11-29,9:47,-3.16133,35.56217,B099,16,L-129,right,L
1999-11-29,9:47,-3.16133,35.56217,B099,18,L-129,left,L
1999-11-29,9:48,-3.16133,35.56217,B099,17,,right,L
1999-11-29,10:20,-3.17817,35.55217,B099,14,L-106,right,L
1999-11-29,10:20,-3.17817,35.55217,B099,15,L-106,left,L
1999-11-29,11:33,-3.15483,35.52000,B099,13,A-103,right,A
1999-11-29,11:33,-3.15483,35.52000,B099,10,A-103,left,A
1999-11-29,11:33,-3.15483,35.52000,B099,11,A-103,left,A
1999-11-29,11:35,-3.15483,35.52000,B099,6,A-016,right,A
1999-11-29,11:35,-3.15483,35.52000,B099,7,A-102,right,A
1999-11-29,11:35,-3.15483,35.52000,B099,12,A-102,left,A
1999-11-29,11:40,-3.15483,35.52000,B099,8,A-111,right,A
1999-11-29,11:40,-3.15483,35.52000,B099,9,A-111,left,A
1999-11-29,12:15,-3.14883,35.53517,B099,5,A-040,right,A
1999-11-29,12:15,-3.14883,35.53517,B099,4,A-040,left,A
1999-11-29,17:04,-3.17117,35.52533,B099,2,A-105,right,A
1999-11-29,17:04,-3.17117,35.52533,B099,3,A-105,left,A
1999-11-29,17:55,-3.17117,35.52533,B100,35,A-106,right,A
1999-11-29,17:55,-3.17117,35.52533,B099,1,A-106,left,A
1999-11-29,17:55,-3.17117,35.52533,B100,36,A-106,left,A
1999-11-29,18:00,-3.17050,35.52567,B099,0,A-102,right,A
1999-11-29,18:00,-3.17050,35.52567,B099,0,A-103,right,A
1999-11-30,9:20,-3.17250,35.55567,B100,34,L-100,right,L
1999-11-30,9:38,-3.17867,35.55800,B100,33,L-122,right,L
1999-12-01,7:07,-3.20283,35.63067,B100,30,N-094,right,N
1999-12-01,7:07,-3.20283,35.63067,B100,31,N-094,left,N
1999-12-01,7:07,-3.20283,35.63067,B100,32,T-080,left,N
1999-12-01,7:36,-3.20700,35.60267,B100,28,N-096,right,N
1999-12-01,7:36,-3.20700,35.60267,B100,26,N-096,left,N
1999-12-01,7:36,-3.20700,35.60267,B100,29,N-096,left,N
1999-12-01,7:36,-3.20700,35.60267,B100,27,N-097,left,N
1999-12-02,17:42,-3.14700,35.57450,B100,7,E-089,right,E
1999-12-02,17:47,-3.14700,35.57450,B100,3,E-088,right,E
1999-12-02,17:47,-3.14700,35.57450,B100,6,E-088,left,E
1999-12-02,17:50,-3.14700,35.57450,B100,4,E-087,right,E
1999-12-02,17:50,-3.14700,35.57450,B100,5,E-087,left,E
1999-12-03,7:50,-3.15783,35.49350,B100,2,A-006,left,A
1999-12-03,8:12,-3.15483,35.49250,B100,1,A-112,right,A
1999-12-03,8:12,-3.15483,35.49250,B101,36,A-112,right,A
1999-12-03,8:12,-3.15483,35.49250,B100,0,A-112,left,A
1999-12-03,8:36,-3.19467,35.49950,B101,35,F-084,right,F
1999-12-03,9:03,-3.19467,35.49950,B101,34,F-048,left,F
1999-12-03,10:07,-3.16500,35.51783,B101,33,A-102,right,A
1999-12-03,17:21,-3.15383,35.55933,B101,32,F-045,left,F
1999-12-05,8:08,-3.13967,35.57283,B101,27,E-085,right,E
1999-12-05,8:08,-3.13967,35.57283,B101,31,E-085,left,E
1999-12-05,8:08,-3.13967,35.57283,B101,28,E-086,right,E
1999-12-05,8:08,-3.13967,35.57283,B101,30,E-086,right,E
1999-12-05,8:08,-3.13967,35.57283,B101,29,E-086,left,E
1999-12-05,17:44,-3.17850,35.55233,B101,25,A-049,right,L
1999-12-05,17:44,-3.17850,35.55233,B101,26,A-049,right,L
1999-12-05,17:44,-3.17850,35.55233,B101,23,A-049,left,L
1999-12-05,17:44,-3.17850,35.55233,B101,24,A-049,left,L
1999-12-05,18:14,-3.16267,35.56550,B101,19,L-122,right,L
1999-12-05,18:14,-3.16267,35.56550,B101,20,L-122,left,L
1999-12-05,18:14,-3.16267,35.56550,B101,21,L-123,right,L
1999-12-05,18:14,-3.16267,35.56550,B101,22,L-123,left,L
1999-12-05,18:14,-3.16267,35.56550,B101,16,,right,L
1999-12-05,18:14,-3.16267,35.56550,B101,18,,left,L
1999-12-05,18:14,-3.16267,35.56550,B101,17,,left,L
1999-12-06,7:25,-3.16067,35.57750,B101,14,L-119,right,L
1999-12-06,7:25,-3.16067,35.57750,B101,15,L-119,left,L
1999-12-06,18:17,-3.16267,35.56550,B101,11,L-126,right,L
1999-12-06,18:17,-3.16267,35.56550,B101,12,L-126,left,L
1999-12-07,6:48,-3.13900,35.59933,B101,10,M-115,left,M
1999-12-07,7:03,-3.13917,35.59683,B101,9,M-136,right,M
1999-12-07,7:30,-3.13917,35.59683,B101,8,M-138,left,M
1999-12-07,9:00,-3.17017,35.53317,B101,2,A-107,right,A
1999-12-07,9:00,-3.17017,35.53317,B101,4,A-107,right,A
1999-12-07,9:00,-3.17017,35.53317,B101,3,A-107,left,A
1999-12-07,9:00,-3.17017,35.53317,B101,5,A-108,right,A
1999-12-07,9:00,-3.17017,35.53317,B101,6,A-108,left,A
1999-12-07,9:00,-3.17017,35.53317,B101,7,A-108,left,A
1999-12-08,6:30,-3.13550,35.59467,B102,35,M-129,right,M
1999-12-08,6:30,-3.13550,35.59467,B102,34,M-129,left,M
1999-12-08,6:51,-3.13550,35.59467,B102,33,M-114,right,M
1999-12-09,7:01,-3.19467,35.49950,B102,32,F-080,right,F
1999-12-09,7:01,-3.19467,35.49950,B102,31,F-080,left,F
1999-12-09,7:03,-3.19467,35.49950,B102,30,F-081,right,F
1999-12-09,7:03,-3.19467,35.49950,B102,29,F-081,left,F
1999-12-09,7:05,-3.19467,35.49950,B102,27,F-083,right,F
1999-12-09,7:05,-3.19467,35.49950,B102,28,F-083,left,F
1999-12-09,7:22,-3.19467,35.49950,B102,26,L-089,left,F
1999-12-09,9:21,-3.17267,35.52350,B102,22,X-017,right,A
1999-12-09,9:21,-3.17267,35.52350,B102,25,X-017,right,A
1999-12-09,9:21,-3.17267,35.52350,B102,23,X-017,left,A
1999-12-09,9:21,-3.17267,35.52350,B102,24,X-017,left,A
1999-12-09,11:00,-3.18283,35.52567,B102,21,L-093,right,L
1999-12-09,11:00,-3.18283,35.52567,B102,20,L-093,left,L
1999-12-09,16:32,-3.16217,35.56450,B102,17,L-121,right,L
1999-12-09,16:32,-3.16217,35.56450,B102,16,L-121,left,L
1999-12-09,16:47,-3.16267,35.56550,B102,14,,right,L
1999-12-09,16:47,-3.16267,35.56550,B102,15,,left,L
1999-12-12,16:56,-3.13917,35.59683,B102,9,M-142,right,M
1999-12-12,16:56,-3.13917,35.59683,B102,11,M-142,left,M
1999-12-12,16:59,-3.13917,35.59683,B102,10,M-144,right,M
1999-12-12,16:59,-3.13917,35.59683,B102,7,M-144,left,M
1999-12-12,17:02,-3.13917,35.59683,B102,4,M-139,right,M
1999-12-12,17:02,-3.13917,35.59683,B102,8,M-139,left,M
1999-12-12,17:06,-3.13917,35.59683,B102,5,M-143,right,M
1999-12-12,17:06,-3.13917,35.59683,B102,6,M-143,left,M
1999-12-13,7:21,-3.12417,35.59267,B102,0,M-133,right,M
1999-12-13,7:21,-3.12417,35.59267,B103,35,M-133,right,M
1999-12-13,7:21,-3.12417,35.59267,B103,36,M-133,left,M
1999-12-13,7:30,-3.12417,35.59267,B103,33,M-132,right,M
1999-12-13,7:30,-3.12417,35.59267,B103,34,M-132,left,M
1999-12-13,9:05,-3.16133,35.56217,B103,32,L-126,right,L
1999-12-14,7:52,-3.11750,35.59917,B103,25,M-122,right,M
1999-12-14,7:52,-3.11750,35.59917,B103,27,M-144,right,M
1999-12-14,7:52,-3.11750,35.59917,B103,26,M-145,right,M
1999-12-14,8:21,-3.12200,35.59567,B103,24,M-138,right,M
1999-12-14,8:21,-3.12200,35.59567,B103,19,M-138,left,M
1999-12-14,8:21,-3.12200,35.59567,B103,21,M-142,right,M
1999-12-14,8:21,-3.12200,35.59567,B103,23,M-142,left,M
1999-12-14,8:21,-3.12200,35.59567,B103,22,M-143,right,M
1999-12-14,8:21,-3.12200,35.59567,B103,20,M-143,left,M
1999-12-14,14:40,-3.16967,35.52867,B103,13,A-102,right,A
1999-12-14,14:40,-3.16967,35.52867,B103,14,A-102,left,A
1999-12-14,14:40,-3.16967,35.52867,B103,15,A-102,left,A
1999-12-14,14:40,-3.17000,35.52717,B103,18,X-017,right,A
1999-12-14,14:40,-3.17000,35.52717,B103,16,X-017,left,A
1999-12-14,14:40,-3.17000,35.52717,B103,17,X-017,left,A
1999-12-15,6:15,-3.14683,35.59017,B103,12,M-126,right,M
1999-12-15,7:13,-3.15150,35.51550,B103,7,A-108,right,A
1999-12-15,7:13,-3.15150,35.51550,B103,8,A-108,right,A
1999-12-15,7:13,-3.15150,35.51550,B103,9,A-108,left,A
1999-12-15,7:13,-3.15150,35.51550,B103,11,A-109,right,A
1999-12-15,7:13,-3.15150,35.51550,B103,10,A-109,left,A
1999-12-15,8:08,-3.19283,35.49600,B103,5,F-084,right,F
1999-12-15,8:08,-3.19283,35.49600,B103,6,F-084,right,F
1999-12-15,8:14,-3.19183,35.49933,B103,4,F-080,right,F
1999-12-15,8:14,-3.19183,35.49933,B103,3,F-080,left,F
1999-12-15,8:26,-3.19350,35.49567,B103,2,F-081,left,F
1999-12-15,8:39,-3.19467,35.49950,B103,1,L-083,left,F
1999-12-15,9:23,-3.20100,35.51950,B103,0,L-090,right,F
1999-12-15,9:23,-3.20100,35.51950,B104,36,L-090,left,F
1999-12-15,17:08,-3.16500,35.56183,B104,35,L-121,right,L
1999-12-15,17:31,-3.17517,35.55350,B104,33,L-119,left,L
1999-12-15,17:31,-3.17517,35.55350,B104,34,L-119,left,L
1999-12-15,18:28,-3.16133,35.56217,B104,32,L-126,left,L
1999-12-17,7:00,-3.21733,35.56900,B104,21,S-019,right,S
1999-12-17,7:00,-3.21733,35.56900,B104,22,S-019,left,S
1999-12-17,7:00,-3.21733,35.56900,B104,23,S-019,left,S
1999-12-17,7:00,-3.21733,35.56900,B104,31,S-082,right,S
1999-12-17,7:00,-3.21733,35.56900,B104,27,S-082,left,S
1999-12-17,7:00,-3.21733,35.56900,B104,28,S-083,right,S
1999-12-17,7:00,-3.21733,35.56900,B104,29,S-083,right,S
1999-12-17,7:00,-3.21733,35.56900,B104,30,S-083,left,S
1999-12-17,7:00,-3.21733,35.56900,B104,24,S-084,right,S
1999-12-17,7:00,-3.21733,35.56900,B104,25,S-084,left,S
1999-12-17,7:00,-3.21733,35.56900,B104,26,S-084,left,S
1999-12-17,7:38,-3.22350,35.57383,B104,20,S-008,right,S
1999-12-17,7:55,-3.21733,35.56900,B104,16,S-085,right,S
1999-12-17,7:55,-3.21733,35.56900,B104,17,S-085,left,S
1999-12-17,7:55,-3.21733,35.56900,B104,18,S-085,left,S
1999-12-17,7:55,-3.21733,35.56900,B104,19,S-085,left,S
1999-12-17,8:50,-3.16133,35.56217,B104,15,L-121,left,L
1999-12-17,17:14,-3.16133,35.56217,B104,10,L-126,right,L
1999-12-18,6:25,-3.20333,35.59633,B104,9,N-083,right,N
1999-12-19,6:20,-3.14667,35.57850,B104,1,E-089,right,E
1999-12-19,6:20,-3.14667,35.57850,B104,4,E-089,left,E
1999-12-19,6:20,-3.14667,35.57850,B104,3,E-090,right,E
1999-12-19,6:20,-3.14667,35.57850,B104,2,E-090,left,E
1999-12-20,7:06,-3.19383,35.49550,B105,36,,left,X
1999-12-20,7:14,-3.19517,35.49400,B105,35,F-081,right,F
1999-12-22,7:12,-3.12283,35.59583,B105,33,M-144,right,M
1999-12-22,7:12,-3.12283,35.59583,B105,34,M-145,right,M
1999-12-22,7:51,-3.12283,35.59583,B105,31,M-130,right,M
1999-12-22,7:51,-3.12283,35.59583,B105,32,M-130,right,M
1999-12-22,9:04,-3.20417,35.56650,B105,30,S-082,right,S
1999-12-22,9:04,-3.20417,35.56650,B105,29,S-085,right,S
1999-12-23,17:28,-3.11833,35.59333,B105,24,M-130,left,M
1999-12-23,17:29,-3.11833,35.59333,B105,22,M-129,right,M
1999-12-23,17:29,-3.11833,35.59333,B105,23,M-129,left,M
1999-12-24,6:55,-3.21700,35.56683,B105,21,T-040,right,S
1999-12-24,6:55,-3.21700,35.56683,B105,20,T-040,left,S
1999-12-24,7:25,-3.21833,35.56833,B105,19,S-018,right,S
1999-12-24,18:25,-3.11833,35.59333,B105,14,M-136,right,M
1999-12-24,18:25,-3.11833,35.59333,B105,13,M-136,left,M
1999-12-24,18:28,-3.11833,35.59333,B105,12,M-145,right,M
1999-12-26,6:59,-3.12717,35.58150,B105,11,L-112,left,L
1999-12-26,7:03,-3.12683,35.58067,B105,9,F-045,right,F
1999-12-26,7:03,-3.12683,35.58067,B105,10,F-045,left,F
1999-12-26,7:42,-3.11850,35.59367,B105,7,M-134,right,M
1999-12-26,7:42,-3.11850,35.59367,B105,5,M-134,left,M
1999-12-26,7:42,-3.11850,35.59367,B105,6,M-134,left,M
1999-12-26,7:42,-3.11850,35.59367,B105,8,M-145,left,M
1999-12-27,17:39,-3.16133,35.56217,B105,1,L-128,right,L
1999-12-28,9:50,-3.20683,35.55683,B105,0,S-085,left,S
1999-12-28,17:49,-3.11833,35.59333,B106,36,M-134,right,M
1999-12-28,17:55,-3.11833,35.59333,B106,35,M-138,right,M
1999-12-28,17:55,-3.11833,35.59333,B106,34,M-138,left,M
1999-12-29,6:43,-3.17133,35.60433,B106,33,L-095,right,L
1999-12-29,8:09,-3.11983,35.59717,B106,30,M-144,right,M
1999-12-29,8:09,-3.11983,35.59717,B106,29,M-144,left,M
1999-12-30,7:19,-3.15167,35.51600,B106,28,A-100,right,A
1999-12-30,7:52,-3.15167,35.51600,B106,26,A-114,right,A
1999-12-30,7:52,-3.15167,35.51600,B106,27,A-114,right,A
1999-12-30,7:52,-3.15167,35.51600,B106,25,A-114,left,A
1999-12-31,7:05,-3.16350,35.51367,B106,24,A-081,right,A
1999-12-31,7:05,-3.16350,35.51367,B106,21,A-081,left,A
1999-12-31,7:05,-3.16350,35.51367,B106,22,A-081,left,A
1999-12-31,7:05,-3.16350,35.51367,B106,23,A-111,right,A
1999-12-31,7:05,-3.16350,35.51367,B106,18,A-111,left,A
1999-12-31,7:05,-3.16350,35.51367,B106,19,A-111,left,A
1999-12-31,7:05,-3.16350,35.51367,B106,20,A-111,left,A
1999-12-31,9:40,-3.20333,35.55950,B106,17,S-088,right,S
1999-12-31,18:46,-3.18050,35.57100,B106,16,L-126,left,L
2000-01-09,6:47,-3.14133,35.61350,B106,7,M-136,right,M
2000-01-09,6:47,-3.14133,35.61350,B106,8,M-136,left,M
2000-01-10,9:17,-3.15967,35.59883,B106,3,M-144,right,M
2000-01-10,9:17,-3.15967,35.59883,B106,4,M-144,left,M
2000-01-10,17:53,-3.18950,35.59867,B106,2,L-130,right,L
2000-01-10,17:53,-3.18950,35.59867,B106,1,L-130,left,L
2000-01-11,8:27,-3.20350,35.60200,B106,0,N-098,right,N
2000-01-12,8:54,-3.17483,35.55133,B107,36,A-040,right,A
2000-01-13,7:19,-3.15000,35.51317,B107,35,A-109,right,A
2000-01-13,7:19,-3.15000,35.51317,B107,34,A-109,left,A
2000-01-26,7:06,-3.15783,35.59767,B107,33,X-010,right,X
2000-01-26,7:06,-3.15783,35.59767,B107,32,X-010,left,X
2000-01-30,7:03,-3.17600,35.50167,B107,30,A-080,right,A
2000-01-30,7:03,-3.17600,35.50167,B107,31,A-080,right,A
2000-01-30,7:14,-3.18817,35.50667,B107,29,L-089,left,F
2000-01-30,9:20,-3.15133,35.52050,B107,26,A-107,right,A
2000-01-30,9:20,-3.15133,35.52050,B107,27,A-107,right,A
2000-01-30,9:20,-3.15133,35.52050,B107,28,A-107,left,A
2000-01-31,7:00,-3.14050,35.54783,B107,24,X-019,right,X
2000-01-31,7:00,-3.14050,35.54783,B107,25,X-019,left,X
2000-01-31,8:07,-3.15783,35.49350,B107,23,A-110,left,A
2000-01-31,8:12,-3.15783,35.49350,B107,22,A-115,right,A
2000-01-31,8:36,-3.15783,35.49350,B107,21,A-109,right,A
2000-01-31,8:36,-3.15783,35.49350,B107,20,A-109,left,A
2000-01-31,17:17,-3.18783,35.58417,B107,19,L-124,right,L
2000-01-31,17:17,-3.18783,35.58417,B107,18,L-125,right,L
2000-02-01,18:15,-3.15783,35.49350,B107,16,A-117,right,A
2000-02-01,18:15,-3.15783,35.49350,B107,17,A-117,left,A
2000-02-03,8:30,-3.16283,35.60350,B107,15,M-133,right,M
2000-02-03,8:30,-3.16283,35.60350,B107,14,M-133,left,M
2000-02-05,17:53,-3.15783,35.49350,B107,14,A-110,left,A
2000-02-05,17:54,-3.15783,35.49350,B107,21,A-117,right,A
2000-02-05,17:54,-3.15783,35.49350,B107,11,A-117,left,A
2000-02-05,18:22,-3.15783,35.49350,B107,10,A-118,left,A
2000-02-06,8:44,-3.15783,35.49350,B107,9,A-115,right,A
2000-02-06,8:44,-3.15783,35.49350,B107,7,A-115,left,A
2000-02-06,8:44,-3.15783,35.49350,B107,8,A-115,left,A
2000-02-07,18:31,-3.18783,35.58417,B107,6,L-128,left,L
2000-02-08,17:46,-3.16283,35.60350,B107,5,M-099,left,M
2000-02-09,18:11,-3.16283,35.60350,B107,4,M-140,left,M
2000-02-10,8:44,-3.18117,35.57167,B107,3,L-102,left,L
2000-02-11,6:54,-3.15117,35.61800,B107,1,R-080,right,M
2000-02-11,6:54,-3.15117,35.61800,B107,2,R-080,left,M
2000-02-13,8:22,-3.19467,35.49950,B108,36,F-084,right,F
2000-02-13,8:22,-3.19467,35.49950,B107,0,F-084,left,F
2000-02-15,7:11,-3.20467,35.49617,B108,28,F-080,right,F
2000-02-15,7:11,-3.20467,35.49617,B108,29,F-080,right,F
2000-02-15,7:11,-3.20467,35.49617,B108,30,F-080,left,F
2000-02-15,7:11,-3.20467,35.49617,B108,31,F-080,left,F
2000-02-15,7:11,-3.20467,35.49617,B108,32,L-086,left,L
2000-02-15,7:11,-3.20467,35.49617,B108,33,L-086,left,L
2000-02-15,7:11,-3.20533,35.49650,B108,34,,left,X
2000-02-15,7:11,-3.20533,35.49650,B108,35,,left,X
2000-02-15,10:57,-3.20183,35.58600,B108,25,A-054,right,L
2000-02-15,10:57,-3.20183,35.58600,B108,26,A-054,right,L
2000-02-15,10:57,-3.20183,35.58600,B108,27,A-054,right,L
2000-02-15,10:57,-3.20183,35.58600,B108,24,A-054,left,L
2000-02-15,10:57,-3.20183,35.58600,B108,22,A-054,left,L
2000-02-15,11:03,-3.20133,35.58667,B108,23,X-012,left,X
2000-02-16,9:49,-3.24000,35.53217,B108,19,T-007,right,T
2000-02-16,9:49,-3.24000,35.53217,B108,20,T-007,left,T
2000-02-16,9:49,-3.24000,35.53217,B108,21,T-007,left,T
2000-02-16,9:58,-3.23717,35.53967,B108,17,T-002,right,T
2000-02-16,9:58,-3.23717,35.53967,B108,18,T-002,right,T
2000-02-16,9:58,-3.23717,35.53967,B108,15,T-002,left,T
2000-02-16,9:58,-3.23717,35.53967,B108,16,T-006,right,T
2000-02-16,9:58,-3.23717,35.53967,B108,14,T-006,left,T
2000-02-16,10:26,-3.23717,35.53967,B108,13,L-045,right,T
2000-02-21,9:25,-3.20517,35.59200,B108,7,X-014,right,L
2000-02-21,9:25,-3.20517,35.59200,B108,8,X-014,left,L
2000-02-23,17:49,-3.16283,35.60350,B108,6,M-141,right,M
2000-02-24,7:35,-3.19417,35.58217,B108,1,L-112,right,L
2000-02-24,7:35,-3.19417,35.58217,B108,4,L-112,right,L
2000-02-24,7:35,-3.19417,35.58217,B108,3,L-112,left,L
2000-02-24,7:35,-3.19417,35.58217,B108,5,L-112,left,L
2000-02-24,10:27,-3.19417,35.58217,B108,0,L-101,right,L
2000-02-24,10:43,-3.19417,35.58217,A108,21,L-102,right,L
2000-02-24,10:43,-3.19417,35.58217,A108,22,L-102,right,L
2000-02-24,10:43,-3.19417,35.58217,A108,19,L-102,left,L
2000-02-24,10:43,-3.19417,35.58217,A108,20,L-102,left,L
2000-02-25,7:03,-3.19600,35.63283,A108,23,T-080,right,N
2000-02-25,7:03,-3.19617,35.63433,A108,24,X-010,right,X
2000-02-26,6:56,-3.14033,35.49733,A108,35,A-114,right,A
2000-02-26,6:56,-3.14033,35.49733,A108,25,A-114,left,A
2000-02-26,7:20,-3.14033,35.49733,A108,27,A-115,right,A
2000-02-26,7:20,-3.14033,35.49733,A108,26,A-115,left,A
2000-02-26,7:20,-3.14033,35.49733,A108,28,A-116,right,A
2000-02-26,7:20,-3.14033,35.49733,A108,30,A-116,left,A
2000-02-26,7:20,-3.14033,35.49733,A108,31,A-116,left,A
2000-02-26,7:20,-3.14033,35.49733,A108,33,A-117,right,A
2000-02-26,7:20,-3.14033,35.49733,A108,34,A-117,right,A
2000-02-26,7:20,-3.14033,35.49733,A108,29,A-117,left,A
2000-02-26,7:20,-3.14033,35.49733,A108,32,A-117,left,A
2000-02-26,10:00,-3.23617,35.53333,B109,36,T-003,right,T
2000-02-26,10:00,-3.23617,35.53333,B109,34,T-084,right,T
2000-02-26,10:00,-3.23617,35.53333,B109,35,T-084,left,T
2000-02-26,10:52,-3.20717,35.57867,B109,33,A-041,right,L
2000-02-28,8:34,-3.13933,35.49600,B109,32,A-104,left,A
2000-02-28,8:34,-3.13933,35.49600,B109,31,A-114,left,A
2000-02-29,7:07,-3.19350,35.50017,B109,30,F-081,right,F
2000-02-29,8:09,-3.14033,35.49733,B109,29,A-118,right,A
2000-02-29,8:09,-3.14033,35.49733,B109,28,A-118,left,A
2000-02-29,8:22,-3.14033,35.49733,B109,26,A-119,right,A
2000-02-29,8:22,-3.14033,35.49733,B109,27,A-119,left,A
2000-02-29,8:30,-3.14033,35.49733,B109,25,A-110,right,A
2000-02-29,8:30,-3.14033,35.49733,B109,24,A-110,left,A
2000-03-01,17:48,-3.21833,35.56833,B109,23,S-087,right,S
2000-03-01,17:48,-3.21833,35.56833,B109,22,S-087,left,S
2000-03-02,8:03,-3.14917,35.50350,B109,20,X-017,left,A
2000-03-02,8:03,-3.14917,35.50350,B109,21,X-017,left,A
2000-03-04,7:23,-3.21833,35.56833,B109,17,S-086,right,S
2000-03-04,7:23,-3.21833,35.56833,B109,19,S-086,right,S
2000-03-04,7:23,-3.21833,35.56833,B109,14,S-086,left,S
2000-03-04,7:23,-3.21833,35.56833,B109,16,S-087,right,S
2000-03-04,7:23,-3.21833,35.56833,B109,18,S-087,right,S
2000-03-04,7:23,-3.21833,35.56833,B109,15,S-087,left,S
2000-03-04,8:58,-3.19067,35.57250,B109,13,L-111,right,L
2000-03-04,8:58,-3.19067,35.57250,B109,12,L-111,left,L
2000-03-04,9:04,-3.18850,35.57150,B109,11,L-116,right,L
2000-03-04,9:04,-3.18850,35.57150,B109,10,L-116,left,L
2000-03-06,9:40,-3.15967,35.59883,B109,6,M-141,left,M
2000-03-12,17:33,-3.18783,35.58417,B109,5,L-128,left,L
2000-03-14,7:25,-3.20033,35.60767,B109,1,N-082,right,N
2000-03-14,7:25,-3.20033,35.60767,B109,2,N-082,left,N
2000-03-14,7:25,-3.20033,35.60767,B109,3,N-082,left,N
2000-03-15,8:10,-3.19350,35.50017,B109,0,F-007,right,F
2000-03-15,17:38,-3.19350,35.50017,B110,36,,left,F
2000-03-15,17:39,-3.19350,35.50017,B110,34,F-087,right,F
2000-03-15,17:39,-3.19350,35.50017,B110,35,F-087,right,F
2000-03-16,8:50,-3.19717,35.62667,B110,30,L-086,right,L
2000-03-16,8:50,-3.19717,35.62667,B110,31,L-086,right,L
2000-03-16,8:50,-3.19717,35.62667,B110,32,L-086,left,L
2000-03-16,8:50,-3.19717,35.62667,B110,33,L-086,left,L
2000-03-20,17:09,-3.14983,35.58050,B110,24,E-006,right,E
2000-03-20,17:09,-3.14983,35.58050,B110,23,E-006,left,E
2000-09-03,8:00,-3.15967,35.59883,B110,21,M-148,right,M
2000-09-03,8:00,-3.15967,35.59883,B110,22,M-148,left,M
2000-09-03,8:00,-3.15967,35.59883,B110,20,M-149,right,M
2000-09-03,8:00,-3.15967,35.59883,B110,19,M-149,left,M
2000-09-04,8:24,-3.17917,35.57083,B110,18,L-134,right,L
2000-09-04,8:24,-3.17917,35.57083,B110,17,L-134,left,L
2000-09-04,8:36,-3.17917,35.57083,B110,15,L-140,right,L
2000-09-04,8:36,-3.17917,35.57083,B110,16,L-140,left,L
2000-09-06,18:23,-3.17583,35.55300,B110,11,L-087,left,L
2000-09-07,6:48,-3.22617,35.57300,B110,10,S-088,right,S
2000-09-07,6:48,-3.22617,35.57300,B110,8,S-088,left,S
2000-09-07,6:48,-3.22617,35.57300,B110,9,S-088,left,S
2000-09-07,8:35,-3.23600,35.53083,B110,7,T-003,left,T
2000-09-07,8:35,-3.23600,35.53083,B110,4,T-007,left,T
2000-09-07,8:35,-3.23867,35.53333,B111,35,T-008,right,T
2000-09-07,8:35,-3.23867,35.53333,B110,0,T-008,left,T
2000-09-07,8:35,-3.23867,35.53333,B111,36,T-008,left,T
2000-09-07,8:35,-3.23600,35.53083,B110,5,T-009,left,T
2000-09-07,8:35,-3.23600,35.53083,B110,6,T-009,left,T
2000-09-07,8:35,-3.23600,35.53083,B110,3,T-012,left,T
2000-09-07,8:35,-3.23600,35.53083,B110,1,T-014,right,T
2000-09-07,8:35,-3.23600,35.53083,B110,2,T-014,left,T
2000-09-07,9:20,-3.23317,35.52050,B111,34,T-083,right,T
2000-09-07,9:20,-3.23317,35.52050,B111,33,T-083,left,T
2000-09-08,6:38,-3.15967,35.59883,B111,32,M-151,right,M
2000-09-08,6:38,-3.15967,35.59883,B111,29,M-151,right,M
2000-09-08,6:38,-3.15967,35.59883,B111,30,M-152,right,M
2000-09-08,6:38,-3.15967,35.59883,B111,31,M-152,left,M
2000-09-08,17:50,-3.16900,35.55883,B111,26,L-136,right,L
2000-09-08,17:50,-3.16900,35.55883,B111,27,L-136,left,L
2000-09-08,17:55,-3.16900,35.55883,B111,28,L-139,right,L
2000-09-09,9:12,-3.17683,35.54983,B111,25,L-130,right,L
2000-09-10,8:03,-3.16300,35.54933,B111,24,L-096,left,L
2000-09-11,7:21,-3.15733,35.60733,B111,23,M-145,right,M
2000-09-11,7:21,-3.15733,35.60733,B111,17,M-145,left,M
2000-09-11,7:40,-3.15733,35.60733,B111,21,M-142,right,M
2000-09-11,7:40,-3.15733,35.60733,B111,22,M-142,left,M
2000-09-11,8:04,-3.15733,35.60733,B111,20,M-141,right,M
2000-09-11,8:04,-3.15733,35.60733,B111,19,M-141,left,M
2000-09-11,8:11,-3.15733,35.60733,B111,18,M-140,left,M
2000-09-12,8:25,-3.17100,35.49800,B111,15,A-119,right,A
2000-09-12,8:25,-3.17100,35.49800,B111,16,A-119,left,A
2000-09-13,8:39,-3.17150,35.53117,B111,13,L-116,right,L
2000-09-13,8:39,-3.17150,35.53117,B111,14,L-116,left,L
2000-09-13,9:24,-3.17483,35.54883,B111,11,X-014,right,L
2000-09-13,9:24,-3.17483,35.54883,B111,12,X-014,left,L
2000-09-16,7:10,-3.20767,35.54833,B111,8,S-087,left,S
2000-09-16,7:10,-3.20767,35.54833,B111,10,S-088,right,S
2000-09-16,7:10,-3.20767,35.54833,B111,9,S-089,right,S
2000-09-16,7:10,-3.20767,35.54833,B111,5,S-089,left,S
2000-09-16,7:10,-3.20767,35.54833,B111,6,S-089,left,S
2000-09-16,7:10,-3.20767,35.54833,B111,7,S-090,right,S
2000-09-16,7:10,-3.20767,35.54833,B111,4,S-090,left,S
2000-09-17,9:56,-3.16050,35.60250,B111,3,A-093,right,M
2000-09-20,8:50,-3.19467,35.49950,B111,1,F-088,right,F
2000-09-20,8:50,-3.19467,35.49950,B111,2,F-088,left,F
2000-09-20,8:50,-3.19467,35.49950,B111,0,F-090,right,F
2000-09-20,8:50,-3.19467,35.49950,B112,36,F-090,left,F
2000-09-23,7:15,-3.22833,35.52983,B112,16,A-085,right,A
2000-09-23,7:20,-3.23633,35.52483,B112,24,L-086,right,T
2000-09-23,7:20,-3.23633,35.52483,B112,27,L-086,left,T
2000-09-23,7:20,-3.23633,35.52483,B112,25,T-010,right,T
2000-09-23,7:20,-3.23633,35.52483,B112,26,T-010,right,T
2000-09-23,7:20,-3.23633,35.52483,B112,28,T-010,left,T
2000-09-23,7:25,-3.23633,35.52483,B112,23,T-085,right,T
2000-09-23,7:42,-3.23583,35.53267,B112,21,T-083,right,T
2000-09-23,7:42,-3.23583,35.53267,B112,20,T-083,left,T
2000-09-23,7:42,-3.23583,35.53267,B112,22,T-083,left,T
2000-09-23,8:51,-3.24533,35.53567,B112,15,T-007,right,T
2000-09-23,8:51,-3.24533,35.53567,B112,14,T-007,left,T
2000-09-23,8:51,-3.24533,35.53567,B112,11,T-008,left,T
2000-09-23,8:51,-3.24533,35.53567,B112,13,T-012,right,T
2000-09-23,8:51,-3.24533,35.53567,B112,12,T-012,left,T
2000-09-25,6:50,-3.17100,35.49800,B112,10,A-100,right,A
2000-09-25,6:50,-3.17100,35.49800,B112,8,A-116,left,A
2000-09-25,6:50,-3.17100,35.49800,B112,6,A-117,right,A
2000-09-25,6:50,-3.17100,35.49800,B112,7,A-117,left,A
2000-09-25,6:50,-3.17100,35.49800,B112,9,,left,A
2000-09-25,9:55,-3.21833,35.56833,B112,5,S-089,right,S
2000-09-25,9:55,-3.21833,35.56833,B112,4,S-089,left,S
2000-09-25,9:55,-3.21833,35.56833,B112,3,S-090,right,S
2000-09-27,9:36,-3.18283,35.54533,B113,36,X-014,right,L
2000-09-30,8:42,-3.17767,35.55167,B113,35,L-087,left,L
2000-10-08,7:30,-3.14033,35.49733,B113,28,A-121,right,A
2000-10-08,7:30,-3.14033,35.49733,B113,29,A-122,right,A
2000-10-08,7:30,-3.14033,35.49733,B113,32,A-122,right,A
2000-10-08,7:30,-3.14033,35.49733,B113,34,A-122,left,A
2000-10-08,7:30,-3.14033,35.49733,B113,31,A-123,right,A
2000-10-08,7:30,-3.14033,35.49733,B113,30,A-123,left,A
2000-10-08,7:30,-3.14033,35.49733,B113,33,A-124,right,A
2000-10-14,7:36,-3.16900,35.55883,B113,27,L-140,left,L
2000-10-14,17:16,-3.16900,35.55883,B113,26,L-124,right,L
2000-10-21,6:43,-3.11650,35.60033,B113,22,M-126,left,M
2000-10-24,17:33,-3.14033,35.49733,B113,21,A-122,left,A
2000-10-24,17:38,-3.14033,35.49733,B113,20,A-123,right,A
2000-10-24,17:38,-3.14033,35.49733,B113,19,A-123,right,A
2000-10-24,17:38,-3.14033,35.49733,B113,18,A-123,left,A
2000-10-24,17:51,-3.14033,35.49733,B113,16,A-051,right,A
2000-10-24,17:51,-3.14033,35.49733,B113,17,A-051,left,A
2000-10-24,18:15,-3.14033,35.49733,B113,15,A-121,left,A
2000-10-25,17:36,-3.14033,35.49733,B113,13,A-124,right,A
2000-10-25,17:36,-3.14033,35.49733,B113,14,A-124,right,A
2000-10-25,17:59,-3.14033,35.49733,B113,12,A-122,right,A
2000-10-25,18:15,-3.14033,35.49733,B113,11,A-121,right,A
2000-10-30,6:25,-3.17100,35.56133,B113,10,L-108,right,L
2000-10-30,6:25,-3.17100,35.56133,B113,9,L-108,left,L
2000-10-31,8:57,-3.23533,35.53250,B113,8,T-009,right,T
2000-11-02,6:54,-3.23250,35.59100,B113,4,N-097,right,N
2000-11-02,6:54,-3.23250,35.59100,B113,6,N-097,left,N
2000-11-02,6:54,-3.23250,35.59100,B113,5,N-100,right,N
2000-11-02,6:54,-3.23250,35.59100,B113,7,N-100,right,N
2000-11-07,7:02,-3.14317,35.50217,B113,3,X-017,right,A
2000-11-07,9:28,-3.23867,35.53333,B113,1,T-086,left,T
2000-11-07,9:28,-3.23867,35.53333,B113,2,T-086,left,T
2000-11-08,18:06,-3.16900,35.55883,B113,0,L-134,left,L
2000-11-12,8:36,-3.16150,35.54817,B114,36,L-131,right,L
2000-11-12,8:36,-3.16150,35.54817,B114,35,L-131,left,L
2000-11-21,9:06,-3.16567,35.51867,B114,29,A-105,right,A
2000-11-24,7:12,-3.15233,35.52067,B114,28,A-108,left,A
2000-11-24,7:18,-3.15700,35.52217,B114,27,A-101,right,A
2000-11-24,7:18,-3.15700,35.52217,B114,25,A-101,left,A
2000-11-24,7:18,-3.15700,35.52217,B114,26,A-115,right,A
2000-11-24,7:18,-3.15700,35.52217,B114,24,A-115,left,A
2000-11-24,7:18,-3.15700,35.52217,B114,22,A-118,right,A
2000-11-24,7:18,-3.15700,35.52217,B114,23,A-118,left,A
2000-11-24,8:00,-3.16317,35.51917,B114,20,A-116,right,A
2000-11-24,8:00,-3.16317,35.51917,B114,21,A-116,left,A
2000-11-27,17:01,-3.23833,35.53033,B114,17,T-007,right,T
2000-11-27,17:01,-3.23833,35.53033,B114,16,T-010,left,T
2000-11-27,17:01,-3.23833,35.53033,B114,15,T-013,left,T
2000-11-27,17:01,-3.23833,35.53033,B114,13,T-088,right,T
2000-11-27,17:01,-3.23833,35.53033,B114,12,T-088,left,T
2000-11-27,17:01,-3.23833,35.53033,B114,14,T-088,left,T
2000-11-27,17:01,-3.23833,35.53033,B114,18,T-090,right,T
2000-11-27,17:01,-3.23833,35.53033,B114,19,T-090,left,T
2000-11-28,6:49,-3.16900,35.55883,B114,11,L-138,right,L
2000-11-28,6:49,-3.16900,35.55883,B114,10,L-138,left,L
2000-11-28,7:30,-3.16900,35.55883,B114,8,L-135,right,L
2000-11-28,7:30,-3.16900,35.55883,B114,9,L-135,left,L
2000-11-28,7:37,-3.16900,35.55883,B114,7,L-143,right,L
2000-11-28,7:37,-3.16900,35.55883,B114,6,L-143,left,L
2000-11-28,7:42,-3.16900,35.55883,B114,3,L-133,right,L
2000-11-28,7:42,-3.16900,35.55883,B114,5,L-133,right,L
2000-11-28,7:46,-3.16900,35.55883,B114,4,L-131,right,L
2000-11-28,7:46,-3.16900,35.55883,B114,2,L-136,right,L
2000-12-02,8:22,-3.16900,35.55883,B115,35,L-137,left,L
2000-12-02,8:22,-3.16900,35.55883,B115,36,L-139,left,L
2000-12-02,17:53,-3.17117,35.52267,B115,33,A-015,left,A
2000-12-02,17:53,-3.17117,35.52267,B115,32,A-015,left,A
2000-12-05,8:44,-3.14283,35.59883,B115,31,M-160,right,M
2000-12-05,8:44,-3.14283,35.59883,B115,30,M-160,left,M
2000-12-05,17:52,-3.14283,35.59883,B115,27,M-156,right,M
2000-12-05,17:52,-3.14283,35.59883,B115,28,M-156,right,M
2000-12-05,17:52,-3.14283,35.59883,B115,29,M-156,left,M
2000-12-06,7:49,-3.13533,35.60017,B115,26,M-143,right,M
2000-12-06,7:49,-3.13533,35.60017,B115,25,M-143,right,M
2000-12-06,9:10,-3.14983,35.58050,B115,23,E-094,right,E
2000-12-06,9:10,-3.14983,35.58050,B115,24,E-094,left,E
2000-12-06,17:50,-3.14983,35.58050,B115,17,E-095,right,E
2000-12-06,17:50,-3.14983,35.58050,B115,18,E-095,left,E
2000-12-06,17:50,-3.14983,35.58050,B115,19,E-097,right,E
2000-12-06,17:50,-3.14983,35.58050,B115,20,E-097,left,E
2000-12-06,17:50,-3.14983,35.58050,B115,22,E-101,right,E
2000-12-06,17:50,-3.14983,35.58050,B115,21,E-101,left,E
2000-12-08,7:03,-3.14450,35.62117,B115,16,M-140,right,M
2000-12-09,9:19,-3.17517,35.56267,B115,14,L-132,right,L
2000-12-09,9:19,-3.17517,35.56267,B115,15,L-132,left,L
2000-12-09,17:51,-3.13917,35.59683,B115,10,M-159,right,M
2000-12-09,17:51,-3.13917,35.59683,B115,13,M-159,right,M
2000-12-09,17:51,-3.13917,35.59683,B115,9,M-159,left,M
2000-12-09,17:54,-3.13917,35.59683,B115,12,M-157,right,M
2000-12-09,17:54,-3.13917,35.59683,B115,11,M-157,left,M
2000-12-09,18:12,-3.13917,35.59683,B115,8,M-140,right,M
2000-12-09,18:14,-3.13917,35.59683,B115,7,M-155,left,M
2001-07-12,17:40,-3.16117,35.61600,B116,33,M-164,right,M
2001-07-12,17:40,-3.16117,35.61600,B116,36,M-164,left,M
2001-07-12,17:40,-3.16117,35.61600,B116,35,M-165,left,M
2001-07-13,7:12,-3.16133,35.52483,B116,30,A-127,right,A
2001-07-13,7:12,-3.16133,35.52483,B116,31,A-127,left,A
2001-07-13,7:12,-3.16133,35.52483,B116,32,A-127,left,A
2001-07-14,8:30,-3.21833,35.56833,B116,28,,right,S
2001-07-15,8:25,-3.16050,35.52683,B116,26,L-114,right,L
2001-07-15,8:25,-3.16050,35.52683,B116,27,L-114,left,L
2001-07-19,8:13,-3.14083,35.58650,B116,25,M-147,left,M
2001-07-20,8:20,-3.21833,35.56833,B116,24,,right,S
2001-07-20,8:20,-3.21833,35.56833,B116,23,,left,S
2001-07-22,7:25,-3.16067,35.62017,B116,21,M-160,right,M
2001-07-22,7:25,-3.16067,35.62017,B116,22,M-160,left,M
2001-07-22,7:25,-3.16067,35.62017,B116,19,M-163,right,M
2001-07-22,7:25,-3.16067,35.62017,B116,18,M-163,left,M
2001-07-22,7:25,-3.16067,35.62017,B116,16,M-168,right,M
2001-07-22,7:25,-3.16067,35.62017,B116,17,M-168,left,M
2001-07-22,7:25,-3.16067,35.62017,B116,15,M-169,right,M
2001-07-22,7:25,-3.16067,35.62017,B116,20,M-169,left,M
2001-07-23,7:35,-3.21750,35.56917,B116,14,S-090,right,S
2001-07-23,7:35,-3.21750,35.56917,B116,13,S-090,left,S
2001-07-23,8:00,-3.21833,35.56833,B116,12,S-092,right,S
2001-07-23,8:00,-3.21833,35.56833,B116,9,S-092,left,S
2001-07-23,8:00,-3.21833,35.56833,B116,10,S-093,right,S
2001-07-23,8:00,-3.21833,35.56833,B116,11,S-093,left,S
2001-07-27,7:55,-3.15567,35.61233,B116,0,M-160,right,M
2001-07-27,7:55,-3.15567,35.61233,B116,5,M-160,left,M
2001-07-27,9:45,-3.15567,35.61233,B116,4,M-170,right,M
2001-07-27,9:45,-3.15567,35.61233,B116,3,M-170,left,M
2001-07-27,9:45,-3.15567,35.61233,B116,1,M-171,right,M
2001-07-27,9:45,-3.15567,35.61233,B116,2,M-171,left,M
2001-07-28,17:30,-3.15500,35.62333,B117,36,M-144,left,M
2001-07-29,7:50,-3.14900,35.56317,B117,35,E-097,left,E
2001-07-30,9:46,-3.15083,35.53000,B117,34,A-092,right,A
2001-08-01,7:54,-3.14083,35.60800,B117,32,M-138,right,M
2001-08-01,7:54,-3.14083,35.60800,B117,33,M-138,left,M
2001-08-02,7:25,-3.17283,35.54383,B117,29,L-130,right,L
2001-08-02,7:25,-3.17283,35.54383,B117,31,L-130,left,L
2001-08-02,7:40,-3.17283,35.54383,B117,28,L-137,right,L
2001-08-02,7:40,-3.17283,35.54383,B117,30,L-138,right,L
2001-08-09,17:39,-3.17100,35.49800,B117,27,A-132,right,A
2001-08-09,17:39,-3.17100,35.49800,B117,23,A-132,left,A
2001-08-09,17:41,-3.17100,35.49800,B117,25,A-133,right,A
2001-08-09,17:41,-3.17100,35.49800,B117,26,A-133,right,A
2001-08-09,17:47,-3.17100,35.49800,B117,34,A-134,right,A
2001-08-11,7:20,-3.22367,35.57567,B117,22,S-091,right,S
2001-08-11,8:35,-3.23617,35.53283,B117,21,T-003,left,T
2001-08-13,7:15,-3.17100,35.49800,B117,17,A-132,right,A
2001-08-13,7:15,-3.17100,35.49800,B117,18,A-132,left,A
2001-08-13,7:15,-3.17100,35.49800,B117,19,A-138,right,A
2001-08-13,7:15,-3.17100,35.49800,B117,20,A-138,left,A
2001-08-13,7:45,-3.15717,35.50867,B117,15,A-125,right,A
2001-08-13,7:45,-3.15717,35.50867,B117,16,A-125,left,A
2001-08-13,8:10,-3.15833,35.52833,B117,11,A-106,right,A
2001-08-13,8:10,-3.15833,35.52833,B117,12,A-106,right,A
2001-08-13,8:10,-3.15833,35.52833,B117,13,A-106,left,A
2001-08-13,8:10,-3.15833,35.52833,B117,14,A-108,right,A
2001-08-14,6:41,-3.20850,35.58067,B117,10,X-019,right,S
2001-08-14,6:41,-3.20850,35.58067,B117,9,X-019,left,S
2001-08-15,6:48,-3.14250,35.56983,B117,8,E-099,left,E
2001-08-18,18:22,-3.19133,35.51167,B117,6,F-090,right,F
2001-08-18,18:22,-3.19133,35.51167,B117,7,F-090,left,F
2001-08-21,8:56,-3.17650,35.63017,B117,5,M-139,right,M
2001-08-21,8:56,-3.17650,35.63017,B117,4,M-139,left,M
2001-08-21,8:56,-3.17650,35.63017,B117,1,M-142,left,M
2001-08-21,9:01,-3.17650,35.63017,B117,3,M-148,right,M
2001-08-21,9:01,-3.17650,35.63017,B117,2,M-148,left,M
2001-08-21,9:23,-3.17650,35.63017,B117,0,M-152,right,M
2001-08-22,9:31,-3.21833,35.56833,B118,36,S-084,left,S
2001-08-23,17:58,-3.19017,35.51033,B118,30,F-093,left,F
2001-08-25,8:23,-3.15050,35.52083,B118,29,A-129,right,A
2001-08-25,8:23,-3.15050,35.52083,B118,26,A-129,left,A
2001-08-25,8:24,-3.15050,35.52083,B118,28,A-130,right,A
2001-08-25,8:24,-3.15050,35.52083,B118,27,A-130,left,A
2001-08-25,8:42,-3.15050,35.52083,B118,25,A-138,right,A
2001-08-25,8:42,-3.15050,35.52083,B118,21,A-138,left,A
2001-08-25,8:42,-3.15050,35.52083,B118,24,A-138,left,A
2001-08-25,8:45,-3.15050,35.52083,B118,22,A-131,right,A
2001-08-25,8:45,-3.15050,35.52083,B118,23,A-131,left,A
2001-08-26,7:35,-3.14400,35.56833,B118,20,,right,E
2001-08-26,7:35,-3.14400,35.56833,B118,19,,left,E
2001-08-26,8:45,-3.15050,35.52083,B118,12,A-131,right,A
2001-08-26,8:45,-3.15050,35.52083,B118,13,A-131,right,A
2001-08-26,8:45,-3.15050,35.52083,B118,17,A-131,left,A
2001-08-26,8:45,-3.15050,35.52083,B118,14,A-132,right,A
2001-08-26,8:45,-3.15050,35.52083,B118,15,A-132,right,A
2001-08-26,8:45,-3.15050,35.52083,B118,16,A-132,left,A
2001-08-26,8:45,-3.15050,35.52083,B118,18,A-132,left,A
2001-08-26,10:05,-3.15050,35.52083,B118,11,A-129,left,A
2001-08-26,10:10,-3.15117,35.52300,B118,10,A-125,left,A
2001-08-31,8:25,-3.19683,35.62067,B119,31,N-104,right,N
2001-08-31,8:25,-3.19683,35.62067,B119,33,N-104,right,N
2001-08-31,8:25,-3.19683,35.62067,B119,32,N-104,left,N
2001-08-31,8:25,-3.19683,35.62067,B119,35,N-105,right,N
2001-08-31,8:25,-3.19683,35.62067,B119,34,N-105,left,N
2001-08-31,8:25,-3.19683,35.62067,B119,36,N-106,right,N
2001-09-01,7:14,-3.15700,35.53050,B119,29,X-025,right,X
2001-09-01,7:14,-3.15700,35.53050,B119,30,X-025,left,X
2001-09-01,17:50,-3.16900,35.55883,B119,26,L-146,right,L
2001-09-01,18:03,-3.16900,35.55883,B119,25,L-153,right,L
2001-09-02,7:05,-3.22033,35.56933,B119,22,S-086,right,S
2001-09-02,7:05,-3.22033,35.56933,B119,23,S-086,right,S
2001-09-02,7:05,-3.22033,35.56933,B119,24,S-086,left,S
2001-09-02,9:35,-3.19683,35.62067,B119,21,N-106,right,N
2001-09-02,9:35,-3.19683,35.62067,B119,19,N-106,left,N
2001-09-02,9:35,-3.19683,35.62067,B119,20,N-106,left,N
2001-09-02,10:17,-3.19683,35.62067,B119,16,N-102,right,N
2001-09-02,10:17,-3.19683,35.62067,B119,17,N-102,left,N
2001-09-02,10:17,-3.19683,35.62067,B119,18,N-102,left,N
2001-09-03,8:39,-3.15917,35.55367,B119,15,L-133,right,L
2001-09-03,8:39,-3.15917,35.55367,B119,14,L-133,left,L
2001-09-06,18:16,-3.19783,35.52100,B119,12,F-081,right,F
2001-09-06,18:16,-3.19783,35.52100,B119,13,F-081,right,F
2001-09-07,8:25,-3.21833,35.56833,B119,10,X-018,right,S
2001-09-07,8:25,-3.21833,35.56833,B119,11,X-018,left,S
2001-09-07,17:02,-3.14500,35.60800,B119,8,M-116,right,M
2001-09-07,17:02,-3.14500,35.60800,B119,9,M-116,right,M
2001-09-07,17:02,-3.14500,35.60800,B119,7,M-116,left,M
2001-09-07,17:02,-3.14500,35.60800,B119,3,M-158,right,M
2001-09-07,17:02,-3.14500,35.60800,B119,4,M-158,left,M
2001-09-09,10:06,-3.14567,35.60883,A,35,M-082,front,M
2001-09-09,10:06,-3.14567,35.60883,A,36,M-082,front,M
2001-09-10,6:49,-3.21683,35.56700,A,1,S-043,front,S
2001-09-10,6:49,-3.21683,35.56700,A,2,S-043,front,S
2001-09-10,6:49,-3.21683,35.56700,A,3,S-043,front,S
2001-09-10,6:49,-3.21683,35.56700,A,4,S-043,front,S
2001-09-10,6:49,-3.21683,35.56700,A,5,S-043,front,S
2001-09-11,7:08,-3.22300,35.57250,B119,1,N-093,right,N
2001-09-11,7:08,-3.22300,35.57250,B119,2,N-093,right,N
2001-09-12,8:03,-3.15750,35.60817,B120,25,M-173,right,M
2001-09-12,8:03,-3.15750,35.60817,B120,27,M-174,right,M
2001-09-12,8:03,-3.15750,35.60817,B120,26,M-174,left,M
2001-09-15,8:05,-3.20567,35.58083,B120,24,L-118,right,A
2001-09-16,7:04,-3.14300,35.56983,B120,22,E-094,right,E
2001-09-16,7:04,-3.14300,35.56983,B120,23,E-094,left,E
2001-09-18,7:43,-3.14417,35.52400,B120,21,X-017,right,A
2001-09-19,7:45,-3.22200,35.57083,B120,16,S-018,right,S
2001-09-19,7:45,-3.22200,35.57083,B120,17,S-018,right,S
2001-09-19,7:45,-3.22200,35.57083,B120,20,S-018,left,S
2001-09-19,7:45,-3.22200,35.57083,B120,18,S-087,right,S
2001-09-19,7:45,-3.22200,35.57083,B120,19,S-087,left,S
2002-06-21,7:41,-3.19783,35.59450,B122,27,S-018,left,S
2002-09-01,12:00,-3.15850,35.52850,B121,0,,front,A
2002-09-01,12:00,-3.15850,35.52850,B121,1,,front,A
2002-09-01,12:00,-3.15850,35.52850,B121,2,,front,A
2002-09-01,12:00,-3.15850,35.52850,B121,3,,front,A
2002-09-01,12:00,-3.15850,35.52850,B121,4,,front,A
2002-09-01,12:00,-3.15850,35.52850,B121,5,,front,A
2002-09-01,12:00,-3.15850,35.52850,B121,6,,front,A
2002-09-01,12:00,-3.15850,35.52850,B121,7,,front,A
2002-09-20,12:00,-3.02767,35.68867,B121,32,X-034,front,Outside
2002-09-20,12:00,-3.02767,35.68867,B121,33,X-034,front,Outside
2002-09-20,12:00,-3.02767,35.68867,B121,34,X-034,front,Outside
2002-09-20,12:00,-3.02767,35.68867,B121,35,X-034,front,Outside
2002-09-20,12:00,-3.02767,35.68867,B121,36,X-034,front,Outside
2002-09-20,12:00,-3.02767,35.68867,B121,37,X-034,front,Outside
2002-09-25,14:00,,,A122,28,M-047,front,L
2002-09-25,14:00,,,A122,29,M-047,front,L
2002-09-25,14:00,,,A122,30,M-047,front,L
2002-09-25,14:00,,,A122,31,M-047,front,L
2002-09-25,14:00,,,A122,32,M-047,front,L
2002-09-25,14:00,,,A122,33,M-047,front,L
2002-09-25,14:00,,,A122,34,M-047,front,L
2002-09-25,14:00,,,A122,35,M-047,front,L
2002-09-25,14:00,,,A122,38,M-047,front,L
2002-09-25,14:00,,,A122,39,M-047,front,L
2003-01-15,6:52,-3.19917,35.52100,B122,11,A-100,right,F
2003-01-15,6:52,-3.19917,35.52100,B122,12,A-100,right,F
2003-01-15,6:52,-3.19917,35.52100,B122,10,A-100,left,F
2003-01-27,7:50,-3.24167,35.56733,B123,E,T-011,left,T
2003-01-27,7:50,-3.24167,35.56733,B123,35,T-085,left,T
2003-01-27,7:50,-3.24167,35.56733,B123,36,T-085,left,T
2003-01-27,18:14,-3.16900,35.60533,B123,32,E-089,right,E
2003-01-27,18:14,-3.16900,35.60533,B123,33,E-089,left,E
2003-02-01,7:42,-3.18600,35.62383,B123,31,N-098,right,N
2003-02-01,7:42,-3.18600,35.62383,B123,30,X-041,left,X
2003-02-01,17:24,-3.18650,35.62533,B123,28,N-089,right,N
2003-02-01,17:24,-3.18650,35.62533,B123,26,N-089,left,N
2003-02-01,17:24,-3.18650,35.62533,B123,27,N-112,right,N
2003-02-01,17:24,-3.18650,35.62533,B123,29,N-112,right,N
2003-02-01,17:24,-3.18650,35.62533,B123,25,N-112,left,N
2003-02-01,17:40,-3.18650,35.62533,B123,24,N-114,right,N
2003-02-01,17:50,-3.18650,35.62533,B123,17,N-109,right,N
2003-02-01,17:50,-3.18650,35.62533,B123,22,N-115,right,N
2003-02-01,17:50,-3.18650,35.62533,B123,23,N-115,left,N
2003-02-01,17:50,-3.18650,35.62533,B123,20,N-116,right,N
2003-02-01,17:50,-3.18650,35.62533,B123,21,N-116,right,N
2003-02-01,17:50,-3.18650,35.62533,B123,18,N-116,left,N
2003-02-01,17:50,-3.18650,35.62533,B123,19,N-116,left,N
2003-03-10,7:40,-3.16133,35.60650,B123,3,M-006,right,M
2003-03-23,7:00,-3.23633,35.53333,B124,26A,T-011,left,T
2003-03-23,7:00,-3.23633,35.53333,B124,24A,T-099,right,T
2003-03-23,7:00,-3.23633,35.53333,B124,25A,T-099,right,T
2003-03-23,7:00,-3.23633,35.53333,B124,23A,T-099,left,T
2003-03-23,8:06,-3.23483,35.54167,B124,22A,T-083,right,T
2003-03-23,8:06,-3.23483,35.54167,B124,21A,T-083,left,T
2003-03-25,8:13,-3.23617,35.54400,B124,20A,T-099,right,T
2003-03-27,7:29,-3.14800,35.50750,B124,7A,A-123,right,A
2003-03-27,7:29,-3.14800,35.50750,B124,9A,A-123,left,A
2003-03-27,7:29,-3.14800,35.50750,B124,10A,L-142,left,L
2003-03-27,7:51,-3.14533,35.51167,B124,8A,L-118,right,A
2003-03-28,7:04,-3.15800,35.50400,B125,27,A-143,left,A
2003-03-29,7:10,-3.16833,35.52217,B125,24,A-118,left,A
2003-03-29,7:10,-3.16833,35.52217,B125,26,A-123,right,A
2003-03-29,7:10,-3.16833,35.52217,B125,25,A-136,right,A
2003-07-31,7:45,-3.21517,35.56483,B126,34A,S-091,right,S
2003-07-31,7:45,-3.21517,35.56483,B126,35A,S-091,right,S
2003-08-01,9:35,-3.15733,35.60733,B126,32A,M-100,front,M
2003-08-01,9:35,-3.15733,35.60733,B126,33A,M-100,front,M
2003-08-02,8:14,-3.14767,35.49850,B126,28A,A-162,left,A
2003-08-02,10:00,-3.15733,35.60733,B126,25A,M-201,right,M
2003-08-02,10:00,-3.15733,35.60733,B126,26A,M-201,left,M
2003-08-02,17:55,-3.16900,35.55883,B126,24A,L-191,right,L
2003-08-02,17:55,-3.16900,35.55883,B126,23A,L-191,left,L
2003-08-02,18:22,-3.16900,35.55883,B126,20A,L-141,right,L
2003-08-02,18:22,-3.16900,35.55883,B126,21A,L-141,left,L
2003-08-06,9:10,-3.20850,35.51350,B126,19A,X-038,left,X
2003-08-07,6:49,-3.19200,35.62300,B126,17A,N-108,left,N
2003-08-07,6:49,-3.19200,35.62300,B126,18A,N-108,left,N
2003-08-07,8:14,-3.19650,35.63500,B126,16A,N-114,right,N
2003-08-07,8:14,-3.19650,35.63500,B126,14A,N-114,left,N
2003-08-07,8:14,-3.19650,35.63500,B126,15A,N-114,left,N
2003-08-07,8:33,-3.18650,35.63083,B126,12A,N-108,right,N
2003-08-07,8:33,-3.18650,35.63083,B126,13A,N-108,right,N
2003-08-10,7:50,-3.13267,35.54383,B126,4A,A-040,right,R
2003-08-10,7:50,-3.13267,35.54383,B126,10A,A-040,right,R
2003-08-10,7:50,-3.13267,35.54383,B126,1A,A-040,left,R
2003-08-10,7:50,-3.13267,35.54383,B126,2A,A-040,left,R
2003-08-10,7:50,-3.13267,35.54383,B126,3A,A-040,left,R
2003-08-10,7:50,-3.13267,35.54383,B126,8A,R-001,right,R
2003-08-10,7:50,-3.13267,35.54383,B126,9A,R-001,right,R
2003-08-10,7:50,-3.13267,35.54383,B126,5A,R-001,left,R
2003-08-10,7:50,-3.13267,35.54383,B126,6A,R-001,left,R
2003-08-10,7:50,-3.13267,35.54383,B126,7A,R-040,right,R
2003-08-10,7:50,-3.13267,35.54383,B126,11A,R-040,right,R
2003-08-13,7:29,-3.20667,35.62200,B127,15,N-110,right,N
2003-08-13,7:29,-3.20667,35.62200,B127,19,N-110,right,N
2003-08-13,7:29,-3.20667,35.62200,B127,16,N-110,left,N
2003-08-13,7:29,-3.20667,35.62200,B127,20,N-110,left,N
2003-08-24,9:55,-3.23050,35.54150,B128,28A,L-131,right,E
2003-08-24,9:55,-3.23050,35.54150,B128,29A,L-131,right,E
2003-08-24,9:55,-3.23050,35.54150,B128,27A,L-131,left,E
2003-08-25,8:05,-3.21267,35.55350,B128,20A,A-020,right,A
2003-08-25,8:05,-3.21267,35.55350,B128,21A,A-020,left,A
2003-08-25,8:05,-3.21267,35.55350,B128,22A,A-020,left,A
2003-08-25,8:05,-3.21267,35.55350,B128,21,M-170,left,M
2003-08-25,8:05,-3.21267,35.55350,B128,22,M-170,left,M
2003-08-25,8:57,-3.21067,35.53933,B128,23A,A-118,right,F
2003-08-25,8:57,-3.21067,35.53933,B128,24A,A-118,left,F
2003-08-25,17:17,-3.15733,35.60733,B128,18A,M-157,right,M
2003-08-28,8:49,-3.19933,35.51783,B128,7A,A-123,right,F
2003-09-05,6:26,-3.15650,35.60250,B129,26A,M-144,right,A
2003-09-05,6:33,-3.15917,35.60417,B129,25A,M-158,right,M
2003-09-05,6:33,-3.15917,35.60417,B129,27A,M-158,right,M
2003-09-05,6:33,-3.15917,35.60417,B129,24A,M-194,left,M
2003-09-07,8:38,-3.14383,35.52783,B129,11A,A-103,right,A
2003-09-07,8:38,-3.14383,35.52783,B129,12A,A-103,right,A
2003-09-07,8:38,-3.14383,35.52783,B129,13A,A-103,right,A
2003-09-08,7:15,-3.14917,35.52733,B129,4A,A-137,right,A
2003-09-08,8:01,-3.16383,35.52650,B129,5A,A-125,right,A
2003-09-09,9:22,-3.23900,35.53183,B129,2A,T-013,left,T
2003-09-09,9:22,-3.23900,35.53183,B129,3A,T-013,left,T
2003-09-09,9:29,-3.23567,35.53533,B129,1A,T-099,left,T
2003-09-12,7:50,-3.15683,35.56100,B130,35A,A-020,right,A
2003-09-12,7:50,-3.15683,35.56100,B130,36A,A-020,right,A
2003-09-12,7:50,-3.15683,35.56100,B129,0A,A-020,left,A
2003-09-16,8:25,-3.20333,35.51983,B130,31A,F-099,right,F
2003-10-19,6:25,-3.17517,35.61450,B130,9A,F-090,right,N
2003-10-19,6:25,-3.17517,35.61450,B130,8A,F-090,left,N
2003-10-19,6:25,-3.17517,35.61450,B130,10A,F-090,left,N
2003-10-19,6:25,-3.17517,35.61450,B130,7A,N-115,right,N
2003-10-19,6:25,-3.17517,35.61450,B130,6A,N-115,left,N
2003-10-19,17:42,-3.15850,35.55017,B130,3A,A-084,right,L
2003-10-19,17:42,-3.15850,35.55017,B130,4A,A-084,right,L
2003-10-19,17:42,-3.15850,35.55017,B130,5A,A-084,right,L
2003-10-20,7:33,-3.13867,35.50650,B130,2A,A-167,right,A
2003-10-20,7:33,-3.13867,35.50650,B130,1A,A-167,left,A
2003-10-20,7:33,-3.13867,35.50650,B131,36A,,right,A
2003-10-20,7:33,-3.13867,35.50650,B130,0A,,left,A
2003-10-20,7:33,-3.13867,35.50650,B131,35A,,left,A
2003-10-20,7:33,-3.13867,35.50650,B131,33A,,right,A
2003-10-20,7:33,-3.13867,35.50650,B131,34A,,left,A
2003-10-20,7:33,-3.13867,35.50650,B131,32A,,right,A
2003-10-24,8:05,-3.15083,35.58400,B131,27A,E-122,right,E
2003-10-24,8:05,-3.15083,35.58400,B131,25A,E-122,left,E
2003-10-24,8:05,-3.15083,35.58400,B131,22A,E-123,right,E
2003-10-24,8:05,-3.15083,35.58400,B131,21A,E-123,left,E
2003-10-24,8:05,-3.15083,35.58400,B131,23A,E-124,right,E
2003-10-24,8:05,-3.15083,35.58400,B131,24A,E-124,right,E
2003-10-24,8:05,-3.15083,35.58400,B131,26A,E-124,left,E
2003-10-25,10:20,-3.16167,35.64000,B131,20A,M-174,left,M
2003-10-26,17:14,-3.23550,35.53167,B131,18A,T-096,right,T
2003-10-26,17:14,-3.23550,35.53167,B131,17A,T-096,left,T
2003-10-26,17:14,-3.23550,35.53167,B131,19A,T-099,right,T
2003-10-27,6:42,-3.13000,35.57367,B131,16A,U-042,right,U
2003-10-27,6:42,-3.13000,35.57367,B131,15A,U-042,left,U
2003-10-27,9:12,-3.23583,35.53650,B131,14A,T-011,left,T
2003-10-29,9:03,-3.15000,35.54717,B131,12A,L-045,right,T
2003-10-29,9:03,-3.15000,35.54717,B131,13A,L-045,left,T
2003-10-30,7:40,-3.11050,35.55450,B131,9A,A-103,right,F
2003-10-30,7:40,-3.11050,35.55450,B131,10A,A-103,left,F
2003-10-30,7:40,-3.11050,35.55450,B131,11A,A-103,left,F
2003-10-30,17:25,-3.17850,35.51067,B131,8A,L-093,right,F
2003-10-30,17:25,-3.17850,35.51067,B131,6A,L-093,left,F
2003-10-30,17:25,-3.17850,35.51067,B131,7A,L-093,left,F
2003-11-01,7:26,-3.11717,35.58600,B131,5A,L-095,right,A
2003-11-03,7:21,-3.15133,35.58700,B131,4A,E-095,right,E
2003-11-03,7:40,-3.15083,35.58400,B131,3A,E-093,right,E
2003-11-03,7:55,-3.15083,35.58400,B131,1A,E-124,right,E
2003-11-03,7:55,-3.15083,35.58400,B131,0A,E-124,left,E
2003-11-03,7:55,-3.15083,35.58400,B131,2A,E-124,left,E
2003-11-08,6:48,-3.12383,35.57567,B132,24A,A-056,right,M
2003-11-09,8:24,-3.20367,35.51850,B132,23A,F-100,right,F
2003-11-14,17:45,-3.16900,35.55883,B132,11A,L-201,left,L
2003-11-15,9:28,-3.16817,35.51317,B132,10A,A-139,right,A
2003-11-16,8:10,-3.16500,35.53217,B132,9A,A-132,left,A
2003-11-18,17:34,-3.14767,35.58900,B133,36,E-116,right,E
2003-11-18,17:34,-3.14767,35.58900,B133,35,E-116,left,E
2004-04-13,8:22,-3.17083,35.55717,B134,15,L-180,left,L
2004-04-13,8:22,-3.17083,35.55717,B134,18,L-205,right,L
2004-04-13,8:22,-3.17083,35.55717,B134,16,L-205,left,L
2004-04-13,8:22,-3.17083,35.55717,B134,14,L-206,right,L
2004-04-13,8:22,-3.17083,35.55717,B134,17,L-206,right,L
2004-04-13,8:22,-3.17083,35.55717,B134,12,L-206,left,L
2004-04-13,8:22,-3.17083,35.55717,B134,13,L-206,left,L
2004-04-13,17:28,-3.16900,35.55883,B134,11,L-206,left,L
2004-04-13,17:31,-3.16900,35.55883,B134,10,L-204,right,L
2004-04-13,17:36,-3.16900,35.55883,B134,9,L-203,right,L
2004-04-15,8:26,-3.15200,35.60333,B134,8,M-188,right,M
2004-04-15,17:43,-3.16900,35.55883,B134,7,L-202,left,L
2004-04-18,16:51,-3.14400,35.62250,B134,5,U-080,right,M
2004-04-18,16:51,-3.14400,35.62250,B134,6,U-080,left,M
2004-04-19,7:55,-3.13233,35.62400,B134,3,U-118,right,U
2004-04-19,7:55,-3.13233,35.62400,B134,4,U-118,left,U
2004-04-20,9:32,-3.23000,35.53950,B135,32,N-103,right,T
2004-04-20,9:32,-3.23000,35.53950,B135,33,N-103,right,T
2004-04-21,17:35,-3.19467,35.49950,B135,31,F-108,right,F
2004-04-21,17:43,-3.19467,35.49950,B135,26,,right,F
2004-04-21,17:43,-3.19467,35.49950,B135,30,,right,F
2004-04-21,17:43,-3.19467,35.49950,B135,27,,left,F
2004-04-21,18:05,-3.19467,35.49950,B135,29,F-111,right,F
2004-04-21,18:20,-3.19467,35.49950,B135,28,F-105,left,F
2004-04-24,9:42,-3.14350,35.62267,B135,17,M-191,right,M
2004-04-24,10:00,-3.13683,35.62383,B135,18,U-085,right,U
2004-04-24,10:00,-3.13683,35.62383,B135,23,U-085,right,U
2004-04-24,10:00,-3.13683,35.62383,B135,22,U-085,left,U
2004-04-24,10:00,-3.13683,35.62383,B135,25,U-085,left,U
2004-04-24,10:00,-3.13683,35.62383,B135,19,U-086,right,U
2004-04-24,10:00,-3.13683,35.62383,B135,24,U-086,left,U
2004-04-24,10:00,-3.13683,35.62383,B135,20,U-113,right,U
2004-04-24,10:00,-3.13683,35.62383,B135,21,U-113,left,U
2004-04-25,8:40,-3.21167,35.62317,B135,15,N-106,right,N
2004-04-25,8:40,-3.21167,35.62317,B135,16,N-106,right,N
2004-04-25,8:56,-3.19367,35.63400,B135,12,N-110,right,N
2004-04-25,8:56,-3.19367,35.63400,B135,13,N-110,left,N
2004-04-25,8:56,-3.19367,35.63400,B135,14,N-110,left,N
2004-04-27,9:40,-3.14000,35.62967,B135,6,T-091,right,M
2004-04-27,9:40,-3.14000,35.62967,B135,11,T-091,right,M
2004-04-27,9:45,-3.14000,35.62967,B135,10,M-203,left,M
2004-04-27,9:53,-3.14000,35.62967,B135,9,M-180,right,M
2004-04-27,9:55,-3.14000,35.62967,B135,8,L-126,right,M
2004-04-27,9:55,-3.14000,35.62967,B135,7,L-126,left,M
2004-04-27,10:05,-3.14000,35.62967,B135,5,M-183,right,M
2004-05-11,8:43,-3.16567,35.51767,B137,17,A-142,right,A
2004-05-11,8:43,-3.16567,35.51767,B137,19,L-137,right,A
2004-05-11,8:43,-3.16567,35.51767,B137,18,L-137,left,A
2004-05-11,17:50,-3.15667,35.59033,B137,22,E-087,left,E
2004-05-11,17:50,-3.15667,35.59033,B137,20,E-093,left,E
2004-05-11,17:50,-3.15667,35.59033,B137,21,L-131,left,E
2004-05-11,17:59,-3.15617,35.59233,B137,25,E-088,left,E
2004-05-15,7:57,-3.14033,35.49733,B137,31,,right,A
2004-05-15,7:57,-3.14033,35.49733,B137,30,,left,A
2004-05-15,8:23,-3.14033,35.49733,B137,32,A-174,right,A
2004-05-15,8:50,-3.16633,35.51417,B137,34,A-020,right,A
2004-05-15,8:50,-3.16633,35.51417,B137,35,A-020,right,A
2004-05-19,8:04,-3.15383,35.61367,B138,14,M-208,right,M
2004-05-19,8:22,-3.15383,35.61367,B138,15,M-212,right,M
2004-05-25,10:17,-3.17422,35.61224,B138,30,M-174,right,M
2004-05-25,10:17,-3.17422,35.61224,B138,27,M-174,left,M
2004-05-25,10:17,-3.17422,35.61224,B138,28,M-197,right,M
2004-05-25,10:17,-3.17422,35.61224,B138,29,M-197,left,M
2004-05-25,10:17,-3.17422,35.61224,B138,31,M-201,left,M
2004-05-26,6:46,-3.16475,35.51734,B138,33,A-129,right,A
2004-05-26,6:46,-3.16475,35.51734,B138,32,A-129,left,A
2004-05-26,10:08,-3.15535,35.61945,B138,34,A-148,right,A
2004-05-26,10:22,-3.15594,35.62210,B138,36,A-146,right,A
2004-05-26,10:22,-3.15594,35.62210,B138,35,A-146,left,A
2004-05-28,8:49,-3.14352,35.49982,B139,1,A-173,right,A
2004-05-28,8:49,-3.14352,35.49982,B139,2,A-173,right,A
2004-05-28,8:49,-3.14352,35.49982,B139,3,A-173,left,A
2004-05-29,17:00,-3.16090,35.60773,B139,17,M-099,left,M
2004-05-31,9:50,-3.14810,35.50556,B139,21,A-159,left,A
2004-06-01,10:20,-3.18650,35.62533,B139,23,N-117,right,N
2004-06-01,10:20,-3.18650,35.62533,B139,24,N-117,left,N
2004-06-01,10:20,-3.18650,35.62533,B139,25,N-118,right,N
2004-06-01,10:20,-3.18650,35.62533,B139,26,N-118,right,N
2004-06-01,10:20,-3.18650,35.62533,B139,22,N-118,left,N
2004-06-01,17:50,-3.18650,35.62533,B139,32,N-102,right,N
2004-06-01,17:50,-3.18650,35.62533,B139,30,N-121,right,N
2004-06-01,17:50,-3.18650,35.62533,B139,29,N-121,left,N
2004-06-01,17:50,-3.18650,35.62533,B139,31,N-122,right,N
2004-06-01,17:50,-3.18650,35.62533,B139,27,N-122,left,N
2004-06-01,17:50,-3.18650,35.62533,B139,28,N-122,left,N
2004-06-03,6:43,-3.18988,35.61343,B140,2,F-090,right,N
2004-06-03,6:43,-3.18988,35.61343,B140,1,F-090,left,N
2004-06-03,6:43,-3.18988,35.61343,B140,3,N-106,right,N
2004-06-03,6:43,-3.18988,35.61343,B140,4,N-106,left,N
2004-06-03,6:43,-3.18988,35.61343,B140,6,N-108,left,N
2004-06-03,6:43,-3.18988,35.61343,B140,5,N-109,left,N
2004-06-05,9:37,-3.14434,35.49889,B140,10,A-165,right,A
2004-06-05,9:37,-3.14434,35.49889,B140,11,A-165,right,A
2004-06-05,9:37,-3.14434,35.49889,B140,7,A-165,left,A
2004-06-05,9:37,-3.14434,35.49889,B140,9,A-166,right,A
2004-06-05,9:37,-3.14434,35.49889,B140,13,A-166,right,A
2004-06-05,9:37,-3.14434,35.49889,B140,8,A-166,left,A
2004-06-05,9:37,-3.14434,35.49889,B140,12,A-166,left,A
2004-06-08,7:58,-3.11104,35.57011,B140,22,U-040,right,U
2004-06-08,7:58,-3.11104,35.57011,B140,23,U-040,right,U
2004-06-08,7:58,-3.11104,35.57011,B140,20,,right,U
2004-06-08,7:58,-3.11104,35.57011,B140,21,,left,U
2004-06-10,10:16,-3.17682,35.50869,B140,30,A-138,right,F
2004-06-10,10:16,-3.17682,35.50869,B140,31,A-138,left,F
2004-06-11,7:55,-3.14469,35.49968,B140,32,A-172,right,A
2004-06-14,7:59,-3.15052,35.50249,B141,6,A-142,left,A
2004-06-18,6:56,-3.16386,35.51600,B141,9,A-116,right,A
2004-06-18,6:56,-3.16386,35.51600,B141,8,A-116,left,A
2004-06-18,6:56,-3.16386,35.51600,B141,13,A-119,left,A
2004-06-18,6:56,-3.16386,35.51600,B141,14,A-142,left,A
2004-06-18,6:56,-3.16386,35.51600,B141,15,A-150,right,A
2004-06-18,6:56,-3.16386,35.51600,B141,12,A-150,left,A
2004-06-18,6:56,-3.16386,35.51600,B141,16,A-151,right,A
2004-06-18,6:56,-3.16386,35.51600,B141,17,A-151,left,A
2004-06-18,17:43,-3.23552,35.53426,B141,18,T-105,right,T
2004-06-18,17:43,-3.23552,35.53426,B141,19,T-105,left,T
2004-06-18,17:55,-3.23567,35.53514,B141,21,T-092,right,T
2004-06-18,17:55,-3.23567,35.53514,B141,22,T-096,right,T
2004-06-18,17:55,-3.23567,35.53514,B141,20,T-099,right,T
2004-06-18,17:55,-3.23567,35.53514,B141,28,T-099,right,T
2004-06-18,17:55,-3.23567,35.53514,B141,26,T-099,left,T
2004-06-18,17:55,-3.23567,35.53514,B141,23,T-107,right,T
2004-06-18,17:55,-3.23567,35.53514,B141,30,T-107,left,T
2004-06-18,17:55,-3.23567,35.53514,B141,31,T-108,right,T
2004-06-18,17:55,-3.23567,35.53514,B141,29,T-108,left,T
2004-06-18,17:55,-3.23567,35.53514,B141,27,X-041,right,T
2004-06-18,17:55,-3.23567,35.53514,B141,24,X-041,left,T
2004-06-18,17:55,-3.23567,35.53514,B141,25,X-041,left,T
2004-10-14,9:19,-3.14910,35.59300,B142,36A,L-148,right,E
2004-10-14,9:19,-3.14910,35.59300,B142,35A,L-148,left,E
2004-10-15,9:20,-3.13761,35.53392,B142,33A,R-001,right,R
2004-10-15,9:20,-3.13761,35.53392,B142,34A,R-001,right,R
2004-10-15,9:20,-3.13761,35.53392,B142,32A,R-001,left,R
2004-10-17,17:27,-3.14500,35.57782,B142,30A,E-126,right,E
2004-10-17,17:27,-3.14500,35.57782,B142,31A,E-126,left,E
2004-10-17,17:31,-3.14500,35.57782,B142,29A,E-127,left,E
2004-10-17,17:31,-3.14500,35.57782,B142,28A,,left,E
2004-10-19,17:48,-3.14660,35.52200,B142,22A,A-180,right,A
2004-10-19,17:48,-3.14660,35.52200,B142,27A,A-180,left,A
2004-10-19,17:58,-3.14660,35.52200,B142,25A,A-179,right,A
2004-10-19,17:58,-3.14660,35.52200,B142,26A,A-179,left,A
2004-10-19,18:02,-3.14660,35.52200,B142,24A,A-178,right,A
2004-10-19,18:03,-3.14660,35.52200,B142,23A,A-177,right,A
2004-10-20,8:26,-3.19496,35.50067,B142,21A,F-104,right,F
2004-10-20,8:26,-3.19496,35.50067,B142,20A,F-104,left,F
2004-10-21,8:53,-3.19978,35.52074,B142,16A,,right,F
2004-10-21,8:53,-3.19978,35.52074,B142,17A,,left,F
2004-10-21,8:53,-3.19978,35.52074,B142,15A,,right,F
2004-10-21,8:53,-3.19978,35.52074,B142,18A,,left,F
2004-10-24,16:58,-3.18804,35.61749,B142,14A,N-120,right,N
2004-10-24,16:58,-3.18804,35.61749,B142,10A,N-120,left,N
2004-10-24,17:45,-3.19381,35.61952,B142,12A,A-122,left,N
2004-10-27,9:32,-3.20851,35.58283,B142,7A,S-086,right,S
2004-10-30,6:36,-3.18412,35.61605,B143,35,N-109,right,N
2004-10-30,6:36,-3.18412,35.61605,B143,36,N-109,right,N
2004-10-30,6:36,-3.18412,35.61605,B143,E,N-119,right,N
2004-10-30,6:36,-3.18412,35.61605,B143,34,N-120,right,N
2004-10-30,6:36,-3.18412,35.61605,B143,33,N-120,left,N
2004-11-05,7:48,-3.14660,35.52200,B143,20,,right,A
2004-11-05,7:48,-3.14660,35.52200,B143,21,,right,A
2004-11-05,7:48,-3.14660,35.52200,B143,19,,left,A
2004-11-05,8:45,-3.20228,35.51772,B143,17,F-109,right,F
2004-11-05,8:45,-3.20228,35.51772,B143,18,F-109,right,F
2004-11-05,8:45,-3.20228,35.51772,B143,16,F-109,left,F
2004-11-05,8:58,-3.20122,35.52012,B143,13,F-113,right,F
2004-11-05,8:58,-3.20122,35.52012,B143,12,F-113,left,F
2004-11-05,8:58,-3.20122,35.52012,B143,15,F-113,left,F
2004-11-07,7:12,-3.19805,35.61726,B143,7,N-119,right,N
2004-11-07,7:12,-3.19805,35.61726,B143,4,N-119,left,N
2004-11-07,7:12,-3.19805,35.61726,B143,5,N-119,left,N
2004-11-07,7:12,-3.19805,35.61726,B143,6,N-120,right,N
2004-11-07,7:12,-3.19805,35.61726,B143,8,N-120,left,N
2004-11-07,7:12,-3.19805,35.61726,B143,9,N-120,left,N
2004-11-08,6:38,-3.17719,35.63028,B144,30,N-120,right,N
2004-11-08,6:38,-3.17719,35.63028,B144,31,N-120,left,N
2004-11-08,6:38,-3.17719,35.63028,B144,32,N-120,left,N
2004-11-18,7:44,-3.23532,35.53507,B144,26,T-107,right,T
2004-11-18,7:44,-3.23532,35.53507,B144,27,T-107,left,T
2004-11-18,7:44,-3.23532,35.53507,B144,24,T-108,right,T
2004-11-18,7:44,-3.23532,35.53507,B144,25,T-108,right,T
2004-11-18,7:48,-3.23529,35.53516,B144,28,T-106,right,T
2004-11-18,7:48,-3.23529,35.53516,B144,29,T-106,left,T
2004-11-19,7:48,-3.15650,35.60950,B144,22,M-178,right,M
2004-11-19,7:48,-3.15650,35.60950,B144,21,M-178,left,M
2004-11-19,7:48,-3.15650,35.60950,B144,13,M-178,left,M
2004-11-19,8:20,-3.15650,35.60950,B144,20,M-195,left,M
2004-11-22,17:53,-3.14246,35.53269,B145,30,A-182,right,A
2004-11-23,17:50,-3.20119,35.56326,B145,12,S-101,right,S
2004-11-23,17:50,-3.20119,35.56326,B145,13,S-101,right,S
2004-11-23,17:50,-3.20119,35.56326,B145,15,S-101,right,S
2004-11-23,17:50,-3.20119,35.56326,B145,14,S-101,left,S
2004-11-23,17:50,-3.20119,35.56326,B145,16,S-101,left,S
2004-11-26,9:00,-3.19908,35.52250,B144,10,F-103,right,F
2004-11-26,9:00,-3.19908,35.52250,B144,11,F-103,left,F
2004-11-29,7:50,-3.14660,35.52200,B145,3,A-178,right,A
2004-11-29,7:50,-3.14660,35.52200,B145,4,A-178,left,A
2004-11-29,7:50,-3.14660,35.52200,B145,2,A-182,right,A
2004-11-29,7:50,-3.14660,35.52200,B145,5,A-183,right,A
2004-11-29,7:50,-3.14660,35.52200,B145,6,A-183,left,A
2004-11-29,7:50,-3.14660,35.52200,B145,1,A-184,right,A
2004-12-02,7:33,-3.14660,35.52200,B146,28A,A-107,right,A
2004-12-02,17:52,-3.15383,35.61367,B146,27A,M-226,left,M
2004-12-06,17:20,-3.14666,35.52327,B146,18A,A-178,left,A
2004-12-07,6:49,-3.19636,35.60730,B146,15A,N-123,left,N
2004-12-07,6:49,-3.19636,35.60730,B146,16A,N-123,left,N
2004-12-08,6:28,-3.18131,35.62533,B146,6A,A-118,right,F
2004-12-08,6:28,-3.18131,35.62533,B146,7A,A-118,right,F
2004-12-08,6:28,-3.18131,35.62533,B146,5A,A-118,left,F
2004-12-08,6:28,-3.18131,35.62533,B146,3A,L-083,right,F
2004-12-08,6:28,-3.18131,35.62533,B146,4A,L-083,left,F
2004-12-09,7:24,-3.23609,35.53159,B147,33,T-109,left,T
2004-12-09,7:24,-3.23609,35.53159,B147,36,T-109,left,T
2004-12-09,7:24,-3.23609,35.53159,B147,34,T-110,right,T
2004-12-09,7:24,-3.23609,35.53159,B147,35,T-110,right,T
2004-12-09,7:24,-3.23609,35.53159,B147,32,T-110,left,T
2004-12-16,8:00,-3.23510,35.53508,B147,25,T-109,left,T
2004-12-16,8:00,-3.23510,35.53508,B147,22,T-110,left,T
2004-12-30,9:14,-3.23933,35.53217,B147,1,T-111,left,T
2004-12-31,9:20,-3.23933,35.53217,B148,35A,T-111,right,T
2004-12-31,9:20,-3.23933,35.53217,B148,32A,T-112,right,T
2004-12-31,9:20,-3.23933,35.53217,B148,34A,T-112,left,T
2004-12-31,9:20,-3.23933,35.53217,B148,33A,T-113,left,T
2004-12-31,9:20,-3.23933,35.53217,B148,30A,T-114,right,T
2004-12-31,9:20,-3.23933,35.53217,B148,31A,T-114,left,T
2005-01-10,18:12,-3.21833,35.56833,B148,26,S-112,right,S
2005-01-10,18:12,-3.21833,35.56833,B148,27,S-114,right,S
