sucklingID,date,time,latitude,longitude,denname,remarks,mother,cub1,cub2,cub3,allosuckling1,allosuckling2,observer
su00001,1996-04-14,15:50,,,den Mosi,zwei helle Flecken auf li Seite oberhalb Schnauzhaare,M-005,M-093,,,,,
su00002,1996-04-25,15:14,,,den Mosi,,M-003,M-082,M-083,,,,
su00003,1996-04-25,15:14,,,den Mosi,2 cubs SU from her very dark at the back,M-005,M-093,cub,,,,
su00004,1996-04-27,17:00,,,den Mosi,,M-003,M-082,M-083,,,,
su00005,1996-05-18,16:36,-3.17833,35.6005,,,M-012,M-092,,,,,
su00006,1996-06-06,6:52,-3.17533,35.59767,,,M-009,M-091,,,,,
su00007,1996-06-15,7:25,-3.19783,35.58883,,,L-001,L-080,L-081,,,,
su00008,1996-06-15,17:30,,,den Cili,,L-001,L-080,,,,,
su00009,1996-06-19,7:05,-3.17683,35.60383,,,M-012,M-092,,,,,
su00010,1996-06-21,6:43,,,den Luna,SU L-080 or L-081,L-001,cub,,,,,
su00011,1996-06-21,6:43,,,den Luna,"after 10min SU, L-086 + L-087 go to L-007 who licks them",L-008,L-086,L-087,,,,
su00012,1996-06-24,6:51,,,den Luna,,L-002,L-082,,,,,
su00013,1996-06-24,6:51,,,den Luna,,L-007,L-088,,,,,
su00014,1996-06-24,6:51,,,den Luna,,L-008,L-086,L-087,,,,
su00015,1996-06-26,18:28,-3.17750,35.60333,,,M-012,M-092,,,,,
su00016,1996-06-27,6:59,,,den Luna,"SU L-080, then L-081",L-001,L-080,L-081,,,,
su00017,1996-06-27,17:11,,,den Luna,,L-007,L-088,,,,,
su00018,1996-07-07,17:04,-3.194,35.58783,,,L-001,L-080,L-081,,,,
su00019,1996-07-07,17:52,-3.194,35.58783,,,L-001,L-080,L-081,,,,
su00020,1996-07-10,8:01,-3.194,35.58783,,,L-012,L-084,,,,,
su00021,1996-07-12,7:09,-3.19400,35.58783,den Lotus,,L-012,L-084,L-085,,,,
su00022,1996-07-13,7:35,-3.17250,35.54700,,,L-005,L-083,,,,,
su00023,1996-07-13,7:43,-3.17200,35.54783,,,L-002,L-082,,,,,
su00024,1996-07-14,17:20,-3.18067,35.59950,,,M-014,M-089,M-090,,,,
su00025,1996-07-16,7:28,-3.17200,35.54733,,,L-003,L-089,,,,,
su00026,1996-07-18,7:10,-3.17183,35.54767,,,L-002,L-082,,,,,
su00027,1996-07-18,7:10,-3.17183,35.54767,,,L-007,L-088,,,,,
su00028,1996-07-19,8:03,-3.17717,35.55167,,,L-003,L-089,,,,,
su00029,1996-07-19,8:08,-3.17550,35.55150,,,L-002,L-082,,,,,
su00030,1996-07-29,17:34,-3.17467,35.55083,,,L-008,L-086,L-087,,,,
su00031,1996-07-29,17:34,-3.17467,35.55083,,,L-007,L-088,,,,,
su00032,1996-08-01,17:01,-3.17617,35.599,,,M-013,M-080,,,,,
su00033,1996-08-15,17:13,-3.17617,35.599,,,M-001,M-084,M-085,,,,
su00034,1996-08-30,17:18,-3.17067,35.54067,,,L-003,L-089,,,,,
su00035,1996-09-01,8:58,-3.16717,35.626,,,M-009,M-091,,,,,
su00036,1996-09-03,8:36,-3.17433,35.54833,,,L-002,L-082,,,,,
su00037,1996-09-03,8:36,-3.17433,35.54833,,,L-005,L-083,,,,,
su00038,1996-09-03,18:40,-3.16633,35.62667,,,M-001,M-084,,,,,
su00039,1996-09-05,8:38,-3.17833,35.56233,,,L-004,L-090,,,,,
su00040,1996-09-15,8:59,-3.17883,35.56267,,,L-012,L-084,L-085,,,,
su00041,1996-09-18,9:58,-3.19883,35.55950,,,L-002,L-082,,,,,
su00042,1996-09-18,9:58,-3.19883,35.55950,,,L-003,L-089,,,,,
su00043,1996-09-18,9:58,-3.19700,35.55867,,,L-005,L-083,,,,,
su00044,1996-09-19,18:39,-3.17267,35.6005,,,M-003,M-082,M-083,,,,
su00045,1996-10-03,9:12,-3.17733,35.54567,,,L-003,L-089,,,,,
su00046,1996-12-29,7:39,-3.18633,35.56533,,Lemala adf suckling 1 cub,,cub,,,,,
su00047,1996-12-29,7:43,-3.18333,35.56267,,SU L-083 from 0832 on,L-005,L-083,,,,,
su00048,1996-12-29,7:43,-3.18333,35.56267,,,L-012,L-084,L-085,,,,
su00049,1997-01-06,17:19,-3.19733,35.57150,,,L-005,L-083,,,,,
su00050,1997-01-06,17:53,-3.18783,35.565,,,L-009,L-093,,,,,
su00051,1997-01-07,6:29,-3.17533,35.60200,,,M-009,M-091,,,,,
su00052,1997-01-08,7:35,-3.20633,35.56217,,,L-002,L-082,,,,,
su00053,1997-01-08,8:02,-3.20367,35.57683,,,L-001,L-080,L-081,,,,
su00054,1997-01-10,8:52,-3.19000,35.56500,,,L-009,L-093,,,,,
su00055,1997-01-15,7:03,-3.1895,35.564,,,L-004,L-090,,,,,
su00056,1997-01-15,7:48,-3.18783,35.565,,,L-008,L-086,L-087,,,,
su00057,1997-01-18,17:49,,,den Lucky,,L-012,L-084,L-085,,,,
su00058,1997-01-19,17:47,-3.17617,35.59900,,,M-009,M-091,,,,,
su00059,1997-01-25,8:04,-3.20567,35.57850,,,L-004,L-090,,,,,
su00060,1997-01-25,17:04,-3.20817,35.5775,,,L-008,L-086,L-087,,,,
su00061,1997-01-26,6:51,-3.20567,35.5785,,,L-001,L-080,L-081,,,,
su00062,1997-01-26,17:23,-3.20800,35.57750,,,L-008,L-086,,,,,
su00063,1997-01-27,18:04,-3.20867,35.57667,,,L-009,L-093,,,,,
su00064,1997-01-27,18:05,-3.20867,35.57667,,,L-001,L-080,L-081,,,,
su00065,1997-02-13,9:29,-3.16900,35.64133,,,M-002,M-081,,,,,
su00066,1997-02-15,8:31,-3.181,35.56333,,,L-012,L-084,L-085,,,,
su00067,1997-02-24,16:46,-3.18417,35.56283,,,L-008,L-086,L-087,,,,
su00068,1997-02-25,7:46,-3.181,35.58183,,,L-012,L-084,L-085,,,,
su00069,1997-02-26,8:57,-3.17317,35.553,,,L-008,L-086,L-087,,,,
su00070,1997-02-28,7:54,-3.18300,35.56317,,,L-012,L-084,,,,,
su00071,1997-02-28,9:44,-3.183,35.56317,,,L-012,L-084,L-085,,,,
su00072,1997-03-03,9:09,-3.18283,35.56317,,,L-008,L-086,,,,,
su00073,1997-03-08,7:02,-3.181,35.58183,,,L-001,L-080,L-081,,,,
su00074,1997-03-08,7:21,-3.17983,35.58250,,,L-008,L-086,L-087,,,,
su00075,1997-03-09,7:30,-3.18150,35.58193,,red head + FLs,L-008,L-086,L-087,,,,
su00076,1997-03-09,18:45,-3.181,35.58183,,,L-001,L-080,L-081,,,,
su00077,1997-03-16,10:05,-3.1745,35.5645,,,L-008,L-086,L-087,,,,
su00078,1997-03-20,9:13,-3.17767,35.54633,,,L-012,L-084,L-085,,,,
su00079,1997-03-21,18:13,-3.181,35.58183,,,L-014,L-095,,,L-095,,
su00080,1997-03-23,22:57,-3.181,35.58183,,,L-014,L-095,,,L-095,,
su00081,1997-03-24,18:28,-3.181,35.58183,,,L-014,L-095,,,L-095,,
su00082,1997-03-25,19:19,-3.181,35.58183,,,L-014,L-095,,,L-095,,
su00083,1997-03-26,7:43,-3.181,35.58183,,,L-014,L-095,,,L-095,,
su00084,1997-03-28,8:00,-3.181,35.58183,,,L-014,L-095,,,L-095,,
su00085,1997-03-29,9:06,-3.16567,35.57433,,,L-012,L-084,L-085,,,,
su00086,1997-03-30,17:44,-3.16783,35.57617,,,L-012,L-084,L-085,,,,
su00087,1997-04-08,10:18,-3.16083,35.59017,,,L-008,L-086,L-087,,,,
su00088,1997-04-09,7:30,-3.18117,35.594,,,L-012,L-084,L-085,,,,
su00089,1997-04-10,17:09,-3.164,35.61233,,,M-007,M-100,,,,,
su00090,1997-04-11,9:00,-3.20283,35.56367,,,L-012,L-084,L-085,,,,
su00091,1997-04-11,9:55,-3.20267,35.58433,,,L-001,L-081,,,,,
su00092,1997-04-13,18:21,-3.18100,35.58183,den Lupo,,L-013,L-086,,,L-086,,
su00093,1997-04-14,8:33,-3.164,35.61233,,,M-006,M-098,M-099,,,,
su00094,1997-04-15,18:24,-3.19533,35.59767,,,L-008,L-086,L-087,,,,
su00095,1997-04-16,16:58,-3.19,35.59367,,,L-009,L-093,,,,,
su00096,1997-04-17,17:52,-3.18567,35.585,,,L-014,L-095,,,L-095,,
su00097,1997-04-18,16:53,-3.18567,35.585,,,L-014,L-095,,,L-095,,
su00098,1997-04-18,16:57,-3.18567,35.585,,for 20sec only,L-014,L-086,,,L-086,,
su00099,1997-04-18,18:01,-3.18567,35.585,,,L-013,L-095,,,,,
su00100,1997-04-18,17:39,-3.18567,35.58500,den Lili,,L-013,L-086,,,L-086,,
su00101,1997-04-19,9:48,-3.18567,35.585,,,L-013,L-095,,,,,
su00102,1997-04-19,23:29,-3.18567,35.585,,,L-013,L-095,,,,,
su00103,1997-04-20,18:26,-3.18567,35.585,,,L-013,L-095,,,,,
su00104,1997-04-21,19:33,-3.18567,35.58500,,,L-013,L-095,,,,,
su00105,1997-04-22,0:05,-3.18567,35.585,,,L-014,L-095,,,L-095,,
su00106,1997-04-22,1:03,-3.18567,35.585,,,L-014,L-095,,,L-095,,
su00107,1997-04-22,8:09,-3.18567,35.585,,,L-013,L-095,,,,,
su00108,1997-05-28,18:09,-3.14017,35.50417,,,A-015,A-090,A-091,,,,
su00109,1997-06-01,9:13,-3.14017,35.50417,,,A-015,A-090,A-091,,,,
su00110,1997-06-02,7:39,-3.164,35.61233,,,M-005,M-101,M-102,,,,
su00111,1997-06-13,7:24,-3.164,35.61233,,,M-005,M-101,M-102,,,,
su00112,1997-06-14,6:47,-3.192,35.58667,,,L-015,L-099,L-100,,,,
su00113,1997-06-16,8:26,-3.192,35.58667,,,L-015,L-099,L-100,,,,
su00114,1997-06-19,22:23,-3.14017,35.50417,,,A-015,A-091,,,,,
su00115,1997-06-21,5:27,-3.14017,35.50417,,,A-015,A-091,,,,,
su00116,1997-06-23,19:03,-3.14017,35.50417,,,A-001,A-088,A-089,,,,
su00117,1997-06-23,19:38,-3.14017,35.50417,,,A-015,A-091,,,,,
su00118,1997-06-27,8:18,-3.1795,35.5915,,,L-004,L-101,L-102,,,,
su00119,1997-06-29,17:14,-3.16383,35.6165,,,M-007,M-100,,,,,
su00120,1997-06-29,17:26,-3.16383,35.6165,,,M-014,M-105,M-106,,,,
su00121,1997-06-29,18:34,-3.16383,35.6165,,,M-006,M-098,M-099,,,,
su00122,1997-07-01,8:33,,,den Labda,,L-008,L-086,L-087,,,,
su00123,1997-07-02,18:52,-3.16383,35.61650,,,M-006,M-098,,,,,
su00124,1997-08-16,9:13,,,den Lugi,prob SU L-080 + L-081,L-001,L-080,L-081,,,,
su00125,1997-08-19,10:01,-3.164,35.61233,,,M-005,M-101,M-102,,,,
su00126,1997-08-19,20:52,-3.164,35.61233,,,M-007,M-100,,,,,
su00127,1997-08-19,20:52,-3.164,35.61233,,,M-006,M-098,M-099,,,,
su00128,1997-08-19,20:53,-3.164,35.61233,,,M-005,M-101,M-102,,,,
su00129,1997-08-19,22:09,-3.164,35.61233,,,M-012,M-103,M-104,,,,
su00130,1997-08-20,0:30,-3.164,35.61233,,,M-009,M-108,M-109,,,,
su00131,1997-08-20,0:33,-3.164,35.61233,,,M-012,M-103,M-104,,,,
su00132,1997-08-20,5:08,-3.164,35.61233,,,M-014,M-105,M-106,,,,
su00133,1997-08-20,19:00,-3.164,35.61233,,,M-007,M-100,,,,,
su00134,1997-08-20,21:53,-3.164,35.61233,,,M-009,M-108,M-109,,,,
su00135,1997-08-21,0:55,-3.164,35.61233,,,M-002,M-110,M-111,,,,
su00136,1997-08-21,1:09,-3.164,35.61233,,,M-014,M-105,M-106,,,,
su00137,1997-08-21,2:57,-3.164,35.61233,,,M-002,M-110,M-111,,,,
su00138,1997-08-21,3:13,-3.164,35.61233,,,M-014,M-105,M-106,,,,
su00139,1997-08-21,3:22,-3.164,35.61233,,,M-006,M-098,M-099,,,,
su00140,1997-08-21,4:20,-3.16400,35.61233,,,M-043,M-107,,,,,
su00141,1997-08-21,6:51,-3.16400,35.61233,,,M-007,M-100,,,,,
su00142,1997-08-21,7:14,-3.164,35.61233,,,M-043,M-112,,,,,
su00143,1997-08-21,20:10,-3.164,35.61233,,,M-043,M-107,M-112,,,,
su00144,1997-08-21,20:23,-3.164,35.61233,,,M-009,M-108,M-109,,,,
su00145,1997-08-22,5:02,-3.164,35.61233,,,M-009,M-108,M-109,,,,
su00146,1997-08-22,6:16,-3.164,35.61233,,,M-006,M-098,M-099,,,,
su00147,1997-08-22,6:26,-3.164,35.61233,,,M-007,M-100,,,,,
su00148,1997-08-23,0:17,-3.164,35.61233,,,M-012,M-103,M-104,,,,
su00149,1997-08-26,8:55,,,den Alidada,,A-015,A-091,,,,,
su00150,1997-08-27,8:22,-3.164,35.61233,,,M-005,M-101,M-102,,,,
su00151,1997-08-27,9:31,-3.164,35.61233,,,M-007,M-100,,,,,
su00152,1997-08-27,18:47,-3.164,35.61233,,,M-014,M-105,M-106,,,,
su00153,1997-08-30,7:25,-3.164,35.61233,,,M-014,M-105,,,,,
su00154,1997-09-01,7:24,-3.164,35.61233,,,M-043,M-107,M-112,,,,
su00155,1997-09-01,7:40,-3.164,35.61233,,,M-014,M-105,M-106,,,,
su00156,1997-09-02,8:57,-3.17817,35.54633,,,L-001,L-081,,,,,
su00157,1997-09-02,17:52,-3.1935,35.573,,,L-013,L-095,,,,,
su00158,1997-09-03,7:28,-3.16283,35.6135,,,M-017,M-113,M-114,,,,
su00159,1997-09-03,18:17,-3.17933,35.5455,,,L-013,L-095,,,,,
su00160,1997-09-06,7:46,-3.18333,35.56200,,,L-012,L-084,,,,,
su00161,1997-09-06,17:35,-3.17883,35.56267,,,L-014,L-095,,,L-095,,
su00162,1997-09-06,18:27,-3.17883,35.56267,,,L-004,L-101,L-102,,,,
su00163,1997-09-08,6:44,-3.164,35.61233,,,M-017,M-113,,,,,
su00164,1997-09-17,6:51,-3.17883,35.56967,,,L-004,L-101,L-102,,,,
su00165,1997-09-18,2:14,-3.17883,35.56967,,,L-015,L-100,,,,,
su00166,1997-09-20,6:12,-3.17883,35.56967,,,L-015,L-100,,,,,
su00167,1997-10-06,18:15,-3.18033,35.56867,,,L-004,L-101,L-102,,,,
su00168,1997-10-11,18:03,-3.18033,35.56867,,,L-004,L-101,L-102,,,,
su00169,1997-10-12,17:05,-3.18033,35.56867,,,L-004,L-101,,,,,
su00170,1997-10-16,7:55,-3.16200,35.61533,den Moru B,,M-017,M-110,,,M-110,,
su00171,1997-10-16,16:40,-3.162,35.61533,,,M-007,M-100,,,,,
su00172,1997-10-17,20:56,-3.162,35.61533,,,M-007,M-100,,,,,
su00173,1997-10-19,1:20,-3.16200,35.61533,,,M-005,M-101,M-102,,,,
su00174,1997-10-19,5:53,-3.16200,35.61533,,,M-012,M-103,M-104,,,,
su00175,1998-01-11,17:40,-3.19267,35.59833,,,L-009,L-093,,,,,
su00176,1998-01-18,7:18,-3.19083,35.59733,,,L-013,L-095,,,,,
su00177,1998-01-18,17:47,-3.164,35.61233,,,M-005,M-101,M-102,,,,
su00178,1998-01-28,7:31,-3.18933,35.60333,,,L-014,L-094,,,,,
su00179,1998-01-28,7:37,-3.19067,35.60283,,,L-009,L-093,,,,,
su00180,1998-01-29,18:56,-3.19417,35.5975,,,L-008,L-105,L-106,,,,
su00181,1998-02-01,18:04,-3.19417,35.5975,,,L-008,L-105,L-106,,,,
su00182,1998-02-03,9:06,-3.19267,35.59333,,,L-013,L-095,,,,,
su00183,1998-02-04,19:04,-3.162,35.61533,,,M-017,M-113,M-114,,,,
su00184,1998-05-05,8:10,-3.20467,35.61217,,,N-003,N-082,N-083,,,,
su00185,1998-02-06,17:55,-3.19417,35.5975,,,L-005,L-108,L-109,,,,
su00186,1998-02-07,18:32,-3.19417,35.5975,,,L-008,L-105,,,,,
su00187,1998-02-09,18:00,-3.162,35.61533,,,M-017,M-113,M-114,,,,
su00188,1998-02-11,20:25,-3.162,35.61533,,,M-017,M-113,,,,,
su00189,1998-02-11,20:29,-3.162,35.61533,,,M-017,M-113,M-114,,,,
su00190,1998-02-11,20:52,-3.162,35.61533,,,M-007,M-100,,,,,
su00191,1998-02-12,7:14,-3.162,35.61533,,,M-017,M-113,M-114,,,,
su00192,1998-02-22,7:09,-3.15267,35.63833,,,M-005,M-102,,,,,
su00193,1998-03-07,17:58,-3.18783,35.58417,,,L-005,L-108,L-109,,,,
su00194,1998-03-10,6:54,-3.18783,35.58417,,,L-008,L-105,L-106,,,,
su00195,1998-03-11,6:56,-3.18783,35.58417,,,L-005,L-108,L-109,,,,
su00196,1998-03-11,21:49,-3.18783,35.58417,,,L-008,L-105,L-106,,,,
su00197,1998-03-12,5:57,-3.18783,35.58417,,,L-005,L-108,L-109,,,,
su00198,1998-03-13,6:08,-3.18783,35.58417,,,L-008,L-105,L-106,,,,
su00199,1998-03-14,6:59,-3.18783,35.58417,,,L-008,L-105,L-106,,,,
su00200,1998-03-31,18:26,-3.18783,35.58417,,,L-005,L-108,L-109,,,,
su00201,1998-04-09,18:41,-3.18783,35.58417,,,L-005,L-108,L-109,,,,
su00202,1998-04-14,18:01,-3.18783,35.58417,,,L-005,L-108,L-109,,,,
su00203,1998-04-29,18:12,-3.18783,35.58417,,,L-005,L-108,L-109,,,,
su00204,1998-05-09,20:24,-3.18783,35.58417,,,L-005,L-108,L-109,,,,
su00205,1998-05-09,20:27,-3.18783,35.58417,,,L-008,L-105,L-106,,,,
su00206,1998-05-09,21:12,-3.18783,35.58417,,,L-011,L-107,,,,,
su00207,1998-05-11,9:08,-3.18783,35.58417,,,L-009,L-114,,,,,
su00208,1998-05-11,23:32,-3.18783,35.58417,,,L-002,L-096,L-097,,,,
su00209,1998-05-12,6:37,-3.18783,35.58417,,,L-011,L-107,,,,,
su00210,1998-05-13,17:28,-3.18783,35.58417,,,L-011,L-107,,,,,
su00211,1998-05-13,20:34,-3.18783,35.58417,,,L-005,L-108,L-109,,,,
su00212,1998-05-13,23:56,-3.18783,35.58417,,,L-008,L-105,L-106,,,,
su00213,1998-05-17,9:40,-3.18267,35.61433,,,L-013,L-095,,,,,
su00214,1998-05-27,8:07,-3.17450,35.59533,den Mandi,details see separate table,L-004,L-116,,,L-116,,
su00215,1998-05-28,7:25,-3.1745,35.59533,,,L-002,L-096,L-097,,,,
su00216,1998-05-29,7:40,-3.17450,35.59533,den Mandi,details see separate table,L-088,L-111,L-116,,L-116,,
su00217,1998-05-30,8:36,-3.17450,35.59533,den Mandi,details see separate table,L-088,L-111,L-116,,L-116,,
su00218,1998-05-30,17:41,-3.17450,35.59533,den Mandi,details see separate table,L-088,L-111,L-116,,L-116,,
su00219,1998-05-31,18:08,-3.17450,35.59533,den Mandi,details see separate table,L-088,L-111,L-116,,L-116,,
su00220,1998-06-01,18:02,-3.17633,35.59217,,,L-008,L-105,L-106,,,,
su00221,1998-06-03,7:28,-3.17450,35.59533,den Mandi,details see separate table,L-088,L-111,L-116,,L-116,,
su00222,1998-06-03,17:41,-3.17450,35.59533,den Mandi,details see separate table,L-088,L-111,L-116,,L-116,,
su00223,1998-06-07,17:17,-3.17450,35.59533,den Mandi,details see separate table,L-088,L-111,L-116,,L-116,,
su00224,1998-06-07,17:38,-3.1745,35.59533,den Mandi,,L-088,L-111,,,,,
su00225,1998-06-08,16:14,-3.17633,35.59217,den Moon,details see separate table,L-088,L-111,L-116,,L-116,,
su00226,1998-06-09,14:58,-3.17633,35.59217,den Moon,,L-008,L-105,L-106,,,,
su00227,1998-06-09,15:18,-3.17633,35.59217,den Moon,details see separate table,L-088,L-111,L-116,,L-116,,
su00228,1998-06-10,3:11,-3.17633,35.59217,den Moon,,L-008,L-105,L-106,,,,
su00229,1998-06-10,17:25,-3.17633,35.59217,,,L-012,L-112,,,,,
su00230,1998-06-10,18:52,-3.17633,35.59217,,,L-012,L-112,,,,,
su00231,1998-06-11,6:35,-3.17633,35.59217,,,L-011,L-107,,,,,
su00232,1998-06-11,19:03,-3.17633,35.59217,,,L-008,L-105,L-106,,,,
su00233,1998-06-12,0:03,-3.17633,35.59217,,,L-012,L-112,,,,,
su00234,1998-06-13,3:56,-3.17633,35.59217,,,L-012,L-112,,,,,
su00235,1998-06-13,5:27,-3.17633,35.59217,,,L-011,L-107,,,,,
su00236,1998-06-30,18:15,-3.18150,35.58300,den Lumpi,details see separate table,L-088,L-111,L-116,,L-116,,
su00237,1998-07-03,18:16,-3.18150,35.58300,den Lumpi,details see separate table,L-088,L-111,L-116,,L-116,,
su00238,1998-07-04,7:02,-3.18150,35.58300,den Lumpi,details see separate table,L-088,L-111,L-116,,L-116,,
su00239,1998-07-07,9:13,-3.17800,35.56200,,,L-008,L-105,L-106,,,,
su00240,1998-07-18,18:28,-3.17467,35.62917,,,M-014,M-120,M-121,,,,
su00241,1998-07-19,18:56,-3.18067,35.58383,den Lumpi 2,details see separate table,L-088,L-111,L-116,,L-116,,
su00242,1998-08-20,7:05,-3.17917,35.57083,,,L-002,L-096,L-097,,,,
su00243,1998-08-28,9:56,-3.17917,35.57083,den Lake,details see separate table,L-088,L-111,L-116,,L-116,,
su00244,1998-08-29,9:01,-3.17917,35.57083,den Lake,details see separate table,L-088,L-116,,,L-116,,
su00245,1998-08-30,17:41,-3.17917,35.57083,den Lake,details see separate table,L-088,L-111,L-116,,L-116,,
su00246,1998-08-31,18:41,-3.17917,35.57083,den Lake,details see separate table,L-088,L-111,L-116,,L-116,,
su00247,1998-09-01,18:38,-3.17917,35.57083,den Lake,details see separate table,L-088,L-111,L-116,,L-116,,
su00248,1998-09-02,6:52,-3.14117,35.62483,,,M-009,M-117,,,,,
su00249,1998-09-02,6:52,-3.14117,35.62483,,,M-043,M-116,,,,,
su00250,1998-09-02,7:32,-3.14117,35.62483,,,M-014,M-120,M-121,,,,
su00251,1998-09-05,10:36,-3.14117,35.62483,,,M-005,M-118,M-119,,,,
su00252,1998-09-05,19:37,-3.14117,35.62483,,,M-005,M-118,M-119,,,,
su00253,1998-09-06,19:07,-3.14117,35.62483,,,M-009,M-117,,,,,
su00254,1998-09-07,5:49,-3.14117,35.62483,,,M-043,M-116,,,,,
su00255,1998-09-07,6:18,-3.14117,35.62483,,,M-009,M-117,,,,,
su00256,1998-09-08,7:26,-3.14117,35.62483,,,M-006,M-122,M-123,,,,
su00257,1998-09-08,18:45,-3.14117,35.62483,,,M-004,M-115,,,,,
su00258,1998-09-08,23:24,-3.14117,35.62483,,,M-009,M-117,,,,,
su00259,1998-09-09,8:46,-3.14117,35.62483,,,M-043,M-116,,,,,
su00260,1998-09-12,11:31,-3.17600,35.55917,,,L-008,L-105,L-106,,,,
su00261,1998-09-21,18:00,-3.17917,35.57083,,,L-004,L-117,L-118,,,,
su00262,1998-10-05,19:20,-3.2035,35.602,,,N-007,N-093,N-094,,,,
su00263,1998-10-07,0:11,-3.2035,35.602,,,N-006,N-089,,,,,
su00264,1998-10-07,0:13,-3.2035,35.602,,,N-007,N-093,N-094,,,,
su00265,1998-10-09,5:35,-3.2035,35.602,,,N-007,N-093,,,,,
su00266,1998-10-09,5:48,-3.2035,35.602,,,N-007,N-093,N-094,,,,
su00267,1998-10-14,8:21,-3.18033,35.57000,,,L-009,L-114,,,,,
su00268,1998-10-19,8:55,-3.18250,35.56967,,,L-008,L-105,L-106,,,,
su00269,1998-10-29,6:59,,,,details see separate table,L-088,L-111,L-116,,L-116,,
su00270,1998-11-03,18:10,-3.14767,35.56933,,SU E-087 or E-088,E-003,cub,,,,,
su00271,1998-11-03,21:08,-3.14767,35.56933,,,E-004,E-006,,,,,
su00272,1998-11-05,0:10,-3.14767,35.56933,,,E-001,E-085,E-086,,,,
su00273,1998-11-06,17:09,-3.14767,35.56933,,,E-003,E-087,E-088,,,,
su00274,1998-11-07,17:05,,,,details see separate table,L-088,L-111,L-116,,L-116,,
su00275,1998-12-05,17:08,-3.17750,35.55750,,,L-008,L-105,,,,,
su00276,1998-12-06,7:40,,,,details see separate table,L-088,L-111,L-116,,L-116,,
su00277,1998-12-13,17:23,,,,details see separate table,L-088,L-111,L-116,,L-116,,
su00278,1998-12-22,6:41,-3.17067,35.56517,,,L-011,L-107,,,,,
su00279,1998-12-22,8:20,-3.17067,35.54250,,,L-015,L-100,,,,,
su00280,1999-04-03,9:34,-3.17583,35.57800,,,L-012,L-112,,,,,
su00281,1999-04-12,8:25,-3.17983,35.55900,,,L-005,L-108,,,,,
su00282,1999-04-20,17:57,-3.15033,35.618,,,M-081,M-134,M-135,,,,
su00283,1999-04-28,8:42,-3.15033,35.618,,,M-007,M-132,M-133,,,,
su00284,1999-04-29,22:45,-3.15033,35.618,,,M-081,M-134,M-135,,,,
su00285,1999-04-30,3:04,-3.15033,35.618,,,M-007,M-132,M-133,,,,
su00286,1999-05-01,23:22,-3.15033,35.618,,,M-007,M-132,M-133,,,,
su00287,1999-05-04,17:30,-3.18200,35.58733,,,L-005,L-108,,,,,
su00288,1999-05-10,6:38,,,den Lick,,L-010,L-119,,,,,
su00289,1999-05-10,6:38,,,den Lick,,L-014,L-120,L-121,,,,
su00290,1999-05-13,9:10,-3.15033,35.618,,,M-017,M-136,M-137,,,,
su00291,1999-05-14,17:52,-3.15567,35.615,,,M-082,M-128,M-129,,,,
su00292,1999-05-27,20:18,-3.14117,35.62483,,,M-082,M-128,M-129,,,,
su00293,1999-05-28,0:42,-3.14117,35.62483,,,M-017,M-136,M-137,,,,
su00294,1999-05-28,18:54,-3.14117,35.62483,,,M-082,M-128,M-129,,,,
su00295,1999-05-29,9:25,-3.14117,35.62483,,,M-081,M-134,M-135,,,,
su00296,1999-05-29,17:55,-3.14117,35.62483,,,M-082,M-128,M-129,,,,
su00297,1999-05-29,21:02,-3.14117,35.62483,,,M-091,M-130,M-131,,,,
su00298,1999-05-30,1:27,-3.14117,35.62483,,,M-012,M-125,M-126,,,,
su00299,1999-05-30,5:21,-3.14117,35.62483,,,M-082,M-128,,,,,
su00300,1999-05-30,5:40,-3.14117,35.62483,,,M-091,M-130,M-131,,,,
su00301,1999-05-30,19:30,-3.14117,35.62483,,,M-082,M-128,M-129,,,,
su00302,1999-05-31,4:09,-3.14117,35.62483,,,M-082,M-128,M-129,,,,
su00303,1999-05-31,19:17,-3.14117,35.62483,,,M-017,M-136,M-137,,,,
su00304,1999-06-03,19:00,-3.14083,35.62317,,,M-014,M-120,M-121,,,,
su00305,1999-11-28,10:43,-3.17133,35.54083,,,L-009,L-114,,,,,
su00306,1999-12-02,18:35,-3.14700,35.57450,,,L-088,L-129,,,,,
su00307,1999-12-14,7:47,-3.12133,35.59783,,M-118 is from previous litter!!,M-005,M-118,M-146,,,,
su00308,1999-12-14,8:16,-3.12133,35.59600,,,M-009,M-142,M-143,,,,
su00309,1999-12-15,7:13,-3.15150,35.51550,,,A-001,A-107,A-108,,,,
su00310,1999-12-15,7:13,-3.15150,35.51550,,,A-080,A-110,cub,,,,
su00311,1999-12-18,6:29,,,den Namba,SU N-097 or N-097,N-005,cub,,,,,
su00312,1999-12-18,16:30,,,den Shamba,,A-018,S-086,S-087,,,,
su00313,1999-12-22,6:52,,,den Mbali,,M-006,M-144,M-145,,,,
su00314,1999-12-22,6:52,,,den Mbali,,M-009,M-142,M-143,,,,
su00315,1999-12-22,6:52,,,den Mbali,,M-081,M-134,,,,,
su00316,1999-12-22,6:52,,,den Mbali,,M-091,M-130,,,,,
su00317,1999-12-25,7:00,,,den Shamba,,A-008,S-085,,,,,
su00318,1999-12-29,9:26,-3.17767,35.56117,,,L-015,L-126,L-127,,,,
su00319,1999-12-30,18:12,,,den Empakai,,E-004,E-089,E-090,,E-089,E-090,
su00320,2000-01-11,6:37,,,den Namba,,N-007,N-100,N-101,,,,
su00321,2000-01-12,8:36,,,den Empakai,,E-004,E-089,E-090,,E-089,E-090,
su00322,2000-01-13,7:10,-3.14867,35.51133,,,A-010,A-105,A-106,,,,
su00323,2000-01-31,8:00,,,den Alibara,,A-013,A-119,A-120,,,,
su00324,2000-02-01,17:35,,,den Alibara,,A-013,A-119,A-120,,,,
su00325,2000-02-05,17:11,,,den Alibara,,A-010,A-105,A-106,,,,
su00326,2000-02-06,8:05,,,den Alibara,,A-080,A-110,,,,,
su00327,2000-02-12,19:15,,,,,L-015,L-127,,,,,
su00328,2000-02-15,6:57,,,den Furahi,,F-048,F-087,,,,,
su00329,2000-02-15,10:18,-3.20367,35.57100,,,A-008,S-085,,,,,
su00330,2000-02-21,19:06,-3.17967,35.55750,,,L-015,L-127,,,,,
su00331,2000-02-23,18:49,-3.16283,35.60350,,,M-009,M-142,M-143,,,,
su00332,2000-02-28,7:52,-3.14033,35.49733,,,A-013,A-119,A-120,,,,
su00333,2000-02-29,8:04,,,den Arena,,A-080,A-110,,,,,
su00334,2000-03-02,7:05,,,den Arena,,A-080,A-110,,,,,
su00335,2000-03-10,18:29,-3.13983,35.49633,,,A-006,A-117,,,,,
su00336,2000-03-13,6:55,,,den Arena,,A-015,A-116,,,,,
su00337,2000-03-13,7:27,-3.14383,35.50483,,,A-001,A-108,A-108,,,,
su00338,2000-03-13,18:39,-3.15967,35.59883,,,M-100,M-140,M-141,,,,
su00339,2000-03-14,18:38,-3.15967,35.59883,,,M-017,M-136,,,,,
su00340,2000-03-15,17:31,-3.1935,35.50017,,SU F-088 or F-089,F-007,cub,,,,,
su00341,2000-03-16,8:20,,,den Niumba,,N-003,N-102,N-103,,,,
su00342,2000-03-19,7:40,-3.18883,35.58583,,,L-013,L-122,L-123,,,,
su00343,2000-03-20,7:23,,,den Enjere,,E-004,E-089,E-090,,E-089,E-090,
su00344,2000-03-21,8:20,-3.14667,35.521,,,A-001,A-107,A-108,,,,
su00345,2000-09-04,7:45,,,den Lake,,L-088,L-137,L-138,,,,
su00346,2000-09-11,6:21,,,den Masala,,M-098,M-157,M-158,,,,
su00347,2000-09-11,8:40,,,den Mucki,,M-014,M-150,,,,,
su00348,2000-09-11,8:40,,,den Maki,,M-017,M-155,M-156,,,,
su00349,2000-10-02,6:13,-3.15733,35.60733,,SU M-157 or M-158,M-098,cub,,,,,
su00350,2000-10-07,8:00,-3.169,35.55883,,,L-102,L-135,,,,,
su00351,2000-10-07,17:32,,,den Eagle,,E-006,E-099,,,,,
su00352,2000-10-07,17:32,,,den Eagle,SU E-101 or E-102,E-043,cub,,,,,
su00353,2000-10-07,17:32,,,den Eagle,SU E-095 or E-096,E-080,cub,,,,,
su00354,2000-10-08,6:45,,,den Arena,,A-016,A-122,A-123,,,,
su00355,2000-10-08,18:20,-3.14033,35.49733,,,A-016,A-122,A-123,,,,
su00356,2000-10-21,8:04,,,den Eagle,,E-043,E-101,E-102,,,,
su00357,2000-10-21,17:38,-3.16900,35.55883,,,L-087,L-136,,,,,
su00358,2000-10-25,18:10,-3.14033,35.49733,,,A-001,A-127,A-128,,,,
su00359,2000-10-30,6:38,-3.16900,35.55883,den Locki,,L-084,L-143,,,,,
su00360,2000-10-30,6:38,-3.16900,35.55883,den Locki,,L-087,L-136,,,,,
su00361,2000-10-30,7:57,,,den Lisboa,,L-008,L-141,L-142,,,,
su00362,2000-10-30,17:19,,,den Arena,,A-001,A-127,A-128,,,,
su00363,2000-10-30,17:19,,,den Arena,,A-009,A-125,A-126,,,,
su00364,2000-10-30,17:19,,,den Arena,,A-016,A-122,A-123,,,,
su00365,2000-10-31,17:17,,,den Estragon,,E-001,E-093,E-094,,,,
su00366,2000-10-31,18:06,-3.16900,35.55883,den Locki,,L-013,L-145,,,,,
su00367,2000-10-31,18:06,-3.16900,35.55883,den Locki,,L-087,L-136,,,,,
su00368,2000-11-01,7:45,-3.16900,35.55883,den Locki,,L-084,L-143,,,,,
su00369,2000-11-01,8:15,,,den Lisboa,,L-008,L-141,L-142,,,,
su00370,2000-11-02,17:16,,,den Lisboa,,L-008,L-141,L-142,,,,
su00371,2000-11-03,6:16,,,den Mbali,,M-005,M-159,M-160,,,,
su00372,2000-11-03,17:56,,,den Mbali,,M-005,M-159,M-160,,,,
su00373,2000-11-03,17:56,,,den Mbali,,M-098,M-157,M-158,,,,
su00374,2000-11-06,16:58,,,den Mbali,,M-098,M-157,M-158,,,,
su00375,2000-11-07,7:05,,,den Andangi,,A-081,A-124,,,,,
su00376,2000-11-07,16:45,-3.16900,35.55883,den Locki,,L-013,L-145,,,,,
su00377,2000-11-07,16:45,-3.16900,35.55883,den Locki,,L-084,L-143,,,,,
su00378,2000-11-07,16:45,-3.16900,35.55883,den Locki,,L-087,L-136,,,,,
su00379,2000-11-07,16:45,-3.16900,35.55883,den Locki,,L-088,L-137,L-138,,,,
su00380,2000-11-07,16:45,-3.16900,35.55883,den Locki,,L-102,L-135,,,,,
su00381,2000-11-08,17:05,-3.16900,35.55883,den Locki,,L-013,L-145,,,,,
su00382,2000-11-08,17:05,-3.16900,35.55883,den Locki,,L-087,L-136,,,,,
su00383,2000-11-08,17:05,-3.16900,35.55883,den Locki,,L-088,L-137,L-138,,,,
su00384,2000-11-08,17:05,-3.16900,35.55883,den Locki,,L-102,L-135,,,,,
su00385,2000-11-09,8:05,,,den Andangi,,A-016,A-122,A-123,,,,
su00386,2000-11-09,17:10,-3.16900,35.55883,den Locki,,L-013,L-145,,,,,
su00387,2000-11-09,17:10,-3.16900,35.55883,den Locki,,L-084,L-143,,,,,
su00388,2000-11-09,17:10,-3.16900,35.55883,den Locki,,L-088,L-137,L-138,,,,
su00389,2000-11-10,6:15,-3.16900,35.55883,den Locki,,L-087,L-136,,,,,
su00390,2000-11-10,7:45,-3.16900,35.55883,den Locki,,L-084,L-143,,,,,
su00391,2000-11-10,7:45,-3.16900,35.55883,den Locki,,L-087,L-136,,,,,
su00392,2000-11-12,16:50,-3.16900,35.55883,den Locki,,L-013,L-145,,,,,
su00393,2000-11-12,16:50,-3.16900,35.55883,den Locki,,L-088,L-137,L-138,,,,
su00394,2000-11-12,17:52,-3.16683,35.54917,den Lisboa,,L-011,L-132,L-133,,,,
su00395,2000-11-12,17:55,-3.16517,35.55000,den Lissabon,,L-008,L-141,L-142,,,,
su00396,2000-11-13,17:34,-3.16900,35.55883,den Locki,,L-084,L-143,,,,,
su00397,2000-11-14,6:30,,,den Mbali,,M-017,M-155,M-156,,,,
su00398,2000-11-19,17:08,-3.16900,35.55883,den Locki,,L-084,L-143,,,,,
su00399,2000-11-20,17:40,-3.16900,35.55883,den Locki,,L-008,L-141,L-142,,,,
su00400,2000-11-20,17:40,-3.16900,35.55883,den Locki,,L-009,L-144,,,,,
su00401,2000-11-20,17:40,-3.16900,35.55883,den Locki,,L-013,L-145,,,,,
su00402,2000-11-20,17:40,-3.16900,35.55883,den Locki,,L-087,L-136,,,,,
su00403,2000-11-21,18:16,-3.16900,35.55883,den Locki,,L-084,L-143,,,,,
su00404,2000-11-21,18:16,-3.16900,35.55883,den Locki,,L-102,L-135,,,,,
su00405,2000-11-22,18:00,-3.16900,35.55883,den Locki,,L-010,L-134,,,,,
su00406,2000-11-22,18:00,-3.16900,35.55883,den Locki,,L-084,L-143,,,,,
su00407,2000-11-22,18:00,-3.16900,35.55883,den Locki,,L-087,L-136,,,,,
su00408,2000-11-23,9:10,-3.16333,35.51700,,,A-003,A-121,,,,,
su00409,2000-11-24,6:55,,,den Agame,,A-001,A-127,A-128,,,,
su00410,2000-11-24,7:18,-3.15700,35.52217,,,A-020,A-115,A-118,,,,
su00411,2000-11-24,9:15,-3.16300,35.51667,,,A-016,A-122,A-123,,,,
su00412,2000-12-02,8:10,-3.16900,35.55883,den Locki,,L-088,L-137,L-138,,,,
su00413,2000-12-03,7:10,,,den Nora,,N-001,N-104,,,,,
su00414,2000-12-03,8:04,-3.16900,35.55883,den Locki,,L-084,L-143,,,,,
su00415,2000-12-04,7:10,,,den Agame,,A-003,A-121,,,,,
su00416,2000-12-04,17:18,-3.16900,35.55883,den Locki,,L-009,L-144,,,,,
su00417,2000-12-04,17:18,-3.16900,35.55883,den Locki,,L-010,L-134,,,,,
su00418,2000-12-04,17:18,-3.16900,35.55883,den Locki,,L-084,L-143,,,,,
su00419,2000-12-05,8:06,,,den Mount,,M-098,M-157,M-158,,,,
su00420,2000-12-06,6:33,,,den Mount,,M-007,M-148,M-149,,,,
su00421,2000-12-06,6:33,,,den Mount,,M-098,M-157,M-158,,,,
su00422,2000-12-07,7:05,,,den Mount,,M-005,M-159,M-160,,,,
su00423,2000-12-07,7:05,,,den Mount,,M-098,M-157,M-158,,,,
su00424,2000-12-07,17:38,-3.16900,35.55883,den Locki,,L-087,L-136,,,,,
su00425,2000-12-07,17:38,-3.16900,35.55883,den Locki,,L-088,L-137,L-138,,,,
su00426,2000-12-08,7:37,,,den Mlima,,M-098,M-158,,,,,
su00427,2000-12-08,17:26,-3.16900,35.55883,den Locki,,L-087,L-136,,,,,
su00428,2000-12-08,17:26,-3.16900,35.55883,den Locki,,L-088,L-137,L-138,,,,
su00429,2001-07-11,7:05,-3.16900,35.55883,den Locki,L-101 + A-084 arrive from different directions,L-010,L-152,,,,,
su00430,2001-07-11,7:05,-3.16900,35.55883,den Locki,,L-014,L-158,L-159,,,,
su00431,2001-07-11,17:35,-3.16900,35.55883,den Locki,,L-002,L-148,L-149,,,,
su00432,2001-07-11,17:35,-3.16900,35.55883,den Locki,,L-010,L-152,,,,,
su00433,2001-07-11,17:35,-3.16900,35.55883,den Locki,,L-101,L-146,L-147,,,,
su00434,2001-07-11,17:35,-3.16900,35.55883,den Locki,,L-102,L-150,L-151,,,,
su00435,2001-07-12,17:40,-3.16117,35.61600,,,M-012,M-164,M-165,,,,
su00436,2001-07-13,17:12,-3.16900,35.55883,den Locki,,L-101,L-146,L-147,,,,
su00437,2001-07-13,17:12,-3.16900,35.55883,den Locki,,L-102,L-150,L-151,,,,
su00438,2001-07-14,16:52,-3.16900,35.55883,den Locki,,L-002,L-148,L-149,,,,
su00439,2001-07-14,16:52,-3.16900,35.55883,den Locki,,L-084,L-156,L-157,,,,
su00440,2001-07-14,16:52,-3.16900,35.55883,den Locki,,L-101,L-146,L-147,,,,
su00441,2001-07-17,6:40,,,den Shamba,,S-082,S-097,S-098,,,,
su00442,2001-07-17,7:58,-3.16900,35.55883,den Locki,,L-005,L-154,L-155,,,,
su00443,2001-07-17,7:58,-3.16900,35.55883,den Locki,,L-009,L-153,,,,,
su00444,2001-07-17,7:58,-3.16900,35.55883,den Locki,,L-014,L-158,,,,,
su00445,2001-07-17,7:58,-3.16900,35.55883,den Locki,"brings food (WI head), looses it immediately",L-084,L-156,L-157,,,,
su00446,2001-07-17,18:20,-3.15333,35.62133,,,M-088,M-168,,,,,
su00447,2001-07-18,17:15,,,den Shamba,,S-082,S-097,S-098,,,,
su00448,2001-07-18,17:15,,,den Shamba,,S-083,S-096,,,,,
su00449,2001-07-19,17:32,-3.16900,35.55883,den Locki,suckling 1 or 2 cubs,L-014,L-158,,,,,
su00450,2001-07-19,17:32,-3.16900,35.55883,den Locki,,L-084,L-156,L-157,,,,
su00451,2001-07-19,17:32,-3.16900,35.55883,den Locki,,L-101,L-146,L-147,,,,
su00452,2001-07-20,7:53,,,den Shamba,,A-008,S-091,,,,,
su00453,2001-07-20,18:32,,,den Mist,,M-007,M-175,M-176,,,,
su00454,2001-07-20,18:32,,,den Mist,,M-122,M-172,,,,,
su00455,2001-07-22,17:48,,,den Mist,,M-100,M-170,M-171,,,,
su00456,2001-07-22,17:48,,,den Mist,,M-122,M-172,,,,,
su00457,2001-07-23,8:35,,,den Shamba,,A-019,S-094,S-095,,,,
su00458,2001-07-23,8:35,,,den Shamba,,S-083,S-096,,,,,
su00459,2001-07-25,18:49,-3.14083,35.57233,,,E-006,E-099,E-100,,,,
su00460,2001-07-26,6:58,-3.16900,35.55883,den Locki,,L-084,L-156,L-157,,,,
su00461,2001-07-26,6:58,-3.16900,35.55883,den Locki,,L-101,L-146,L-147,,,,
su00462,2001-07-26,6:58,-3.16900,35.55883,den Locki,,L-102,L-150,L-151,,,,
su00463,2001-07-26,6:58,-3.16900,35.55883,den Locki,"seems to suckle L-156 + L-157, the two cubs thought to be L-084 cubs. They are later also SU by L-084",L-112,L-156,L-157,,,,
su00464,2001-07-26,8:46,-3.17050,35.55650,,,L-004,L-160,L-161,,,,
su00465,2001-07-27,7:55,-3.15567,35.61233,,,M-100,M-170,M-171,,,,
su00466,2001-07-27,8:10,-3.15467,35.61017,,,M-098,M-157,M-158,,,,
su00467,2001-07-27,17:23,,,den Mist,,M-007,M-175,M-176,,,,
su00468,2001-07-27,17:23,,,den Mist,,M-122,M-172,,,,,
su00469,2001-07-28,18:06,,,den Mist,,M-007,M-175,M-176,,,,
su00470,2001-07-28,18:06,,,den Mist,,M-082,M-173,M-174,,,,
su00471,2001-07-28,18:06,,,den Mist,,M-099,M-166,M-167,,,,
su00472,2001-07-28,18:06,,,den Mist,,M-100,M-170,M-171,,,,
su00473,2001-07-28,18:06,,,den Mist,,M-122,M-172,,,,,
su00474,2001-07-29,6:47,,,den Mist,,M-007,M-175,M-176,,,,
su00475,2001-07-29,9:35,-3.16900,35.55883,den Locki,,L-084,L-156,L-157,,,,
su00476,2001-07-30,7:20,,,den Aramis,,A-006,A-131,A-132,,,,
su00477,2001-07-30,7:20,,,den Aramis,,A-080,A-129,A-130,,,,
su00478,2001-07-30,7:20,,,den Aramis,seems as if she is SU cubs,A-114,A-135,A-136,,,,
su00479,2001-07-31,6:27,,,den Mist,,M-007,M-175,M-176,,,,
su00480,2001-07-31,6:27,,,den Mist,,M-082,M-173,M-174,,,,
su00481,2001-07-31,18:37,,,den Mist,,M-082,M-173,M-174,,,,
su00482,2001-07-31,18:37,,,den Mist,,M-099,M-166,M-167,,,,
su00483,2001-08-01,17:14,,,den Shamba,,A-019,S-094,S-095,,,,
su00484,2001-08-01,17:14,,,den Shamba,,S-082,S-097,S-098,,,,
su00485,2001-08-02,17:15,-3.16900,35.55883,den Locki,,L-084,L-156,L-157,,,,
su00486,2001-08-02,17:15,-3.16900,35.55883,den Locki,,L-101,L-146,L-147,,,,
su00487,2001-08-02,17:15,-3.16900,35.55883,den Locki,,L-102,L-150,L-151,,,,
su00488,2001-08-05,17:42,,,den Mist,,M-099,M-166,M-167,,,,
su00489,2001-08-05,17:42,,,den Mist,,M-132,M-177,,,,,
su00490,2001-08-06,8:50,-3.17183,35.55400,,,L-004,L-160,L-161,,,,
su00491,2001-08-07,17:59,-3.15567,35.61467,,,M-099,M-166,M-167,,,,
su00492,2001-08-07,18:06,,,den Mist,,M-007,M-175,M-176,,,,
su00493,2001-08-08,17:21,-3.16900,35.55883,den Locki,,L-005,L-154,L-155,,,,
su00494,2001-08-08,17:21,-3.16900,35.55883,den Locki,,L-009,L-153,,,,,
su00495,2001-08-08,17:21,-3.16900,35.55883,den Locki,,L-101,L-146,L-147,,,,
su00496,2001-08-09,17:18,,,den Aramis,,A-003,A-133,A-134,,,,
su00497,2001-08-09,17:18,,,den Aramis,,A-114,A-135,A-136,,,,
su00498,2001-08-11,8:35,-3.23617,35.53283,,,T-014,T-093,,,,,
su00499,2001-08-12,6:47,-3.13967,35.57283,,cubs wh when interrupted from su,E-006,E-099,E-100,,,,
su00500,2001-08-12,9:50,-3.16900,35.55883,den Locki,,L-084,L-156,L-157,,,,
su00501,2001-08-12,9:50,-3.16900,35.55883,den Locki,,L-096,L-162,L-163,,,,
su00502,2001-08-12,17:58,,,den Mist,,M-007,M-175,M-176,,,,
su00503,2001-08-12,17:58,,,den Mist,,M-099,M-166,M-167,,,,
su00504,2001-08-12,19:01,-3.15550,35.61300,,,M-088,M-168,M-169,,,,
su00505,2001-08-13,18:32,,,den Engolong,,E-087,E-104,,,,,
su00506,2001-08-13,18:32,,,den Engolong,,E-088,E-105,E-106,,,,
su00507,2001-08-15,17:29,,,den Aramis,,A-003,A-133,A-134,,,,
su00508,2001-08-18,18:47,,,den Furahi,,F-004,F-098,,,,,
su00509,2001-08-20,6:57,,,den Agame,,A-080,A-129,A-130,,,,
su00510,2001-08-20,6:57,,,den Agame,,A-081,A-138,,,,,
su00511,2001-08-20,17:30,-3.16900,35.55883,den Locki,,L-084,L-156,L-157,,,,
su00512,2001-08-20,17:30,-3.16900,35.55883,den Locki,,L-088,L-164,,,,,
su00513,2001-08-20,17:30,-3.16900,35.55883,den Locki,,L-096,L-162,L-163,,,,
su00514,2001-08-21,6:57,,,den Niumba,,N-001,N-104,,,,,
su00515,2001-08-21,6:57,,,den Niumba,,N-003,N-108,N-109,,,,
su00516,2001-08-21,17:30,,,den Agame,,A-003,A-133,A-134,,,,
su00517,2001-08-22,7:30,,,den Shamba,,S-082,S-097,,,,,
su00518,2001-08-22,7:30,,,den Shamba,,S-083,S-096,,,,,
su00519,2001-08-22,7:30,,,den Shamba,,S-084,S-099,,,,,
su00520,2001-08-22,17:30,-3.16900,35.55883,den Locki,,L-009,L-153,,,,,
su00521,2001-08-22,17:30,-3.16900,35.55883,den Locki,,L-096,L-162,L-163,,,,
su00522,2001-08-22,17:30,-3.16900,35.55883,den Locki,,L-102,L-150,,,,,
su00523,2001-08-23,8:07,,,den Engolong,SU E-105 or E-106,E-088,cub,,,,,
su00524,2001-08-24,17:45,-3.16900,35.55883,den Locki,,L-087,L-165,L-166,,,,
su00525,2001-08-24,17:45,-3.16900,35.55883,den Locki,,L-088,L-164,,,,,
su00526,2001-08-24,17:45,-3.16900,35.55883,den Locki,,L-096,L-162,L-163,,,,
su00527,2001-08-25,6:51,,,den Agame,,A-080,A-129,A-130,,,,
su00528,2001-08-25,6:51,,,den Agame,,A-081,A-138,,,,,
su00529,2001-08-25,6:51,,,den Agame,,A-114,A-135,A-136,,,,
su00530,2001-08-25,18:20,,,den Majani,,M-082,M-173,M-174,,,,
su00531,2001-08-25,18:20,,,den Majani,,M-099,M-166,M-167,,,,
su00532,2001-08-25,18:20,,,den Majani,,M-122,M-172,,,,,
su00533,2001-08-26,8:45,,,den Agame,,A-006,A-131,A-132,,,,
su00534,2001-08-30,17:45,,,den Mist,,M-007,M-175,M-176,,,,
su00535,2001-08-30,17:45,,,den Mist,,M-082,M-173,M-174,,,,
su00536,2001-08-30,17:45,,,den Mist,,M-122,M-172,,,,,
su00537,2001-08-30,17:45,,,den Mist,,M-132,M-177,,,,,
su00538,2001-08-31,8:00,,,den Niumba,,N-001,N-104,,,,,
su00539,2001-08-31,8:00,,,den Niumba,,N-003,N-108,N-109,,,,
su00540,2001-08-31,8:00,,,den Niumba,N-005 was prob SU 1 cub (N-107),N-005,N-107,,,,,
su00541,2001-08-31,17:04,,,den Fox,,F-002,F-095,F-096,,,,
su00542,2001-08-31,17:04,,,den Fox,,F-004,F-098,,,,,
su00543,2001-08-31,17:04,,,den Fox,,F-006,F-097,,,,,
su00544,2001-09-01,8:22,,,den Agame,,A-003,A-133,A-134,,,,
su00545,2001-09-01,8:22,,,den Agame,,A-006,A-131,A-132,,,,
su00546,2001-09-01,8:22,,,den Agame,,A-081,A-138,,,,,
su00547,2001-09-01,8:22,,,den Agame,,A-114,A-135,A-136,,,,
su00548,2001-09-01,17:00,-3.16900,35.55883,den Locki,,L-014,L-158,L-159,,,,
su00549,2001-09-01,17:00,-3.16900,35.55883,den Locki,,L-088,L-164,,,,,
su00550,2001-09-01,17:00,-3.16900,35.55883,den Locki,,L-096,L-162,L-163,,,,
su00551,2001-09-01,17:00,-3.16900,35.55883,den Locki,,L-102,L-150,L-151,,,,
su00552,2001-09-01,17:00,-3.16900,35.55883,den Locki,,L-105,L-167,L-168,,,,
su00553,2001-09-02,7:35,,,den Niumba,,N-001,N-104,,,,,
su00554,2001-09-02,7:35,,,den Niumba,,N-003,N-108,N-109,,,,
su00555,2001-09-02,7:35,,,den Niumba,,N-005,N-107,,,,,
su00556,2001-09-02,7:35,,,den Niumba,,N-007,N-106,,,,,
su00557,2001-09-02,17:40,-3.16900,35.55883,den Locki,,L-005,L-154,L-155,,,,
su00558,2001-09-02,17:40,-3.16900,35.55883,den Locki,,L-009,L-153,,,,,
su00559,2001-09-02,17:40,-3.16900,35.55883,den Locki,,L-088,L-164,,,,,
su00560,2001-09-02,17:40,-3.16900,35.55883,den Locki,,L-096,L-162,L-163,,,,
su00561,2001-09-06,8:18,,,den Agame,M-041 L 2m from A-104 (in hole),A-020,A-139,A-140,,,,
su00562,2001-09-07,8:08,,,den Shamba,,S-084,S-099,,,,,
su00563,2001-09-08,7:10,-3.22133,35.56950,,,A-008,S-091,,,,,
su00564,2001-09-09,16:41,-3.16900,35.55883,den Locki,,L-005,L-154,L-155,,,,
su00565,2001-09-09,16:41,-3.16900,35.55883,den Locki,,L-014,L-158,L-159,,,,
su00566,2001-09-09,16:41,-3.16900,35.55883,den Locki,SU L-165 or L-166,L-087,cub,,,,,
su00567,2001-09-09,16:41,-3.16900,35.55883,den Locki,,L-105,L-167,L-168,,,,
su00568,2001-09-10,6:38,,,den Shamba,,S-084,S-099,,,,,
su00569,2001-09-11,6:50,,,den Shamba,,S-082,S-097,,,,,
su00570,2001-09-12,7:39,,,den Masala,,M-100,M-170,M-171,,,,
su00571,2001-09-12,18:55,,,den Masala,,M-082,M-173,M-174,,,,
su00572,2001-09-12,18:55,,,den Masala,,M-100,M-170,M-171,,,,
su00573,2001-09-14,17:20,-3.16900,35.55883,den Locki,,L-005,L-154,L-155,,,,
su00574,2001-09-14,17:20,-3.16900,35.55883,den Locki,SU L-156 or L-157,L-084,cub,,,,,
su00575,2001-09-14,17:20,-3.16900,35.55883,den Locki,SU L-165 or L-166,L-087,cub,,,,,
su00576,2001-09-14,17:20,-3.16900,35.55883,den Locki,,L-088,L-164,,,,,
su00577,2001-09-14,17:20,-3.16900,35.55883,den Locki,,L-096,L-162,L-163,,,,
su00578,2001-09-14,17:20,-3.16900,35.55883,den Locki,,L-101,L-146,L-147,,,,
su00579,2001-09-15,17:32,,,den Masala,,M-007,M-175,M-176,,,,
su00580,2001-09-15,17:32,,,den Masala,,M-082,M-173,M-174,,,,
su00581,2001-09-15,17:32,,,den Masala,,M-099,M-166,M-167,,,,
su00582,2001-09-15,17:32,,,den Masala,,M-122,M-172,,,,,
su00583,2001-09-15,17:32,,,den Masala,,M-132,M-177,,,,,
su00584,2001-09-15,18:08,-3.15917,35.60900,,,M-088,M-168,M-169,,,,
su00585,2001-09-16,6:31,-3.15883,35.60850,,,M-091,M-163,,,,,
su00586,2001-09-16,18:14,-3.20417,35.52050,,,F-048,F-093,F-094,,,,
su00587,2001-09-17,16:45,,,den Eagle,,E-001,E-107,,,,,
su00588,2001-09-17,18:45,,,den Empakai,,E-087,E-104,,,,,
su00589,2001-09-18,8:41,-3.17117,35.53183,,,A-080,A-129,A-130,,,,
su00590,2001-09-23,18:00,,,den Masala,,M-082,M-173,M-174,,,,
su00591,2001-09-24,17:12,-3.16900,35.55883,den Locki,,L-009,L-153,,,,,
su00592,2001-09-24,17:12,-3.16900,35.55883,den Locki,dark cub of L-014 dominant,L-014,L-158,L-159,,,,
su00593,2001-09-24,17:12,-3.16900,35.55883,den Locki,SU L-165 or L-166,L-087,cub,,,,,
su00594,2001-09-24,17:12,-3.16900,35.55883,den Locki,,L-096,L-162,L-163,,,,
su00595,2001-09-24,17:12,-3.16900,35.55883,den Locki,SU L-150 or L-151,L-102,cub,,,,,
su00596,2001-09-25,8:10,,,den Empakai,,E-001,E-107,,,,,
su00597,2001-10-01,7:15,-3.20117,35.52033,,,F-002,F-095,F-096,,,,
su00598,2001-10-01,9:32,-3.15650,35.55217,,,L-008,L-141,L-142,,,,
su00599,2001-10-01,17:12,-3.16900,35.55883,den Locki,,L-014,L-158,L-159,,,,
su00600,2001-10-01,17:12,-3.16900,35.55883,den Locki,,L-087,L-165,,,,,
su00601,2001-10-01,17:12,-3.16900,35.55883,den Locki,,L-088,L-164,,,,,
su00602,2001-10-01,17:12,-3.16900,35.55883,den Locki,,L-096,L-162,L-163,,,,
su00603,2001-10-02,17:25,,,den Masala,,M-122,M-172,,,,,
su00604,2001-10-07,17:26,-3.16900,35.55883,den Locki,,L-002,L-148,L-149,,,,
su00605,2001-10-07,17:26,-3.16900,35.55883,den Locki,,L-010,L-152,,,,,
su00606,2001-10-07,17:26,-3.16900,35.55883,den Locki,,L-011,L-169,L-170,,,,
su00607,2001-10-07,17:26,-3.16900,35.55883,den Locki,,L-014,L-158,L-159,,,,
su00608,2001-10-07,17:26,-3.16900,35.55883,den Locki,,L-087,L-165,,,,,
su00609,2001-10-07,17:26,-3.16900,35.55883,den Locki,,L-088,L-164,,,,,
su00610,2001-10-08,8:07,-3.16450,35.55817,,,L-008,L-141,L-142,,,,
su00611,2001-10-09,17:07,,,den Masala,,M-122,M-172,,,,,
su00612,2001-10-10,6:45,-3.19383,35.55617,,,N-005,N-107,,,,,
su00613,2001-10-10,7:23,,,den Shamba,,S-082,S-097,,,,,
su00614,2001-10-10,7:23,,,den Shamba,,S-083,S-096,,,,,
su00615,2001-10-11,6:16,,,den Masala,SU M-175 or M-176,M-007,cub,,,,,
su00616,2001-10-11,7:08,-3.15450,35.60817,,,M-009,M-162,,,,,
su00617,2001-10-12,17:14,-3.16900,35.55883,den Locki,SU L-169 or L-170,L-011,cub,,,,,
su00618,2001-10-13,18:10,,,den Masala,,M-007,M-175,M-176,,,,
su00619,2001-10-15,6:35,,,den Nioka,,N-097,N-110,,,,,
su00620,2001-10-17,16:55,,,den Empakai,"E-004 certainly su 1 cub, but prob has 2 cubs. When she finished su, 2 cubs around of same age",E-004,E-110,,,,,
su00621,2001-10-17,18:18,-3.16900,35.55883,den Locki,,L-011,L-169,L-170,,,,
su00622,2001-10-18,6:25,,,den Nioka,,N-087,N-105,,,,,
su00623,2001-10-26,6:09,-3.16383,35.61000,,,M-009,M-162,,,,,
su00624,2001-10-26,8:25,,,den Empakai,,E-087,E-104,,,,,
su00625,2001-10-26,9:00,-3.16900,35.54683,,,L-008,L-141,L-142,,,,
su00626,2001-10-26,17:20,,,den Loft,,L-101,L-146,L-147,,,,
su00627,2001-10-27,8:17,,,den Lost,,L-096,L-162,L-163,,,,
su00628,2001-10-27,18:40,,,den Alibara,,A-081,A-138,,,,,
su00629,2001-10-29,6:53,,,den Alibara,,A-013,A-141,A-142,,,,
su00630,2001-10-29,18:02,,,den Lost,,L-096,L-162,L-163,,,,
su00631,2001-10-30,17:30,,,den Lost,,L-088,L-164,,,,,
su00632,2001-11-01,17:14,-3.15600,35.59850,,,M-100,M-170,M-171,,,,
su00633,2001-11-01,18:35,,,den Masala,,M-007,M-175,M-176,,,,
su00634,2001-11-02,9:18,-3.15517,35.59933,,,M-088,M-168,M-169,,,,
su00635,2001-11-02,17:37,,,den Loft,,L-102,L-150,L-151,,,,
su00636,2001-11-02,17:59,,,den Lost,,L-005,L-154,L-155,,,,
su00637,2001-11-02,17:59,,,den Lost,,L-011,L-169,L-170,,,,
su00638,2001-11-02,17:59,,,den Lost,,L-014,L-158,L-159,,,,
su00639,2001-11-02,17:59,,,den Lost,,L-084,L-156,L-157,,,,
su00640,2001-11-02,17:59,,,den Lost,,L-087,L-165,,,,,
su00641,2001-11-02,17:59,,,den Lost,,L-088,L-164,,,,,
su00642,2001-11-02,17:59,,,den Lost,,L-096,L-162,L-163,,,,
su00643,2001-11-02,17:59,,,den Lost,,L-105,L-167,L-168,,,,
su00644,2001-11-07,17:20,,,den Lost,,L-084,L-156,L-157,,,,
su00645,2001-11-07,17:20,,,den Lost,,L-088,L-164,,,,,
su00646,2001-11-09,6:35,,,den Lost,,L-087,L-165,,,,,
su00647,2001-11-11,17:18,,,den Lost,,L-088,L-164,,,,,
su00648,2001-11-20,16:55,,,den Loft,,L-102,L-150,L-151,,,,
su00649,2001-11-21,6:17,-3.14950,35.59400,,,M-099,M-166,M-167,,,,
su00650,2001-11-21,18:10,,,den Limit,,L-015,L-171,,,,,
su00651,2001-11-21,18:10,,,den Limit,,L-087,L-165,,,,,
su00652,2001-11-21,18:10,,,den Limit,,L-088,L-164,,,,,
su00653,2001-11-22,6:27,,,den E-001 birth,,E-001,E-107,,,,,
su00654,2001-11-22,7:17,,,den Limit,,L-015,L-171,,,,,
su00655,2001-11-22,7:17,,,den Limit,,L-088,L-164,,,,,
su00656,2001-11-22,17:19,,,den E-001 birth,,E-001,E-107,,,,,
su00657,2001-11-22,17:19,,,den E-001 birth,,E-003,E-111,E-112,,,,
su00658,2001-11-22,17:19,,,den E-001 birth,,E-080,E-108,E-109,,,,
su00659,2001-11-23,17:30,,,den E-001 birth,,E-001,E-107,,,,,
su00660,2001-11-23,17:30,,,den E-001 birth,,E-003,E-111,E-112,,,,
su00661,2001-11-23,17:30,,,den E-001 birth,,E-004,E-110,,,,,
su00662,2001-11-23,17:30,,,den E-001 birth,,E-080,E-108,E-109,,,,
su00663,2001-11-23,17:30,,,den E-001 birth,,E-087,E-104,,,,,
su00664,2001-11-24,17:07,,,den Limit,,L-015,L-171,,,,,
su00665,2001-11-24,17:07,,,den Limit,,L-084,L-156,L-157,,,,
su00666,2001-11-24,17:07,,,den Limit,,L-105,L-167,L-168,,,,
su00667,2001-11-25,17:29,,,den Limit,,L-005,L-154,L-155,,,,
su00668,2001-11-25,17:29,,,den Limit,,L-009,L-153,,,,,
su00669,2001-11-25,17:29,,,den Limit,,L-014,L-158,L-159,,,,
su00670,2001-11-25,17:29,,,den Limit,,L-084,L-156,L-157,,,,
su00671,2001-11-25,17:29,,,den Limit,,L-087,L-165,,,,,
su00672,2001-11-25,17:29,,,den Limit,,L-096,L-162,L-163,,,,
su00673,2001-11-25,17:29,,,den Limit,,L-101,L-146,L-147,,,,
su00674,2001-11-25,17:29,,,den Limit,,L-105,L-167,L-168,,,,
su00675,2001-11-26,6:38,,,den Masala,,M-132,M-177,,,,,
su00676,2001-11-29,16:59,,,den Limit,,L-084,L-156,L-157,,,,
su00677,2001-11-30,16:00,,,den Limit,,L-087,L-165,,,,,
su00678,2001-11-30,16:00,,,den Limit,,L-088,L-164,,,,,
su00679,2001-12-02,17:40,,,den Limit,,L-014,L-158,L-159,,,,
su00680,2001-12-02,17:40,,,den Limit,,L-087,L-165,,,,,
su00681,2002-04-02,9:15,-3.17583,35.61200,,,M-100,M-170,M-171,,,,
su00682,2002-04-04,17:03,,,den Maziwa,,M-006,M-182,,,,,
su00683,2002-04-04,17:03,,,den Maziwa,,M-098,M-180,,,,,
su00684,2002-04-05,7:20,,,den Moram,,M-098,M-180,M-181,,,,
su00685,2002-04-05,9:30,-3.17950,35.59717,,,L-009,L-153,,,,,
su00686,2002-04-07,6:52,,,den Moram,,M-098,M-180,M-181,,,,
su00687,2002-04-08,17:12,,,den Lambada,,L-087,L-165,,,,,
su00688,2002-04-08,17:12,,,den Lambada,SU shortly L-177 (small cub with notch ri ear 1 ocl) = allo-SU L-177 ?,L-124,L-177,,,L-177,,
su00689,2002-04-10,6:42,,,den Enjere,later prey 3,E-004,E-110,,,,,
su00690,2002-04-10,6:42,,,den Enjere,later prey 3,E-006,E-113,E-114,,,,
su00691,2002-04-10,9:01,-3.18033,35.58100,,,L-014,L-158,L-159,,,,
su00692,2002-04-11,7:17,,,den Lumpi,"carries L-178 from Lambada to here, shortly SU L-177",L-008,L-177,,,,,
su00693,2002-04-12,9:17,,,den Lake,,L-122,L-179,,,,,
su00694,2002-04-13,8:20,,,den Lupo,,L-112,L-174,L-175,,,,
su00695,2002-04-13,17:03,,,den Lumpi,,L-112,L-174,L-175,,,,
su00696,2002-04-14,17:33,,,den Lupo,,L-112,L-174,L-175,,,,
su00697,2002-04-15,17:13,,,den Lumpi,"L-124 SU L-177 + LK L-178, later also SU L-178, allo-SU L-177 ?",L-124,L-177,L-178,,L-177,,
su00698,2002-04-17,7:42,-3.17283,35.61317,,,M-007,M-176,,,,,
su00699,2002-04-18,17:09,,,den Lumpi,,L-013,L-176,,,,,
su00700,2002-04-18,17:09,,,den Lumpi,,L-112,L-174,L-175,,,,
su00701,2002-04-18,17:09,,,den Lumpi,allo-SU L-177 ?,L-124,L-177,,,L-177,,
su00702,2002-04-19,17:36,-3.17283,35.61083,,,M-007,M-176,,,,,
su00703,2002-04-19,18:53,,,den Moram,,M-005,M-178,M-179,,,,
su00704,2002-04-22,17:35,,,den Lake,,L-013,L-176,,,,,
su00705,2002-04-22,17:35,,,den Lake,,L-112,L-174,L-175,,,,
su00706,2002-04-24,8:35,,,den Lake,,L-101,L-180,,,,,
su00707,2002-04-24,8:35,,,den Lake,,L-122,L-179,,,,,
su00708,2002-04-24,17:45,,,den Lake,,L-011,L-169,L-170,,,,
su00709,2002-04-24,17:45,,,den Lake,,L-105,L-167,L-168,,,,
su00710,2002-04-26,16:55,,,den Lake,,L-105,L-167,L-168,,,,
su00711,2002-05-07,7:11,-3.17733,35.60883,,,L-014,L-158,L-159,,,,
su00712,2002-05-15,7:05,,,den Fort,,F-002,F-102,,,,,
su00713,2002-05-15,7:17,-3.18833,35.59617,,,L-004,L-172,L-173,,,,
su00714,2002-05-15,18:57,,,den Lome 3,,L-015,L-171,,,,,
su00715,2002-05-17,17:01,-3.18950,35.60183,,,L-014,L-158,L-159,,,,
su00716,2002-05-17,17:06,-3.19083,35.60283,,,L-004,L-172,L-173,,,,
su00717,2002-05-18,8:50,,,den Lome 3,,L-112,L-174,,,,,
su00718,2002-05-18,10:08,-3.18850,35.60083,,SU L-172 or L-173,L-004,cub,,,,,
su00719,2002-05-18,18:30,,,den Masala,,M-098,M-181,,,,,
su00720,2002-05-19,7:00,,,den Shamba,,S-084,S-099,,,,,
su00721,2002-05-19,7:40,,,den Lome 3,,L-015,L-171,,,,,
su00722,2002-05-21,7:18,-3.17800,35.60250,,,L-088,L-164,,,,,
su00723,2002-05-21,9:12,-3.17883,35.59783,,,L-105,L-168,,,,,
su00724,2002-05-23,17:38,,,den Fort,,F-002,F-102,,,,,
su00725,2002-05-24,6:30,,,den Lome 3,,L-008,L-177,,,,,
su00726,2002-05-24,18:00,,,den Lome 1,,L-088,L-164,,,,,
su00727,2002-05-24,18:46,,,den Lome 3,,L-008,L-177,,,,,
su00728,2002-05-25,17:41,,,den Moram,,M-006,M-182,,,,,
su00729,2002-05-25,17:41,,,den Moram,,M-098,M-180,M-181,,,,
su00730,2002-05-26,17:21,,,den Enjere,,E-003,E-111,E-112,,,,
su00731,2002-05-26,17:21,,,den Enjere,,E-004,E-110,,,,,
su00732,2002-05-26,17:21,,,den Enjere,,E-080,E-108,,,,,
su00733,2002-05-27,8:45,,,den Lake,,L-102,L-182,,,,,
su00734,2002-05-27,9:12,,,den Lome 1,,L-004,L-172,L-173,,,,
su00735,2002-05-29,17:22,,,den Enjere,,E-003,E-111,E-112,,,,
su00736,2002-05-31,6:27,-3.18950,35.60233,,,L-015,L-171,,,,,
su00737,2002-05-31,8:45,,,den Moram,,M-098,M-180,M-181,,,,
su00738,2002-05-31,17:30,,,den Enjere,,E-006,E-113,,,,,
su00739,2002-05-31,17:30,,,den Enjere,,E-080,E-108,,,,,
su00740,2002-06-01,17:05,,,den Moram,,M-098,M-180,M-181,,,,
su00741,2002-06-02,18:22,,,den Moram,,M-099,M-184,M-185,,,,
su00742,2002-06-03,17:20,,,den Lome 1,,L-088,L-164,,,,,
su00743,2002-06-03,17:20,,,den Lome 1,,L-112,L-174,,,,,
su00744,2002-06-03,17:20,,,den Lome 1,,L-130,L-186,,,,,
su00745,2002-06-05,17:15,,,den Enjere,,E-006,E-113,,,,,
su00746,2002-06-06,6:50,,,den Moram,,M-006,M-182,,,,,
su00747,2002-06-06,6:50,,,den Moram,,M-099,M-184,M-185,,,,
su00748,2002-06-06,9:06,-3.17367,35.61233,,,M-007,M-176,,,,,
su00749,2002-06-07,8:37,,,den Lome 1,,L-011,L-169,L-170,,,,
su00750,2002-06-07,8:37,,,den Lome 1,,L-015,L-171,,,,,
su00751,2002-06-13,7:28,,,den Enjere,,E-004,E-110,,,,,
su00752,2002-06-14,10:18,,,den Lome 1,,L-008,L-177,,,,,
su00753,2002-06-14,10:18,,,den Lome 1,SU L-180 or L-181,L-101,cub,,,,,
su00754,2002-06-14,10:18,,,den Lome 1,,L-122,L-179,,,,,
su00755,2002-06-14,16:57,,,den Lome 2,,L-087,L-165,,,,,
su00756,2002-06-14,17:21,,,den Lome 1,,L-008,L-177,,,,,
su00757,2002-06-14,17:21,,,den Lome 1,,L-013,L-176,,,,,
su00758,2002-06-14,17:21,,,den Lome 1,,L-015,L-171,,,,,
su00759,2002-06-15,6:30,,,den Moram,,M-088,M-183,,,,,
su00760,2002-06-15,7:28,,,den Enjere,,E-004,E-110,,,,,
su00761,2002-06-15,7:28,,,den Enjere,,E-080,E-108,,,,,
su00762,2002-06-15,18:50,,,den Moram,,M-009,M-186,M-187,,,,
su00763,2002-06-15,18:50,,,den Moram,,M-099,M-184,M-185,,,,
su00764,2002-06-16,17:00,,,den Lome 1,,L-004,L-172,L-173,,,,
su00765,2002-06-16,17:00,,,den Lome 1,,L-013,L-176,,,,,
su00766,2002-06-16,17:00,,,den Lome 1,,L-105,L-167,L-168,,,,
su00767,2002-06-16,17:00,,,den Lome 1,,L-122,L-179,,,,,
su00768,2002-06-19,18:00,,,den Moram,,M-006,M-182,,,,,
su00769,2002-06-19,18:00,,,den Moram,,M-099,M-184,M-185,,,,
su00770,2002-06-20,17:06,,,den Fort,,F-008,F-101,,,,,
su00771,2002-06-21,7:20,,,den Lobby,,L-010,L-185,,,L-185,,
su00772,2002-06-21,8:25,,,den Lome 1,,L-013,L-176,,,,,
su00773,2002-06-21,9:04,-3.17917,35.60467,,,L-084,L-156,L-157,,,,
su00774,2002-06-21,16:45,,,den Moram,,M-098,M-180,M-181,,,,
su00775,2002-06-21,16:45,,,den Moram,SU M-184 or M-185,M-099,cub,,,,,
su00776,2002-06-21,16:45,,,den Moram,,M-132,M-188,,,,,
su00777,2002-06-22,17:18,,,den Lome 2,,L-015,L-171,,,,,
su00778,2002-06-24,6:35,,,den Lobby,,L-122,L-179,,,,,
su00779,2002-06-24,6:35,,,den Lobby,"did not see, but heard L-130 cub(s)",L-130,cub,,,,,
su00780,2002-06-24,8:14,-3.18750,35.59817,,,L-088,L-164,,,,,
su00781,2002-06-26,17:40,,,den Lobby,,L-008,L-177,,,,,
su00782,2002-06-26,17:40,,,den Lobby,,L-122,L-179,,,,,
su00783,2002-06-29,7:05,,,den Lobby,,L-008,L-177,,,,,
su00784,2002-06-29,8:30,,,den Lobby,,L-002,L-187,,,,,
su00785,2002-07-04,17:31,,,den Lobby,,L-008,L-177,,,,,
su00786,2002-07-07,17:10,,,den Lake,,L-013,L-176,,,,,
su00787,2002-07-07,17:10,,,den Lake,,L-130,L-185,L-186,,,,
su00788,2002-07-09,17:33,,,den Furahi,,F-002,F-102,,,,,
su00789,2002-07-09,17:33,,,den Furahi,,F-008,F-101,,,,,
su00790,2002-07-09,17:33,,,den Furahi,,F-048,F-103,F-104,,,,
su00791,2002-07-10,7:26,,,den Furahi,,F-006,F-105,,,,,
su00792,2002-07-10,7:26,,,den Furahi,,F-008,F-101,,,,,
su00793,2002-07-14,6:25,,,den Musk,,M-091,M-189,M-190,,,,
su00794,2002-07-14,17:24,,,den Musk,,M-091,M-189,M-190,,,,
su00795,2002-07-14,17:48,,,den Moru C,,M-006,M-182,,,,,
su00796,2002-07-15,9:06,-3.18267,35.56883,,,L-015,L-171,,,,,
su00797,2002-07-16,7:48,,,den Furahi,,F-006,F-105,,,,,
su00798,2002-07-18,6:25,,,den Musk,,M-091,M-189,M-190,,,,
su00799,2002-07-18,17:38,,,den Furahi,,F-006,F-105,,,,,
su00800,2002-07-18,17:38,,,den Furahi,,F-008,F-101,,,,,
su00801,2002-07-19,18:05,,,den Lake,,L-122,L-179,,,,,
su00802,2002-07-20,18:39,,,den Moru C,,M-006,M-182,,,,,
su00803,2002-11-07,6:40,-3.16900,35.55883,den Locki,with slightly swollen lymph node behind ears,L-102,L-182,,,,,
su00804,2002-11-09,6:27,,,den Masala,,M-088,M-183,,,,,
su00805,2002-11-09,6:27,,,den Masala,,M-098,M-180,M-181,,,,
su00806,2002-11-09,6:27,,,den Masala,,M-122,M-193,M-194,,,,
su00807,2002-11-09,6:27,,,den Masala,,M-132,M-188,,,,,
su00808,2002-11-10,6:33,,,den Shamba,,A-008,S-100,S-101,,,,
su00809,2002-11-10,8:56,-3.20133,35.56467,,,A-018,S-105,,,,,
su00810,2002-11-12,6:30,,,den Masala,carries a cub from one hole to other,M-007,M-195,,,,,
su00811,2002-11-12,6:30,,,den Masala,SU M-193 or M-194,M-122,cub,,,,,
su00812,2002-11-13,8:40,,,den Masala,SU M-193 or M-194,M-122,cub,,,,,
su00813,2002-11-13,16:54,,,den Masala,,M-007,M-195,,,,,
su00814,2002-11-13,16:54,,,den Masala,,M-017,M-191,,,,,
su00815,2002-11-13,16:54,,,den Masala,,M-099,M-184,M-185,,,,
su00816,2002-11-13,16:54,,,den Masala,,M-122,M-193,M-194,,,,
su00817,2002-11-13,16:54,,,den Masala,,M-132,M-188,,,,,
su00818,2002-11-14,6:35,-3.16900,35.55883,den Locki 2,,L-002,L-187,,,,,
su00819,2002-11-14,6:35,-3.16900,35.55883,den Locki 2,,L-008,L-177,,,,,
su00820,2002-11-14,6:35,-3.16900,35.55883,den Locki 2,,L-102,L-182,,,,,
su00821,2002-11-15,16:20,-3.16900,35.55883,den Locki 2,,L-004,L-172,,,,,
su00822,2002-11-15,16:20,-3.16900,35.55883,den Locki 2,,L-088,L-188,L-189,,,,
su00823,2002-11-16,16:55,,,den Masala,,M-007,M-195,,,,,
su00824,2002-11-16,16:55,,,den Masala,,M-098,M-180,M-181,,,,
su00825,2002-11-16,16:55,,,den Masala,,M-122,M-193,M-194,,,,
su00826,2002-11-17,6:20,-3.16900,35.55883,den Locki 2,,L-002,L-187,,,,,
su00827,2002-11-17,6:20,-3.16900,35.55883,den Locki 2,,L-010,L-185,L-186,,L-185,L-186,
su00828,2002-11-17,16:58,-3.19200,35.57283,,"su L-171 close to where L-088 was going to kill GG, then at kill",L-015,L-171,,,,,
su00829,2002-11-17,17:05,-3.19200,35.57283,,"AP kill, later su L-153",L-009,L-153,,,,,
su00830,2002-11-18,6:15,,,den Masala,,M-098,M-180,M-181,,,,
su00831,2002-11-20,16:43,,,den Mia,,M-007,M-195,,,,,
su00832,2002-11-20,16:43,,,den Mia,,M-098,M-180,M-181,,,,
su00833,2002-11-20,16:43,,,den Mia,,M-122,M-193,M-194,,,,
su00834,2002-11-21,8:29,-3.19500,35.58317,,,L-009,L-153,,,,,
su00835,2002-11-22,6:18,-3.14867,35.58133,,,E-083,E-115,,,,,
su00836,2002-11-22,6:35,,,den Enjere,"small black, SU E-116 or E-117",E-006,cub,,,,,
su00837,2002-11-22,17:20,,,den Enjere,,E-006,E-116,E-117,,,,
su00838,2002-11-23,17:11,-3.16900,35.55883,den Locki,,L-002,L-187,,,,,
su00839,2002-11-24,6:15,,,den Mia,,M-099,M-184,M-185,,,,
su00840,2002-11-25,7:50,-3.17467,35.55917,,,L-013,L-176,,,,,
su00841,2002-11-25,10:32,-3.20183,35.56450,,,A-018,S-105,,,,,
su00842,2002-11-25,17:30,,,den Enjere,,E-006,E-116,E-117,,,,
su00843,2002-11-25,17:30,,,den Enjere,,E-080,E-108,,,,,
su00844,2002-11-26,17:00,,,den Masala,,M-088,M-183,,,,,
su00845,2002-11-27,18:21,-3.15733,35.58267,,,E-080,E-108,,,,,
su00846,2002-11-30,8:48,-3.19233,35.57300,,,L-015,L-171,,,,,
su00847,2002-11-30,9:28,-3.18850,35.57117,,,L-105,L-167,L-168,,,,
su00848,2002-12-01,17:33,,,den Masala,,M-007,M-195,,,,,
su00849,2002-12-01,17:33,,,den Masala,,M-099,M-184,M-185,,,,
su00850,2002-12-01,17:33,,,den Masala,,M-122,M-193,M-194,,,,
su00851,2002-12-02,8:33,,,den Lake,,L-013,L-176,,,,,
su00852,2002-12-02,8:33,,,den Lake,SU L-188 or L-189,L-088,cub,,,,,
su00853,2002-12-02,8:33,,,den Lake,,L-119,L-190,,,,,
su00854,2002-12-02,11:00,-3.19967,35.52317,,,F-048,F-103,F-104,,,,
su00855,2002-12-10,18:17,-3.18800,35.56933,,,L-015,L-171,,,,,
su00856,2002-12-10,18:22,,,den Look,,L-013,L-176,,,,,
su00857,2002-12-10,18:22,,,den Look,,L-102,L-182,,,,,
su00858,2002-12-11,16:30,,,den Look,,L-088,L-188,L-189,,,,
su00859,2002-12-16,8:37,-3.23750,35.53950,,,T-013,T-097,T-098,,,,
su00860,2002-12-18,17:15,,,den Mutschli,,M-007,M-195,,,,,
su00861,2002-12-18,17:15,,,den Mutschli,,M-098,M-180,M-181,,,,
su00862,2002-12-18,17:15,,,den Mutschli,,M-099,M-184,M-185,,,,
su00863,2002-12-18,17:15,,,den Mutschli,,M-132,M-188,,,,,
su00864,2002-12-19,17:35,,,den Nama,,N-087,N-115,N-116,,,,
su00865,2002-12-20,10:06,,,den Mutschli,,M-122,M-193,M-194,,,,
su00866,2002-12-20,17:20,,,den Look,,L-010,L-185,L-186,,L-185,L-186,
su00867,2002-12-20,17:20,,,den Look,,L-101,L-180,L-181,,,,
su00868,2002-12-21,18:00,,,den Mutschli,,M-007,M-195,,,,,
su00869,2002-12-21,18:00,,,den Mutschli,,M-098,M-180,M-181,,,,
su00870,2002-12-21,18:00,,,den Mutschli,,M-099,M-184,M-185,,,,
su00871,2002-12-21,18:00,,,den Mutschli,,M-122,M-193,M-194,,,,
su00872,2002-12-22,9:25,-3.18717,35.60683,,,L-096,L-162,L-163,,,,
su00873,2002-12-23,9:47,-3.20050,35.58067,,,A-018,S-105,,,,,
su00874,2002-12-24,17:34,,,den Look,,L-088,L-188,L-189,,,,
su00875,2002-12-25,6:14,,,den Mutschli,,M-007,M-195,,,,,
su00876,2002-12-25,6:14,,,den Mutschli,,M-088,M-183,,,,,
su00877,2002-12-25,6:14,,,den Mutschli,,M-122,M-193,M-194,,,,
su00878,2002-12-25,18:03,,,den Look,,L-101,L-180,L-181,,,,
su00879,2002-12-25,18:03,,,den Look,,L-102,L-182,,,,,
su00880,2002-12-29,6:20,,,den Mutschli,,M-088,M-183,,,,,
su00881,2002-12-29,17:25,,,den Leguan,,L-013,L-176,,,,,
su00882,2002-12-29,17:25,,,den Leguan,,L-088,L-188,L-189,,,,
su00883,2002-12-30,17:37,,,den Look,,L-008,L-177,,,,,
su00884,2002-12-31,17:15,,,den Mutschli,,M-088,M-183,,,,,
su00885,2002-12-31,17:15,,,den Mutschli,comes to den with huge udder,M-098,M-180,M-181,,,,
su00886,2002-12-31,17:15,,,den Mutschli,,M-122,M-193,M-194,,,,
su00887,2003-01-02,6:54,,,den Mutschli,,M-088,M-183,,,,,
su00888,2003-01-02,10:08,-3.20050,35.52317,,,F-006,F-105,,,,,
su00889,2003-01-02,10:08,-3.20050,35.52317,,,F-048,F-103,F-104,,,,
su00890,2003-01-03,8:35,,,den Mutschli,,M-122,M-193,M-194,,,,
su00891,2003-01-05,17:20,,,den Look,,L-004,L-172,,,,,
su00892,2003-01-05,17:20,,,den Look,,L-088,L-188,L-189,,,,
su00893,2003-01-05,17:20,,,den Look,,L-102,L-182,,,,,
su00894,2003-01-07,17:25,,,den Eros,,E-006,E-116,,,,,
su00895,2003-01-08,8:42,-3.20017,35.52150,,,F-002,F-102,,,,,
su00896,2003-01-08,8:42,-3.20017,35.52150,,,F-006,F-105,,,,,
su00897,2003-01-12,17:27,,,den Look,,L-004,L-172,,,,,
su00898,2003-01-12,17:27,,,den Look,,L-088,L-188,L-189,,,,
su00899,2003-01-12,17:27,,,den Look,,L-102,L-182,,,,,
su00900,2003-01-13,7:00,,,den Arena,,A-119,A-154,,,,,
su00901,2003-01-13,9:00,-3.14433,35.50000,,,A-114,A-150,A-151,,,,
su00902,2003-01-13,10:06,-3.19983,35.52167,,,F-002,F-105,,,,,
su00903,2003-01-13,10:06,-3.19967,35.52367,,,F-006,F-105,,,,,
su00904,2003-01-14,17:38,-3.19967,35.52150,,,F-002,F-102,,,,,
su00905,2003-01-14,17:38,-3.19967,35.52150,,,F-006,F-105,,,,,
su00906,2003-01-14,17:38,-3.19967,35.52150,,,F-007,F-100,,,,,
su00907,2003-01-16,7:09,-3.19867,35.52150,,,F-048,F-103,F-104,,,,
su00908,2003-01-17,7:25,-3.19767,35.51933,,7:32 su F-105,F-006,F-105,,,,,
su00909,2003-01-18,9:45,-3.20150,35.52133,,,F-007,F-099,F-100,,,,
su00910,2003-01-26,9:48,,,den Alone,,A-080,A-161,,,,,
su00911,2003-01-28,8:00,,,den Alone,prob su A-152 + A-153,A-006,A-152,A-153,,,,
su00912,2003-01-28,8:00,,,den Alone,,A-080,A-161,,,,,
su00913,2003-01-28,17:25,,,den Mutschli,,M-007,M-195,,,,,
su00914,2003-01-28,17:25,,,den Mutschli,,M-017,M-191,,,,,
su00915,2003-01-28,17:25,,,den Mutschli,,M-099,M-184,M-185,,,,
su00916,2003-01-30,17:39,-3.17950,35.55183,,,L-102,L-182,,,,,
su00917,2003-01-31,17:15,-3.19167,35.57133,,,L-015,L-171,,,,,
su00918,2003-02-04,6:34,-3.18783,35.60867,,,L-013,L-176,,,,,
su00919,2003-02-04,7:12,-3.18950,35.60567,,,L-008,L-177,,,,,
su00920,2003-02-05,7:30,,,den Mutschli,,M-098,M-180,M-181,,,,
su00921,2003-02-05,17:06,,,den Mutschli,,M-007,M-195,,,,,
su00922,2003-02-05,17:06,,,den Mutschli,,M-017,M-191,,,,,
su00923,2003-02-05,17:06,,,den Mutschli,,M-122,M-193,M-194,,,,
su00924,2003-02-09,6:35,-3.18200,35.58183,,,L-004,L-172,,,,,
su00925,2003-02-14,6:52,,,den Leguan,,L-088,L-188,L-189,,,,
su00926,2003-02-14,6:52,,,den Leguan,,L-119,L-190,,,,,
su00927,2003-02-14,17:52,,,den Leguan,,L-008,L-177,,,,,
su00928,2003-02-14,17:52,,,den Leguan,,L-088,L-188,L-189,,,,
su00929,2003-02-15,10:04,,,den Echo,,E-043,E-118,,,,,
su00930,2003-02-15,10:27,,,den Echo,,E-003,E-119,,,,,
su00931,2003-02-15,10:27,,,den Echo,,E-043,E-118,,,,,
su00932,2003-02-15,18:42,,,den Mahali,,M-122,M-193,M-194,,,,
su00933,2003-02-16,6:43,,,den Mahali,,M-088,M-183,,,,,
su00934,2003-03-05,7:00,,,den Justine,,M-017,M-191,,,,,
su00935,2003-03-05,7:00,,,den Justine,,M-122,M-193,M-194,,,,
su00936,2003-03-05,8:58,-3.18367,35.55950,,,L-011,L-170,,,,,
su00937,2003-03-06,17:40,,,den Lake,,L-088,L-188,L-189,,,,
su00938,2003-03-07,7:10,,,den Alinghi,,A-081,A-162,,,,,
su00939,2003-03-08,6:33,,,den Mahali,,M-088,M-183,,,,,
su00940,2003-03-08,17:04,,,den Alinghi,,A-013,A-159,A-160,,,,
su00941,2003-03-08,17:04,,,den Alinghi,,A-119,A-154,A-155,,,,
su00942,2003-03-11,7:40,,,den Aroma,"su quite a big cub, prob A-145",A-003,A-145,,,,,
su00943,2003-03-11,17:12,,,den Aroma,was prob su A-162,A-081,A-162,,,,,
su00944,2003-03-13,7:16,,,den Aroma,,A-006,A-152,A-153,,,,
su00945,2003-03-14,9:31,-3.18383,35.55883,,,L-011,L-170,,,,,
su00946,2003-03-16,17:00,,,den Aroma,,A-119,A-154,A-155,,,,
su00947,2003-03-16,18:25,,,den Alone,,A-102,A-164,,,,,
su00948,2003-03-17,9:35,,,den Justine,,M-122,M-193,M-194,,,,
su00949,2003-03-18,7:26,,,den Alone,,A-016,A-156,,,,,
su00950,2003-03-18,9:05,-3.18633,35.51000,,,F-007,F-099,,,,,
su00951,2003-03-20,17:45,,,den Echo,,E-006,E-116,,,,,
su00952,2003-03-21,18:08,,,den Lake,,L-084,L-191,,,,,
su00953,2003-03-23,7:00,-3.23633,35.53333,,,T-007,T-094,T-095,,,,
su00954,2003-03-25,8:13,-3.23617,35.54400,,,T-010,T-099,,,,,
su00955,2003-03-25,17:30,,,den Lake,,L-084,L-191,,,,,
su00956,2003-03-25,17:31,-3.19000,35.60383,,,L-009,L-151,,,,,
su00957,2003-03-26,17:32,,,den Mutschli,,M-152,M-197,,,,,
su00958,2003-03-27,17:20,,,den Lake,,L-119,L-190,,,,,
su00959,2003-03-29,10:20,-3.17500,35.56133,,,L-008,L-177,,,,,
su00960,2003-03-29,17:13,,,den Mutschli,,M-122,M-193,M-194,,,,
su00961,2003-03-29,18:26,,,den Mutschli,,M-017,M-191,,,,,
su00962,2003-03-30,17:19,-3.18900,35.60233,,,L-015,L-171,,,,,
su00963,2003-07-28,7:03,-3.15267,35.51800,,,A-003,A-145,,,,,
su00964,2003-07-29,17:42,,,den Echo,,E-080,E-122,E-123,,,,
su00965,2003-07-30,17:09,-3.16900,35.55883,den Locki,,L-004,L-194,,,,,
su00966,2003-07-30,17:09,-3.16900,35.55883,den Locki,,L-084,L-191,,,,,
su00967,2003-07-30,17:09,-3.16900,35.55883,den Locki,,L-124,L-196,,,,,
su00968,2003-08-01,17:44,,,den Masala,,M-082,M-198,,,,,
su00969,2003-08-01,17:44,,,den Masala,,M-099,M-205,M-206,,,,
su00970,2003-08-01,17:44,,,den Masala,,M-100,M-200,,,,,
su00971,2003-08-01,17:44,,,den Masala,,M-147,M-203,M-204,,M-204,,
su00972,2003-08-02,9:50,,,den Mia,,M-088,M-183,,,,,
su00973,2003-08-02,9:54,,,den Masala,,M-099,M-205,M-206,,,,
su00974,2003-08-02,17:32,-3.16900,35.55883,den Locki,,L-004,L-194,,,,,
su00975,2003-08-02,17:32,-3.16900,35.55883,den Locki,,L-087,L-192,L-193,,,,
su00976,2003-08-02,17:32,-3.16900,35.55883,den Locki,,L-096,L-197,,,,,
su00977,2003-08-02,17:32,-3.16900,35.55883,den Locki,,L-102,L-195,,,,,
su00978,2003-08-02,17:32,-3.16900,35.55883,den Locki,,L-124,L-196,,,,,
su00979,2003-08-03,7:13,-3.20917,35.56550,,,A-008,S-100,,,,,
su00980,2003-08-05,10:15,,,den Sogea 1,,S-084,S-102,,,,,
su00981,2003-08-05,11:02,-3.19700,35.57633,,,A-008,S-100,S-101,,,,
su00982,2003-08-05,18:31,,,den Sogea 2,,A-019,S-103,S-104,,,,
su00983,2003-08-06,17:45,-3.16900,35.55883,den Locki,,L-004,L-194,,,,,
su00984,2003-08-06,17:45,-3.16900,35.55883,den Locki,,L-102,L-195,,,,,
su00985,2003-08-06,17:45,-3.16900,35.55883,den Locki,,L-114,L-198,,,,,
su00986,2003-08-07,17:37,,,den Masala,SU M-205 or M-206,M-099,cub,,,,,
su00987,2003-08-07,17:37,,,den Masala,,M-152,M-197,,,,,
su00988,2003-08-08,17:37,-3.14617,35.50083,,,A-102,A-164,,,,,
su00989,2003-08-08,18:18,,,den Alimama,,A-013,A-159,A-160,,,,
su00990,2003-08-09,17:20,,,den Echo,,E-080,E-122,E-123,,,,
su00991,2003-08-10,18:22,,,den Echo,,E-001,E-120,E-121,,,,
su00992,2003-08-10,18:22,,,den Echo,,E-087,E-124,,,,,
su00993,2003-08-11,17:20,,,den Masala,,M-082,M-198,,,,,
su00994,2003-08-11,17:20,,,den Masala,,M-099,M-205,M-206,,,,
su00995,2003-08-11,17:20,,,den Masala,,M-147,M-203,M-204,,M-204,,
su00996,2003-08-11,18:19,,,den Masala,,M-082,M-198,,,,,
su00997,2003-08-11,18:19,,,den Masala,,M-088,M-183,,,,,
su00998,2003-08-11,18:19,,,den Masala,,M-091,M-201,M-202,,,,
su00999,2003-08-11,18:19,,,den Masala,,M-099,M-205,M-206,,,,
su01000,2003-08-11,18:19,,,den Masala,,M-100,M-200,,,,,
su01001,2003-08-11,18:19,,,den Masala,,M-147,M-203,M-204,,M-204,,
su01002,2003-08-12,6:58,,,den Amarula,,A-080,A-167,A-168,,,,
su01003,2003-08-12,6:58,,,den Amarula,A-015?,A-015,cub,cub,,,,
su01004,2003-08-12,7:40,-3.14450,35.49617,,,A-003,A-145,,,,,
su01005,2003-08-12,17:15,-3.16900,35.55883,den Locki,,L-102,L-195,,,,,
su01006,2003-08-12,17:15,-3.16900,35.55883,den Locki,SU L-199 or L-200,L-105,cub,,,,,
su01007,2003-08-12,17:15,-3.16900,35.55883,den Locki,,L-114,L-198,,,,,
su01008,2003-08-13,6:46,,,den Niuma,"shortly su N-117 + N-118, but not sure whether she is the mother, although cubs playing a lot with her and N-110",N-105,N-117,N-118,,,,
su01009,2003-08-13,17:55,,,den Alimama,,A-013,A-159,A-160,,,,
su01010,2003-08-14,8:03,,,den Alimama,,A-119,A-155,,,,,
su01011,2003-08-14,17:26,,,den Masala,,M-088,M-183,,,,,
su01012,2003-08-14,17:26,,,den Masala,,M-147,M-203,M-204,,M-204,,
su01013,2003-08-21,17:18,,,den Masala,,M-007,M-195,,,,,
su01014,2003-08-21,17:18,,,den Masala,,M-082,M-198,,,,,
su01015,2003-08-21,17:18,,,den Masala,,M-152,M-197,,,,,
su01016,2003-08-23,10:15,-3.14333,35.50733,,,A-102,A-164,,,,,
su01017,2003-08-23,17:30,-3.16900,35.55883,den Locki,,L-102,L-195,,,,,
su01018,2003-08-23,18:30,-3.16900,35.55883,den Locki,,L-004,L-194,,,,,
su01019,2003-08-25,17:05,,,den Masala,,M-082,M-198,,,,,
su01020,2003-08-25,17:05,,,den Masala,,M-099,M-205,M-206,,,,
su01021,2003-08-25,17:05,,,den Masala,,M-122,M-193,M-194,,,,
su01022,2003-08-25,17:05,,,den Masala,,M-147,M-203,M-204,,M-204,,
su01023,2003-08-26,17:14,,,den Enjere,,E-080,E-122,E-123,,,,
su01024,2003-08-29,7:23,-3.22300,35.57100,,,A-008,S-100,,,,,
su01025,2003-08-29,10:00,,,den Enjere,,E-001,E-121,,,,,
su01026,2003-08-30,8:08,,,den Enjere,,E-001,E-121,,,,,
su01027,2003-08-30,8:08,,,den Enjere,,E-087,E-124,,,,,
su01028,2003-09-03,7:15,-3.16217,35.60733,,,M-152,M-197,,,,,
su01029,2003-09-03,8:08,,,den Mais 2,,M-099,M-205,M-206,,,,
su01030,2003-09-03,17:24,,,den Mais 2,,M-148,M-207,,,,,
su01031,2003-09-03,18:00,,,den Mia,,M-099,M-205,M-206,,,,
su01032,2003-09-03,18:00,,,den Mia,,M-122,M-193,M-194,,,,
su01033,2003-09-03,18:00,,,den Mia,,M-147,M-203,M-204,,M-204,,
su01034,2003-09-03,18:25,,,den Mais 2,,M-122,M-193,M-194,,,,
su01035,2003-09-03,18:25,,,den Mais 2,,M-148,M-207,,,,,
su01036,2003-09-04,18:55,-3.16900,35.55883,den Locki,,L-124,L-196,,,,,
su01037,2003-09-05,6:39,-3.15883,35.60433,,,M-152,M-197,,,,,
su01038,2003-09-05,17:55,-3.15383,35.55750,,,L-010,L-186,,,L-186,,
su01039,2003-09-05,18:15,,,den Lost,,L-084,L-191,,,,,
su01040,2003-09-05,18:15,,,den Lost,,L-087,L-192,L-193,,,,
su01041,2003-09-05,18:15,,,den Lost,,L-096,L-197,,,,,
su01042,2003-09-05,18:15,,,den Lost,,L-119,L-190,,,,,
su01043,2003-09-05,18:15,,,den Lost,,L-124,L-196,,,,,
su01044,2003-09-06,6:32,,,den Mais 2,,M-148,M-207,,,,,
su01045,2003-09-06,6:45,-3.15933,35.60450,,,M-152,M-197,,,,,
su01046,2003-09-06,7:51,,,den Mia,,M-099,M-205,M-206,,,,
su01047,2003-09-06,7:51,,,den Mia,,M-147,M-203,M-204,,M-204,,
su01048,2003-09-07,9:25,,,den Alimama,,A-080,A-167,A-168,,,,
su01049,2003-09-07,9:25,,,den Alimama,,A-119,A-154,A-155,,,,
su01050,2003-09-07,17:50,,,den Lost,,L-102,L-195,,,,,
su01051,2003-09-07,17:50,,,den Lost,,L-124,L-196,,,,,
su01052,2003-09-08,17:43,,,den Masala,,M-082,M-198,,,,,
su01053,2003-09-09,6:53,,,den Lost,,L-102,L-195,,,,,
su01054,2003-09-09,6:53,,,den Lost,,L-124,L-196,,,,,
su01055,2003-09-09,6:53,,,den Lost,,L-135,L-201,,,,,
su01056,2003-09-12,6:57,,,den Alimama,,A-016,A-061,A-171,,,,
su01057,2003-09-12,9:20,,,den Enjere,,E-006,E-116,,,,,
su01058,2003-09-12,17:20,,,den Tisa birth,,M-099,M-205,M-206,,,,
su01059,2003-09-12,17:20,,,den Tisa birth,,M-152,M-197,,,,,
su01060,2003-09-14,18:03,,,den Enjere,"has a lot of milk, prob bec her cub died, e-122 su from her several times, fo her",E-043,E-122,,,,,
su01061,2003-09-14,18:03,,,den Enjere,,E-080,E-122,E-123,,,,
su01062,2003-09-15,6:20,,,den Tisa birth,,M-088,M-183,,,,,
su01063,2003-09-15,6:20,,,den Tisa birth,,M-091,M-201,,,,,
su01064,2003-09-15,17:38,,,den Mia,,M-122,M-194,,,,,
su01065,2003-09-15,18:23,,,den Enjere,,E-080,E-122,E-123,,,,
su01066,2003-09-16,9:54,-3.17317,35.58700,,,L-119,L-190,,,,,
su01067,2003-09-17,6:58,,,den Tisa birth,,M-152,M-197,,,,,
su01068,2003-09-17,8:10,,,den Luchs,,L-004,L-194,,,,,
su01069,2003-09-20,8:17,,,den Luchs 2,,L-008,L-209,,,,,
su01070,2003-09-20,8:17,,,den Luchs 2,,L-105,L-199,L-200,,,,
su01071,2003-09-20,17:07,,,den Luchs 2,,L-008,L-207,L-208,L-209,,,
su01072,2003-09-20,17:07,,,den Luchs 2,SU L-207 or L-208,L-011,cub,,,,,
su01073,2003-09-20,18:25,,,den Luchs,,L-004,L-194,,,,,
su01074,2003-09-26,7:34,,,den Mgeni,,M-009,M-208,M-209,,,,
su01075,2003-09-26,7:34,,,den Mgeni,,M-088,M-183,,,,,
su01076,2003-09-26,7:34,,,den Mgeni,,M-099,M-205,M-206,,,,
su01077,2003-09-26,7:34,,,den Mgeni,,M-132,M-210,M-211,,,,
su01078,2003-09-26,7:34,,,den Mgeni,,M-147,M-203,M-204,,M-204,,
su01079,2003-09-26,16:55,,,den Luchs,,L-004,L-194,,,,,
su01080,2003-09-26,16:55,,,den Luchs,,L-087,L-192,L-193,,,,
su01081,2003-09-26,16:55,,,den Luchs,has her cubs in two different dh,L-101,L-205,L-206,,,,
su01082,2003-09-26,16:55,,,den Luchs,,L-102,L-195,,,,,
su01083,2003-09-26,16:55,,,den Luchs,,L-135,L-201,,,,,
su01084,2003-09-27,6:50,,,den Mgeni,,M-082,M-198,,,,,
su01085,2003-09-27,6:50,,,den Mgeni,,M-091,M-201,M-202,,,,
su01086,2003-09-27,6:50,,,den Mgeni,,M-099,M-205,M-206,,,,
su01087,2003-09-27,6:50,,,den Mgeni,,M-147,M-203,M-204,,M-204,,
su01088,2003-09-27,8:20,,,den Luchs,,L-004,L-194,,,,,
su01089,2003-09-27,16:20,,,den Lost,,L-008,L-209,,,,,
su01090,2003-09-27,16:20,,,den Lost,,L-124,L-196,,,,,
su01091,2003-09-28,6:44,,,den Mgeni,,M-088,M-183,,,,,
su01092,2003-09-28,6:44,,,den Mgeni,,M-147,M-203,M-204,,M-204,,
su01093,2003-09-28,6:44,,,den Mgeni,,M-148,M-207,,,,,
su01094,2003-09-28,8:53,,,den Luchs,,L-004,L-194,,,,,
su01095,2003-09-28,10:55,-3.17717,35.54517,,SU L-185 or L-186,L-010,cub,,,cub,,
su01096,2003-09-28,16:52,-3.16900,35.55883,den Locki,,L-013,L-202,,,,,
su01097,2003-09-28,17:35,,,den Lost,,L-008,L-209,,,,,
su01098,2003-10-08,7:50,,,den Mgeni,,M-091,M-201,M-202,,,,
su01099,2003-10-08,17:07,,,den Luchs,,L-096,L-197,,,,,
su01100,2003-10-09,16:52,,,den Mgeni,,M-082,M-198,,,,,
su01101,2003-10-09,16:52,,,den Mgeni,,M-099,M-205,M-206,,,,
su01102,2003-10-09,16:52,,,den Mgeni,,M-100,M-200,,,,,
su01103,2003-10-14,6:52,,,den Mgeni,,M-088,M-183,,,,,
su01104,2003-10-14,6:52,,,den Mgeni,,M-152,M-197,,,,,
su01105,2003-10-15,17:57,-3.16900,35.55883,den Locki,,L-004,L-194,,,,,
su01106,2003-10-15,17:57,-3.16900,35.55883,den Locki,,L-013,L-202,,,,,
su01107,2003-10-16,7:50,,,den Argos,,A-013,A-159,A-160,,,,
su01108,2003-10-17,17:05,,,den Lost,,L-102,L-195,,,,,
su01109,2003-10-18,17:28,,,den Masala,,M-091,M-201,M-202,,,,
su01110,2003-10-18,17:28,,,den Masala,,M-100,M-200,,,,,
su01111,2003-10-18,17:28,,,den Masala,SU M-210 or M-211,M-132,cub,,,,,
su01112,2003-10-18,17:28,,,den Masala,,M-147,M-203,M-204,,M-204,,
su01113,2003-10-23,18:24,-3.16900,35.55883,den Locki,,L-124,L-196,,,,,
su01114,2003-10-24,18:16,-3.16900,35.55883,den Locki,,L-124,L-196,,,,,
su01115,2003-10-25,8:06,-3.16900,35.55883,den Locki,,L-009,L-210,L-211,,,,
su01116,2003-10-26,17:05,,,den Trudi,Triangle adf with notch ri ear 10ocl + le ear 1ocl,,T-101,T-102,,,,
su01117,2003-10-27,7:27,,,den Fulani,,F-006,F-106,,,,,
su01118,2003-10-29,17:30,-3.16900,35.55883,den Locki,,L-088,L-203,L-204,,,,
su01119,2003-10-29,17:30,-3.16900,35.55883,den Locki,,L-101,L-205,L-206,,,,
su01120,2003-10-29,17:30,-3.16900,35.55883,den Locki,,L-102,L-195,,,,,
su01121,2003-11-02,17:17,-3.16533,35.56083,,,L-084,L-191,,,,,
su01122,2003-11-02,17:23,-3.16900,35.55883,den Locki,,L-004,L-194,,,,,
su01123,2003-11-02,17:23,-3.16900,35.55883,den Locki,,L-008,L-209,,,,,
su01124,2003-11-02,17:23,-3.16900,35.55883,den Locki,,L-013,L-202,,,,,
su01125,2003-11-02,17:23,-3.16900,35.55883,den Locki,,L-088,L-203,L-204,,,,
su01126,2003-11-02,17:23,-3.16900,35.55883,den Locki,,L-101,L-205,L-206,,,,
su01127,2003-11-06,6:18,,,den Masala,,M-009,M-208,M-209,,,,
su01128,2003-11-06,6:18,,,den Masala,,M-147,M-203,M-204,,M-204,,
su01129,2003-11-06,6:18,,,den Masala,,M-148,M-207,,,,,
su01130,2003-11-06,17:30,-3.16900,35.55883,den Locki,,L-013,L-202,,,,,
su01131,2003-11-06,17:30,-3.16900,35.55883,den Locki,,L-088,L-203,L-204,,,,
su01132,2003-11-08,17:40,,,den Masala,,M-098,M-214,,,,,
su01133,2003-11-08,17:40,,,den Masala,,M-148,M-207,,,,,
su01134,2003-11-09,6:33,,,den Masala,,M-091,M-201,M-202,,,,
su01135,2003-11-10,18:38,-3.16900,35.55883,den Locki,,L-004,L-194,,,,,
su01136,2003-11-10,18:38,-3.16900,35.55883,den Locki,,L-013,L-202,,,,,
su01137,2003-11-11,6:50,,,den Echo,,E-080,E-122,E-123,,,,
su01138,2003-11-11,6:50,,,den Echo,,E-087,E-124,,,,,
su01139,2003-11-11,8:56,-3.16900,35.55883,den Locki,,L-008,L-209,,,,,
su01140,2003-11-11,8:56,-3.16900,35.55883,den Locki,,L-011,L-207,L-208,,,,
su01141,2003-11-14,8:16,,,den Furahi,,F-004,F-109,F-111,,,,
su01142,2003-11-14,8:16,,,den Furahi,"then SU 2 cubs, maybe cub of F-007",F-008,F-108,cub,,cub,,
su01143,2003-11-14,17:22,-3.16900,35.55883,den Locki,,L-004,L-194,,,,,
su01144,2003-11-14,17:22,-3.16900,35.55883,den Locki,,L-088,L-203,L-204,,,,
su01145,2003-11-16,16:54,,,den Sobai,,A-018,S-106,S-107,,,,
su01146,2003-11-17,17:25,,,den Masala,,M-148,M-207,,,,,
su01147,2003-11-18,6:51,-3.16417,35.51567,,,A-119,A-154,A-155,,,,
su01148,2003-11-18,17:43,,,den Echo,,E-080,E-122,E-123,,,,
su01149,2003-11-18,17:43,,,den Echo,,E-087,E-124,,,,,
su01150,2004-04-08,16:53,,,den Mape,,M-009,M-208,M-209,,,,
su01151,2004-04-08,16:53,,,den Mape,,M-017,M-216,,,,,
su01152,2004-04-08,16:53,,,den Mape,,M-099,M-205,M-206,,,,
su01153,2004-04-13,17:19,-3.16900,35.55883,den Locki,,L-013,L-202,,,,,
su01154,2004-04-13,17:19,-3.16900,35.55883,den Locki,SU L-203 or L-204,L-088,cub,,,,,
su01155,2004-04-13,17:19,-3.16900,35.55883,den Locki,,L-101,L-205,L-206,,,,
su01156,2004-04-13,17:19,-3.16900,35.55883,den Locki,,L-139,L-212,,,,,
su01157,2004-04-13,17:19,-3.16900,35.55883,den Locki,,L-160,L-213,,,,,
su01158,2004-04-14,6:34,,,den Mape,,M-017,M-216,,,,,
su01159,2004-04-15,17:20,,,den Echo,,E-006,E-126,,,,,
su01160,2004-04-17,17:33,,,den Ego,,E-085,E-128,,,,,
su01161,2004-04-19,10:17,,,den Echo,,E-006,E-126,E-127,,,,
su01162,2004-04-19,18:00,-3.15617,35.62283,,,M-099,M-205,M-206,,,,
su01163,2004-04-20,8:31,-3.16900,35.55883,den Locki,,L-160,L-213,,,,,
su01164,2004-04-21,17:34,,,den Furahi,,F-008,F-108,,,,,
su01165,2004-04-21,17:34,,,den Furahi,,F-096,F-111,,,F-111,,
su01166,2004-04-22,9:16,-3.14317,35.62367,,,M-148,M-207,,,,,
su01167,2004-04-22,17:20,,,den Mist,,M-098,M-214,M-215,,,,
su01168,2004-04-24,6:55,-3.16350,35.58917,,,L-124,L-196,,,,,
su01169,2004-04-24,6:55,-3.16350,35.58917,,,L-135,L-201,,,,,
su01170,2004-04-24,8:50,-3.14400,35.57683,,,E-080,E-122,E-123,,,,
su01171,2004-04-25,17:38,-3.16900,35.55883,den Locki,,L-105,L-214,L-215,,,,
su01172,2004-05-01,8:32,-3.17533,35.55750,,,L-013,L-202,,,,,
su01173,2004-05-01,9:08,-3.16900,35.55883,den Locki,,L-105,L-214,L-215,,,,
su01174,2004-05-02,10:20,,,den Echo,,E-006,E-126,E-127,,,,
su01175,2004-05-03,17:20,,,den Mist,,M-098,M-214,M-215,,,,
su01176,2004-05-03,17:20,,,den Mist,,M-132,M-210,,,,,
su01177,2004-05-07,10:10,,,den Eland,SU E-126 or E-127,E-006,cub,,,,,
su01178,2004-05-09,11:10,,,den Mist,,M-100,M-219,,,,,
su01179,2004-05-09,11:10,,,den Mist,,M-148,M-207,,,,,
su01180,2004-05-09,17:11,,,den Mist,,M-017,M-216,,,,,
su01181,2004-05-09,17:11,,,den Mist,,M-098,M-214,M-215,,,,
su01182,2004-05-13,6:27,,,den Mist,,M-005,M-212,,,,,
su01183,2004-05-13,6:27,,,den Mist,,M-122,M-217,M-218,,,,
su01184,2004-05-14,6:26,,,den Eland,,E-085,E-128,,,,,
su01185,2004-05-14,18:35,-3.18050,35.54967,,,L-088,L-203,L-204,,,,
su01186,2004-05-15,7:21,,,den Arena,,A-003,A-177,A-178,,,,
su01187,2004-05-15,7:21,,,den Arena,,A-114,A-174,,,,,
su01188,2004-05-15,9:44,-3.17850,35.55500,,,L-096,L-197,,,,,
su01189,2004-05-15,16:48,,,den Mist,,M-100,M-219,,,,,
su01190,2004-05-15,16:48,,,den Mist,,M-122,M-217,M-218,,,,
su01191,2004-05-15,16:48,,,den Mist,,M-132,M-210,,,,,
su01192,2004-05-15,16:48,,,den Mist,,M-148,M-207,,,,,
su01193,2004-05-15,16:48,,,den Mist,,M-152,M-220,,,,,
su01194,2004-05-15,18:30,,,den Eland,,E-080,E-122,E-123,,,,
su01195,2004-05-16,9:12,-3.23617,35.53350,,SU T-107 or T-108,T-011,cub,,,,,
su01196,2004-05-16,18:14,,,den Arena,,A-114,A-174,,,,,
su01197,2004-05-18,6:44,-3.16400,35.58533,,,L-010,L-185,,,L-185,,
su01198,2004-05-18,9:00,,,den Eland,,E-006,E-126,E-127,,,,
su01199,2004-05-20,9:20,,,den Echo,,E-085,E-128,,,,,
su01200,2004-05-20,9:30,,,den Eland,,E-083,E-129,,,,,
su01201,2004-05-22,6:30,,,den Leuchtturm,,L-139,L-212,,,,,
su01202,2004-05-22,17:18,,,den Leuchtturm,,L-139,L-212,,,,,
su01203,2004-05-24,17:15,,,den Leuchtturm,,L-139,L-212,,,,,
su01204,2004-05-28,8:20,,,den Alinghi,,A-006,A-173,,,,,
su01205,2004-05-28,17:15,,,den Muskat,,M-098,M-214,M-215,,,,
su01206,2004-05-28,17:15,,,den Muskat,,M-100,M-219,,,,,
su01207,2004-05-29,7:55,,,den Leuchtturm,,L-139,L-212,,,,,
su01208,2004-05-29,17:00,-3.16090,35.60773,,,M-099,M-205,M-206,,,,
su01209,2004-06-01,6:30,,,den Ego,,E-006,E-126,E-127,,,,
su01210,2004-06-01,8:12,,,den Leuchtturm,,L-139,L-212,,,,,
su01211,2004-06-01,10:02,,,den Nero,,N-105,N-117,N-118,,,,
su01212,2004-06-05,6:30,-3.16085,35.60716,,,M-005,M-212,,,,,
su01213,2004-06-05,6:45,,,den Leuchtturm,,L-139,L-212,,,,,
su01214,2004-06-05,9:13,,,den Alinghi,,A-114,A-174,,,,,
su01215,2004-06-05,9:13,,,den Alinghi,,A-116,A-167,A-172,,A-167,,
su01216,2004-06-05,9:13,,,den Alinghi,,A-135,A-175,A-176,,,,
su01217,2004-06-05,9:37,-3.14434,35.49889,,,A-009,A-165,A-166,,,,
su01218,2004-06-07,6:44,-3.14338,35.57787,,,E-087,E-124,,,,,
su01219,2004-06-07,7:00,,,den Eremit,SU E-126 or E-127,E-006,cub,,,,,
su01220,2004-06-07,7:00,,,den Eremit,in different dh than E-006,E-085,E-128,,,,,
su01221,2004-06-07,7:00,,,den Eremit,,E-087,E-124,,,,,
su01222,2004-06-07,9:10,,,den Lake,"one side of udder lower, 2 cubs seen, but only 1 su for sure, other might be cub of L-132",L-102,L-218,,,,,
su01223,2004-06-07,18:36,-3.14407,35.57560,,,E-080,E-122,E-123,,,,
su01224,2004-06-10,17:30,,,den Sumbua birth,,L-004,L-221,L-222,,,,
su01225,2004-06-10,18:13,,,den Lake,"su 1 cub, other of same size but did not su or wh",L-102,L-218,,,,,
su01226,2004-06-13,18:31,-3.15988,35.60302,,,M-009,M-208,M-209,,,,
su01227,2004-06-14,7:59,-3.15052,35.50249,,,A-009,A-165,A-166,,,,
su01228,2004-06-14,17:25,-3.16013,35.60290,,cubs whining a lot,M-099,M-205,M-206,,,,
su01229,2004-06-14,18:06,-3.15844,35.60299,,,M-098,M-214,M-215,,,,
su01230,2004-06-14,18:21,,,den Mia,,M-152,M-220,,,,,
su01231,2004-06-17,7:05,-3.17610,35.51474,,intrusion,L-084,L-191,,,,,
su01232,2004-06-17,7:05,-3.17610,35.51474,,intrusion,L-096,L-197,,,,,
su01233,2004-06-17,17:12,,,den Mia,,M-152,M-220,,,,,
su01234,2004-06-18,17:43,-3.23552,35.53426,,,T-013,T-105,T-106,,,,
su01235,2004-06-21,8:42,-3.17317,35.54633,,,L-084,L-191,,,,,
su01236,2004-06-21,14:25,-3.17975,35.54975,,,L-096,L-197,,,,,
su01237,2004-06-22,6:30,,,den Mia,,M-100,M-219,,,,,
su01238,2004-06-24,7:05,-3.18029,35.56350,,,L-084,L-191,,,,,
su01239,2004-06-24,7:25,-3.17960,35.55927,,,L-124,L-196,,,,,
su01240,2004-06-25,6:32,-3.16171,35.60262,,,M-009,M-208,M-209,,,,
su01241,2004-06-25,6:35,-3.16060,35.60173,,,M-091,M-201,,,,,
su01242,2004-06-25,16:35,-3.17893,35.54667,,,L-096,L-197,,,,,
su01243,2004-06-26,8:13,-3.16026,35.60264,,,M-098,M-214,M-215,,,,
su01244,2004-06-26,17:02,,,den Mia,,M-098,M-214,M-215,,,,
su01245,2004-06-27,7:09,-3.16467,35.60242,,,M-148,M-207,,,,,
su01246,2004-06-27,7:21,-3.16748,35.59768,,,M-005,M-212,,,,,
su01247,2004-06-28,8:44,-3.18027,35.55442,,,L-096,L-197,,,,,
su01248,2004-06-28,17:45,,,den Mia,,M-152,M-220,,,,,
su01249,2004-06-28,18:13,-3.16900,35.55883,den Locki,,L-102,L-218,,,,,
su01250,2004-10-13,17:35,,,den Lassi,,L-102,L-218,,,,,
su01251,2004-10-13,17:46,,,den Limit,,L-004,L-221,L-222,,,,
su01252,2004-10-13,17:46,,,den Limit,,L-087,L-227,L-228,,,,
su01253,2004-10-13,17:46,,,den Limit,,L-136,L-224,,,,,
su01254,2004-10-15,17:45,,,den Lassi,,L-087,L-227,L-228,,,,
su01255,2004-10-15,17:45,,,den Lassi,SU L-231 or L-232,L-105,cub,,,,,
su01256,2004-10-16,6:43,-3.17134,35.59988,,,M-009,M-209,,,,,
su01257,2004-10-16,9:46,,,den Limit,,L-004,L-221,L-222,,,,
su01258,2004-10-16,18:35,,,den Mgeni,,M-082,M-221,,,,,
su01259,2004-10-19,8:16,,,den Argos 3,,A-106,A-182,,,,,
su01260,2004-10-19,8:16,,,den Argos 3,"9:10 A-107 + A-136 stop su because of Maasai herds passing close, then they le den area",A-107,A-179,,,,,
su01261,2004-10-19,8:16,,,den Argos 3,,A-136,A-180,A-181,,,,
su01262,2004-10-19,17:17,,,den Argos 3,,A-003,A-177,A-178,,,,
su01263,2004-10-19,17:17,,,den Argos 3,,A-102,A-183,A-184,,,,
su01264,2004-10-20,17:17,,,den Limit,,L-136,L-224,,,,,
su01265,2004-10-21,7:30,-3.16178,35.51972,,shortly SU A-159,A-013,A-159,,,,,
su01266,2004-10-21,8:42,-3.20225,35.52062,,,F-002,F-112,,,,,
su01267,2004-10-25,7:44,,,den Lost,,L-004,L-221,L-222,,,,
su01268,2004-10-25,7:44,,,den Lost,,L-105,L-231,L-232,,,,
su01269,2004-10-25,7:44,,,den Lost,,L-136,L-224,,,,,
su01270,2004-10-28,17:25,,,den Mgeni,,M-088,M-226,,,,,
su01271,2004-10-29,18:09,-3.19667,35.51119,,,F-008,F-108,,,,,
su01272,2004-11-03,17:20,-3.16900,35.55883,den Locki,,L-010,L-233,L-234,,,,
su01273,2004-11-03,17:20,-3.16900,35.55883,den Locki,,L-087,L-227,L-228,,,,
su01274,2004-11-03,17:20,-3.16900,35.55883,den Locki,,L-105,L-231,L-232,,,,
su01275,2004-11-03,17:20,-3.16900,35.55883,den Locki,,L-146,L-229,L-230,,,,
su01276,2004-11-03,17:20,-3.16900,35.55883,den Locki,,L-160,L-235,,,,,
su01277,2004-11-04,6:26,,,den Mgeni,,M-147,M-222,M-223,,,,
su01278,2004-11-04,8:55,-3.14801,35.57665,,,E-085,E-128,,,,,
su01279,2004-11-04,17:12,-3.16728,35.55929,,,L-013,L-202,,,,,
su01280,2004-11-05,8:58,-3.20122,35.52012,,forced by F-006 to shortly SU F-113,F-002,F-112,F-113,,F-113,,
su01281,2004-11-05,8:58,-3.20122,35.52012,,,F-006,F-113,,,,,
su01282,2004-11-05,17:51,-3.16900,35.55883,den Locki,,L-105,L-231,,,,,
su01283,2004-11-05,17:51,-3.16900,35.55883,den Locki,,L-136,L-224,,,,,
su01284,2004-11-06,7:35,,,den Short,,S-086,S-110,S-111,,,,
su01285,2004-11-06,9:00,-3.16900,35.55883,den Locki,,L-010,L-233,,,,,
su01286,2004-11-06,17:53,-3.16900,35.55883,den Locki,,L-010,L-233,,,,,
su01287,2004-11-06,17:53,-3.16900,35.55883,den Locki,,L-136,L-224,,,,,
su01288,2004-11-07,8:37,-3.17842,35.60683,,,M-009,M-209,,,,,
su01289,2004-11-07,17:38,,,den Mgeni,,M-082,M-221,,,,,
su01290,2004-11-07,17:38,,,den Mgeni,,M-132,M-224,,,,,
su01291,2004-11-07,17:38,,,den Mgeni,,M-147,M-222,M-223,,,,
su01292,2004-11-15,17:40,,,den Mgeni,,M-082,M-221,,,,,
su01293,2004-11-15,17:40,,,den Mgeni,,M-088,M-225,M-226,,,,
su01294,2004-11-15,17:40,,,den Mgeni,,M-122,M-217,M-218,,,,
su01295,2004-11-16,17:34,,,den Luchs,,L-087,L-227,L-228,,,,
su01296,2004-11-16,17:34,,,den Luchs,,L-105,L-231,,,,,
su01297,2004-11-16,17:34,,,den Luchs,,L-146,L-229,L-230,,,,
su01298,2004-11-18,7:44,-3.23532,35.53507,,,T-011,T-107,T-108,,,,
su01299,2004-11-18,7:48,-3.23529,35.53516,,,T-013,T-106,,,,,
su01300,2004-11-18,9:22,-3.23219,35.53493,,,T-007,T-109,T-110,,,,
su01301,2004-11-18,17:33,,,den Losirua,,L-102,L-218,,,,,
su01302,2004-11-19,6:30,,,den Mgeni,,M-082,M-221,,,,,
su01303,2004-11-19,6:30,,,den Mgeni,,M-088,M-225,M-226,,,,
su01304,2004-11-19,6:30,,,den Mgeni,,M-099,M-227,M-228,,,,
su01305,2004-11-19,6:30,,,den Mgeni,,M-147,M-222,M-223,,,,
su01306,2004-11-20,6:56,,,den Adam,,A-102,A-183,A-184,,,,
su01307,2004-11-20,6:56,,,den Adam,,A-106,A-182,,,,,
su01308,2004-11-21,17:00,,,den Mgeni,,M-088,M-225,M-226,,,,
su01309,2004-11-22,6:43,,,den Adam,,A-102,A-183,A-184,,,,
su01310,2004-11-22,17:19,,,den Adam,,A-016,A-185,,,,,
su01311,2004-11-23,6:48,,,den Luchs,,L-105,L-231,,,,,
su01312,2004-11-23,8:19,,,den Sikiria,,S-084,S-112,S-113,,,,
su01313,2004-11-23,18:05,,,den Sikiria,,A-008,S-114,S-115,,,,
su01314,2004-11-23,18:05,,,den Sikiria,,S-084,S-112,S-113,,,,
su01315,2004-11-23,18:36,,,den Short,,S-086,S-110,S-111,,,,
su01316,2004-11-25,18:08,-3.17167,35.57333,den Luchs,,L-105,L-231,,,,,
su01317,2004-11-25,18:08,-3.17167,35.57333,den Luchs,,L-136,L-224,,,,,
su01318,2004-11-26,9:27,-3.20256,35.52068,,,F-096,F-111,,,F-111,,
su01319,2004-11-26,17:20,,,den Namanga,,N-089,N-124,,,,,
su01320,2004-11-26,17:37,-3.17167,35.57333,den Luchs,,L-105,L-231,,,,,
su01321,2004-11-26,17:37,-3.17167,35.57333,den Luchs,,L-136,L-224,,,,,
su01322,2004-11-26,17:54,-3.17547,35.58230,,,L-004,L-221,L-222,,,,
su01323,2004-11-28,7:15,-3.17167,35.57333,den Luchs,,L-114,L-225,,,,,
su01324,2004-11-28,8:24,-3.17167,35.57333,den Luchs,,L-114,L-225,,,,,
su01325,2004-11-28,18:12,,,den Eufori,,E-083,E-130,E-131,,,,
su01326,2004-11-30,9:04,,,den Argos 3,,A-106,A-182,,,,,
su01327,2004-11-30,17:50,,,den Mist,,M-147,M-222,M-223,,,,
su01328,2004-12-01,18:31,-3.17167,35.57333,den Luchs,,L-105,L-231,,,,,
su01329,2004-12-01,18:31,-3.17167,35.57333,den Luchs,,L-114,L-225,,,,,
su01330,2004-12-01,18:31,-3.17167,35.57333,den Luchs,,L-146,L-229,L-230,,,,
su01331,2004-12-02,8:10,,,den A-135 birth,,A-135,A-186,A-187,,,,
su01332,2004-12-02,17:38,,,den Mist,,M-099,M-227,M-228,,,,
su01333,2004-12-02,17:38,,,den Mist,,M-122,M-217,M-218,,,,
su01334,2004-12-07,6:49,-3.19636,35.60730,,,N-087,N-123,,,,,
su01335,2004-12-07,16:55,,,den Namanga,,N-089,N-124,,,,,
su01336,2004-12-08,9:12,,,den Eremit,,E-087,E-132,E-133,,,,
su01337,2004-12-08,17:17,,,den Mist,,M-082,M-221,,,,,
su01338,2004-12-08,17:17,,,den Mist,,M-099,M-227,M-228,,,,
su01339,2004-12-08,17:17,,,den Mist,,M-147,M-222,M-223,,,,
su01340,2004-12-09,7:56,-3.23508,35.54038,,,T-011,T-107,T-108,,,,
su01341,2004-12-09,8:13,-3.23500,35.54729,,,T-013,T-106,,,,,
su01342,2004-12-13,17:29,,,den Luchs,,L-004,L-221,L-222,,,,
su01343,2004-12-13,17:29,,,den Luchs,,L-088,L-237,L-238,,,,
su01344,2004-12-13,17:29,,,den Luchs,,L-105,L-231,,,,,
su01345,2004-12-13,17:29,,,den Luchs,,L-124,L-240,L-241,,L-241,,
su01346,2004-12-13,17:29,,,den Luchs,,L-146,L-229,L-230,,,,
su01347,2004-12-14,17:47,,,den Mist,,M-122,M-217,M-218,,,,
su01348,2004-12-14,17:47,,,den Mist,,M-147,M-222,M-223,,,,
su01349,2004-12-15,7:04,,,den Argos 3,,A-107,A-179,,,,,
su01350,2004-12-15,9:09,,,den Luchs,,L-139,L-236,L-239,,,,
su01351,2004-12-15,17:00,,,den Luchs,,L-114,L-225,,,,,
su01352,2004-12-18,8:24,,,den Eremit,,E-006,E-127,,,,,
su01353,2004-12-18,17:35,,,den Luchs,,L-004,L-221,L-222,,,,
su01354,2004-12-18,17:35,,,den Luchs,"su 1 cub, L-141 lk it and tries to carry it",L-124,cub,,,,,
su01355,2004-12-18,17:35,,,den Luchs,,L-146,L-229,L-230,,,,
su01356,2004-12-19,6:50,-3.14141,35.57690,,,E-085,E-128,,,,,
su01357,2004-12-20,7:57,-3.19452,35.62419,,,N-087,N-123,,,,,
su01358,2004-12-20,17:12,,,den Mist,,M-099,M-227,M-228,,,,
su01359,2004-12-20,17:12,,,den Mist,,M-147,M-222,M-223,,,,
su01360,2004-12-20,17:12,,,den Mist,,M-152,M-220,,,,,
su01361,2004-12-21,18:30,,,den Mist,,M-088,M-225,M-226,,,,
su01362,2004-12-21,18:30,,,den Mist,,M-122,M-217,M-218,,,,
su01363,2004-12-22,9:33,,,den Muskat,,M-005,M-231,,,,,
su01364,2004-12-23,17:28,,,den Love,,L-087,L-227,L-228,,,,
su01365,2004-12-23,17:28,,,den Love,,L-136,L-224,,,,,
su01366,2004-12-24,6:53,,,den Argos 3,,A-003,A-178,,,,,
su01367,2004-12-24,6:53,,,den Argos 3,,A-016,A-185,,,,,
su01368,2004-12-24,6:53,,,den Argos 3,,A-135,A-186,A-187,,,,
su01369,2004-12-27,7:08,-3.19787,35.51953,,forced by F-006 to shortly SU F-113,F-002,F-112,F-113,,F-113,,
su01370,2004-12-27,7:08,-3.19787,35.51953,,,F-006,F-113,,,,,
su01371,2004-12-27,9:49,-3.14349,35.57621,,,E-085,E-128,,,,,
su01372,2004-12-27,17:54,,,den Luchs,,L-105,L-231,,,,,
su01373,2004-12-27,17:54,,,den Luchs,,L-146,L-229,L-230,,,,
su01374,2004-12-28,7:14,-3.19780,35.52012,,,F-006,F-113,,,,,
su01375,2004-12-28,8:07,-3.19942,35.52096,,,F-002,F-112,,,,,
su01376,2004-12-28,17:18,,,den Muskat,,M-147,M-222,,,,,
su01377,2004-12-28,18:55,,,den Mist,,M-099,M-227,M-228,,,,
su01378,2004-12-29,6:29,,,den Muskat,,M-005,M-231,,,,,
su01379,2004-12-29,8:51,-3.19966,35.52136,,,F-096,F-111,,,F-111,,
su01380,2004-12-29,17:47,-3.16400,35.57705,,,L-013,L-202,,,,,
su01381,2004-12-29,18:17,,,den Love,,L-102,L-218,,,,,
su01382,2004-12-29,18:17,,,den Love,,L-136,L-224,,,,,
su01383,2004-12-29,18:52,,,den Luchs,,L-105,L-231,,,,,
su01384,2004-12-30,9:37,-3.20124,35.52113,,,F-048,F-114,F-115,,,,
su01385,2004-12-30,17:23,,,den Mist,,M-147,M-222,M-223,,,,
su01386,2004-12-31,8:27,-3.19975,35.52131,,,F-096,F-111,,,F-111,,
su01387,2004-12-31,18:38,,,den Eremit,,E-006,E-127,,,,,
su01388,2004-12-31,18:38,,,den Eremit,,E-083,E-130,E-131,,,,
su01389,2005-01-01,6:31,,,den Eremit,,E-006,E-127,,,,,
su01390,2005-01-01,6:31,,,den Eremit,,E-087,E-132,E-133,,,,
su01391,2005-01-01,8:53,-3.19929,35.52345,,bloated,F-006,F-113,,,,,
su01392,2005-01-01,8:53,-3.19929,35.52345,,"bloated, bad rub marks",F-007,F-107,F-110,,,,
su01393,2005-01-01,17:07,,,den Eremit,,E-083,E-130,E-131,,,,
su01394,2005-01-01,18:40,-3.14777,35.58850,,,E-085,E-128,,,,,
su01395,2005-01-01,18:51,,,den Muskat,SU M-225 or M-226,M-088,cub,,,,,
su01396,2005-01-01,19:10,,,den Mist,"su M-214, has prob lost her litter, she was not around for a while and had a swollen penis some days ago",M-098,M-214,,,,,
su01397,2005-01-01,19:10,,,den Mist,ASU M-222 or M-223,M-147,cub,,,,,
su01398,2005-01-02,6:40,,,den Mist,,M-099,M-227,M-228,,,,
su01399,2005-01-02,17:13,,,den Muskat,SU M-229 or M-230,M-148,cub,,,,,
su01400,2005-01-02,18:27,,,den Mist,,M-147,M-222,M-223,,,,
su01401,2005-01-06,7:52,-3.16267,35.56550,den Lost,,L-114,L-225,,,,,
su01402,2005-01-06,7:52,-3.16267,35.56550,den Lost,,L-124,L-240,,,,,
su01403,2005-01-06,7:52,-3.16267,35.56550,den Lost,,L-141,L-241,,,,,
su01404,2005-01-06,17:17,-3.16267,35.56550,den Lost,,L-102,L-218,,,,,
su01405,2005-01-06,17:17,-3.16267,35.56550,den Lost,,L-105,L-231,,,,,
su01406,2005-01-06,17:17,-3.16267,35.56550,den Lost,,L-124,L-240,,,,,
su01407,2005-01-06,17:17,-3.16267,35.56550,den Lost,,L-141,L-241,,,,,
su01408,2005-01-07,17:34,,,den Mist,,M-088,M-225,M-226,,,,
su01409,2005-01-07,18:40,,,den Mist,prob su 2 cubs when we arrived,M-091,M-232,M-233,,,,
su01410,2005-01-08,6:45,-3.16267,35.56550,den Lost,,L-105,L-231,,,,,
su01411,2005-01-08,6:45,-3.16267,35.56550,den Lost,,L-114,L-225,,,,,
su01412,2005-01-08,6:45,-3.16267,35.56550,den Lost,,L-124,L-240,,,,,
su01413,2005-01-08,6:45,-3.16267,35.56550,den Lost,,L-141,L-241,,,,,
su01414,2005-01-08,18:00,,,den Asparagus,,A-003,A-178,,,,,
su01415,2005-01-08,18:00,,,den Asparagus,,A-102,A-183,A-184,,,,
su01416,2005-01-08,18:00,,,den Asparagus,,A-135,A-186,A-187,,,,
su01417,2005-01-14,18:32,,,den Love,,L-146,L-229,L-230,,,,
su01418,2005-01-14,18:44,-3.16267,35.56550,den Lost,,L-004,L-221,L-222,,,,
su01419,2005-01-14,18:44,-3.16267,35.56550,den Lost,I think that L-241 is actually cub of L-124,L-124,L-240,L-241,,L-241,,
su01420,2005-01-15,8:17,-3.19521,35.50182,,,F-006,F-113,,,,,
su01421,2005-01-16,17:30,-3.16267,35.56550,den Lost,,L-015,L-242,L-243,,,,
su01422,2005-01-16,17:30,-3.16267,35.56550,den Lost,,L-105,L-231,,,,,
su01423,2005-01-16,17:30,-3.16267,35.56550,den Lost,,L-124,L-240,L-241,,L-241,,
su01424,2005-01-16,17:54,-3.16267,35.56550,den Lost,,L-141,L-240,,,L-240,,
su01425,2005-01-18,7:07,,,den Eremit,,E-087,E-132,E-133,,,,
su01426,2005-01-18,17:58,-3.16267,35.56550,den Lost,,L-004,L-221,L-222,,,,
su01427,2005-01-18,17:58,-3.16267,35.56550,den Lost,,L-105,L-231,,,,,
su01428,2005-01-18,17:58,-3.16267,35.56550,den Lost,,L-124,L-240,L-241,,L-241,,
su01429,2005-01-19,7:17,,,den Muskat,SU M-232 or M-233,M-091,cub,,,,,
su01430,2005-01-19,8:19,,,den Asparagus,,A-003,A-178,,,,,
su01431,2005-01-19,8:19,,,den Asparagus,SU A-183 or A-184,A-102,cub,,,,,
su01432,2005-01-20,9:39,-3.23459,35.53333,,,T-013,T-106,,,,,
su01433,2005-01-21,7:15,,,den Love,,L-004,L-221,L-222,,,,
su01434,2005-01-22,18:01,,,den Love,,L-146,L-229,L-230,,,,
su01435,2005-01-24,7:08,-3.16267,35.56550,den Lost,"su L-241, later L-240 AS from L-141, but L-141 SN and L-240 WH",L-141,L-241,,,,,
su01436,2005-01-24,18:48,,,den Love,,L-146,L-229,L-230,,,,
su01437,2005-01-25,7:45,,,den Asparagus 1,,A-116,A-192,,,A-192,,
su01438,2005-01-25,8:13,,,den Asparagus 2,,A-129,A-191,,,,,
su01439,2005-01-26,8:25,,,den Asparagus 2,,A-001,A-188,A-189,,,,
su01440,2005-01-26,8:25,,,den Asparagus 2,,A-102,A-183,A-184,,,,
su01441,2005-01-26,8:53,,,den Amani,just arrived from the rim,A-106,A-182,,,,,
su01442,2005-01-26,8:53,,,den Amani,SU A-186 or A-187,A-135,cub,,,,,
su01443,2005-01-29,17:05,,,den Muskat,,M-082,M-221,,,,,
su01444,2005-01-29,17:05,,,den Muskat,SU M-225 or M-226,M-088,cub,,,,,
su01445,2005-01-29,17:05,,,den Muskat,,M-099,M-227,M-228,,,,
su01446,2005-01-30,7:06,,,den Asparagus 2,,A-106,A-182,,,,,
su01447,2005-01-31,8:58,-3.17800,35.55451,,,L-013,L-202,,,,,
su01448,2005-01-31,8:58,-3.17800,35.55451,,,L-102,L-218,,,,,
su01449,2005-01-31,17:25,,,den Eremit,SU E-130 or E-131,E-083,cub,,,,,
su01450,2005-01-31,17:25,,,den Eremit,,E-085,E-128,,,,,
su01451,2005-02-02,6:55,-3.22013,35.56843,,,A-008,S-114,S-115,,,,
su01452,2005-02-02,7:37,,,den Trauma,,T-083,T-111,T-112,,,,
su01453,2005-02-03,18:04,,,den Muskat,,M-082,M-221,,,,,
su01454,2005-02-05,18:03,,,den Love,,L-087,L-227,L-228,,,,
su01455,2005-02-05,18:03,,,den Love,,L-141,L-241,,,,,
su01456,2005-02-05,18:03,,,den Love,,L-146,L-230,,,,,
su01457,2005-02-06,7:15,,,den Amani,,A-114,A-193,,,,,
su01458,2005-02-10,18:28,,,den Eremit,,E-083,E-130,E-131,,,,
su01459,2005-02-10,18:28,,,den Eremit,,E-087,E-132,E-133,,,,
su01460,2005-02-10,18:50,,,den Eufori,,E-080,E-134,E-135,,,,
su01461,2005-02-11,6:50,,,den Amani,,A-114,A-193,,,,,
su01462,2005-02-11,6:50,,,den Amani,,A-135,A-186,A-187,,,,
su01463,2005-02-11,17:21,,,den Love,,L-015,L-242,L-243,,,,
su01464,2005-02-11,17:21,,,den Love,,L-114,L-225,,,,,
su01465,2005-02-11,17:21,,,den Love,,L-146,L-229,L-230,,,,
su01466,2005-02-11,18:57,,,den Masala,,M-148,M-230,,,,,
su01467,2005-02-12,9:10,,,den Amani,,A-106,A-182,,,,,
su01468,2005-02-13,8:37,,,den Amani,,A-016,A-185,,,,,
su01469,2005-06-14,7:32,,,den Majani,,M-091,M-232,M-233,,,,
su01470,2005-06-15,7:03,-3.15789,35.52839,,close to li at eq carc hy prob killed,A-106,A-182,,,,,
su01471,2005-06-15,17:01,,,den Maroni,,M-132,M-224,,,,,
su01472,2005-06-16,6:48,,,den Luchs,,L-160,L-246,L-247,,,,
su01473,2005-06-16,17:44,,,den Luchs,,L-160,L-246,L-247,,,,
su01474,2005-06-18,18:28,,,den Majani,,M-122,M-242,M-243,,,,
su01475,2005-06-18,18:28,,,den Majani,,M-152,M-238,M-239,,,,
su01476,2005-06-19,8:22,,,den Little,"08:50 carries 1 cub to Luchs den, other cub follows",L-084,L-251,L-252,,,,
su01477,2005-06-20,6:46,,,den Maroni,,M-148,M-230,,,,,
su01478,2005-06-20,8:26,,,den Maroni,,M-098,M-236,M-237,,,,
su01479,2005-06-20,9:34,,,den Majani,,M-009,M-240,,,,,
su01480,2005-06-20,9:34,,,den Majani,SU M-244 or M-245,M-147,cub,,,,,
su01481,2005-06-22,6:58,-3.17658,35.57185,,,L-087,L-227,,,,,
su01482,2005-06-22,17:12,,,den Majani,,M-152,M-238,M-239,,,,
su01483,2005-06-22,17:12,,,den Majani,,M-180,M-241,,,,,
su01484,2005-06-23,6:25,,,den Maroni,,M-098,M-236,M-237,,,,
su01485,2005-06-25,6:45,-3.15675,35.52291,,,A-107,A-179,,,,,
su01486,2005-06-26,6:34,,,den Luchs,,L-015,L-242,L-243,,,,
su01487,2005-06-26,6:34,,,den Luchs,,L-084,L-251,L-252,,,,
su01488,2005-06-26,8:40,-3.16900,35.55883,den Locki,SU L-246 or L-247,L-160,cub,,,,,
su01489,2005-06-26,8:40,-3.16900,35.55883,den Locki,,L-180,L-254,,,,,
su01490,2005-06-26,16:40,-3.16900,35.55883,den Locki,,L-102,L-253,,,,,
su01491,2005-06-27,18:28,,,den Maroni,,M-100,M-234,,,,,
su01492,2005-06-27,18:28,,,den Maroni,,M-152,M-238,M-239,,,,
su01493,2005-06-28,8:10,,,den Agame,,A-013,A-194,A-195,,,,
su01494,2005-06-28,17:10,-3.16900,35.55883,den Locki,,L-084,L-251,,,,,
su01495,2005-06-28,17:10,-3.16900,35.55883,den Locki,,L-133,L-245,,,,,
su01496,2005-06-28,17:10,-3.16900,35.55883,den Locki,,L-139,L-250,,,,,
su01497,2005-06-28,17:10,-3.16900,35.55883,den Locki,,L-160,L-246,,,,,
su01498,2005-06-29,7:10,-3.15115,35.52314,,,A-102,A-183,A-184,,,,
su01499,2005-07-02,7:30,,,den Amrit,,A-116,A-192,,,A-192,,
su01500,2005-07-02,17:13,,,den Maroni,,M-132,M-224,,,,,
su01501,2005-07-02,17:13,,,den Maroni,,M-152,M-238,M-239,,,,
su01502,2005-07-02,17:13,,,den Maroni,,M-180,M-241,,,,,
su01503,2005-07-05,17:35,,,den Maroni,,M-098,M-236,M-237,,,,
su01504,2005-07-05,17:35,,,den Maroni,,M-100,M-234,,,,,
su01505,2005-07-05,17:35,,,den Maroni,,M-132,M-224,,,,,
su01506,2005-07-05,17:35,,,den Maroni,,M-152,M-238,M-239,,,,
su01507,2005-07-05,17:35,,,den Maroni,,M-180,M-241,,,,,
su01508,2005-07-05,18:43,-3.14563,35.61301,,,M-099,M-228,,,,,
su01509,2005-07-06,10:30,,,den Majani,,M-147,M-244,M-245,,,,
su01510,2005-07-07,7:25,,,den Sindbad,,A-008,S-114,,,,,
su01511,2005-07-07,8:39,-3.23496,35.53572,,,T-092,T-113,,,,,
su01512,2005-07-07,17:50,,,den Amrit,,A-114,A-193,,,,,
su01513,2005-07-07,17:50,,,den Amrit,,A-116,A-192,,,A-192,,
su01514,2005-07-09,18:37,-3.16900,35.55883,den Locki,,L-015,L-242,L-243,,,,
su01515,2005-07-09,18:37,-3.16900,35.55883,den Locki,,L-133,L-245,,,,,
su01516,2005-07-09,18:37,-3.16900,35.55883,den Locki,,L-139,L-250,,,,,
su01517,2005-07-09,18:37,-3.16900,35.55883,den Locki,,L-160,L-246,,,,,
su01518,2005-07-09,18:37,-3.16900,35.55883,den Locki,,L-180,L-254,,,,,
su01519,2005-07-11,7:28,,,den Eremit,,E-043,E-136,,,,,
su01520,2005-07-11,7:28,,,den Eremit,"food at den, cubs of E-116 cw on EQ-head + BB, E-085 with split penis",E-080,E-134,E-135,,,,
su01521,2005-07-11,17:45,,,den Eremit,,E-006,E-140,,,,,
su01522,2005-07-11,17:45,,,den Eremit,SU E-134 or E-135,E-080,cub,,,,,
su01523,2005-07-11,17:45,,,den Eremit,,E-093,E-139,,,,,
su01524,2005-07-13,17:50,-3.16900,35.55883,den Locki,SU L-242 or L-243,L-015,cub,,,,,
su01525,2005-07-13,17:50,-3.16900,35.55883,den Locki,,L-102,L-253,,,,,
su01526,2005-07-13,17:50,-3.16900,35.55883,den Locki,,L-133,L-245,,,,,
su01527,2005-07-13,17:50,-3.16900,35.55883,den Locki,,L-139,L-250,,,,,
su01528,2005-07-13,17:50,-3.16900,35.55883,den Locki,,L-160,L-246,,,,,
su01529,2005-07-15,6:52,,,den Amrit,,A-114,A-193,,,,,
su01530,2005-07-15,6:52,,,den Amrit,,A-116,A-192,,,A-192,,
su01531,2005-07-15,9:10,,,den Amrit,,A-020,A-196,,,,,
su01532,2005-07-15,17:50,,,den Amrit,,A-013,A-194,A-195,,,,
su01533,2005-07-15,17:50,,,den Amrit,,A-102,A-183,A-184,,,,
su01534,2005-07-15,17:50,,,den Amrit,,A-116,A-192,,,A-192,,
su01535,2005-07-16,6:30,,,den Maroni,,M-091,M-232,M-233,,,,
su01536,2005-07-16,6:30,,,den Maroni,,M-099,M-228,,,,,
su01537,2005-07-16,17:55,-3.14592,35.61264,,,M-099,M-228,,,,,
su01538,2005-07-16,18:03,,,den Maroni,,M-148,M-230,,,,,
su01539,2005-07-16,18:03,,,den Maroni,,M-180,M-241,,,,,
su01540,2005-07-18,7:20,-3.15969,35.56669,,,L-087,L-227,,,,,
su01541,2005-07-18,17:25,,,den Amrit,,A-116,A-192,,,A-192,,
su01542,2005-07-18,17:25,,,den Amrit,,A-119,A-199,,,,,
su01543,2005-07-18,18:36,-3.14362,35.53303,,,A-102,A-184,,,,,
su01544,2005-07-19,8:31,-3.13792,35.53664,,,A-106,A-182,,,,,
su01545,2005-07-20,6:55,,,den Sikiria,,A-019,S-116,S-117,,,,
su01546,2005-07-21,7:07,,,den Argos 3,,A-013,A-194,A-195,,,,
su01547,2005-07-21,9:27,,,den Argos 3,,A-135,A-186,A-187,,,,
su01548,2005-07-22,9:22,-3.15996,35.56633,,,L-136,L-224,,,,,
su01549,2005-07-22,9:37,,,den Maroni,,M-098,M-236,,,,,
su01550,2005-07-22,9:37,,,den Maroni,,M-152,M-238,M-239,,,,
su01551,2005-07-22,18:12,,,den Maroni,,M-009,M-235,M-240,,,,
su01552,2005-07-22,18:12,,,den Maroni,,M-091,M-232,M-233,,,,
su01553,2005-07-22,18:12,,,den Maroni,,M-100,M-234,,,,,
su01554,2005-07-24,17:19,,,den Lagos,,L-139,L-250,,,,,
su01555,2005-07-24,17:19,,,den Lagos,,L-160,L-246,,,,,
su01556,2005-07-30,7:06,,,den Lagos,,L-133,L-245,,,,,
su01557,2005-07-30,7:27,-3.16238,35.56009,,,L-015,L-243,,,,,
su01558,2005-07-31,8:18,,,den Lagos,"all wa to Lost den, later back again",L-160,L-246,,,,,
su01559,2005-08-01,9:15,-3.14353,35.52521,,,A-016,A-185,,,,,
su01560,2005-08-01,9:25,,,den Argos 3,,A-102,A-183,A-184,,,,
su01561,2005-08-02,6:36,-3.16051,35.60680,,,M-088,M-225,M-226,,,,
su01562,2005-08-02,17:30,,,den Maroni,,M-098,M-236,M-237,,,,
su01563,2005-08-02,17:30,,,den Maroni,,M-152,M-238,M-239,,,,
su01564,2005-08-03,8:00,,,den Lagos,,L-139,L-250,,,,,
su01565,2005-08-03,17:25,,,den Lagos,,L-139,L-250,,,,,
su01566,2005-08-03,18:11,-3.15504,35.55732,,,L-114,L-225,,,,,
su01567,2005-08-05,17:30,,,den Lagos,,L-139,L-250,,,,,
su01568,2005-08-05,18:30,,,den Maroni,,M-098,M-236,M-237,,,,
su01569,2005-08-05,18:30,,,den Maroni,,M-100,M-234,,,,,
su01570,2005-08-05,18:30,,,den Maroni,,M-152,M-238,M-239,,,,
su01571,2005-08-06,7:33,,,den Argos 3,,A-135,A-186,A-187,,,,
su01572,2005-08-06,8:52,-3.12674,35.55993,,intrusion,E-083,E-131,,,,,
su01573,2005-08-07,6:40,-3.16061,35.60895,,,M-099,M-228,,,,,
su01574,2005-08-07,7:17,,,den Lagos,,L-160,L-246,,,,,
su01575,2005-08-14,17:35,,,den Maroni,,M-091,M-232,M-233,,,,
su01576,2005-08-14,17:35,,,den Maroni,,M-098,M-236,M-237,,,,
su01577,2005-08-14,17:35,,,den Maroni,,M-100,M-234,,,,,
su01578,2005-08-14,17:35,,,den Maroni,,M-122,M-242,M-243,,,,
su01579,2005-08-14,17:35,,,den Maroni,,M-147,M-244,,,,,
su01580,2005-08-14,17:35,,,den Maroni,,M-152,M-238,M-239,,,,
su01581,2005-08-15,17:39,-3.15722,35.60493,,,M-132,M-224,,,,,
su01582,2005-08-16,6:35,-3.15777,35.58688,,,L-114,L-225,,,,,
su01583,2005-08-16,9:20,-3.14716,35.61860,,,M-009,M-240,,,,,
su01584,2005-08-16,9:20,-3.14716,35.61860,,,M-091,M-232,M-233,,,,
su01585,2005-08-19,8:27,,,den Lagos,,L-013,L-255,,,,,
su01586,2005-08-19,17:35,,,den Mozart,,M-098,M-237,,,,,
su01587,2005-08-20,6:27,-3.15711,35.62321,,,M-099,M-228,,,,,
su01588,2005-08-23,6:40,,,den Eremit,warthogs at this and other den,E-006,E-140,,,,,
su01589,2005-08-24,17:38,,,den Limit,,L-139,L-250,,,,,
su01590,2005-08-24,17:38,,,den Limit,does not seem swollen any more,L-160,L-246,,,,,
su01591,2005-08-25,17:36,,,den Mozart,,M-098,M-236,M-237,,,,
su01592,2005-08-25,17:36,,,den Mozart,,M-122,M-242,M-243,,,,
su01593,2005-08-25,17:36,,,den Mozart,,M-147,M-244,,,,,
su01594,2005-08-25,17:36,,,den Mozart,,M-152,M-239,,,,,
su01595,2005-08-25,17:36,,,den Mozart,,M-180,M-241,,,,,
su01596,2005-08-28,17:28,,,den Limit,,L-015,L-243,,,,,
su01597,2005-08-28,17:28,,,den Limit,,L-160,L-246,,,,,
su01598,2005-08-29,7:25,,,den Nero,,N-102,N-125,,,,,
su01599,2005-08-30,6:40,,,den Nero,,N-102,N-125,,,,,
su01600,2005-08-31,17:38,,,den Mozart,,M-082,M-246,M-247,,,,
su01601,2005-08-31,17:38,,,den Mozart,,M-132,M-224,,,,,
su01602,2005-08-31,17:38,,,den Mozart,,M-152,M-238,M-239,,,,
su01603,2005-09-03,8:57,,,den Fear,,F-008,F-118,F-119,,,,
su01604,2005-09-03,8:57,,,den Fear,,F-094,F-116,,,,,
su01605,2005-09-05,7:00,,,den Limit,,L-133,L-245,,,,,
su01606,2005-09-05,7:18,,,den Lassi,,L-160,L-246,,,,,
su01607,2005-09-06,18:35,,,den Eremit,,E-093,E-139,,,,,
su01608,2005-09-07,7:33,,,den Fear,,F-006,F-049,F-121,,,,
su01609,2005-09-08,7:18,,,den Eremit,,E-006,E-140,,,,,
su01610,2005-09-08,7:18,,,den Eremit,,E-116,E-137,E-138,,,,
su01611,2005-09-13,8:18,,,den Sobai,,S-086,S-118,,,,,
su01612,2005-09-13,8:18,,,den Sobai,,S-105,S-119,,,,,
su01613,2005-09-13,8:33,,,den Sandy,SU S-116 or S-117,A-019,cub,,,,,
su01614,2005-09-14,7:00,,,den Maroni,,M-082,M-246,M-247,,,,
su01615,2005-09-14,7:00,,,den Maroni,,M-098,M-236,M-237,,,,
su01616,2005-09-15,7:21,-3.15474,35.59128,,,E-083,E-130,E-131,,,,
su01617,2005-09-15,8:15,,,den Argos 3,,A-080,A-202,A-203,,,,
su01618,2005-09-16,17:35,,,den Argos 3,su shortly A-193 who is very thin,A-119,A-193,,,A-193,,
su01619,2005-09-18,6:36,,,den Lost,,L-160,L-246,,,,,
su01620,2005-09-20,17:22,,,den Eremit,,E-116,E-137,E-138,,,,
su01621,2005-09-21,7:20,,,den Lost,,L-015,L-243,,,,,
su01622,2005-09-21,7:20,,,den Lost,,L-160,L-246,,,,,
su01623,2005-09-21,17:55,,,den Maroni,,M-082,M-246,M-247,,,,
su01624,2005-09-21,17:55,,,den Maroni,,M-122,M-242,M-243,,,,
su01625,2005-09-21,17:55,,,den Maroni,,M-152,M-238,M-239,,,,
su01626,2005-09-21,17:55,,,den Maroni,,M-180,M-241,,,,,
su01627,2005-09-22,6:34,-3.15719,35.62323,,,M-088,M-225,M-226,,,,
su01628,2006-01-21,6:50,,,den Look,,L-010,L-256,L-257,,,,
su01629,2006-01-21,6:50,,,den Look,,L-013,L-255,,,,,
su01630,2006-01-21,6:50,,,den Look,,L-141,L-258,L-259,,,,
su01631,2006-01-22,7:51,,,den Eufori,,E-085,E-143,,,,,
su01632,2006-01-22,7:51,,,den Eufori,,E-095,E-141,E-142,,,,
su01633,2006-01-22,8:56,-3.16900,35.55883,den Locki,"looks into DH, then the two cubs come out",L-156,L-263,L-264,,,,
su01634,2006-01-22,18:40,,,den Look,,L-160,L-246,,,,,
su01635,2006-01-23,18:30,,,den Muskat,,M-099,M-248,,,,,
su01636,2006-01-24,18:05,,,den Eufori,"is weaning E-139, E-139 wh",E-093,E-139,,,,,
su01637,2006-01-25,18:35,,,den Look,,L-139,L-250,,,,,
su01638,2006-01-27,9:45,-3.16900,35.55883,den Locki,,L-156,L-263,,,,,
su01639,2006-01-27,17:48,-3.16900,35.55883,den Locki,,L-102,L-261,L-262,,,,
su01640,2006-01-27,18:13,,,den Look,,L-010,L-256,L-257,,,,
su01641,2006-01-27,18:13,,,den Look,,L-087,L-265,,,,,
su01642,2006-01-27,18:13,,,den Look,,L-139,L-250,,,,,
su01643,2006-01-27,18:13,,,den Look,,L-141,L-258,L-259,,,,
su01644,2006-01-29,6:40,,,den Look,,L-010,L-256,L-257,,,,
su01645,2006-01-29,6:40,,,den Look,,L-087,L-265,,,,,
su01646,2006-01-29,6:40,,,den Look,,L-141,L-258,L-259,,,,
su01647,2006-01-29,17:45,,,den Look,,L-002,L-260,,,,,
su01648,2006-01-29,17:45,,,den Look,,L-010,L-256,L-257,,,,
su01649,2006-01-29,17:45,,,den Look,,L-087,L-265,,,,,
su01650,2006-01-29,17:45,,,den Look,,L-160,L-246,,,,,
su01651,2006-01-30,17:55,,,den Micky,,M-082,M-246,M-247,,,,
su01652,2006-01-30,18:21,-3.15785,35.60949,,,M-122,M-243,,,,,
su01653,2006-01-30,18:23,,,den Muskat,,M-099,M-248,M-249,,,,
su01654,2006-01-31,8:33,,,den Arena,prob su 1 cub,A-006,A-207,,,,,
su01655,2006-02-01,17:47,,,den Muskat,,M-099,M-248,M-249,,,,
su01656,2006-02-01,17:47,,,den Muskat,,M-132,M-250,M-251,,,,
su01657,2006-02-02,6:45,,,den Nioka,,N-105,N-130,,,,,
su01658,2006-02-05,7:36,-3.17745,35.57215,,,L-139,L-250,,,,,
su01659,2006-02-07,18:00,,,den Lagos,,L-010,L-256,L-257,,,,
su01660,2006-02-07,18:14,,,den Look,,L-002,L-260,,,,,
su01661,2006-02-07,18:14,,,den Look,,L-013,L-255,,,,,
su01662,2006-02-07,18:14,,,den Look,,L-146,L-266,L-267,,,,
su01663,2006-02-07,18:53,,,den Lagos,,L-010,L-256,L-257,,,,
su01664,2006-02-11,19:00,,,den Lagos,,L-010,L-256,L-257,,,,
su01665,2006-02-11,19:00,,,den Lagos,,L-141,L-258,L-259,,,,
su01666,2006-02-14,18:05,-3.16880,35.61459,,,M-098,M-236,,,,,
su01667,2006-02-14,18:15,-3.16879,35.61297,,,M-180,M-241,,,,,
su01668,2006-02-14,18:16,-3.16799,35.61234,,,M-152,M-138,M-139,,,,
su01669,2006-02-14,18:38,,,den Lagos,,L-013,L-255,,,,,
su01670,2006-02-14,18:38,,,den Lagos,,L-102,L-262,,,,,
su01671,2006-02-15,9:06,-3.16067,35.56818,,,L-139,L-250,,,,,
su01672,2006-02-15,18:18,,,den Majani,,M-099,M-249,,,,,
su01673,2006-02-15,18:36,,,den Micky,,M-082,M-246,M-247,,,,
su01674,2006-02-15,18:36,,,den Micky,,M-147,M-244,,,,,
su01675,2006-02-16,8:25,,,den Arena,may have 2 cubs,A-107,A-211,,,,,
su01676,2006-02-17,18:07,,,den Look,,L-087,L-265,,,,,
su01677,2006-02-17,18:07,,,den Look,SU L-266 or L-267,L-146,cub,,,,,
su01678,2006-02-18,6:58,,,den Nioka,"not sure whether N-105 su 1 or 2 cubs, N-130 + N-131 were close to her",N-105,N-130,N-131,,,,
su01679,2006-02-18,6:58,,,den Nioka,,N-108,N-132,,,,,
su01680,2006-02-18,8:15,,,den Nioka,,N-108,N-132,,,,,
su01681,2006-02-18,17:27,-3.16053,35.63924,,,M-147,M-244,,,,,
su01682,2006-02-19,6:38,,,den Nioka,,N-110,N-129,,,,,
su01683,2006-02-19,8:07,,,den Shumli,,S-084,S-120,S-121,,,,
su01684,2006-02-27,8:05,-3.16280,35.60213,,,M-180,M-241,,,,,
su01685,2006-03-02,17:45,,,den Lush,,L-013,L-255,,,,,
su01686,2006-03-07,10:06,,,den Furahi,,F-105,F-122,F-123,,,,
su01687,2006-03-07,10:16,-3.19596,35.49984,,"SU F-118 or F-119, other is very close",F-008,cub,,,,,
su01688,2006-03-07,18:56,,,den Lagos,,L-102,L-261,L-262,,,,
su01689,2006-03-08,7:34,,,den Nioka,,N-105,N-130,N-131,,,,
su01690,2006-03-08,7:34,,,den Nioka,,N-110,N-129,,,,,
su01691,2006-03-08,17:57,,,den Lagos,,L-087,L-265,,,,,
su01692,2006-03-08,17:57,,,den Lagos,,L-102,L-261,L-262,,,,
su01693,2006-03-08,17:57,,,den Lagos,,L-146,L-266,L-267,,,,
su01694,2006-03-11,18:15,,,den Masala,SU M-248 or M-249,M-099,cub,,,,,
su01695,2006-03-12,18:37,-3.17482,35.56369,,,L-139,L-250,,,,,
su01696,2006-03-12,18:42,,,den Lagos,,L-102,L-261,L-262,,,,
su01697,2006-03-12,18:42,,,den Lagos,,L-141,L-258,L-259,,,,
su01698,2006-03-13,6:50,,,den Masala,,M-132,M-250,M-251,,,,
su01699,2006-03-13,6:50,,,den Masala,,M-178,M-252,M-253,,,,
su01700,2006-03-13,17:13,,,den Lagos,,L-139,L-250,,,,,
su01701,2006-03-15,18:41,-3.21115,35.56667,,,A-019,S-116,S-117,,,,
su01702,2006-03-16,16:05,,,den Fossa,,F-096,F-124,F-125,,,,
su01703,2006-03-16,16:05,,,den Furahi,,F-105,F-122,F-123,,,,
su01704,2006-03-18,18:22,,,den Lagos,,L-010,L-256,L-257,,,,
su01705,2006-03-18,18:22,,,den Lagos,,L-013,L-255,,,,,
su01706,2006-03-18,18:22,,,den Lagos,,L-087,L-265,,,,,
su01707,2006-03-18,18:22,,,den Lagos,,L-102,L-261,L-262,,,,
su01708,2006-03-18,18:22,,,den Lagos,,L-141,L-258,L-259,,,,
su01709,2006-03-19,17:46,,,den Lagos,,L-013,L-255,,,,,
su01710,2006-03-19,17:46,,,den Lagos,,L-102,L-261,L-262,,,,
su01711,2006-03-20,17:18,,,den Tupu,,T-014,T-116,T-117,,,,
su01712,2006-03-23,8:20,,,den Echo,,E-088,E-144,,,,,
su01713,2006-03-23,8:20,,,den Echo,,E-095,E-141,E-142,,,,
su01714,2006-03-23,17:48,,,den Echo,,E-085,E-143,,,,,
su01715,2006-03-23,17:48,,,den Echo,,E-095,E-141,E-142,,,,
su01716,2006-03-24,7:06,,,den Tupu,,T-085,T-118,T-119,,,,
su01717,2006-03-25,18:08,,,den Mutschli,,M-099,M-248,M-249,,,,
su01718,2006-03-26,8:30,,,den Limette,,L-146,L-266,L-267,,,,
su01719,2006-03-27,17:33,,,den Mutschli,,M-005,M-256,M-257,,,,
su01720,2006-03-30,18:33,,,den Furahi,not 100% sure whether this is F-002 or F-006,F-002,F-117,F-120,,F-117,F-120,
su01721,2006-03-30,18:33,,,den Furahi,,F-105,F-122,F-123,,,,
su01722,2006-03-31,8:53,,,den Lagos,,L-102,L-262,,,,,
su01723,2006-03-31,8:53,,,den Lagos,,L-146,L-266,L-267,,,,
su01724,2006-03-31,18:13,,,den Lagos,,L-087,L-265,,,,,
su01725,2006-03-31,18:13,,,den Lagos,,L-102,L-261,L-262,,,,
su01726,2006-04-02,17:37,,,den Lagos,,L-102,L-261,L-262,,,,
su01727,2006-04-03,6:45,,,den Echo,,E-088,E-144,,,,,
su01728,2006-04-03,6:45,,,den Echo,might have 2 cubs,E-116,E-149,,,,,
su01729,2006-04-05,17:42,,,den Mutschli,SU M-252 or M-253,M-178,cub,,,,,
su01730,2006-04-07,18:12,,,den Alimama,,A-139,A-208,A-209,,,,
su01731,2006-04-08,16:10,,,den Alimama,,A-001,A-206,,,,,
su01732,2006-04-08,16:10,,,den Alimama,,A-107,A-211,,,,,
su01733,2006-04-10,11:55,,,den Alimama,,A-006,A-207,,,,,
su01734,2006-04-10,11:55,,,den Alimama,,A-115,A-205,,,,,
su01735,2006-04-10,11:55,,,den Alimama,,A-132,A-204,,,,,
su01736,2006-04-10,11:55,,,den Alimama,,A-139,A-208,A-209,,,,
su01737,2006-04-12,17:22,,,den Echo,,E-080,E-134,,,,,
su01738,2006-04-12,17:22,,,den Echo,,E-088,E-144,,,,,
su01739,2006-04-12,17:22,,,den Echo,,E-101,E-145,,,,,
su01740,2006-04-12,17:22,,,den Echo,,E-102,E-146,,,,,
su01741,2006-04-14,9:13,,,den Lagos,,L-088,L-268,,,,,
su01742,2006-04-14,17:18,,,den Alimama,,A-001,A-206,,,,,
su01743,2006-04-14,17:18,,,den Alimama,,A-132,A-204,,,,,
su01744,2006-04-14,17:18,,,den Alimama,,A-164,A-212,,,,,
su01745,2006-04-15,17:57,,,den Sari,,S-105,S-123,S-124,,,,
su01746,2006-04-18,7:24,,,den Furahi,"gives AC when Maasai with cattle pass, then r away",F-105,F-122,F-123,,,,
su01747,2006-04-18,14:30,,,den Alimama,,A-107,A-211,,,,,
su01748,2006-04-18,14:30,,,den Alimama,,A-132,A-204,,,,,
su01749,2006-04-19,17:24,,,den Lumpi,,L-102,L-261,,,,,
su01750,2006-04-19,17:24,,,den Lumpi,,L-146,L-266,,,,,
su01751,2006-04-20,6:40,,,den Masala,,M-178,M-252,,,,,
su01752,2006-04-20,16:54,,,den Mutschli,,M-082,M-246,M-247,,,,
su01753,2006-04-20,16:54,,,den Mutschli,,M-099,M-248,M-249,,,,
su01754,2006-04-20,16:54,,,den Mutschli,SU M-252 or M-253,M-178,cub,,,,,
su01755,2006-08-22,17:55,,,den Mozart,,M-098,M-263,,,,,
su01756,2006-08-22,17:55,,,den Mozart,,M-100,M-265,M-266,,,,
su01757,2006-08-22,17:55,,,den Mozart,,M-122,M-261,M-262,,,,
su01758,2006-08-22,17:55,,,den Mozart,,M-147,M-267,,,,,
su01759,2006-08-22,17:55,,,den Mozart,,M-148,M-254,,,,,
su01760,2006-08-22,17:55,,,den Mozart,,M-152,M-260,cub,,,,
su01761,2006-08-22,17:55,,,den Mozart,SU M-252 or M-253,M-178,cub,,,,,
su01762,2006-08-22,17:55,,,den Mozart,,M-180,M-268,M-269,,,,
su01763,2006-08-25,6:53,-3.14380,35.57619,,,E-095,E-141,E-142,,,,
su01764,2006-08-25,17:46,,,den Mozart,,M-100,M-265,M-266,,,,
su01765,2006-08-25,17:46,,,den Mozart,,M-122,M-261,M-262,,,,
su01766,2006-08-25,17:46,,,den Mozart,,M-147,M-267,,,,,
su01767,2006-08-25,17:46,,,den Mozart,,M-152,M-260,,,,,
su01768,2006-08-26,6:33,,,den Sobai,,S-105,S-123,S-124,,,,
su01769,2006-08-26,7:58,-3.16900,35.55883,den Locki,,L-206,L-269,,,,,
su01770,2006-08-26,18:10,,,den Sobai,,A-008,S-125,S-126,,,,
su01771,2006-08-26,18:10,,,den Sobai,,S-084,S-120,S-121,,,,
su01772,2006-08-27,7:00,,,den Argos 3,,A-001,A-206,,,,,
su01773,2006-08-28,17:45,,,den Mozart,,M-005,M-256,,,,,
su01774,2006-08-28,17:45,,,den Mozart,,M-091,M-264,,,,,
su01775,2006-08-28,17:45,,,den Mozart,,M-152,M-260,,,,,
su01776,2006-08-29,7:25,,,den Argos 3,,A-015,A-210,,,,,
su01777,2006-08-29,7:25,,,den Argos 3,,A-145,A-062,A-063,,,,
su01778,2006-08-29,17:45,,,den Sobai,,A-008,S-126,,,,,
su01779,2006-08-29,17:45,,,den Sobai,,S-105,S-123,S-124,,,,
su01780,2006-08-30,9:27,-3.15436,35.55701,,,L-010,L-256,L-257,,,,
su01781,2006-09-03,17:55,,,den Mozart,SU M-265 or M-266,M-100,cub,,,,,
su01782,2006-09-03,17:55,,,den Mozart,,M-122,M-261,M-262,,,,
su01783,2006-09-04,6:35,-3.15882,35.60344,,,M-099,M-248,M-249,,,,
su01784,2006-09-04,6:44,-3.15841,35.59920,,,M-082,M-246,M-247,,,,
su01785,2006-09-05,8:55,,,den Eremit,,E-083,E-151,,,,,
su01786,2006-09-05,10:09,-3.16277,35.57747,,,L-141,L-258,L-259,,,,
su01787,2006-09-06,6:58,,,den Shumli,,A-008,S-126,,,,,
su01788,2006-09-06,6:58,,,den Shumli,,S-082,S-122,,,,,
su01789,2006-09-06,6:58,,,den Shumli,later su also S-125 (cub of A-008) !!,S-086,S-125,S-127,,S-125,,
su01790,2006-09-06,17:50,,,den Mozart,,M-147,M-267,,,,,
su01791,2006-09-06,17:50,,,den Mozart,,M-180,M-268,M-269,,,,
su01792,2006-09-08,7:52,,,den Argos 3,,A-001,A-206,,,,,
su01793,2006-09-08,18:00,,,den Mozart,,M-098,M-263,,,,,
su01794,2006-09-08,18:00,,,den Mozart,,M-122,M-261,M-262,,,,
su01795,2006-09-08,18:00,,,den Mozart,,M-147,M-267,,,,,
su01796,2006-09-09,6:54,-3.15717,35.60846,,,M-148,M-254,,,,,
su01797,2006-09-09,18:44,,,den Shumli,,S-084,S-120,S-121,,,,
su01798,2006-09-09,18:44,,,den Shumli,,S-086,S-127,,,,,
su01799,2006-09-13,8:04,,,den Lagos,,L-205,L-270,,,,,
su01800,2006-09-13,8:04,,,den Lagos,,L-206,L-269,,,,,
su01801,2006-09-13,17:40,,,den Mozart,,M-100,M-265,M-266,,,,
su01802,2006-09-13,17:40,,,den Mozart,,M-122,M-261,M-262,,,,
su01803,2006-09-13,17:40,,,den Mozart,,M-180,M-268,M-269,,,,
su01804,2006-09-14,9:12,,,den Argos 3,,A-145,A-062,A-063,,,,
su01805,2006-09-17,18:05,,,den Mozart,,M-099,M-248,M-249,,,,
su01806,2006-09-17,18:05,,,den Mozart,,M-180,M-268,M-269,,,,
su01807,2006-09-18,17:23,-3.15587,35.60068,,,M-099,M-248,M-249,,,,
su01808,2006-09-18,17:56,,,den Argos 3,,A-145,A-062,A-063,,,,
su01809,2006-09-19,7:25,,,den Amrit,,A-140,A-217,,,,,
su01810,2006-09-19,17:50,,,den Shumli,,S-086,S-125,S-127,,S-125,,
su01811,2006-09-19,17:50,,,den Shumli,,S-105,S-123,S-124,,,,
su01812,2006-09-20,17:50,,,den Mozart,,M-091,M-264,,,,,
su01813,2006-09-20,17:50,,,den Mozart,,M-152,M-260,,,,,
su01814,2006-09-21,6:20,-3.16960,35.61588,,,M-009,M-235,M-240,,,,
su01815,2006-09-21,8:40,,,den Lagos,,L-136,L-271,L-272,,,,
su01816,2006-09-23,17:50,,,den Maroni,,M-100,M-265,M-266,,,,
su01817,2006-09-23,17:50,,,den Maroni,,M-147,M-267,,,,,
su01818,2006-09-23,17:50,,,den Maroni,,M-180,M-268,M-269,,,,
su01819,2006-09-24,17:28,-3.15691,35.59901,,,M-132,M-250,,,,,
su01820,2006-09-25,8:00,,,den Amrit,,A-140,A-217,,,,,
su01821,2006-09-27,18:22,,,den Shumli,,A-008,S-125,S-126,,,,
su01822,2006-09-29,8:55,,,den Amrit,,A-081,A-218,A-219,,,,
su01823,2006-10-02,8:27,,,den Lagos,,L-136,L-271,L-272,,,,
su01824,2006-10-02,9:23,-3.14549,35.55648,,,L-013,L-255,,,,,
su01825,2006-10-02,9:23,-3.14549,35.55648,,,L-087,L-265,,,,,
su01826,2006-10-24,17:20,,,den Lagos,,L-136,L-271,,,,,
su01827,2006-10-25,8:29,-3.13251,35.51744,,,A-006,A-207,,,,,
su01828,2006-10-27,6:55,,,den Amrit,,A-015,A-210,,,,,
su01829,2006-10-27,6:55,,,den Amrit,,A-081,A-218,A-219,,,,
su01830,2006-10-27,8:07,-3.13204,35.51774,,,A-006,A-207,,,,,
su01831,2006-10-27,9:29,-3.15276,35.51835,,,A-009,A-200,A-201,,,,
su01832,2006-10-28,6:30,,,den Mango,,M-147,M-267,,,,,
su01833,2006-10-28,8:39,-3.13201,35.51742,,,A-006,A-207,,,,,
su01834,2006-10-30,7:03,-3.17949,35.57537,,,L-010,L-256,L-257,,,,
su01835,2006-10-30,9:21,-3.17802,35.54662,,,L-015,L-243,,,,,
su01836,2006-10-31,17:41,,,den Mango,,M-180,M-268,M-269,,,,
su01837,2006-11-01,7:10,,,den Ananas,,A-164,A-220,,,,,
su01838,2006-11-01,8:05,,,den Amrit,,A-015,A-210,,,,,
su01839,2006-11-01,17:50,-3.20224,35.58097,,,S-084,S-120,S-121,,,,
su01840,2006-11-01,18:32,,,den Shingo,,A-008,S-125,S-126,,,,
su01841,2006-11-01,18:32,,,den Shingo,,S-082,S-122,,,,,
su01842,2006-11-01,18:32,,,den Shingo,,S-086,S-127,,,,,
su01843,2006-11-01,18:32,,,den Shingo,,S-105,S-123,S-124,,,,
su01844,2006-11-03,9:13,,,den F-099 birth,,F-096,F-124,,,,,
su01845,2006-11-03,18:20,,,den Mango,,M-098,M-263,,,,,
su01846,2006-11-03,18:20,,,den Mango,,M-122,M-261,M-262,,,,
su01847,2006-11-03,18:20,,,den Mango,,M-152,M-260,,,,,
su01848,2006-11-03,18:20,,,den Mango,,M-180,M-268,M-269,,,,
su01849,2007-02-19,7:30,-3.15921,35.58918,,,E-103,E-147,,,E-147,,
su01850,2007-02-20,8:33,,,den Luzern,,L-160,L-281,,,,,
su01851,2007-02-21,17:42,,,den Luzern,,L-139,L-277,,,,,
su01852,2007-02-21,17:42,,,den Luzern,,L-151,L-273,L-274,,,,
su01853,2007-02-22,6:31,-3.14944,35.64242,,,M-122,M-261,M-262,,,,
su01854,2007-02-22,18:25,,,den Luzern,,L-088,L-278,,,,,
su01855,2007-02-22,18:25,,,den Luzern,,L-102,L-275,L-276,,,,
su01856,2007-02-22,18:25,,,den Luzern,,L-151,L-273,L-274,,,,
su01857,2007-02-26,9:13,-3.18389,35.56003,,,L-010,L-256,L-257,,,,
su01858,2007-03-03,17:40,,,den Luzern,,L-088,L-278,,,,,
su01859,2007-03-03,17:40,,,den Luzern,,L-162,L-285,,,,,
su01860,2007-03-04,7:15,,,den Enjere,,E-087,E-153,,,,,
su01861,2007-03-05,18:05,,,den Luzern,,L-162,L-285,,,,,
su01862,2007-03-05,18:25,,,den Lomako,,L-102,L-275,L-276,,,,
su01863,2007-03-05,18:25,,,den Lomako,,L-160,L-281,,,,,
su01864,2007-03-06,18:41,,,den Lomako,,L-132,L-283,L-284,,,,
su01865,2007-03-11,9:05,,,den Asparagus,,A-081,A-218,A-219,,,,
su01866,2007-03-11,18:10,,,den Lomako,,L-102,L-275,L-276,,,,
su01867,2007-03-11,18:10,,,den Lomako,,L-139,L-277,,,,,
su01868,2007-03-11,18:10,,,den Lomako,,L-151,L-273,L-274,,,,
su01869,2007-03-16,17:30,,,den Luzern,,L-160,L-281,,,,,
su01870,2007-03-22,7:22,-3.17296,35.58824,,,L-015,L-243,,,,,
su01871,2007-03-22,8:17,,,den Luzern,transfers 1 cub to Losirua den,L-132,L-283,L-284,,,,
su01872,2007-03-24,7:55,,,den Muskat,,M-201,M-270,,,,,
su01873,2007-03-24,9:40,,,den Losirua,"prob SU 2 cubs, both cubs seen",L-206,L-286,L-287,,,,
su01874,2007-03-25,7:55,,,den Luzern,,L-114,L-279,L-280,,,,
su01875,2007-04-09,7:25,,,den Luzern,,L-102,L-276,,,,,
su01876,2007-04-24,7:17,,,den Lumpi,,L-162,L-285,,,,,
su01877,2007-04-24,8:30,,,den Luzern,,L-156,L-289,,,,,
su01878,2007-05-02,8:12,,,den Lupo 2,,L-146,L-292,L-293,,,,
su01879,2007-05-05,8:32,,,den Lupo 2,,L-146,L-292,L-293,,,,
su01880,2007-05-06,6:43,,,den Lupo 2,,L-146,L-292,L-293,,,,
su01881,2007-05-09,6:50,-3.15973,35.61043,,,M-180,M-268,M-269,,,,
su01882,2007-05-17,7:05,,,den Asparagus,,A-016,A-224,,,,,
su01883,2007-05-19,6:42,,,den Lumpi,,L-151,L-273,L-274,,,,
su01884,2007-05-19,7:08,,,den Lupo 2,,L-114,L-279,L-280,,,,
su01885,2007-05-19,7:33,,,den Lupo,L-087 carried cub to this den,L-087,L-294,,,,,
su01886,2007-05-21,10:10,,,den Lupo 2,,L-218,L-288,,,,,
su01887,2007-05-22,6:35,,,den Lupo,,L-139,L-277,,,,,
su01888,2007-05-22,8:08,,,den Lupo 2,,L-218,L-288,,,,,
su01889,2007-05-24,7:16,,,den Enjere,,E-080,E-158,E-159,,E-158,E-159,
su01890,2007-05-24,7:16,,,den Enjere,,E-085,E-160,,,,,
su01891,2007-05-25,8:50,,,den Amarula,,A-016,A-224,,,,,
su01892,2007-05-26,7:30,,,den Lupo 2,,L-146,L-292,L-293,,,,
su01893,2007-05-28,6:43,-3.15185,35.58828,,,E-102,E-155,E-156,,,,
su01894,2007-05-28,7:10,,,den Lemur,,L-133,L-290,L-291,,,,
su01895,2007-05-28,7:18,,,den Lumpi,,L-088,L-278,,,,,
su01896,2007-05-28,7:18,,,den Lumpi,,L-146,L-292,L-293,,,,
su01897,2007-05-28,7:18,,,den Lumpi,,L-153,L-282,,,,,
su01898,2007-05-28,7:18,,,den Lumpi,,L-162,L-285,,,,,
su01899,2007-05-29,7:00,,,den Aramis,,F-007,F-128,,,,,
su01900,2007-05-30,8:20,,,den Masala,,M-201,M-270,,,,,
su01901,2007-05-31,6:30,,,den Enjere,,E-080,E-158,E-159,,E-158,E-159,
su01902,2007-05-31,6:30,,,den Enjere,,E-085,E-160,,,,,
su01903,2007-05-31,7:38,,,den Lumpi,,L-162,L-285,,,,,
su01904,2007-05-31,8:38,-3.15733,35.60733,den Masala,,M-099,M-272,M-273,,,,
su01905,2007-05-31,8:38,-3.15733,35.60733,den Masala,,M-122,M-281,,,,,
su01906,2007-06-01,6:27,-3.15733,35.60733,den Masala,,M-122,M-281,,,,,
su01907,2007-06-01,9:10,-3.15610,35.59533,,,E-102,E-155,E-156,,,,
su01908,2007-06-04,7:55,,,den Lumpi,,L-133,L-290,L-291,,,,
su01909,2007-06-04,9:16,-3.17903,35.55806,,,L-136,L-271,,,,,
su01910,2007-06-05,8:52,-3.15733,35.60733,den Masala,,M-122,M-281,,,,,
su01911,2007-06-05,8:52,-3.15733,35.60733,den Masala,,M-152,M-280,,,M-280,,
su01912,2007-06-08,6:47,,,den Lemur,,L-156,L-289,,,,,
su01913,2007-06-08,10:35,-3.16725,35.61493,,,M-091,M-264,,,,,
su01914,2007-06-09,8:48,-3.15733,35.60733,den Masala,,M-238,M-277,,,,,
su01915,2007-06-15,8:32,,,den Lumpi,,L-153,L-282,,,,,
su01916,2007-06-16,9:55,,,den Lambada,,L-133,L-291,,,,,
su01917,2007-06-16,9:55,,,den Lambada,,L-146,L-292,,,,,
su01918,2007-06-17,7:00,,,den Murgi,,M-201,M-270,,,,,
su01919,2007-06-17,8:17,-3.21786,35.56727,,,A-008,S-126,,,,,
su01920,2007-06-17,8:17,-3.21786,35.56727,,"SU S-125 + S-127 until 0849, then S-127 wh and su again from 0851 onwards until at least 0918",S-086,S-125,S-127,,S-125,,
su01921,2007-06-21,6:45,,,den Enjere,,E-115,E-157,,,,,
su01922,2007-06-23,8:35,,,den Alimama,,A-115,A-223,,,,,
su01923,2007-06-25,6:50,,,den Lumpi,,L-102,L-275,,,,,
su01924,2007-06-25,6:50,,,den Lumpi,,L-151,L-273,L-274,,,,
su01925,2007-06-25,6:50,,,den Lumpi,,L-218,L-288,,,,,
su01926,2007-06-25,11:20,-3.16900,35.55883,den Locki,,L-114,L-279,L-280,,,,
su01927,2007-06-26,6:57,-3.15664,35.52378,,later SU A-215 + A-216 who we thought were cubs of A-145 ! A-145 must have (had) own cubs,A-106,A-215,A-216,,,,
su01928,2007-06-27,6:55,,,den Lupo 2,,L-153,L-282,,,,,
su01929,2007-06-28,7:00,,,den Alimama,,A-132,L-282,,,,,
su01930,2007-06-29,7:52,-3.16900,35.55883,den Locki,,L-088,L-278,,,,,
su01931,2007-06-29,7:52,-3.16900,35.55883,den Locki,,L-160,L-281,,,,,
su01932,2007-06-30,8:42,,,den Maielo,"SU M-278 + M-281, also lk M-278",M-122,M-278,M-281,,M-278,,
su01933,2007-06-30,8:42,,,den Maielo,,M-148,M-274,M-275,,,,
su01934,2007-06-30,8:42,,,den Maielo,"first SU M-271, then also M-270 who is submissive to M-271",M-201,M-270,M-271,,,,
su01935,2007-06-30,16:57,,,den Murgi,,M-099,M-272,M-273,,,,
su01936,2007-06-30,17:26,,,den Maielo,,M-201,M-270,,,,,
su01937,2007-06-30,17:26,,,den Maielo,,M-238,M-277,,,,,
su01938,2007-07-01,6:40,,,den Murgi,,M-099,M-272,M-273,,,,
su01939,2007-07-01,7:16,,,den Maielo,,M-180,M-268,M-269,,,,
su01940,2007-07-01,8:29,-3.14501,35.49890,,,A-081,A-218,A-219,,,,
su01941,2007-07-01,8:42,,,den Andangi,,A-102,A-228,,,,,
su01942,2007-07-02,6:48,-3.21094,35.56584,,"SU S-126, later also S-125",A-008,S-125,S-126,,,,
su01943,2007-07-03,16:40,,,den Maielo,,M-099,M-272,M-273,,,,
su01944,2007-07-03,16:40,,,den Maielo,,M-122,M-278,,,M-278,,
su01945,2007-07-03,17:37,,,den Murgi,,M-132,M-276,,,,,
su01946,2007-07-04,6:30,,,den Maielo,SU M-274 or M-275,M-148,cub,,,,,
su01947,2007-07-04,6:30,,,den Maielo,,M-152,M-279,M-280,,M-279,M-280,
su01948,2007-07-04,6:30,,,den Maielo,,M-238,M-277,,,,,
su01949,2007-07-04,7:34,-3.16900,35.55883,den Locki,,L-088,L-278,,,,,
su01950,2007-07-04,7:34,-3.16900,35.55883,den Locki,,L-133,L-290,L-291,,,,
su01951,2007-07-04,7:34,-3.16900,35.55883,den Locki,,L-218,L-288,,,,,
su01952,2007-07-05,7:08,-3.15573,35.50620,,,A-013,A-222,,,,,
su01953,2007-07-06,6:28,,,den Maielo,,M-099,M-272,M-273,,,,
su01954,2007-07-06,6:28,,,den Maielo,,M-201,M-270,M-271,,,,
su01955,2007-07-06,8:12,-3.16900,35.55883,den Locki,,L-133,L-290,L-291,,,,
su01956,2007-07-06,9:26,-3.17006,35.55555,,,L-136,L-271,,,,,
su01957,2007-07-07,6:52,-3.16900,35.55883,den Locki,,L-088,L-278,,,,,
su01958,2007-07-07,6:52,-3.16900,35.55883,den Locki,,L-114,L-279,L-280,,,,
su01959,2007-07-07,6:52,-3.16900,35.55883,den Locki,,L-146,L-292,L-293,,,,
su01960,2007-07-07,6:52,-3.16900,35.55883,den Locki,,L-153,L-282,,,,,
su01961,2007-07-07,8:57,,,den Maielo,"SU M-280, but also M-277 + M-278 SU several times for a few minutes",M-152,M-277,M-278,M-280,M-277,M-280,
su01962,2007-11-15,6:37,,,den Moll,,M-099,M-272,M-273,,,,
su01963,2007-11-15,6:37,,,den Moll,,M-147,M-282,M-283,,,,
su01964,2007-11-15,6:37,,,den Moll,,M-148,M-274,M-275,,,,
su01965,2007-11-18,7:28,,,den Abacus,,A-139,A-234,,,,,
su01966,2007-11-19,6:30,,,den Lagos,,L-205,L-300,,,,,
su01967,2007-11-19,7:34,-3.15668,35.55678,,,L-153,L-282,,,,,
su01968,2007-11-19,8:07,-3.15350,35.55677,,,L-218,L-288,,,,,
su01969,2007-11-20,6:30,,,den Moll,"SU M-277 + M-279, 2x sn M-277, m-277 wh, m-279 seems dominant over M-277",M-238,M-277,M-279,,,,
su01970,2007-11-20,7:17,-3.16358,35.61001,,,M-098,M-263,,,,,
su01971,2007-11-23,6:27,-3.16590,35.61360,,,M-201,M-271,,,,,
su01972,2007-11-24,7:15,,,den Alimama,,A-115,A-223,,,,,
su01973,2007-11-26,8:02,,,den Lagos,,L-206,L-298,L-299,,,,
su01974,2007-11-28,6:53,-3.20251,35.59453,,at eq kill and boundary clash shamba-ngoitokitok,N-117,N-137,N-138,,,,
su01975,2007-11-29,6:30,,,den Nama,,N-087,N-143,N-144,,,,
su01976,2007-11-29,6:30,,,den Nama,,N-117,N-137,N-138,,,,
su01977,2007-11-29,6:30,,,den Nama,,N-127,N-147,N-148,,,,
su01978,2007-11-29,8:04,-3.19851,35.60861,,,N-089,N-139,,,,,
su01979,2007-11-29,9:18,-3.16671,35.61224,,,M-201,M-271,,,,,
su01980,2007-11-30,7:20,,,den Alimama,,A-132,A-225,A-226,,,,
su01981,2007-11-30,7:20,,,den Alimama,,A-164,A-230,,,,,
su01982,2007-12-01,9:17,,,den Limit,,L-084,L-295,,,,,
su01983,2007-12-02,7:03,,,den Engolong,,E-095,E-162,E-163,,,,
su01984,2007-12-03,6:30,,,den Moll,,M-122,M-278,M-280,,M-278,,
su01985,2007-12-10,8:03,,,den Nero,,N-108,N-140,,,,,
su01986,2007-12-11,8:07,-3.16499,35.61043,,,M-147,M-283,,,,,
su01987,2007-12-13,12:26,-3.16487,35.61053,,,M-122,M-278,M-280,,M-278,,
su01988,2007-12-14,6:20,,,den Micky,,M-152,M-279,,,M-279,,
su01989,2007-12-14,8:17,,,den Limit,,L-002,L-296,,,,,
su01990,2007-12-14,8:17,,,den Limit,"SU L-302 + L-303, L-304 l between her fls",L-187,L-302,L-303,,,,
su01991,2007-12-15,6:19,-3.16813,35.61398,,,M-122,M-278,M-280,,M-278,,
su01992,2007-12-15,6:35,,,den Limit,seems to su L-302 and L-304,L-187,L-302,L-304,,,,
su01993,2007-12-15,8:15,,,den Lebkuchen,,L-206,L-298,L-299,,,,
su01994,2007-12-15,8:15,,,den Lebkuchen,,L-218,L-288,,,,,
su01995,2007-12-16,9:57,,,den Limit,"all 3 cubs trying (and succeeding) to su from L-187, quite a lot of pushing, but no very severe fighting between cubs",L-187,L-302,L-303,L-304,,,
su01996,2007-12-18,6:25,,,den Enjere,,E-137,E-168,,,,,
su01997,2007-12-18,7:20,,,den Limit,,L-191,L-297,,,,,
su01998,2007-12-19,9:28,,,den Limit,"cub with some scars on back (L-302) is dominant, cub without scars on back (L-304) is second in rank and cub with many scars on back (L-303) is third in rank",L-187,L-302,L-303,L-304,,,
su01999,2007-12-20,6:25,,,den Nero,,N-087,N-143,N-144,,,,
su02000,2007-12-20,6:25,,,den Nero,,N-105,N-145,N-146,,,,
su02001,2007-12-20,6:25,,,den Nero,,N-108,N-140,,,,,
su02002,2007-12-20,6:25,,,den Nero,,N-110,N-141,N-142,,,,
su02003,2007-12-20,6:25,,,den Nero,,N-127,N-147,N-148,,,,
su02004,2007-12-20,8:53,,,den Limit,"cub with some scars on back (L-302) is dominant, cub without scars on back (L-304) is second in rank and cub with many scars on back (L-303) is third in rank",L-187,L-302,L-303,L-304,,,
su02005,2007-12-21,6:40,,,den Moll,,M-147,M-282,M-283,,,,
su02006,2007-12-21,7:39,-3.16644,35.61527,,,M-099,M-272,M-273,,,,
su02007,2007-12-21,7:42,-3.16644,35.61527,,,M-098,M-263,,,,,
su02008,2007-12-21,8:20,,,den Moll,,M-147,M-282,M-283,,,,
su02009,2007-12-21,8:20,,,den Moll,,M-238,M-277,,,,,
su02010,2007-12-21,8:57,-3.15956,35.57469,,,L-153,L-282,,,,,
su02011,2007-12-23,8:13,,,den Limit,,L-132,L-305,,,,,
su02012,2007-12-23,8:13,,,den Limit,second cub is L-302 or L-303,L-187,L-304,cub,,,,
su02013,2007-12-23,8:13,,,den Limit,,L-191,L-297,,,,,
su02014,2007-12-24,8:06,-3.19640,35.57240,,,A-019,S-129,,,,,
su02015,2007-12-24,8:06,-3.19640,35.57240,,,S-105,S-128,,,,,
su02016,2007-12-25,6:36,-3.16582,35.61524,,,M-148,M-274,M-275,,,,
su02017,2007-12-25,7:14,,,den Moll,,M-147,M-282,M-283,,,,
su02018,2007-12-25,7:14,,,den Moll,"M-277 + M-279 first su from M-238, when M-152 ld 1m from M-238 and cubs, first M-277 switches to M-152 and then also M-279 and M-152 su both cubs for about 5min. Then M-152 gu and wa. Later M-152 su M-277 for about 10min, then GU and pushes M-277 when M-277 tries to su again",M-152,M-277,M-279,,M-277,M-279,
su02019,2007-12-25,7:14,,,den Moll,"M-277 + M-279 first su from M-238, when M-152 ld 1m from M-238 and cubs, first M-277 switches to M-152 and then also M-279 and M-152 su both cubs for about 5min. Then M-152 gu and wa. Later M-152 su M-277 for about 10min, then GU and pushes M-277 when M-277 tries to su again",M-238,M-277,M-279,,,,
su02020,2007-12-25,10:13,,,den Limit,,L-187,L-303,,,,,
su02021,2007-12-26,7:45,,,den Limit,,L-084,L-295,,,,,
su02022,2007-12-26,7:45,,,den Limit,,L-187,L-304,,,,,
su02023,2007-12-28,8:25,,,den Limit,change in dominance: now L-303 second in rank and L-304 third in rank,L-187,L-302,L-303,L-304,,,
su02024,2007-12-29,8:45,,,den Limit,"SU L-302 + L-303, keeps snapping and pushing away L-304",L-187,L-302,L-303,,,,
su02025,2007-12-29,9:54,,,den Limit,"now L-187 first lk L-302 but then su L-304, also lk g of L-304",L-187,L-302,L-304,,,,
su02026,2007-12-30,6:26,-3.16383,35.60994,,,M-148,M-274,M-275,,,,
su02027,2007-12-30,7:05,,,den Alimama,,A-164,A-230,,,,,
su02028,2008-01-01,6:24,-3.16870,35.61483,,,M-201,M-271,,,,,
su02029,2008-01-01,8:03,,,den Limit,,L-187,L-304,,,,,
su02030,2008-01-01,9:55,,,den Landrover,,L-015,L-306,,,,,
su02031,2008-01-02,10:55,,,den Limit,L-304 seen for only a few seconds in den entrance,L-187,L-302,L-303,,,,
su02032,2008-01-03,6:55,,,den Limit,,L-084,L-295,,,,,
su02033,2008-01-03,6:55,,,den Limit,,L-132,L-305,,,,,
su02034,2008-01-03,12:05,,,den Limit,,L-187,L-302,,,,,
su02035,2008-01-04,7:01,,,den Landrover,,L-205,L-300,,,,,
su02036,2008-01-04,7:01,,,den Landrover,,L-206,L-298,L-299,,,,
su02037,2008-01-04,9:10,-3.17923,35.55941,,,L-218,L-288,,,,,
su02038,2008-01-05,9:30,,,den Limit,,L-187,L-302,L-303,,,,
su02039,2008-01-07,6:35,-3.17083,35.62349,,,M-122,M-274,M-275,,M-274,M-275,
su02040,2008-01-07,9:00,,,den Limit,,L-187,L-302,,,,,
su02041,2008-01-08,8:01,,,den Moll,,M-147,M-282,M-283,,,,
su02042,2008-01-09,6:51,-3.16737,35.62714,,,M-152,M-277,,,M-277,,
su02043,2008-01-11,6:33,,,den Nero,,N-105,N-146,,,,,
su02044,2008-01-13,7:18,-3.14157,35.50695,,,A-132,A-225,A-226,,,,
su02045,2008-01-13,7:23,,,den Andangi,,A-016,A-224,,,,,
su02046,2008-01-13,7:23,,,den Andangi,,A-140,A-232,,,,,
su02047,2008-01-13,7:23,,,den Andangi,,A-195,A-235,A-236,,,,
su02048,2008-01-15,7:46,,,den Lego,,L-187,L-302,L-303,,,,
su02049,2008-01-17,7:47,,,den Enjere,,E-095,E-162,E-163,,,,
su02050,2008-01-17,7:47,,,den Enjere,,E-130,E-169,,,,,
su02051,2008-01-18,6:32,-3.16849,35.61434,,,M-148,M-274,M-275,,,,
su02052,2008-01-18,7:23,-3.15661,35.62923,,,M-201,M-271,,,,,
su02053,2008-01-23,6:52,,,den Nyuki,,N-087,N-143,N-144,,,,
su02054,2008-01-23,6:52,,,den Nyuki,,N-105,N-145,N-146,,,,
su02055,2008-01-25,8:44,-3.16602,35.55717,,,L-218,L-288,,,,,
su02056,2008-01-26,7:00,,,den Lakriz,,L-191,L-297,,,,,
su02057,2008-01-26,7:24,,,den Lego 3,,L-002,L-296,,,,,
su02058,2008-01-26,7:24,,,den Lego 3,,L-015,L-306,,,,,
su02059,2008-01-29,6:33,-3.16510,35.61065,,,M-147,M-282,M-283,,,,
su02060,2008-01-30,6:33,,,den Nyuki,,N-105,N-145,N-146,,,,
su02061,2008-02-01,7:15,,,den Nyuki,,N-108,N-140,,,,,
su02062,2008-02-01,8:27,,,den Masala,,M-099,M-272,M-273,,,,
su02063,2008-02-02,7:13,,,den Lakriz,,L-191,L-297,,,,,
su02064,2008-02-02,7:25,,,den Look,,L-162,L-285,,,,,
su02065,2008-02-03,6:56,,,den Masala,,M-147,M-282,M-283,,,,
su02066,2008-02-06,8:35,,,den Amarula,,A-164,A-230,,,,,
su02067,2008-02-06,8:35,,,den Amarula,SU male cub,A-195,A-236,,,,,
su02068,2008-02-06,9:27,,,den Arte,,A-145,A-231,,,,,
su02069,2008-02-10,7:36,-3.17068,35.55832,,,L-153,L-282,,,,,
su02070,2008-02-10,7:55,-3.17006,35.55651,,,L-114,L-280,,,,,
su02071,2008-02-11,10:43,-3.15728,35.60960,,,M-147,M-282,M-283,,,,
su02072,2008-02-14,7:25,-3.17016,35.62283,,,M-238,M-277,M-279,,,,
su02073,2008-02-16,7:55,-3.16900,35.55883,den Locki,,L-132,L-305,,,,,
su02074,2008-02-16,7:55,-3.16900,35.55883,den Locki,,L-139,L-307,L-308,,,,
su02075,2008-02-16,7:55,-3.16900,35.55883,den Locki,,L-206,L-298,L-299,,,,
su02076,2008-02-22,9:55,-3.16900,35.55883,den Locki,cub with fewer spots is dominant,L-102,L-309,L-310,,,,
su02077,2008-02-24,7:02,-3.15287,35.57857,,,E-102,E-155,E-156,,,,
su02078,2008-02-24,7:13,-3.14339,35.57744,,,E-116,E-164,E-165,,,,
su02079,2008-02-24,7:40,,,den Eufori 2,"cub seems too large as she recently was deep in DH, maybe cub of E-137?",E-088,E-170,,,,,
su02080,2008-02-25,9:00,,,den Eufori 2,,E-137,E-168,,,,,
su02081,2008-02-28,6:46,,,den Eufori 2,,E-088,E-170,,,,,
su02082,2008-02-28,8:00,,,den Shingo 2,,A-019,S-130,,,,,
su02083,2008-02-28,8:25,-3.20328,35.57123,,,S-105,S-128,,,,,
su02084,2008-02-28,9:22,,,den Masala,M-284 wh a lot,M-100,M-284,,,,,
su02085,2008-03-12,6:44,,,den Eufori,,E-088,E-170,,,,,
su02086,2008-03-12,6:44,,,den Eufori,,E-137,E-168,,,,,
su02087,2008-03-12,7:10,,,den Evita,"thought to su 2 cubs, but not very sure bec. when close, only 1 cub su",E-130,E-169,,,,,
su02088,2008-03-14,7:02,-3.16831,35.61553,,,M-238,M-277,M-279,,,,
su02089,2008-03-15,8:00,,,den Look,SU L-313 or L-314,L-136,cub,,,,,
su02090,2008-03-15,8:00,,,den Look,,L-160,L-311,L-312,,,,
su02091,2008-03-15,8:46,-3.17417,35.58214,,,L-153,L-282,,,,,
su02092,2008-03-16,6:52,,,den Look,,L-139,L-307,L-308,,,,
su02093,2008-03-16,6:52,,,den Look,,L-160,L-311,L-312,,,,
su02094,2008-03-16,8:45,-3.17593,35.58187,,,L-162,L-285,,,,,
su02095,2008-03-17,7:08,,,den Sobai,,A-008,S-135,S-136,,,,
su02096,2008-03-17,7:52,,,den Lupo,,L-084,L-295,,,,,
su02097,2008-03-17,7:52,,,den Lupo,,L-187,L-303,,,,,
su02098,2008-03-17,8:09,,,den Look,,L-139,L-307,L-308,,,,
su02099,2008-03-17,8:32,,,den Lupo,,L-084,L-295,,,,,
su02100,2008-03-18,7:02,,,den Lupo,,L-187,L-303,,,,,
su02101,2008-03-18,9:40,,,den Look,,L-136,L-313,L-314,,,,
su02102,2008-03-20,7:07,,,den Arena,,A-102,A-244,,,,,
su02103,2008-03-20,7:07,,,den Arena,,A-139,A-233,A-234,,,,
su02104,2008-03-21,10:12,,,den Masala,,M-091,M-285,M-286,,,,
su02105,2008-03-22,7:05,,,den Arena,several large bones at den,A-116,A-227,,,,,
su02106,2008-03-22,7:05,,,den Arena,,A-139,A-233,A-234,,,,
su02107,2008-03-22,7:05,,,den Arena,,A-195,A-235,,,,,
su02108,2008-03-25,6:47,-3.19512,35.57791,,,S-082,S-131,S-132,,,,
su02109,2008-03-25,6:56,-3.19692,35.57666,,,S-086,S-133,S-134,,,,
su02110,2008-03-27,7:53,-3.16900,35.55883,den Locki,,L-206,L-298,,,,,
su02111,2008-03-27,9:45,,,den Lupo,,L-084,L-295,,,,,
su02112,2008-03-29,8:07,,,den Lupo,,L-187,L-303,,,,,
su02113,2008-03-30,6:39,,,den Nyuki,,N-102,N-149,N-150,,,,
su02114,2008-04-04,8:37,,,den Sobai,,S-082,S-131,S-132,,,,
su02115,2008-04-05,7:03,-3.16900,35.55883,den Locki,,L-002,L-296,,,,,
su02116,2008-04-06,6:50,-3.16900,35.55883,den Locki,,L-160,L-311,L-312,,,,
su02117,2008-04-06,6:50,-3.16900,35.55883,den Locki,,L-206,L-298,L-299,,,,
su02118,2008-04-07,7:20,,,den Murgi,,M-147,M-282,M-283,,,,
su02119,2008-04-07,8:24,-3.16900,35.55883,den Locki,,L-139,L-307,L-308,,,,
su02120,2008-04-07,10:32,,,den Murgi,SU M-292 or M-293,M-225,cub,,,,,
su02121,2008-04-07,10:32,,,den Murgi,"SU M-292 or M-293, same cub as cub that SU from M-225",M-239,cub,,,,,
su02122,2008-04-08,6:40,,,den Nyuki,,N-102,N-149,N-150,,,,
su02123,2008-04-10,7:35,-3.16900,35.55883,den Locki,,L-139,L-307,L-308,,,,
su02124,2008-04-10,7:35,-3.16900,35.55883,den Locki,,L-160,L-311,L-312,,,,
su02125,2008-04-10,9:49,,,den Murgi,,M-180,M-287,,,,,
su02126,2008-04-11,6:40,,,den Murgi,,M-091,M-286,,,,,
su02127,2008-04-11,6:40,,,den Murgi,,M-148,M-274,M-275,,,,
su02128,2008-04-12,7:30,,,den Amani,,A-106,A-239,A-240,,,,
su02129,2008-04-12,7:47,,,den Arena,,A-102,A-244,,,,,
su02130,2008-04-12,7:47,,,den Arena,,A-164,A-230,,,,,
su02131,2008-04-12,7:47,,,den Arena,,A-194,A-237,A-238,,,,
su02132,2008-04-13,7:35,-3.16900,35.55883,den Locki,,L-187,L-303,,,,,
su02133,2008-04-18,16:50,,,den Masala,,M-132,M-288,M-289,,,,
su02134,2008-04-21,8:20,-3.17772,35.55618,,,L-153,L-282,,,,,
su02135,2008-04-21,8:30,-3.16900,35.55883,den Locki,,L-187,L-303,,,,,
su02136,2008-04-24,7:40,,,den Eremit,,E-006,E-166,,,,,
su02137,2008-04-25,10:39,,,den Mucki,,M-132,M-289,,,,,
su02138,2008-04-27,8:30,-3.17601,35.62799,,,N-105,N-145,N-146,,,,
su02139,2008-04-29,7:24,,,den Masala,,M-180,M-287,,,,,
su02140,2008-04-29,9:20,,,den Likiso,,L-102,L-309,L-310,,,,
su02141,2008-04-29,9:20,,,den Likiso,,L-132,L-305,,,,,
su02142,2008-04-29,9:20,,,den Likiso,,L-141,L-316,L-317,,,,
su02143,2008-04-29,9:20,,,den Likiso,SU L-311 or L-312,L-160,cub,,,,,
su02144,2008-04-30,8:06,,,den Likiso,,L-015,L-306,,,,,
su02145,2008-04-30,8:06,,,den Likiso,,L-136,L-313,L-314,,,,
su02146,2008-04-30,8:06,,,den Likiso,,L-187,L-303,,,,,
su02147,2008-05-02,6:40,,,den Likiso,,L-102,L-309,L-310,,,,
su02148,2008-05-02,6:40,,,den Likiso,,L-141,L-316,L-317,,,,
su02149,2008-05-02,7:06,,,den Lalibela,,L-132,L-305,,,,,
su02150,2008-05-03,7:20,-3.14499,35.50291,,,A-145,A-231,,,,,
su02151,2008-05-03,7:28,,,den Alinghi,,A-116,A-227,,,,,
su02152,2008-05-03,7:28,,,den Alinghi,,A-164,A-230,,,,,
su02153,2008-05-04,7:12,,,den Alinghi,,A-140,A-232,,,,,
su02154,2008-05-04,7:12,,,den Alinghi,,A-164,A-230,,,,,
su02155,2008-05-05,6:44,,,den Likiso,SU L-313 or L-314,L-136,cub,,,,,
su02156,2008-05-05,7:02,,,den Lalibela,,L-132,L-305,,,,,
su02157,2008-05-06,6:52,,,den Eremit,later prey 3,E-095,E-162,E-163,,,,
su02158,2008-05-07,7:25,,,den Fort,,F-107,F-136,,,,,
su02159,2008-05-07,8:50,,,den Alinghi,SU A-239 or A-240,A-106,cub,,,,,
su02160,2008-05-08,8:25,,,den Likiso,SU L-313 or L-314,L-136,cub,,,,,
su02161,2008-05-08,8:25,,,den Likiso,,L-141,L-316,L-317,,,,
su02162,2008-05-08,8:25,,,den Likiso,,L-187,L-303,,,,,
su02163,2008-05-08,9:40,,,den Lalibela,,L-132,L-305,,,,,
su02164,2008-05-08,9:40,,,den Lalibela,,L-139,L-307,L-308,,,,
su02165,2008-05-09,7:15,,,den Fort,,F-107,F-136,,,,,
su02166,2008-05-09,8:33,,,den Alinghi 2,,A-116,A-227,,,,,
su02167,2008-05-09,10:25,,,den Moll,SU M-290 or M-291,M-201,cub,,,,,
su02168,2008-05-10,6:36,,,den Moll,,M-132,M-288,M-289,,,,
su02169,2008-05-10,6:36,,,den Moll,carries M-290 many times between 2 dhs,M-201,M-290,,,,,
su02170,2008-05-11,6:58,,,den Fort,,F-103,F-137,,,,,
su02171,2008-05-11,6:58,,,den Fort,,F-111,F-132,,,,,
su02172,2008-05-11,10:00,,,den Masala,,M-091,M-285,M-286,,,,
su02173,2008-05-11,10:00,,,den Masala,,M-236,M-294,,,,,
su02174,2008-05-12,6:46,,,den Likiso,,L-102,L-309,L-310,,,,
su02175,2008-05-12,6:46,,,den Likiso,,L-136,L-313,L-314,,,,
su02176,2008-05-12,7:19,,,den Luzern,,L-132,L-305,,,,,
su02177,2008-05-12,7:19,,,den Luzern,,L-141,L-316,L-317,,,,
su02178,2008-05-12,9:29,-3.17779,35.55404,,,L-205,L-300,,,,,
su02179,2008-05-13,8:15,,,den Masala,,M-147,M-282,M-283,,,,
su02180,2008-05-13,8:15,,,den Masala,,M-236,M-294,,,,,
su02181,2008-05-14,7:10,,,den Alinghi 2,,A-139,A-233,A-234,,,,
su02182,2008-05-14,7:10,,,den Alinghi 2,,A-140,A-232,,,,,
su02183,2008-05-14,7:55,-3.14601,35.50052,,,A-116,A-227,,,,,
su02184,2008-05-15,7:13,,,den Eufori,,E-124,E-173,,,,,
su02185,2008-05-16,6:45,,,den Masala,,M-132,M-288,M-289,,,,
su02186,2008-05-16,9:42,,,den Eufori,,E-101,E-171,E-172,,,,
su02187,2008-09-19,6:24,,,den Monsoon,,M-236,M-294,,,,,
su02188,2008-09-19,6:24,,,den Monsoon,,M-239,M-293,,,,,
su02189,2008-09-19,6:24,,,den Monsoon,,M-243,M-301,,,,,
su02190,2008-09-19,7:14,,,den Mistral,,M-122,M-299,,,,,
su02191,2008-09-19,7:14,,,den Mistral,,M-225,M-292,,,,,
su02192,2008-09-19,7:50,,,den Monsoon,,M-122,M-299,M-300,,,,
su02193,2008-09-20,6:30,,,den Monsoon,,M-132,M-288,M-289,,,,
su02194,2008-09-20,6:30,,,den Monsoon,,M-152,M-295,M-296,,,,
su02195,2008-09-20,6:30,,,den Monsoon,,M-236,M-294,,,,,
su02196,2008-09-20,6:30,,,den Monsoon,,M-243,M-301,,,,,
su02197,2008-09-20,7:44,,,den Mistral,,M-091,M-285,,,,,
su02198,2008-09-21,7:18,-3.13624,35.51634,,,A-106,A-239,A-240,,,,
su02199,2008-09-21,8:48,-3.13700,35.51341,,,A-145,A-231,,,,,
su02200,2008-09-24,6:20,,,den Monsoon,,M-180,M-287,,,,,
su02201,2008-09-24,6:20,,,den Monsoon,,M-239,M-293,,,,,
su02202,2008-09-24,7:20,-3.16900,35.55883,den Locki 2,,L-136,L-313,L-314,,,,
su02203,2008-09-24,7:20,-3.16900,35.55883,den Locki 2,,L-141,L-316,,,,,
su02204,2008-09-24,7:20,-3.16900,35.55883,den Locki 2,,L-205,L-320,L-321,,,,
su02205,2008-09-24,9:52,,,den Monsoon,SU M-290 or M-291,M-201,cub,,,,,
su02206,2008-09-24,9:52,,,den Monsoon,,M-243,M-301,,,,,
su02207,2008-09-25,6:22,,,den Monsoon,,M-201,M-290,M-291,,,,
su02208,2008-09-25,6:22,,,den Monsoon,,M-225,M-292,,,,,
su02209,2008-10-01,6:27,,,den Masala,,M-100,M-302,M-303,,,,
su02210,2008-10-01,6:27,,,den Masala,,M-122,M-299,M-300,,,,
su02211,2008-10-01,6:27,,,den Masala,,M-132,M-289,,,,,
su02212,2008-10-01,6:27,,,den Masala,,M-152,M-295,M-296,,,,
su02213,2008-10-01,6:27,,,den Masala,,M-201,M-291,,,,,
su02214,2008-10-01,6:27,,,den Masala,,M-236,M-294,,,,,
su02215,2008-10-01,6:27,,,den Masala,,M-243,M-301,,,,,
su02216,2008-10-02,6:45,-3.16900,35.55883,den Locki 2,,L-218,L-318,,,L-318,,
su02217,2008-10-04,9:45,,,den Masala,,M-100,M-302,M-303,,,,
su02218,2008-10-05,6:13,,,den Monsoon,,M-180,M-287,,,,,
su02219,2008-10-05,7:08,-3.16900,35.55883,den Locki 2,,L-141,L-316,,,,,
su02220,2008-10-05,7:08,-3.16900,35.55883,den Locki 2,,L-146,L-319,,,,,
su02221,2008-10-11,6:38,,,den Monsoon,,M-239,M-293,,,,,
su02222,2008-10-11,7:45,,,den Sogea,,S-084,S-139,S-140,,,,
su02223,2008-10-12,6:35,,,den Sogea,,S-105,S-128,S-129,,,,
su02224,2008-10-12,7:09,-3.16900,35.55883,den Locki 2,,L-141,L-316,,,,,
su02225,2008-10-13,7:08,,,den Arkona,,A-119,A-241,,,,,
su02226,2008-10-13,7:08,,,den Arkona,,A-194,A-237,A-238,,,,
su02227,2008-10-13,8:34,-3.13959,35.51403,,,A-106,A-239,A-240,,,,
su02228,2008-10-15,7:15,,,den Masala,SU M-302 or M-303,M-100,cub,,,,,
su02229,2008-10-15,7:15,,,den Masala,,M-243,M-301,,,,,
su02230,2008-10-15,8:40,-3.16900,35.55883,den Locki 2,,L-146,L-319,,,,,
su02231,2008-10-16,6:31,,,den Nama,,N-110,N-157,N-158,,,,
su02232,2008-10-16,8:25,-3.16900,35.55883,den Locki 2,,L-141,L-316,,,,,
su02233,2008-10-16,8:25,-3.16900,35.55883,den Locki 2,,L-146,L-319,,,,,
su02234,2008-10-16,8:25,-3.16900,35.55883,den Locki 2,,L-218,L-318,,,L-318,,
su02235,2008-10-17,7:20,-3.14005,35.51349,,,A-106,A-239,A-240,,,,
su02236,2008-10-20,6:20,,,den Monsoon,,M-225,M-292,,,,,
su02237,2008-10-20,6:55,,,den Nama,,N-110,N-157,N-158,,,,
su02238,2008-10-20,6:55,,,den Nama,,N-117,N-154,N-155,,,,
su02239,2008-10-22,6:32,-3.16900,35.55883,den Locki,,L-146,L-319,,,,,
su02240,2008-10-22,6:32,-3.16900,35.55883,den Locki,,L-205,L-320,L-321,,,,
su02241,2008-10-22,8:34,-3.17273,35.53650,,,L-187,L-303,,,,,
su02242,2008-10-23,7:10,-3.13692,35.56303,,,E-095,E-162,E-163,,,,
su02243,2008-10-24,6:26,,,den Masala,,M-100,M-302,M-303,,,,
su02244,2008-10-24,6:26,,,den Masala,,M-152,M-295,M-296,,,,
su02245,2008-10-24,6:26,,,den Masala,,M-260,M-304,,,,,
su02246,2008-10-24,9:32,,,den Milkyway,,M-201,M-291,,,,,
su02247,2008-10-25,16:35,,,den Masala,,M-091,M-285,,,,,
su02248,2008-10-27,7:45,,,den Masala,,M-099,M-297,M-298,,,,
su02249,2008-10-27,7:45,,,den Masala,,M-260,M-304,,,,,
su02250,2008-10-28,7:25,,,den Alimama,prey 3 on plain,A-081,A-245,A-246,,,,
su02251,2008-10-28,7:25,,,den Alimama,prey 3 on plain,A-119,A-241,,,,,
su02252,2008-10-30,6:24,-3.16376,35.60954,,,M-239,M-293,,,,,
su02253,2008-10-30,6:30,-3.16165,35.60800,,,M-152,M-295,,,,,
su02254,2008-10-30,8:50,-3.17273,35.53675,,,L-084,L-295,,,,,
su02255,2008-10-31,6:42,,,den Edelweiss,,E-116,E-181,,,,,
su02256,2008-10-31,6:42,,,den Edelweiss,,E-124,E-173,,,,,
su02257,2008-11-01,6:25,,,den Mucki,,M-260,M-304,,,,,
su02258,2008-11-01,6:45,,,den Edelweiss,,E-083,E-175,,,,,
su02259,2008-11-04,6:26,,,den Masala,,M-091,M-285,M-286,,,,
su02260,2008-11-04,6:26,,,den Masala,,M-122,M-299,M-300,,,,
su02261,2008-11-04,6:26,,,den Masala,,M-225,M-292,,,,,
su02262,2008-11-04,7:32,-3.16900,35.55883,den Locki,,L-146,L-319,,,,,
su02263,2008-11-05,6:25,,,den Mucki,,M-201,M-290,M-291,,,,
su02264,2008-11-05,6:25,,,den Mucki,,M-239,M-293,,,,,
su02265,2008-11-05,8:06,-3.15436,35.55707,,,L-084,L-295,,,,,
su02266,2008-11-09,6:27,-3.16933,35.61278,,,M-180,M-287,,,,,
su02267,2008-11-09,6:27,-3.16933,35.61278,,,M-239,M-293,,,,,
su02268,2008-11-09,6:50,-3.16973,35.61378,,,M-122,M-299,M-300,,,,
su02269,2008-11-09,8:35,-3.17117,35.61500,,,M-236,M-294,,,,,
su02270,2008-11-12,6:22,,,den Mucki,,M-132,M-288,M-289,,,,
su02271,2008-11-12,6:22,,,den Mucki,,M-236,M-294,,,,,
su02272,2008-11-12,6:22,,,den Mucki,,M-239,M-293,,,,,
su02273,2008-11-12,6:39,-3.16330,35.60908,,,M-091,M-285,M-286,,,,
su02274,2008-11-12,7:08,,,den Milkyway,,M-152,M-296,,,,,
su02275,2008-11-13,6:17,,,den Mucki,SU M-295 or M-296,M-152,cub,,,,,
su02276,2008-11-13,6:17,,,den Mucki,,M-236,M-294,,,,,
su02277,2008-11-13,6:40,-3.15887,35.61084,,,M-225,M-292,,,,,
su02278,2008-11-13,7:05,-3.15277,35.56600,,,E-124,E-173,,,,,
su02279,2008-11-14,6:25,,,den Namanga,,N-119,N-153,,,,,
su02280,2008-11-14,10:10,,,den Mucki,,M-122,M-299,M-300,,,,
su02281,2008-11-16,6:24,,,den Namanga,"first SU N-161 shortly, later su N-159 + N-160 while N-161 l on ne of N-087, N-087 clearly accepts all 3 cubs",N-087,N-159,N-160,N-161,,,
su02282,2008-11-16,6:24,,,den Namanga,,N-117,N-154,N-155,,,,
su02283,2008-11-16,6:24,,,den Namanga,,N-119,N-153,,,,,
su02284,2008-11-17,6:23,,,den Mucki,,M-236,M-294,,,,,
su02285,2008-11-17,6:23,,,den Mucki,,M-239,M-293,,,,,
su02286,2008-11-17,6:23,,,den Mucki,,M-243,M-301,,,,,
su02287,2008-11-17,6:44,,,den Milkyway,,M-152,M-295,M-296,,,,
su02288,2008-11-17,7:03,-3.16900,35.55883,den Locki,,L-261,L-322,,,,,
su02289,2008-11-17,7:27,-3.17061,35.55950,,,L-141,L-316,,,,,
su02290,2008-11-18,6:25,,,den Namanga,,N-110,N-157,N-158,,,,
su02291,2008-11-20,6:25,,,den Mucki,,M-201,M-290,M-291,,,,
su02292,2008-11-20,7:20,,,den Milkyway,,M-100,M-302,M-303,,,,
su02293,2008-11-20,7:20,,,den Milkyway,,M-132,M-288,M-289,,,,
su02294,2008-11-21,6:45,,,den Milkyway,,M-091,M-285,M-286,,,,
su02295,2008-11-21,7:07,,,den Mucki,,M-152,M-295,M-296,,,,
su02296,2008-11-21,7:07,,,den Mucki,,M-225,M-292,,,,,
su02297,2008-11-21,7:07,,,den Mucki,,M-236,M-294,,,,,
su02298,2008-11-21,7:07,,,den Mucki,,M-239,M-293,,,,,
su02299,2008-11-22,7:09,,,den E-003 birth,,E-085,E-182,,,,,
su02300,2008-11-22,7:09,,,den E-003 birth,,E-102,E-179,,,,,
su02301,2008-11-22,7:09,,,den E-003 birth,,E-150,E-178,,,,,
su02302,2008-11-23,6:30,,,den Mucki,,M-099,M-297,M-298,,,,
su02303,2008-11-23,6:30,,,den Mucki,,M-122,M-299,M-300,,,,
su02304,2008-11-23,6:30,,,den Mucki,,M-239,M-293,,,,,
su02305,2008-11-26,6:30,,,den Mucki,,M-099,M-297,M-298,,,,
su02306,2008-11-26,6:30,,,den Mucki,,M-239,M-293,,,,,
su02307,2008-11-26,6:30,,,den Mucki,,M-243,M-301,,,,,
su02308,2008-11-26,6:38,,,den Milkyway,,M-225,M-292,,,,,
su02309,2008-11-26,6:38,,,den Milkyway,,M-260,M-304,,,,,
su02310,2008-11-27,6:27,-3.16675,35.61155,,,M-091,M-285,M-286,,,,
su02311,2008-11-27,6:27,-3.16675,35.61155,,later SU M-286 !!!,M-232,M-286,,,M-286,,
su02312,2008-11-27,6:43,,,den Mucki,,M-100,M-302,M-303,,,,
su02313,2008-11-27,6:43,,,den Mucki,,M-122,M-299,M-300,,,,
su02314,2008-11-29,11:30,,,den Namanga,SU N-159 or N-160 or N-161,N-087,cub,,,,,
su02315,2008-11-30,8:45,,,den Mucki,,M-236,M-294,,,,,
su02316,2008-11-30,8:45,,,den Mucki,,M-243,M-301,,,,,
su02317,2008-12-01,16:47,,,den Namanga,"N-087 several times SN N-159 or N-160, suckling 2 or 3 cubs",N-087,N-159,N-160,N-161,,,
su02318,2008-12-01,16:47,,,den Namanga,,N-119,N-153,,,,,
su02319,2008-12-02,6:25,,,den Mucki,,M-099,M-297,M-298,,,,
su02320,2008-12-02,6:25,,,den Mucki,,M-236,M-294,,,,,
su02321,2008-12-02,6:25,,,den Mucki,food at den (prob ad WI carc),M-260,M-304,,,,,
su02322,2008-12-02,7:54,-3.16900,35.55883,den Locki,,L-146,L-319,,,,,
su02323,2008-12-02,9:33,-3.17916,35.55881,,,L-141,L-316,,,,,
su02324,2008-12-04,6:24,,,den Mucki,,M-100,M-302,M-303,,,,
su02325,2008-12-06,6:20,,,den Mucki,,M-099,M-297,M-298,,,,
su02326,2008-12-06,6:20,,,den Mucki,,M-100,M-302,M-303,,,,
su02327,2008-12-06,6:20,,,den Mucki,,M-260,M-304,,,,,
su02328,2008-12-06,17:00,,,den Nama,"first N-160 + N-161 su; after 3min, N-159 ap and su, N-161 -su",N-087,N-159,N-160,N-161,,,
su02329,2008-12-06,17:00,,,den Nama,,N-110,N-157,N-158,,,,
su02330,2008-12-07,6:23,,,den Mucki,,M-122,M-299,M-300,,,,
su02331,2008-12-07,6:23,,,den Mucki,,M-239,M-293,,,,,
su02332,2008-12-07,7:35,-3.16900,35.55883,den Locki,,L-146,L-319,,,,,
su02333,2008-12-07,7:35,-3.16900,35.55883,den Locki,,L-205,L-320,L-321,,,,
su02334,2008-12-07,8:44,-3.15329,35.56946,,,E-136,E-177,,,,,
su02335,2008-12-08,6:20,,,den Mucki,SU M-299 or M-300,M-122,cub,,,,,
su02336,2008-12-08,6:20,,,den Mucki,,M-239,M-293,,,,,
su02337,2008-12-08,6:20,,,den Mucki,,M-242,M-305,,,,,
su02338,2009-03-29,8:45,,,den Mandi,,M-180,M-287,,,,,
su02339,2009-03-30,7:45,-3.16509,35.51307,,,A-102,A-247,A-248,,,,
su02340,2009-03-30,8:40,-3.16251,35.51210,,,A-119,A-241,,,,,
su02341,2009-03-31,7:48,-3.15416,35.57924,,,E-085,E-182,,,,,
su02342,2009-04-01,7:00,,,den Eros,"cub(s) heard, suckling 1 or 2 cubs",E-137,E-185,,,,,
su02343,2009-04-01,10:30,-3.15989,35.59097,,,E-083,E-175,,,,,
su02344,2009-04-03,11:14,-3.17498,35.54891,,,L-015,L-306,,,,,
su02345,2009-04-04,7:41,,,den Apalis,,A-145,A-256,A-257,,,,
su02346,2009-04-04,9:23,,,den A-rest,,A-192,A-252,,,,,
su02347,2009-04-06,8:25,-3.16900,35.55883,den Locki,,L-153,L-327,,,,,
su02348,2009-04-06,8:25,-3.16900,35.55883,den Locki,,L-191,L-326,,,,,
su02349,2009-04-07,6:40,,,den Nero,,N-105,N-166,N-167,,,,
su02350,2009-04-07,6:40,,,den Nero,,N-128,N-151,N-152,,,,
su02351,2009-04-08,6:39,-3.16827,35.61387,,,M-201,M-290,M-291,,,,
su02352,2009-04-08,7:42,,,den Furahi,,F-006,F-140,,,,,
su02353,2009-04-09,7:55,,,den Mandi,,M-242,M-305,,,,,
su02354,2009-04-09,7:55,,,den Mandi,,M-243,M-301,,,,,
su02355,2009-04-11,10:35,-3.16900,35.55883,den Locki,,L-190,L-325,,,,,
su02356,2009-04-12,8:10,-3.18983,35.62313,,,N-119,N-153,,,,,
su02357,2009-04-17,9:05,,,den Nyuki,SU N-159 or N-160 or N-161,N-087,cub,cub,,,,
su02358,2009-05-26,7:08,,,den Asterix,,A-139,A-254,,,,,
su02359,2009-05-26,7:08,,,den Asterix,,A-145,A-256,A-257,,,,
su02360,2009-05-26,8:30,,,den Asterix,,A-116,A-250,,,,,
su02361,2009-05-26,8:30,,,den Asterix,SU A-252 or A-253,A-192,cub,,,,,
su02362,2009-05-28,6:37,-3.16235,35.61553,,,M-243,M-301,,,,,
su02363,2009-05-28,7:16,,,den Mandi,,M-152,M-295,M-296,,,,
su02364,2009-05-28,7:16,,,den Mandi,,M-242,M-305,,,,,
su02365,2009-05-28,10:20,-3.17231,35.60905,,,M-099,M-297,M-298,,,,
su02366,2009-05-30,16:40,,,den Mandi,,M-279,M-309,,,,,
su02367,2009-06-02,7:40,,,den Fort,SU F-138 or F-139,F-007,cub,,,,,
su02368,2009-06-06,6:53,-3.16900,35.55883,den Locki,,L-190,L-325,,,,,
su02369,2009-06-06,6:53,-3.16900,35.55883,den Locki,,L-206,L-329,L-330,,,,
su02370,2009-06-07,7:10,,,den Fort,,F-109,F-141,,,,,
su02371,2009-06-08,6:31,,,den Nyuki,,N-102,N-169,,,,,
su02372,2009-06-08,6:31,,,den Nyuki,SU N-166 or N-167,N-105,cub,,,,,
su02373,2009-06-10,7:42,-3.18339,35.62550,,,N-117,N-154,N-155,,,,
su02374,2009-06-11,9:05,-3.16900,35.55883,den Locki,,L-139,L-331,,,,,
su02375,2009-06-11,9:05,-3.16900,35.55883,den Locki,,L-218,L-333,L-334,,,,
su02376,2009-06-12,7:10,,,den Asterix,,A-139,A-254,,,,,
su02377,2009-06-13,9:21,-3.16900,35.55883,den Locki,SU L-331 or L-332,L-139,cub,,,,,
su02378,2009-06-13,9:21,-3.16900,35.55883,den Locki,coughing,L-205,L-335,L-336,,,,
su02379,2009-06-14,7:00,,,den Moll,,M-148,M-307,,,M-307,,
su02380,2009-06-15,6:30,,,den Nyuki,,N-102,N-169,N-170,,,,
su02381,2009-06-15,6:30,,,den Nyuki,,N-108,N-165,,,,,
su02382,2009-06-15,7:30,-3.18877,35.61829,,,N-119,N-153,,,,,
su02383,2009-06-15,8:30,-3.18322,35.62297,,N-156 wh,N-089,N-156,,,,,
su02384,2009-06-18,7:18,-3.21082,35.56193,,,S-086,S-141,S-142,,,,
su02385,2009-06-18,8:02,,,den Tango,,T-109,T-133,,,,,
su02386,2009-06-22,7:47,,,den Fort,"F-139 wh a lot, is weaned",F-007,F-139,,,,,
su02387,2009-06-23,6:28,,,den Nero,,N-105,N-166,N-167,,,,
su02388,2009-06-27,7:47,-3.15175,35.57445,,,E-085,E-182,,,,,
su02389,2009-06-27,9:10,-3.16900,35.55883,den Locki,"SU cub with scars on back, on 090611 cub without scars seen, so she must have 2 cubs",L-139,L-332,,,,,
su02390,2009-06-27,9:10,-3.16900,35.55883,den Locki,,L-160,L-337,,,,,
su02391,2009-06-30,7:15,-3.16900,35.55883,den Locki,,L-139,L-331,L-332,,,,
su02392,2009-06-30,7:15,-3.16900,35.55883,den Locki,,L-160,L-337,,,,,
su02393,2009-06-30,7:15,-3.16900,35.55883,den Locki,,L-206,L-329,L-330,,,,
su02394,2009-07-01,6:57,,,den Asterix,,A-116,A-250,,,,,
su02395,2009-07-01,8:15,,,den Fort,SU F-142 or F-143,F-097,cub,,,,,
su02396,2009-07-01,10:50,,,den Asterix,,A-140,A-255,,,,,
su02397,2009-07-04,6:50,-3.16900,35.55883,den Locki,,L-102,L-338,L-339,,,,
su02398,2009-07-04,6:50,-3.16900,35.55883,den Locki,,L-205,L-335,,,,,
su02399,2009-07-04,6:50,-3.16900,35.55883,den Locki,,L-206,L-329,L-330,,,,
su02400,2009-07-05,7:20,,,den Fort,,F-006,F-140,,,,,
su02401,2009-07-05,7:20,,,den Fort,,F-007,F-138,F-139,,,,
su02402,2009-07-05,7:20,,,den Fort,,F-097,F-142,F-143,,,,
su02403,2009-07-05,7:20,,,den Fort,SU F-146 or F-147,F-107,cub,,,,,
su02404,2009-07-09,6:48,,,den Nero,,N-124,N-162,N-163,,,,
su02405,2009-07-10,7:50,,,den Fort,,F-097,F-142,F-143,,,,
su02406,2009-07-11,6:49,,,den Asterix,,A-116,A-250,,,,,
su02407,2009-07-12,6:50,,,den Asterix,,A-102,A-247,A-248,,,,
su02408,2009-07-12,6:50,,,den Asterix,,A-204,A-258,,,,,
su02409,2009-07-16,7:15,,,den Fort,,F-007,F-138,F-139,,,,
su02410,2009-07-19,7:30,-3.16900,35.55883,den Locki,,L-160,L-337,,,,,
su02411,2009-07-19,8:08,,,den Loop,SU L-338 or L-339,L-102,cub,,,,,
su02412,2009-07-20,9:17,-3.16900,35.55883,den Locki,,L-084,L-341,,,,,
su02413,2009-07-20,9:17,-3.16900,35.55883,den Locki,,L-151,L-340,,,,,
su02414,2009-07-21,8:06,-3.15277,35.51841,,SU A-252 + A-253 for a long time,A-192,A-252,A-253,,,,
su02415,2009-07-22,16:25,,,den Asterix,,A-139,A-254,,,,,
su02416,2009-07-23,8:30,,,den Nama,,N-124,N-162,N-163,,,,
su02417,2009-07-25,6:48,,,den Sukari,,A-019,S-143,S-144,,,,
su02418,2009-07-25,6:48,,,den Sukari,,S-105,S-148,S-149,,,,
su02419,2009-07-25,6:48,,,den Sukari,,S-127,S-147,,,,,
su02420,2009-07-29,7:31,-3.19120,35.59745,,,M-260,M-304,,,,,
su02421,2009-08-01,6:38,,,den Moll,,M-132,M-313,,,,,
su02422,2009-08-01,6:38,,,den Moll,,M-234,M-308,,,,,
su02423,2009-08-01,6:38,,,den Moll,,M-238,M-310,M-311,,,,
su02424,2009-08-02,7:57,-3.16900,35.55883,den Locki,SU L-331 or L-332,L-139,cub,,,,,
su02425,2009-08-02,7:57,-3.16900,35.55883,den Locki,,L-160,L-337,,,,,
su02426,2009-08-03,6:35,,,den Moll,,M-132,M-313,,,,,
su02427,2009-08-05,10:28,-3.16900,35.55883,den Locki,SU L-335 or L-336,L-205,cub,,,,,
su02428,2009-08-05,16:15,,,den Moll,,M-148,M-307,,,M-307,,
su02429,2009-08-05,16:15,,,den Moll,,M-234,M-308,,,,,
su02430,2009-08-05,16:15,,,den Moll,,M-238,M-310,M-311,,,,
su02431,2009-08-06,7:07,,,den E-083 birth,,E-130,E-190,,,,,
su02432,2009-08-08,8:46,-3.15279,35.51787,,,A-102,A-147,A-148,,,,
su02433,2009-08-09,6:37,-3.15780,35.59397,,,M-091,M-286,,,,,
su02434,2009-08-09,7:00,,,den E-083 birth,SU E-191 or E-192,E-116,cub,,,,,
su02435,2009-08-10,7:02,-3.14461,35.50645,,,A-192,A-252,A-253,,,,
su02436,2009-08-12,6:38,,,den Nama,,N-102,N-169,N-170,,,,
su02437,2009-08-14,6:53,,,den Nama,,N-087,N-161,,,,,
su02438,2009-08-14,6:53,,,den Nama,,N-105,N-166,N-167,,,,
su02439,2009-08-14,9:32,-3.19022,35.61562,,,N-124,N-162,,,,,
su02440,2009-08-15,6:57,,,den Alimama,,A-194,A-259,A-260,,,,
su02441,2009-08-15,6:57,,,den Alimama,,A-204,A-258,,,,,
su02442,2009-08-15,8:14,-3.13918,35.50494,,,A-116,A-250,,,,,
su02443,2009-08-15,9:10,,,den Addis,,A-140,A-255,,,,,
su02444,2009-08-15,17:25,,,den Masala,,M-147,M-306,,,,,
su02445,2009-08-15,17:25,,,den Masala,,M-243,M-301,,,,,
su02446,2009-08-16,6:30,-3.15985,35.60658,,,M-099,M-297,M-298,,,,
su02447,2009-08-16,8:48,,,den Masala,,M-147,M-306,,,,,
su02448,2009-08-16,9:27,,,den Moll,,M-234,M-308,,,,,
su02449,2009-08-16,16:10,,,den Moll,,M-234,M-308,,,,,
su02450,2009-08-16,16:20,,,den Masala,,M-132,M-313,,,,,
su02451,2009-08-16,16:20,,,den Masala,,M-243,M-301,,,,,
su02452,2009-08-17,16:28,-3.16900,35.55883,den Locki,,L-102,L-339,,,,,
su02453,2009-08-17,16:28,-3.16900,35.55883,den Locki,,L-151,L-339,L-340,,L-339,,
su02454,2009-08-17,16:28,-3.16900,35.55883,den Locki,,L-205,L-335,L-336,,,,
su02455,2009-08-18,7:41,,,den Masala,,M-147,M-306,,,,,
su02456,2009-08-18,17:25,,,den Masala,,M-147,M-306,,,,,
su02457,2009-08-19,6:50,-3.16900,35.55883,den Locki,,L-088,L-345,,,,,
su02458,2009-08-19,6:50,-3.16900,35.55883,den Locki 2,,L-205,L-336,,,,,
su02459,2009-08-19,6:50,-3.16900,35.55883,den Locki 2,,L-246,L-342,,,,,
su02460,2009-08-19,6:50,-3.16900,35.55883,den Locki 2,,L-258,L-344,,,,,
su02461,2009-08-19,16:35,,,den Moll,,M-234,M-308,,,,,
su02462,2009-08-20,6:40,-3.16900,35.55883,den Locki 2,,L-258,L-344,,,,,
su02463,2009-08-20,8:39,-3.16900,35.55883,den Locki,,L-151,L-339,L-340,,L-339,,
su02464,2009-08-21,8:25,,,den Masala,,M-147,M-306,,,,,
su02465,2009-08-21,9:16,-3.16900,35.55883,den Locki 2,,L-139,L-332,,,,,
su02466,2009-08-21,9:16,-3.16900,35.55883,den Locki 2,,L-218,L-333,,,,,
su02467,2009-08-21,16:43,,,den Masala,,M-147,M-306,,,,,
su02468,2009-08-21,16:43,,,den Masala,,M-234,M-308,,,,,
su02469,2009-08-22,7:42,-3.16900,35.55883,den Locki 2,,L-205,L-335,L-336,,,,
su02470,2009-08-23,8:37,-3.20246,35.56850,,,S-086,S-141,S-142,,,,
su02471,2009-08-24,8:10,,,den Masala,,M-234,M-308,,,,,
su02472,2009-08-24,8:38,-3.17004,35.61665,,,M-091,M-286,,,,,
su02473,2009-08-25,8:20,-3.16900,35.55883,den Locki 2,,L-139,L-331,,,,,
su02474,2009-08-25,8:20,-3.16900,35.55883,den Locki 2,,L-246,L-342,,,,,
su02475,2009-08-25,10:15,-3.15967,35.60958,,,M-099,M-297,M-298,,,,
su02476,2009-08-26,6:48,,,den Nama,,N-102,N-169,N-170,,,,
su02477,2009-08-26,6:48,,,den Nama,,N-124,N-162,,,,,
su02478,2009-08-26,16:50,,,den Nama,,N-102,N-169,N-170,,,,
su02479,2009-08-26,16:50,,,den Nama,,N-105,N-166,N-167,,,,
su02480,2009-08-27,6:35,,,den Nama,,N-102,N-169,N-170,,,,
su02481,2009-08-27,6:35,,,den Nama,,N-105,N-166,N-167,,,,
su02482,2009-08-27,6:35,,,den Nama,"cub seen only shortly, could also have 2 cubs",N-128,N-171,,,,,
su02483,2009-08-28,6:55,,,den Eufori 2,,E-006,E-192,,,E-192,,
su02484,2009-08-28,6:55,,,den Eufori 2,,E-101,E-188,,,,,
su02485,2009-08-28,6:55,,,den Eufori 2,,E-124,E-189,,,,,
su02486,2009-08-28,6:55,,,den Eufori 2,,E-137,E-185,,,,,
su02487,2009-08-28,16:42,,,den Eufori 2,,E-006,E-192,,,E-192,,
su02488,2009-08-28,16:42,,,den Eufori 2,,E-124,E-189,,,,,
su02489,2009-08-29,6:41,-3.17181,35.60659,,,M-260,M-304,,,,,
su02490,2009-08-29,7:55,-3.16900,35.55883,den Locki 2,,L-206,L-329,L-330,,,,
su02491,2009-12-23,7:17,,,den Moll,,M-236,M-318,,,,,
su02492,2009-12-27,7:55,,,den Azzurro,,A-204,A-258,,,,,
su02493,2009-12-28,7:05,,,den Lalibela,,L-246,L-342,,,,,
su02494,2009-12-28,10:55,,,den Luzern 2,SU L-352 or L-353,L-275,cub,,,,,
su02495,2009-12-29,7:10,,,den Azzurro,,A-204,A-258,,,,,
su02496,2009-12-29,7:42,,,den Adobe,,A-119,A-261,,,,,
su02497,2009-12-29,7:42,,,den Adobe,,A-229,A-269,A-270,,,,
su02498,2009-12-30,6:36,,,den Lafayette,,L-162,L-346,L-347,,,,
su02499,2009-12-30,6:36,,,den Lafayette,,L-191,L-361,L-362,,,,
su02500,2009-12-30,9:00,,,den Look,,L-132,L-357,L-358,,,,
su02501,2009-12-30,9:00,,,den Look,,L-261,L-354,L-355,,,,
su02502,2009-12-30,9:00,,,den Look,,L-265,L-351,,,,,
su02503,2009-12-31,16:02,,,den Masala,SU M-319 or M-320,M-243,cub,,,,,
su02504,2010-01-02,17:15,,,den Nyuki,,N-127,N-172,N-173,,,,
su02505,2010-01-03,7:15,,,den Look,,L-261,L-354,L-355,,,,
su02506,2010-01-03,7:15,,,den Look,,L-275,L-352,L-353,,,,
su02507,2010-01-05,7:06,,,den Look,,L-250,L-356,,,,,
su02508,2010-01-05,8:18,,,den Eritrea,SU E-195 or E-196 or E-197; had impression that E-095 is nervous and that she might have 3 cubs,E-095,cub,cub,,,,
su02509,2010-01-05,9:20,-3.17582,35.57713,,,L-246,L-342,,,,,
su02510,2010-01-06,8:14,-3.15722,35.50833,,,A-102,A-247,A-248,,,,
su02511,2010-01-06,8:45,,,den Azzurro,,A-107,A-262,A-263,,,,
su02512,2010-01-09,7:15,,,den Masala,SU M-316 or M-317,M-225,cub,,,,,
su02513,2010-01-09,7:15,,,den Masala,,M-236,M-318,,,,,
su02514,2010-01-09,7:15,,,den Masala,,M-243,M-320,,,,,
su02515,2010-01-10,9:15,,,den Eritrea,,E-095,E-195,E-196,E-197,E-195,,
su02516,2010-01-10,9:56,,,den Eritrea,,E-101,E-188,,,,,
su02517,2010-01-12,7:35,,,den Lalibela,,L-102,L-338,L-339,,,,
su02518,2010-01-12,7:35,,,den Lalibela,,L-151,L-340,,,,,
su02519,2010-01-12,9:10,,,den Lafayette,,L-162,L-346,L-347,,,,
su02520,2010-01-12,9:10,,,den Lafayette,,L-187,L-359,L-360,,,,
su02521,2010-01-13,7:40,,,den Lustig,food at den (WI H + BB),L-139,L-331,,,,,
su02522,2010-01-13,7:40,,,den Lustig,,L-146,L-348,L-349,,,,
su02523,2010-01-14,6:45,,,den Nyuki,,N-119,N-189,,,,,
su02524,2010-01-16,6:29,-3.16859,35.57314,,,L-197,L-328,,,,,
su02525,2010-01-17,9:43,,,den Lustig,,L-146,L-348,L-349,,,,
su02526,2010-01-19,7:02,,,den Edeka,,E-150,E-199,,,,,
su02527,2010-01-20,7:35,,,den Look,,L-162,L-346,L-347,,,,
su02528,2010-01-20,10:05,,,den Masala,,M-249,M-325,M-326,,,,
su02529,2010-01-22,7:48,-3.19103,35.62374,,,N-130,N-164,,,,,
su02530,2010-01-23,7:42,,,den Langeness,,L-146,L-348,L-349,,,,
su02531,2010-01-23,7:42,,,den Langeness,,L-162,L-346,L-347,,,,
su02532,2010-01-23,7:42,,,den Langeness,,L-218,L-333,,,,,
su02533,2010-01-23,9:43,,,den Lomako,,L-265,L-351,,,,,
su02534,2010-01-24,6:50,,,den Losirua,,L-275,L-352,,,,,
su02535,2010-01-24,7:33,,,den Fort,8:06 all ad + sad R away bec of ranger foot patrol passing right over den,F-006,F-140,,,,,
su02536,2010-01-25,6:36,,,den Look,,L-191,L-361,L-362,,,,
su02537,2010-01-25,6:54,,,den Losirua,,L-187,L-359,,,,,
su02538,2010-01-25,8:00,,,den Look,,L-162,L-346,L-347,,,,
su02539,2010-01-26,6:56,,,den Arena,,A-119,A-261,,,,,
su02540,2010-01-26,6:56,,,den Arena,,A-194,A-259,A-260,,,,
su02541,2010-02-02,6:55,,,den Look,,L-132,L-357,,,,,
su02542,2010-02-02,7:41,,,den Losirua,,L-261,L-354,L-355,,,,
su02543,2010-02-02,17:30,,,den Masala,SU 1 or 2 cubs = M-321 and/or M-322,M-091,cub,,,,,
su02544,2010-02-03,6:21,-3.15872,35.60623,,,M-263,M-315,,,,,
su02545,2010-02-03,6:23,,,den Masala,,M-091,M-321,M-322,,,,
su02546,2010-02-03,6:23,,,den Masala,,M-236,M-318,,,,,
su02547,2010-02-03,6:23,,,den Masala,,M-243,M-320,,,,,
su02548,2010-02-03,6:23,,,den Masala,,M-248,M-323,M-324,,,,
su02549,2010-02-03,6:23,,,den Masala,,M-263,M-315,,,,,
su02550,2010-02-03,8:08,,,den Erratum,,E-006,E-192,,,E-192,,
su02551,2010-02-03,8:08,,,den Erratum,,E-095,E-195,E-196,,E-195,,
su02552,2010-02-03,8:08,,,den Erratum,,E-141,E-198,,,,,
su02553,2010-02-04,7:06,,,den Look,,L-132,L-357,,,,,
su02554,2010-02-04,8:43,,,den Langeness,,L-265,L-351,,,,,
su02555,2010-02-05,7:47,,,den Look,,L-261,L-354,L-355,,,,
su02556,2010-02-05,16:45,,,den Nyuki,,N-127,N-172,N-173,,,,
su02557,2010-02-06,7:00,,,den Langeness,,L-265,L-351,,,,,
su02558,2010-02-06,8:36,,,den Langeness,,L-088,L-345,,,,,
su02559,2010-02-06,8:00,,,den Langeness,,L-146,L-348,L-349,,,,
su02560,2010-02-06,8:00,,,den Langeness,,L-265,L-351,,,,,
su02561,2010-02-06,9:18,,,den Look,,L-261,L-354,L-355,,,,
su02562,2010-02-06,10:52,-3.17419,35.56499,,,L-197,L-328,,,,,
su02563,2010-02-08,7:05,,,den Essig,,E-006,E-191,E-192,,E-191,E-192,
su02564,2010-02-08,7:38,,,den Engolong,,E-095,E-195,E-196,,E-195,,
su02565,2010-02-09,6:45,,,den Look,,L-261,L-354,L-355,,,,
su02566,2010-02-09,7:40,,,den Langeness,,L-136,L-350,,,,,
su02567,2010-02-09,7:40,,,den Langeness,,L-162,L-346,L-347,,,,
su02568,2010-02-09,7:40,,,den Langeness,,L-246,L-342,,,,,
su02569,2010-02-10,6:32,,,den Masala,,M-180,M-314,,,,,
su02570,2010-02-10,6:32,,,den Masala,,M-248,M-323,M-324,,,,
su02571,2010-02-11,8:30,-3.16753,35.51261,,,A-102,A-247,A-248,,,,
su02572,2010-02-12,7:47,,,den Losirua,,L-187,L-359,,,,,
su02573,2010-02-12,9:04,,,den Look,,L-191,L-361,L-362,,,,
su02574,2010-02-14,6:54,,,den Look,,L-191,L-361,L-362,,,,
su02575,2010-02-15,6:45,,,den Essig,,E-137,E-185,,,,,
su02576,2010-02-15,6:58,,,den Masala,,M-243,M-320,,,,,
su02577,2010-02-15,6:58,,,den Masala,,M-248,M-323,M-324,,,,
su02578,2010-02-15,6:58,,,den Masala,,M-249,M-325,M-326,,,,
su02579,2010-02-15,6:58,,,den Masala,,M-263,M-315,,,,,
su02580,2010-02-19,17:07,,,den Engolong,,E-150,E-199,,,,,
su02581,2010-02-20,6:48,,,den Masala,,M-263,M-315,,,,,
su02582,2010-02-20,8:00,,,den Alibara,killed wi calf 08:07,A-107,A-262,A-263,,,,
su02583,2010-02-20,8:00,,,den Alibara,killed wi calf 08:07,A-119,A-261,,,,,
su02584,2010-02-20,8:00,,,den Alibara,killed wi calf 08:07,A-164,A-271,A-272,,,,
su02585,2010-02-21,7:10,,,,location 1,A-204,A-258,,,,,
su02586,2010-02-21,7:30,,,den Alibara,,A-106,A-266,A-267,,,,
su02587,2010-02-21,7:30,,,den Alibara,,A-164,A-271,A-272,,,,
su02588,2010-02-21,10:22,,,,,E-006,E-191,E-192,,E-191,E-192,
su02589,2010-03-02,7:09,,,den Likiso,,L-088,L-345,,,,,
su02590,2010-03-02,7:09,,,den Likiso,SU L-359 or L-360,L-187,cub,,,,,
su02591,2010-03-02,7:09,,,den Likiso,,L-191,L-361,L-362,,,,
su02592,2010-03-03,6:36,,,den Masala,,M-248,M-323,M-324,,,,
su02593,2010-03-04,8:08,,,den Look,,L-258,L-364,L-365,,,,
su02594,2010-03-06,6:50,,,den Solitaire,,S-086,S-151,,,,,
su02595,2010-03-06,16:20,,,den Masala,,M-260,M-329,,,,,
su02596,2010-03-07,6:26,,,den Masala,,M-263,M-315,,,,,
su02597,2010-03-07,7:50,,,den Eureka,,E-095,E-195,E-196,,E-195,,
su02598,2010-03-07,8:35,,,den Langeness,SU L-354 or L-355,L-261,cub,,,,,
su02599,2010-03-08,7:05,-3.17366,35.50943,,,F-007,F-139,,,,,
su02600,2010-03-09,8:35,,,den Aramis,,F-118,F-149,,,F-149,,
su02601,2010-03-12,7:17,,,den Langeness,,L-261,L-354,L-355,,,,
su02602,2010-03-12,7:17,,,den Langeness,,L-275,L-352,,,,,
su02603,2010-03-13,6:35,,,den Masala,,M-243,M-320,,,,,
su02604,2010-03-14,6:54,,,den Solitaire,,S-086,S-151,,,,,
su02605,2010-03-16,6:58,,,den Masala,,M-232,M-327,M-328,,,,
su02606,2010-03-16,7:12,,,den Losirua,,L-162,L-346,L-347,,,,
su02607,2010-03-16,8:55,,,,,E-101,E-188,,,,,
su02608,2010-03-16,9:00,,,den Eureka,,E-103,E-204,,,,,
su02609,2010-03-17,6:16,-3.13933,35.65503,,,M-263,M-315,,,,,
su02610,2010-03-18,6:15,-3.13926,35.65495,,,M-263,M-315,,,,,
su02611,2010-03-18,7:07,,,den Aramis,,F-118,F-149,,,F-149,,
su02612,2010-03-18,7:51,,,den Alibara,,A-206,A-273,A-274,,,,
su02613,2010-03-19,8:08,,,den Langeness,,L-275,L-352,,,,,
su02614,2010-03-19,10:04,-3.13933,35.65493,,,M-263,M-315,,,,,
su02615,2010-03-22,6:28,-3.13933,35.65493,,,M-263,M-315,,,,,
su02616,2010-03-22,8:25,,,den Eureka,,E-139,E-205,,,,,
su02617,2010-03-24,7:23,-3.18499,35.59639,,intrusion,S-127,S-147,,,,,
su02618,2010-03-24,9:12,,,den Leguan,,L-088,L-345,,,,,
su02619,2010-03-24,17:25,,,den Misere,,M-243,M-320,,,,,
su02620,2010-03-27,7:08,,,den Misere,,M-147,M-330,,,,,
su02621,2010-03-28,7:07,-3.18814,35.62569,,,N-124,N-162,,,,,
su02622,2010-03-28,7:28,-3.16900,35.55883,den Locki,,L-084,L-370,,,,,
su02623,2010-03-28,7:28,-3.16900,35.55883,den Locki,,L-162,L-346,L-347,,,,
su02624,2010-03-28,7:28,-3.16900,35.55883,den Locki,,L-258,L-364,L-365,,,,
su02625,2010-03-28,7:28,-3.16900,35.55883,den Locki,,L-265,L-351,,,,,
su02626,2010-03-31,7:11,-3.16900,35.55883,den Locki,,L-191,L-361,,,,,
su02627,2010-03-31,7:11,-3.16900,35.55883,den Locki,,L-250,L-356,,,,,
su02628,2010-03-31,7:11,-3.16900,35.55883,den Locki,,L-265,L-351,,,,,
su02629,2010-04-01,7:03,-3.16900,35.55883,den Locki,,L-133,L-366,L-367,,,,
su02630,2010-04-01,7:03,-3.16900,35.55883,den Locki,,L-156,L-368,L-369,,,,
su02631,2010-04-01,7:03,-3.16900,35.55883,den Locki,,L-191,L-361,,,,,
su02632,2010-04-01,7:03,-3.16900,35.55883,den Locki,,L-250,L-356,,,,,
su02633,2010-04-01,7:03,-3.16900,35.55883,den Locki,,L-258,L-364,L-365,,,,
su02634,2010-04-01,7:03,-3.16900,35.55883,den Locki,,L-265,L-351,,,,,
su02635,2010-04-02,6:55,-3.16900,35.55883,den Locki,,L-162,L-346,L-347,,,,
su02636,2010-04-02,6:55,-3.16900,35.55883,den Locki,,L-187,L-359,L-360,,,,
su02637,2010-04-02,6:55,-3.16900,35.55883,den Locki,,L-206,L-371,L-372,L-373,L-371,L-372,
su02638,2010-04-03,7:00,-3.16900,35.55883,den Locki,,L-156,L-369,,,,,
su02639,2010-04-03,7:00,-3.16900,35.55883,den Locki,,L-187,L-359,,,,,
su02640,2010-04-03,7:00,-3.16900,35.55883,den Locki,"right teat bleeding slightly, lets cubs only su on left teat",L-206,L-371,L-372,L-373,L-371,L-372,
su02641,2010-04-04,6:57,-3.16900,35.55883,den Locki,,L-133,L-366,L-367,,,,
su02642,2010-04-04,6:57,-3.16900,35.55883,den Locki,,L-187,L-359,L-360,,,,
su02643,2010-04-04,6:57,-3.16900,35.55883,den Locki,,L-206,L-372,,,L-372,,
su02644,2010-04-04,6:57,-3.16900,35.55883,den Locki,,L-265,L-351,,,,,
su02645,2010-04-05,7:15,,,den Andangi,,A-178,A-275,,,,,
su02646,2010-04-05,7:55,,,den Alibara,,A-107,A-262,A-263,,,,
su02647,2010-04-05,7:55,,,den Alibara,,A-164,A-271,A-272,,,,
su02648,2010-04-05,7:55,,,den Alibara,,A-206,A-273,A-274,,,,
su02649,2010-04-06,6:35,,,den Masala,,M-147,M-330,,,,,
su02650,2010-04-06,6:35,,,den Masala,,M-201,M-333,M-334,,,,
su02651,2010-04-06,6:35,,,den Masala,SU M-327 or M-328,M-232,cub,,,,,
su02652,2010-04-06,6:35,,,den Masala,,M-243,M-320,,,,,
su02653,2010-04-06,6:42,-3.16900,35.55883,den Locki,,L-084,L-370,,,,,
su02654,2010-04-06,6:42,-3.16900,35.55883,den Locki,,L-261,L-355,,,,,
su02655,2010-04-07,6:49,-3.16900,35.55883,den Locki,,L-084,L-370,,,,,
su02656,2010-04-07,6:49,-3.16900,35.55883,den Locki,,L-156,L-368,,,,,
su02657,2010-04-07,6:49,-3.16900,35.55883,den Locki,,L-206,L-372,L-373,,L-372,,
su02658,2010-04-07,6:49,-3.16900,35.55883,den Locki,,L-255,L-374,,,,,
su02659,2010-04-07,6:49,-3.16900,35.55883,den Locki,,L-258,L-364,L-365,,,,
su02660,2010-04-07,6:49,-3.16900,35.55883,den Locki,,L-300,L-371,,,,,
su02661,2010-04-11,6:48,-3.16900,35.55883,den Locki,,L-146,L-348,L-349,,,,
su02662,2010-04-11,6:48,-3.16900,35.55883,den Locki,,L-187,L-359,L-360,,,,
su02663,2010-04-11,6:48,-3.16900,35.55883,den Locki,,L-250,L-356,,,,,
su02664,2010-04-11,6:48,-3.16900,35.55883,den Locki,,L-261,L-354,L-355,,,,
su02665,2010-04-11,6:48,-3.16900,35.55883,den Locki,,L-265,L-351,,,,,
su02666,2010-04-11,6:48,-3.16900,35.55883,den Locki,,L-275,L-352,,,,,
su02667,2010-04-13,6:35,-3.16900,35.55883,den Locki,,L-084,L-370,,,,,
su02668,2010-04-13,6:35,-3.16900,35.55883,den Locki,,L-162,L-346,L-347,,,,
su02669,2010-04-13,6:35,-3.16900,35.55883,den Locki,,L-191,L-361,,,,,
su02670,2010-04-13,6:35,-3.16900,35.55883,den Locki,SU L-364 or L-365,L-258,cub,,,,,
su02671,2010-04-13,6:35,-3.16900,35.55883,den Locki,,L-261,L-354,L-355,,,,
su02672,2010-04-13,6:49,-3.17450,35.51587,,,A-106,A-266,A-267,,,,
su02673,2010-04-14,6:33,,,den Masala,,M-100,M-335,,,,,
su02674,2010-04-14,6:33,,,den Masala,,M-201,M-334,,,,,
su02675,2010-04-14,8:02,-3.16900,35.55883,den Locki,,L-084,L-370,,,,,
su02676,2010-04-14,8:02,-3.16900,35.55883,den Locki,,L-156,L-368,L-369,,,,
su02677,2010-04-15,6:55,,,den Masala,,M-147,M-330,,,,,
su02678,2010-04-15,6:55,,,den Masala,,M-248,M-323,M-324,,,,
su02679,2010-04-15,8:20,-3.16900,35.55883,den Locki,,L-133,L-366,L-367,,,,
su02680,2010-04-15,8:20,-3.16900,35.55883,den Locki,,L-162,L-346,L-347,,,,
su02681,2010-04-16,8:50,-3.16900,35.55883,den Locki,,L-084,L-370,,,,,
su02682,2010-04-16,8:50,-3.16900,35.55883,den Locki,,L-114,L-375,,,,,
su02683,2010-04-17,9:33,,,den Masala,,M-148,M-331,M-332,,,,
su02684,2010-04-17,9:33,,,den Masala,,M-201,M-334,,,,,
su02685,2010-04-18,6:33,,,den Masala,,M-201,M-333,M-334,,,,
su02686,2010-04-18,6:33,,,den Masala,,M-260,M-329,,,,,
su02687,2010-04-18,8:38,-3.16900,35.55883,den Locki,,L-191,L-361,,,,,
su02688,2010-04-20,6:38,,,den Masala,,M-147,M-330,,,,,
su02689,2010-04-20,6:38,,,den Masala,,M-273,M-337,M-338,,,,
su02690,2010-04-23,6:33,,,den Masala,,M-132,M-339,M-340,,,,
su02691,2010-04-23,6:33,,,den Masala,,M-236,M-318,,,,,
su02692,2010-04-23,6:33,,,den Masala,,M-248,M-323,M-324,,,,
su02693,2010-04-23,6:37,-3.16900,35.55883,den Locki,,L-084,L-370,,,,,
su02694,2010-04-23,6:37,-3.16900,35.55883,den Locki,,L-132,L-357,,,,,
su02695,2010-04-23,6:37,-3.16900,35.55883,den Locki,,L-133,L-366,L-367,,,,
su02696,2010-04-23,6:37,-3.16900,35.55883,den Locki,,L-187,L-359,L-360,,,,
su02697,2010-04-23,6:37,-3.16900,35.55883,den Locki,,L-191,L-361,,,,,
su02698,2010-04-23,6:37,-3.16900,35.55883,den Locki,,L-265,L-351,,,,,
su02699,2010-04-24,6:39,,,den Masala,,M-147,M-330,,,,,
su02700,2010-04-24,6:39,,,den Masala,,M-232,M-327,,,,,
su02701,2010-04-24,6:39,,,den Masala,,M-248,M-323,M-324,,,,
su02702,2010-04-27,7:10,-3.16900,35.55883,den Locki,,L-084,L-370,,,,,
su02703,2010-04-28,7:48,-3.16900,35.55883,den Locki,,L-206,L-372,L-373,,L-372,,
su02704,2010-04-29,7:16,-3.16900,35.55883,den Locki,,L-258,L-364,L-365,,,,
su02705,2010-04-29,7:16,-3.16900,35.55883,den Locki,,L-300,L-371,,,,,
su02706,2010-05-02,8:05,-3.16900,35.55883,den Locki,SU L-359 or L-360,L-187,cub,,,,,
su02707,2010-05-02,8:05,-3.16900,35.55883,den Locki,,L-191,L-361,,,,,
su02708,2010-05-02,8:05,-3.16900,35.55883,den Locki,,L-265,L-351,,,,,
su02709,2010-05-04,9:09,-3.16900,35.55883,den Locki,,L-187,L-359,L-360,,,,
su02710,2010-05-05,6:28,,,den Masala,,M-132,M-340,,,,,
su02711,2010-05-05,6:28,,,den Masala,,M-148,M-331,M-332,,,,
su02712,2010-05-05,6:28,,,den Masala,,M-248,M-323,M-324,,,,
su02713,2010-05-09,6:25,,,den Masala,,M-100,M-335,,,,,
su02714,2010-05-09,9:05,-3.16900,35.55883,den Locki,,L-205,L-376,,,,,
su02715,2010-05-10,6:56,-3.16900,35.55883,den Locki,,L-114,L-375,,,,,
su02716,2010-05-10,6:56,-3.16900,35.55883,den Locki,,L-187,L-360,,,,,
su02717,2010-05-10,6:56,-3.16900,35.55883,den Locki,,L-258,L-364,L-365,,,,
su02718,2010-05-10,6:56,-3.16900,35.55883,den Locki,,L-261,L-354,L-355,,,,
su02719,2010-05-10,7:02,,,den Masala,,M-100,M-335,,,,,
su02720,2010-05-10,7:02,,,den Masala,,M-132,M-340,,,,,
su02721,2010-05-11,6:44,-3.16900,35.55883,den Locki,,L-114,L-375,,,,,
su02722,2010-05-11,6:44,-3.16900,35.55883,den Locki,,L-132,L-357,,,,,
su02723,2010-05-11,6:44,-3.16900,35.55883,den Locki,,L-156,L-369,,,,,
su02724,2010-05-11,6:44,-3.16900,35.55883,den Locki,,L-187,L-359,L-360,,,,
su02725,2010-05-12,6:44,,,den Masala,,M-147,M-330,,,,,
su02726,2010-05-12,7:17,-3.16900,35.55883,den Locki,,L-206,L-372,L-373,,L-372,,
su02727,2010-05-12,7:17,-3.16900,35.55883,den Locki,,L-250,L-356,,,,,
su02728,2010-05-12,7:17,-3.16900,35.55883,den Locki,"SU L-371 + L-372, later only L-371",L-300,L-371,L-372,,L-372,,
su02729,2010-05-14,6:57,-3.16900,35.55883,den Locki,,L-265,L-351,,,,,
su02730,2010-05-14,8:10,,,den Masala,,M-100,M-335,,,,,
su02731,2010-05-14,8:30,,,den moll,,M-147,M-330,,,,,
su02732,2010-05-14,8:30,,,den moll,,M-201,M-333,M-334,,,,
su02733,2010-05-15,6:50,-3.16900,35.55883,den Locki,,L-205,L-376,,,,,
su02734,2010-05-15,6:50,-3.16900,35.55883,den Locki,,L-250,L-356,,,,,
su02735,2010-05-15,6:50,-3.16900,35.55883,den Locki,,L-300,L-371,,,,,
su02736,2010-05-18,6:36,,,den moll,,M-132,M-339,M-340,,,,
su02737,2010-05-19,7:10,-3.16900,35.55883,den Locki,,L-258,L-364,,,,,
su02738,2010-05-20,7:00,-3.16900,35.55883,den Locki,,L-132,L-357,L-358,,,,
su02739,2010-05-20,7:00,-3.16900,35.55883,den Locki,,L-205,L-376,,,,,
su02740,2010-05-20,7:00,-3.16900,35.55883,den Locki,,L-300,L-371,,,,,
su02741,2010-05-21,6:40,-3.16900,35.55883,den Locki,,L-191,L-361,,,,,
su02742,2010-05-21,6:40,-3.16900,35.55883,den Locki,,L-206,L-372,,,L-372,,
su02743,2010-05-21,6:40,-3.16900,35.55883,den Locki,,L-225,L-378,,,,,
su02744,2010-05-21,6:40,-3.16900,35.55883,den Locki,,L-261,L-354,L-355,,,,
su02745,2010-05-21,6:40,-3.16900,35.55883,den Locki,,L-265,L-351,,,,,
su02746,2010-05-21,6:40,-3.16900,35.55883,den Locki,,L-300,L-371,,,,,
su02747,2010-05-22,8:08,-3.16900,35.55883,den Locki,,L-225,L-378,,,,,
su02748,2010-05-23,8:57,-3.16900,35.55883,den Locki,,L-275,L-352,,,,,
su02749,2010-10-10,7:05,-3.16900,35.55883,den Locki,,L-205,L-376,,,,,
su02750,2010-10-11,7:10,,,den Nama,,N-128,N-181,N-182,,N-182,,
su02751,2010-10-11,8:45,,,den Nioka,,N-134,N-178,,,,,
su02752,2010-10-12,7:35,,,den Mosi,,M-263,M-315,,,,,
su02753,2010-10-14,6:30,-3.16900,35.55883,den Locki,SU L-372 or L-373,L-206,cub,,,,,
su02754,2010-10-14,6:30,-3.16900,35.55883,den Locki,,L-300,L-371,,,,,
su02755,2010-10-15,6:43,,,den Maroni,,M-122,M-344,M-345,,,,
su02756,2010-10-15,6:43,,,den Maroni,,M-180,M-343,,,,,
su02757,2010-10-15,6:43,,,den Maroni,,M-260,M-329,,,,,
su02758,2010-10-16,7:52,,,den Adonis,,A-238,A-287,,,,,
su02759,2010-10-18,6:43,,,den Nama,,N-127,N-187,N-188,,,,
su02760,2010-10-18,6:43,,,den Nama,,N-128,N-181,N-182,,N-182,,
su02761,2010-10-18,8:11,-3.19046,35.61236,,,N-143,N-176,,,,,
su02762,2010-10-21,6:34,,,den Morani,,M-265,M-341,M-342,,M-341,M-342,
su02763,2010-10-21,8:23,,,den Nama,,N-128,N-181,N-182,,N-182,,
su02764,2010-10-22,6:56,,,den Simple,transfered one of her cubs to this den,S-128,S-155,S-156,,,,
su02765,2010-10-23,7:05,-3.16900,35.55883,den Locki,,L-187,L-359,L-360,,,,
su02766,2010-10-24,7:07,,,den Simple,,S-127,S-157,S-158,,,,
su02767,2010-10-25,8:13,,,den Simple,,S-128,S-155,S-156,,,,
su02768,2010-10-25,9:20,-3.17126,35.55542,,,L-250,L-356,,,,,
su02769,2010-10-27,6:45,,,den Nioka,,N-105,N-183,N-184,,,,
su02770,2010-10-27,6:45,,,den Nioka,SU N-185 or N-186,N-124,cub,,,,,
su02771,2010-10-27,6:45,,,den Nioka,,N-127,N-187,N-188,,,,
su02772,2010-10-27,6:45,,,den Nioka,,N-134,N-178,,,,,
su02773,2010-10-27,8:20,-3.16900,35.55883,den Locki,,L-205,L-376,L-377,,,,
su02774,2010-10-29,7:12,-3.13814,35.54572,,,E-136,E-193,E-194,,,,
su02775,2010-10-30,7:00,-3.19350,35.57300,den Logozo,,S-129,S-154,,,,,
su02776,2010-10-30,7:40,-3.16900,35.55883,den Locki,,L-300,L-371,,,,,
su02777,2010-10-31,6:34,,,den Nioka,food at den (bu leg),N-105,N-183,N-184,,,,
su02778,2010-10-31,7:30,,,den Engitati,,E-152,E-206,,,,,
su02779,2010-11-01,6:45,-3.16900,35.55883,den Locki,,L-156,L-369,,,,,
su02780,2010-11-01,6:45,-3.16900,35.55883,den Locki,,L-206,L-372,L-373,,L-372,,
su02781,2010-11-01,16:44,-3.16900,35.55883,den Locki,,L-132,L-357,,,,,
su02782,2010-11-01,16:44,-3.16900,35.55883,den Locki,,L-218,L-379,L-380,,,,
su02783,2010-11-01,16:44,-3.16900,35.55883,den Locki,,L-255,L-383,,,,,
su02784,2010-11-03,6:40,,,den Engitati,,E-124,E-202,,,,,
su02785,2010-11-06,7:03,-3.16647,35.55688,,,L-218,L-379,L-380,,,,
su02786,2010-11-06,8:00,,,den Erasmus,,E-152,E-206,,,,,
su02787,2010-11-07,7:25,,,den Fix,,F-007,F-159,F-160,,,,
su02788,2010-11-08,6:30,,,den Nioka,,N-105,N-183,N-184,,,,
su02789,2010-11-08,7:07,-3.15631,35.55406,,,L-250,L-356,,,,,
su02790,2010-11-13,6:26,,,den Nioka,SU N-175 + N-177 although thought to have N-176 + N-177,N-087,N-175,N-177,,,,
su02791,2010-11-13,6:26,,,den Nioka,,N-110,N-179,N-180,,,,
su02792,2010-11-13,6:26,,,den Nioka,,N-134,N-178,,,,,
su02793,2010-11-14,6:58,-3.16900,35.55883,den Locki,,L-141,L-381,,,,,
su02794,2010-11-19,7:02,,,den Engitati,,E-095,E-195,E-196,,E-195,,
su02795,2010-11-19,7:50,-3.13497,35.54150,,,E-139,E-205,,,,,
su02796,2010-11-19,8:11,,,den E-103 birth,"carries e-209 to engitati den, then su both cubs there",E-103,E-209,E-210,,,,
su02797,2010-11-20,6:28,-3.16900,35.55883,den Locki,,L-141,L-381,,,,,
su02798,2010-11-20,6:28,-3.16900,35.55883,den Locki,,L-300,L-371,,,,,
su02799,2010-11-20,9:12,-3.14420,35.53152,,,A-178,A-275,,,,,
su02800,2010-11-22,6:38,-3.14817,35.53574,,,A-206,A-273,A-274,,,,
su02801,2010-11-22,6:48,,,den Ampere,,A-116,A-291,,,,,
su02802,2010-11-22,6:48,,,den Ampere,,A-139,A-276,A-277,,,,
su02803,2010-11-22,6:48,,,den Ampere,,A-238,A-287,,,,,
su02804,2010-11-24,6:58,-3.13877,35.55368,,,E-139,E-205,,,,,
su02805,2010-11-26,7:07,,,den Asteroid,,A-194,A-288,A-289,,,,
su02806,2010-11-27,6:43,,,den Asteroid,,A-102,A-278,,,,,
su02807,2010-11-27,6:43,,,den Asteroid,,A-140,A-283,A-284,,,,
su02808,2010-11-27,6:43,,,den Asteroid,,A-192,A-279,A-280,,,,
su02809,2010-11-27,10:03,-3.16679,35.52849,,,A-206,A-273,A-274,,,,
su02810,2010-11-28,6:43,,,den Asteroid,,A-140,A-283,A-284,,,,
su02811,2010-11-28,6:43,,,den Asteroid,,A-194,A-288,A-289,,,,
su02812,2010-11-28,6:43,,,den Asteroid,,A-229,A-281,A-282,,,,
su02813,2010-11-28,6:43,,,den Asteroid,,A-238,A-287,,,,,
su02814,2010-11-28,6:45,-3.16900,35.55883,den Locki,carries cub from dh 80m away to castle,L-255,L-383,,,,,
su02815,2010-11-28,6:45,-3.16900,35.55883,den Locki,,L-273,L-382,,,,,
su02816,2010-12-03,7:24,,,den Engitati,,E-088,E-211,E-212,,,,
su02817,2010-12-03,7:24,,,den Engitati,,E-141,E-208,,,,,
su02818,2010-12-03,7:24,,,den Engitati,,E-152,E-206,,,,,
su02819,2010-12-03,7:25,-3.16900,35.55883,den Locki,,L-141,L-381,,,,,
su02820,2010-12-03,7:25,-3.16900,35.55883,den Locki,,L-225,L-385,,,,,
su02821,2010-12-03,7:25,-3.16900,35.55883,den Locki,,L-255,L-383,,,,,
su02822,2010-12-03,7:25,-3.16900,35.55883,den Locki,,L-273,L-382,,,,,
su02823,2010-12-04,6:25,,,den Nyuki,SU N-187 or N-188,N-127,cub,,,,,
su02824,2010-12-04,6:25,,,den Nyuki,,N-128,N-181,N-182,,N-182,,
su02825,2010-12-05,6:38,,,den Nyuki,,N-110,N-179,N-180,,,,
su02826,2010-12-05,6:38,,,den Nyuki,,N-134,N-178,,,,,
su02827,2010-12-05,7:54,-3.19350,35.57300,den Logozo,SU S-157 or S-158,S-127,cub,,,,,
su02828,2010-12-06,6:23,,,den Nyuki,,N-102,N-190,N-191,,,,
su02829,2010-12-06,6:23,,,den Nyuki,,N-110,N-179,N-180,,,,
su02830,2010-12-06,6:23,,,den Nyuki,,N-128,N-182,,,N-182,,
su02831,2010-12-06,6:35,-3.19350,35.57300,den Logozo,,S-128,S-155,S-156,,,,
su02832,2010-12-07,7:07,,,den Argos,,A-116,A-293,,,,,
su02833,2010-12-08,7:26,,,den Argos,,A-006,A-294,,,,,
su02834,2010-12-08,7:26,,,den Argos,,A-192,A-279,A-280,,,,
su02835,2010-12-08,7:26,,,den Argos,,A-204,A-290,A-292,,,,
su02836,2010-12-08,9:05,-3.19350,35.57300,den Logozo,,S-116,S-159,,,,,
su02837,2010-12-09,7:30,-3.19350,35.57300,den Logozo,,S-127,S-157,S-158,,,,
su02838,2010-12-09,7:30,-3.19350,35.57300,den Logozo,,S-128,S-156,,,,,
su02839,2010-12-10,6:40,-3.19350,35.57300,den Logozo,,S-084,S-160,,,,,
su02840,2010-12-10,6:40,-3.19350,35.57300,den Logozo,,S-086,S-161,S-162,,,,
su02841,2010-12-10,6:40,-3.19350,35.57300,den Logozo,,S-125,S-163,,,,,
su02842,2010-12-10,6:40,-3.19350,35.57300,den Logozo,,S-128,S-155,S-156,,,,
su02843,2010-12-10,6:42,,,den Argos,,A-006,A-294,,,,,
su02844,2010-12-10,6:42,,,den Argos,,A-145,A-285,A-286,,A-285,,
su02845,2010-12-10,6:42,,,den Argos,,A-204,A-290,A-292,,,,
su02846,2010-12-11,6:58,,,den Argos,,A-204,A-290,A-292,,,,
su02847,2010-12-11,7:16,-3.19350,35.57300,den Logozo,SU S-157 or S-158,S-127,cub,,,,,
su02848,2010-12-11,7:16,-3.19350,35.57300,den Logozo,,S-128,S-155,S-156,,,,
su02849,2010-12-12,6:45,,,den Argos,,A-006,A-294,,,,,
su02850,2010-12-12,6:45,,,den Argos,,A-116,A-291,A-293,,,,
su02851,2010-12-12,6:45,,,den Argos,,A-145,A-285,A-286,,A-285,,
su02852,2010-12-12,9:02,,,den Argentina,,A-102,A-278,,,,,
su02853,2010-12-13,6:45,,,den Nyuki,,N-130,N-181,,,N-181,,
su02854,2010-12-14,7:13,,,den Farsi,,F-006,F-155,,,,,
su02855,2010-12-14,7:37,,,den Fix,,F-099,F-154,,,,,
su02856,2010-12-14,8:30,,,den Farsi,,F-006,F-155,,,,,
su02857,2010-12-15,6:50,,,den Argentina,,A-102,A-278,,,,,
su02858,2010-12-15,6:50,,,den Argentina,,A-116,A-291,A-293,,,,
su02859,2010-12-15,6:50,,,den Argentina,,A-145,A-285,A-286,,A-285,,
su02860,2010-12-15,6:50,,,den Argentina,,A-229,A-281,A-282,,,,
su02861,2010-12-16,6:25,,,den Nyuki,,N-128,N-181,,,,,
su02862,2010-12-16,6:25,,,den Nyuki,,N-152,N-192,,,,,
su02863,2010-12-16,7:02,-3.18525,35.62689,,,N-134,N-178,,,,,
su02864,2010-12-16,9:25,-3.16900,35.55883,den Locki,,L-225,L-385,,,,,
su02865,2010-12-16,9:25,-3.16900,35.55883,den Locki,,L-255,L-383,L-384,,,,
su02866,2010-12-16,9:25,-3.16900,35.55883,den Locki,,L-273,L-382,,,,,
su02867,2010-12-16,9:25,-3.16900,35.55883,den Locki,,L-292,L-386,L-387,,,,
su02868,2010-12-18,6:20,-3.16337,35.60955,,,M-232,M-328,,,,,
su02869,2010-12-18,6:53,-3.18401,35.62565,,,N-134,N-178,,,,,
su02870,2010-12-19,6:40,,,den Argentina,,A-194,A-288,A-289,,,,
su02871,2010-12-19,6:40,,,den Argentina,,A-204,A-290,A-292,,,,
su02872,2010-12-19,6:40,,,den Argentina,,A-206,A-273,A-274,,,,
su02873,2010-12-20,6:27,,,den Nyuki,,N-130,N-181,,,N-181,,
su02874,2010-12-20,6:42,,,den Argentina,,A-116,A-291,A-293,,,,
su02875,2010-12-20,9:09,,,den Farsi,,F-129,F-161,F-162,,,,
su02876,2010-12-21,6:50,,,den Farsi,,F-007,F-159,,,,,
su02877,2010-12-21,6:50,,,den Farsi,,F-129,F-161,F-162,,,,
su02878,2010-12-21,7:34,,,den Fix,,F-099,F-154,,,,,
su02879,2010-12-21,16:50,-3.19350,35.57300,den Logozo,,S-086,S-161,S-162,,,,
su02880,2010-12-21,16:50,-3.19350,35.57300,den Logozo,,S-105,S-165,S-166,,,,
su02881,2010-12-21,16:50,-3.19350,35.57300,den Logozo,,S-127,S-157,S-158,,,,
su02882,2010-12-21,16:50,-3.19350,35.57300,den Logozo,,S-129,S-154,,,,,
su02883,2010-12-22,6:57,,,den Argentina,,A-006,A-294,,,,,
su02884,2010-12-22,6:57,,,den Argentina,,A-140,A-283,A-284,,,,
su02885,2010-12-22,6:57,,,den Argentina,,A-229,A-281,A-282,,,,
su02886,2010-12-22,13:40,-3.18891,35.62389,,,N-134,N-178,,,,,
su02887,2010-12-23,7:17,,,den Fix,,F-006,F-155,,,,,
su02888,2010-12-23,7:17,,,den Fix,,F-097,F-157,F-158,,,,
su02889,2010-12-23,7:17,,,den Fix,,F-099,F-154,,,,,
su02890,2010-12-24,6:35,,,den Nyuki,,N-102,N-190,N-191,,,,
su02891,2010-12-24,6:35,,,den Nyuki,,N-152,N-192,,,,,
su02892,2010-12-24,6:46,,,den Argentina,,A-006,A-294,,,,,
su02893,2010-12-24,6:46,,,den Argentina,,A-116,A-291,A-293,,,,
su02894,2010-12-24,6:46,,,den Argentina,,A-194,A-288,A-289,,,,
su02895,2010-12-24,8:20,-3.19220,35.62608,,,N-130,N-181,,,N-181,,
su02896,2010-12-24,9:32,-3.23535,35.53191,,,T-104,T-142,T-143,,,,
su02897,2010-12-27,9:20,-3.23576,35.52516,,,T-109,T-137,,,,,
su02898,2010-12-28,8:20,,,den Argentina,,A-221,A-295,,,,,
su02899,2010-12-28,8:20,,,den Argentina,,A-238,A-287,,,,,
su02900,2010-12-29,6:40,,,den Nero,,N-105,N-183,N-184,,,,
su02901,2010-12-29,6:40,,,den Nero,,N-128,N-182,,,N-182,,
su02902,2010-12-29,8:37,,,den Masala,,M-122,M-344,M-345,,,,
su02903,2010-12-29,8:37,,,den Masala,,M-249,M-346,M-347,,,,
su02904,2010-12-29,16:38,,,den Masala,,M-122,M-344,M-345,,,,
su02905,2010-12-29,16:38,,,den Masala,cub of M-132 with notches 11+11:30,M-132,M-348,,,,,
su02906,2010-12-30,6:30,,,den Masala,,M-122,M-344,M-345,,,,
su02907,2010-12-30,6:30,,,den Masala,,M-180,M-343,,,,,
su02908,2010-12-31,6:28,,,den Masala,,M-234,M-352,,,,,
su02909,2010-12-31,6:28,,,den Masala,black,M-260,M-329,,,,,
su02910,2010-12-31,6:28,,,den Masala,,M-265,M-341,M-342,,M-341,M-342,
su02911,2010-12-31,7:00,,,den Nero,,N-130,N-181,,,N-181,,
su02912,2010-12-31,8:00,-3.19076,35.62352,,,N-110,N-180,,,,,
su02913,2011-01-01,16:50,,,den Masala,SU M-344 or M-345,M-122,cub,,,,,
su02914,2011-01-01,16:50,,,den Masala,,M-234,M-352,,,,,
su02915,2011-01-01,16:50,,,den Masala,,M-248,M-350,M-351,,,,
su02916,2011-01-03,6:50,-3.14972,35.52634,,,A-229,A-281,A-282,,,,
su02917,2011-01-03,6:50,-3.14972,35.52634,,,A-238,A-287,,,,,
su02918,2011-01-03,7:20,,,den Argentina,,A-145,A-285,A-286,,A-285,,
su02919,2011-01-03,9:45,-3.20475,35.51888,,,F-099,F-154,,,,,
su02920,2011-01-03,11:00,-3.23428,35.53631,,,T-085,T-141,,,,,
su02921,2011-01-07,8:10,,,den Argentina,SU A-290 or A-292,A-204,cub,,,,,
su02922,2011-01-07,8:10,,,den Argentina,,A-221,A-295,,,,,
su02923,2011-01-07,9:35,-3.20273,35.52208,,,F-097,F-157,F-158,,,,
su02924,2011-01-08,6:50,,,den Argentina,,A-204,A-290,A-292,,,,
su02925,2011-01-09,7:13,-3.16615,35.51580,,,A-178,A-275,,,,,
su02926,2011-01-09,8:00,,,den Fix,,F-006,F-155,,,,,
su02927,2011-01-10,6:46,-3.16900,35.55883,den Locki,,L-141,L-381,,,,,
su02928,2011-01-10,8:20,,,den Erratum 2,,E-103,E-209,,,,,
su02929,2011-01-10,9:45,-3.15101,35.57547,,,E-095,E-195,E-196,,E-195,,
su02930,2011-01-11,7:03,,,den Fix,,F-006,F-155,,,,,
su02931,2011-01-11,7:03,,,den Fix,,F-097,F-157,F-158,,,,
su02932,2011-01-11,7:03,,,den Fix,,F-099,F-154,,,,,
su02933,2011-01-11,7:03,,,den Fix,,F-118,F-163,,,,,
su02934,2011-01-12,16:55,-3.19350,35.57300,den Logozo,SU S-157 or S-158,S-127,cub,,,,,
su02935,2011-01-12,16:55,-3.19350,35.57300,den Logozo,,S-128,S-155,S-156,,,,
su02936,2011-01-12,16:55,-3.19350,35.57300,den Logozo,,S-129,S-154,,,,,
su02937,2011-01-12,16:55,-3.19350,35.57300,den Logozo,,S-138,S-167,S-168,,,,
su02938,2011-01-15,13:47,-3.19350,35.57300,den Logozo,SU S-167 or S-168,S-138,cub,,,,,
su02939,2011-01-15,15:00,-3.19350,35.57300,den Logozo,,S-086,S-161,S-162,,,,
su02940,2011-01-16,6:30,-3.19350,35.57300,den Logozo,,S-084,S-160,,,,,
su02941,2011-01-16,6:30,-3.19350,35.57300,den Logozo,,S-105,S-165,S-166,,,,
su02942,2011-01-16,8:10,,,den Evita,,E-152,E-206,,,,,
su02943,2011-01-16,16:28,-3.19350,35.57300,den Logozo,SU S-165 or S-166,S-105,cub,,,,,
su02944,2011-01-16,16:28,-3.19350,35.57300,den Logozo,,S-138,S-167,S-168,,,,
su02945,2011-01-17,9:25,-3.20053,35.52430,,,F-109,F-156,,,,,
su02946,2011-01-18,7:30,-3.19350,35.57300,den Logozo,,S-105,S-165,S-166,,,,
su02947,2011-01-18,7:30,-3.19350,35.57300,den Logozo,,S-138,S-167,S-168,,,,
su02948,2011-01-19,15:05,-3.19350,35.57300,den Logozo,,S-105,S-165,S-166,,,,
su02949,2011-01-22,8:20,-3.16316,35.59589,,,E-130,E-200,E-201,,,,
su02950,2011-01-22,8:20,-3.16316,35.59589,,,E-136,E-193,E-194,,,,
su02951,2011-01-22,16:36,,,den Masala,,M-122,M-344,M-345,,,,
su02952,2011-01-23,8:40,-3.19350,35.57300,den Logozo,SU S-165 or S-166,S-105,cub,,,,,
su02953,2011-01-24,6:30,,,den Masala,,M-248,M-350,M-351,,,,
su02954,2011-01-24,9:28,-3.18419,35.55943,,,L-162,L-346,L-347,,,,
su02955,2011-01-25,6:50,-3.19350,35.57300,den Logozo,,S-128,S-155,S-156,,,,
su02956,2011-01-25,6:50,-3.19350,35.57300,den Logozo,,S-131,S-169,,,,,
su02957,2011-01-25,6:50,-3.19350,35.57300,den Logozo,,S-138,S-167,S-168,,,,
su02958,2011-01-26,7:19,-3.19350,35.57300,den Logozo,SU S-165 or S-166,S-105,cub,,,,,
su02959,2011-01-26,17:20,-3.19350,35.57300,den Logozo,SU S-157 or S-158,S-127,cub,,,,,
su02960,2011-01-27,9:13,-3.16329,35.59551,,,E-145,E-207,,,,,
su02961,2011-01-27,16:35,,,den Masala,,M-236,M-356,,,,,
su02962,2011-01-27,16:35,,,den Masala,,M-272,M-358,M-359,,,,
su02963,2011-01-28,7:52,,,den Nama,,N-152,N-192,,,,,
su02964,2011-01-29,6:40,,,den Nama,,N-127,N-187,N-188,,,,
su02965,2011-01-30,7:05,,,den Lake,,L-255,L-384,,,,,
su02966,2011-01-30,7:05,,,den Lake,,L-273,L-382,,,,,
su02967,2011-01-30,7:05,,,den Lake,,L-292,L-386,L-387,,,,
su02968,2011-01-31,6:33,-3.19350,35.57300,den Logozo,,S-125,S-163,,,,,
su02969,2011-01-31,6:33,-3.19350,35.57300,den Logozo,brings food (remains of wi calf),S-138,S-167,S-168,,,,
su02970,2011-02-01,8:22,,,den Nama,,N-152,N-192,,,,,
su02971,2011-02-01,16:20,,,den Masala,,M-099,M-353,M-354,,,,
su02972,2011-02-01,16:20,,,den Masala,,M-234,M-352,,,,,
su02973,2011-02-01,16:20,,,den Masala,SU M-350 or M-351,M-248,cub,,,,,
su02974,2011-02-02,16:30,,,den Masala,,M-099,M-353,M-354,,,,
su02975,2011-02-03,6:50,-3.19350,35.57300,den Logozo,,S-105,S-165,S-166,,,,
su02976,2011-02-03,6:50,-3.19350,35.57300,den Logozo,,S-127,S-157,S-158,,,,
su02977,2011-02-03,6:50,-3.19350,35.57300,den Logozo,,S-138,S-167,S-168,,,,
su02978,2011-02-03,16:40,,,den Masala,,M-099,M-353,M-354,,,,
su02979,2011-02-03,16:40,,,den Masala,,M-122,M-344,M-345,,,,
su02980,2011-02-03,16:40,,,den Masala,,M-180,M-343,,,,,
su02981,2011-02-03,16:40,,,den Masala,,M-249,M-346,M-347,,,,
su02982,2011-02-04,6:30,-3.19350,35.57300,den Logozo,,S-129,S-154,,,,,
su02983,2011-02-06,9:38,,,den Lake,,L-160,L-390,,,,,
su02984,2011-02-06,16:15,,,den Masala,,M-122,M-344,M-345,,,,
su02985,2011-02-06,16:15,,,den Masala,,M-234,M-352,,,,,
su02986,2011-02-06,16:15,,,den Masala,,M-248,M-350,M-351,,,,
su02987,2011-02-06,16:15,,,den Masala,,M-249,M-346,M-347,,,,
su02988,2011-02-07,6:36,,,den Masala,,M-132,M-348,M-349,,,,
su02989,2011-02-07,6:36,,,den Masala,,M-249,M-346,M-347,,,,
su02990,2011-02-07,7:00,,,den Nama,,N-105,N-183,N-184,,,,
su02991,2011-02-07,16:38,,,den Masala,,M-099,M-353,M-354,,,,
su02992,2011-02-07,16:38,,,den Masala,SU 1 or 2 cubs,M-132,M-348,,,,,
su02993,2011-02-07,16:38,,,den Masala,,M-236,M-356,,,,,
su02994,2011-02-07,16:38,,,den Masala,,M-249,M-347,,,,,
su02995,2011-02-09,6:38,-3.19350,35.57300,den Logozo,,S-138,S-167,S-168,,,,
su02996,2011-02-09,8:53,,,den Nama,,N-102,N-190,N-191,,,,
su02997,2011-02-09,16:38,,,den Masala,,M-132,M-348,M-349,,,,
su02998,2011-02-09,16:38,,,den Masala,,M-236,M-356,M-357,,,,
su02999,2011-02-10,6:32,,,den Lake,,L-273,L-382,,,,,
su03000,2011-02-10,6:32,,,den Lake,,L-292,L-386,L-387,,,,
su03001,2011-02-13,9:34,,,den Amilo,,A-145,A-285,A-286,,A-285,,
su03002,2011-02-13,9:34,,,den Amilo,,A-204,A-290,A-292,,,,
su03003,2011-02-14,7:25,-3.16341,35.51707,,,A-206,A-273,A-274,,,,
su03004,2011-02-15,6:39,-3.19350,35.57300,den Logozo,,S-084,S-160,,,,,
su03005,2011-02-15,6:39,-3.19350,35.57300,den Logozo,,S-138,S-167,,,,,
su03006,2011-02-15,9:49,-3.18671,35.62574,,,N-110,N-179,N-180,,,,
su03007,2011-02-15,16:40,,,den Masala,,M-122,M-344,M-345,,,,
su03008,2011-02-15,16:40,,,den Masala,,M-249,M-346,M-347,,,,
su03009,2011-02-16,8:05,,,den Lake,,L-139,L-391,,,,,
su03010,2011-02-16,8:05,,,den Lake,,L-197,L-388,L-389,,,,
su03011,2011-02-16,8:05,,,den Lake,,L-225,L-385,,,,,
su03012,2011-02-17,7:38,,,den Lake,,L-273,L-382,,,,,
su03013,2011-02-18,7:35,,,den Solitaire,,S-128,S-155,S-156,,,,
su03014,2011-02-18,8:07,,,den Argos 3,,A-119,A-297,,,,,
su03015,2011-02-18,8:07,,,den Argos 3,,A-140,A-283,A-284,,,,
su03016,2011-02-18,8:07,,,den Argos 3,,A-230,A-296,,,,,
su03017,2011-02-18,16:43,,,den Masala,,M-180,M-343,,,,,
su03018,2011-02-19,6:40,,,den Solitaire,,S-086,S-161,S-162,,,,
su03019,2011-02-19,6:40,,,den Solitaire,,S-128,S-155,S-156,,,,
su03020,2011-02-19,7:09,,,den Solitaire,,S-127,S-157,S-158,,,,
su03021,2011-02-20,6:43,,,den Masala,,M-180,M-343,,,,,
su03022,2011-02-20,16:10,,,den Masala,SU M-348 or M-349,M-132,cub,,,,,
su03023,2011-02-21,16:15,,,den Masala,,M-236,M-356,M-357,,,,
su03024,2011-02-22,6:39,-3.19350,35.57300,den Logozo,,S-116,S-159,,,,,
su03025,2011-02-22,6:39,-3.19350,35.57300,den Logozo,,S-138,S-167,S-168,,,,
su03026,2011-02-22,7:33,-3.19314,35.57603,,,S-129,S-154,,,,,
su03027,2011-02-22,7:50,,,den Solitaire,,S-128,S-155,S-156,,,,
su03028,2011-02-22,16:35,,,den Masala,,M-099,M-353,M-354,,,,
su03029,2011-02-22,16:35,,,den Masala,,M-180,M-343,,,,,
su03030,2011-02-23,6:40,,,den Lake,,L-218,L-379,L-380,,,,
su03031,2011-02-23,6:40,,,den Lake,,L-292,L-386,L-387,,,,
su03032,2011-02-24,6:55,,,den Argos 3,,A-006,A-294,,,,,
su03033,2011-02-24,6:55,,,den Argos 3,,A-116,A-291,A-293,,,,
su03034,2011-02-24,8:02,,,den Aquarius,,A-116,A-291,A-293,,,,
su03035,2011-02-25,7:20,,,den Fix,,F-006,F-155,,,,,
su03036,2011-02-25,7:20,,,den Fix,,F-118,F-163,F-164,,,,
su03037,2011-02-25,7:20,,,den Fix,,F-129,F-161,F-162,,,,
su03038,2011-02-25,16:30,,,den Masala,,M-249,M-346,M-347,,,,
su03039,2011-02-26,6:30,,,den Masala,,M-099,M-353,M-354,,,,
su03040,2011-02-26,6:30,,,den Masala,,M-234,M-352,,,,,
su03041,2011-02-26,6:30,,,den Masala,,M-248,M-350,M-351,,,,
su03042,2011-02-26,6:30,,,den Masala,,M-249,M-346,M-347,,,,
su03043,2011-02-26,6:30,,,den Masala,,M-265,M-341,M-342,,M-341,M-342,
su03044,2011-02-26,8:58,-3.19350,35.57300,den Logozo,SU S-163 or S-164,S-125,cub,,,,,
su03045,2011-02-26,16:25,,,den Masala,,M-099,M-353,M-354,,,,
su03046,2011-02-26,16:25,,,den Masala,,M-122,M-344,M-345,,,,
su03047,2011-02-26,16:25,,,den Masala,,M-201,M-355,,,,,
su03048,2011-02-26,16:25,,,den Masala,,M-249,M-346,M-347,,,,
su03049,2011-02-28,7:17,-3.19350,35.57300,den Logozo,,S-082,S-170,S-171,,,,
su03050,2011-02-28,7:17,-3.19350,35.57300,den Logozo,SU 1 or 2 cubs,S-086,S-161,,,,,
su03051,2011-02-28,7:17,-3.19350,35.57300,den Logozo,,S-116,S-159,,,,,
su03052,2011-02-28,7:17,-3.19350,35.57300,den Logozo,SU 1 or 2 cubs,S-125,S-163,,,,,
su03053,2011-02-28,7:17,-3.19350,35.57300,den Logozo,,S-128,S-155,,,,,
su03054,2011-02-28,7:43,-3.19058,35.57209,,SU S-155 or S-156,S-128,cub,,,,,
su03055,2011-03-01,7:14,-3.19350,35.57300,den Logozo,,S-082,S-170,S-171,,,,
su03056,2011-03-01,7:14,-3.19350,35.57300,den Logozo,,S-086,S-161,S-162,,,,
su03057,2011-03-01,7:14,-3.19350,35.57300,den Logozo,,S-127,S-157,,,,,
su03058,2011-03-02,6:35,-3.19350,35.57300,den Logozo,,S-116,S-159,,,,,
su03059,2011-03-02,6:35,-3.19350,35.57300,den Logozo,,S-125,S-163,,,,,
su03060,2011-03-02,6:35,-3.19350,35.57300,den Logozo,,S-138,S-167,S-168,,,,
su03061,2011-03-03,6:55,-3.19350,35.57300,den Logozo,,S-125,S-163,,,,,
su03062,2011-03-03,6:55,-3.19350,35.57300,den Logozo,,S-138,S-167,S-168,,,,
su03063,2011-03-03,7:21,-3.19089,35.57321,,,S-129,S-154,,,,,
su03064,2011-03-03,16:35,,,den Masala,,M-099,M-353,M-354,,,,
su03065,2011-03-03,16:35,,,den Masala,,M-236,M-356,M-357,,,,
su03066,2011-03-03,16:35,,,den Masala,,M-265,M-341,M-342,,M-341,M-342,
su03067,2011-03-03,16:35,,,den Masala,,M-272,M-358,M-359,,,,
su03068,2011-03-04,6:27,,,den Masala,,M-234,M-352,,,,,
su03069,2011-03-04,7:50,,,den Lake,,L-102,L-392,,,,,
su03070,2011-03-04,7:50,,,den Lake,,L-197,L-388,L-389,,,,
su03071,2011-03-04,7:50,,,den Lake,,L-275,L-393,,,,,
su03072,2011-03-04,8:41,-3.19350,35.57300,den Logozo,,S-116,S-159,,,,,
su03073,2011-03-05,6:30,,,den Lake,,L-225,L-385,,,,,
su03074,2011-03-05,7:16,-3.17070,35.55342,,,L-132,L-257,,,,,
su03075,2011-03-06,6:35,,,den Lake,,L-139,L-391,,,,,
su03076,2011-03-06,6:35,,,den Lake,,L-160,L-390,,,,,
su03077,2011-03-06,6:35,,,den Lake,,L-225,L-385,,,,,
su03078,2011-03-06,6:35,,,den Lake,,L-255,L-383,L-384,,,,
su03079,2011-03-06,6:35,,,den Lake,,L-273,L-382,,,,,
su03080,2011-03-06,6:35,,,den Lake,,L-292,L-386,L-387,,,,
su_20110306_1650_L-205,2011-03-06,16:50,,,den Lake,"L-377 wh, L-390 SU from L-205 shortly, L-205 tries to sn but then gets tired",L-205,L-390,,,,,
su_20110306_1650_L-275,2011-03-06,16:50,,,den Lake,,L-275,L-393,,,,,
su03083,2011-03-07,6:25,,,den Masala,,M-132,M-348,M-349,,,,
su03084,2011-03-07,6:25,,,den Masala,,M-236,M-356,M-357,,,,
su03085,2011-03-07,8:16,-3.15010,35.52731,,,A-140,A-283,A-284,,,,
su03086,2011-03-07,9:22,-3.20233,35.52164,,,F-097,F-157,F-158,,,,
su03087,2011-03-07,9:35,,,den Fix,,F-129,F-161,F-162,,,,
su03088,2011-03-07,17:25,-3.19350,35.57300,den Logozo,,S-128,S-155,S-156,,,,
su03089,2011-03-08,6:40,,,den Lake,,L-160,L-390,,,,,
su03090,2011-03-08,6:40,,,den Lake,,L-225,L-385,,,,,
su03091,2011-03-08,6:40,,,den Lake,,L-255,L-383,L-384,,,,
su03092,2011-03-09,6:40,,,den Lake,,L-141,L-381,,,,,
su03093,2011-03-09,6:40,,,den Lake,,L-160,L-390,,,,,
su03094,2011-03-09,6:40,,,den Lake,,L-225,L-385,,,,,
su03095,2011-03-09,11:22,-3.17288,35.53632,,,L-187,L-359,L-360,,,,
su03096,2011-03-11,9:27,-3.16804,35.54881,,"weaning L-373, wa around, then ld and SU L-373 for 1 min, then gu and lk L-373, L-373 wh",L-206,L-373,,,,,
su03097,2011-03-11,9:27,-3.16804,35.54881,,,L-300,L-371,,,,,
su03098,2011-03-13,7:54,,,den Lake,,L-273,L-382,,,,,
su03099,2011-03-14,7:35,,,den Fix,,F-006,F-155,,,,,
su03100,2011-03-14,7:35,,,den Fix,,F-103,F-165,F-166,,,,
su03101,2011-03-15,6:34,,,den Masala,,M-099,M-353,M-354,,,,
su03102,2011-03-15,6:34,,,den Masala,,M-249,M-346,M-347,,,,
su03103,2011-03-15,6:34,,,den Masala,,M-272,M-358,,,,,
su03104,2011-03-16,7:21,,,den Lake,,L-225,L-385,,,,,
su03105,2011-03-16,7:21,,,den Lake,,L-273,L-382,,,,,
su03106,2011-03-16,8:05,-3.17305,35.60247,,,M-260,M-329,,,,,
su03107,2011-03-16,8:28,,,den Lake,,L-225,L-385,,,,,
su03108,2011-03-16,9:02,-3.19350,35.57300,den Logozo,,S-084,S-160,,,,,
su03109,2011-03-16,9:02,-3.19350,35.57300,den Logozo,,S-125,S-163,,,,,
su03110,2011-03-16,9:02,-3.19350,35.57300,den Logozo,,S-127,S-157,,,,,
su03111,2011-03-16,9:02,-3.19350,35.57300,den Logozo,,S-138,S-167,S-168,,,,
su03112,2011-03-17,6:35,,,den Masala,,M-132,M-348,M-349,,,,
su03113,2011-03-17,6:35,,,den Masala,,M-236,M-356,M-357,,,,
su03114,2011-03-17,8:00,,,den Lake,,L-250,L-397,,,,,
su03115,2011-03-20,7:12,,,,,S-086,S-161,,,,,
su03116,2011-07-24,7:58,-3.18486,35.62613,,,N-105,N-183,N-184,,,,
su03117,2011-07-25,7:37,,,den Nioka,,N-087,N-196,N-197,N-198,,,
su03118,2011-07-25,7:37,,,den Nioka,,N-143,N-200,N-201,,,,
su03119,2011-07-25,9:50,-3.19155,35.62399,,,N-102,N-190,,,,,
su03120,2011-07-26,6:47,,,den Moldau,,M-242,M-364,,,,,
su03121,2011-07-26,6:47,,,den Moldau,,M-243,M-365,M-366,,,,
su03122,2011-07-26,6:47,,,den Moldau,,M-305,M-368,,,,,
su03123,2011-07-26,7:43,-3.19022,35.61254,,,N-108,N-193,,,,,
su03124,2011-07-26,7:46,,,den Nioka,,N-143,N-200,N-201,,,,
su03125,2011-07-26,7:46,,,den Nioka,,N-152,N-202,,,,,
su03126,2011-07-26,7:50,-3.16900,35.55883,den Locki,,L-255,L-383,,,,,
su03127,2011-07-27,6:52,,,den Morast,,M-161,M-268,,,,,
su03128,2011-07-27,6:52,,,den Morast,,M-279,M-361,,,,,
su03129,2011-07-27,8:15,,,den Moldau,,M-242,M-364,,,,,
su03130,2011-07-27,8:15,,,den Moldau,SU M-365 or M-366,M-243,cub,,,,,
su03131,2011-07-27,8:30,-3.16900,35.55883,den Locki,SU L-394 or L-395,L-205,cub,,,,,
su03132,2011-07-28,6:40,,,den Nioka,,N-117,N-199,,,,,
su03133,2011-07-28,6:40,,,den Nioka,,N-143,N-200,N-201,,,,
su03134,2011-07-28,7:58,-3.17867,35.62866,,,N-110,N-179,N-180,,,,
su03135,2011-07-28,8:18,-3.19133,35.62373,,,N-102,N-190,,,,,
su03136,2011-07-29,6:35,,,den Morast,shifts cub to moldau den,M-243,M-366,,,,,
su03137,2011-07-29,6:53,,,den Moldau,,M-243,M-365,M-366,,,,
su03138,2011-07-29,7:13,,,den Nioka,SU 1 or 2 cubs,N-087,N-196,N-197,,,,
su03139,2011-07-29,7:13,,,den Nioka,,N-108,N-193,,,,,
su03140,2011-07-29,7:13,,,den Nioka,,N-143,N-200,N-201,,,,
su03141,2011-07-29,7:44,-3.16900,35.55883,den Locki,,L-146,L-396,,,,,
su03142,2011-07-29,7:44,-3.16900,35.55883,den Locki,,L-206,L-399,L-400,,,,
su03143,2011-07-29,7:44,-3.16900,35.55883,den Locki,,L-292,L-386,L-387,,,,
su03144,2011-07-29,10:25,-3.18402,35.60204,,,M-180,M-343,,,,,
su03145,2011-08-01,16:16,-3.19248,35.60931,,,N-108,N-193,,,,,
su03146,2011-08-02,6:37,,,den Nioka,,N-087,N-196,N-197,,,,
su03147,2011-08-03,7:32,-3.20578,35.58507,,,S-125,S-163,,,,,
su03148,2011-08-04,8:30,-3.21282,35.56152,,,S-086,S-161,,,,,
su03149,2011-08-06,7:49,-3.20968,35.56592,,,S-116,S-159,,,,,
su03150,2011-08-07,7:45,-3.20080,35.56996,,,S-138,S-167,,,,,
su03151,2011-08-07,11:18,-3.20193,35.57951,,,S-125,S-163,,,,,
su03152,2011-08-09,9:30,,,den S-138 birth,,S-084,S-160,,,,,
su03153,2011-08-10,6:48,,,den Moldau 2,,M-236,M-356,,,,,
su03154,2011-08-10,7:07,,,den Elimu,,E-156,E-213,,,,,
su03155,2011-08-11,6:46,,,den Moldau,,M-132,M-348,,,,,
su03156,2011-08-11,6:46,,,den Moldau,,M-279,M-361,,,,,
su03157,2011-08-11,7:35,,,den Elimu,,E-101,E-215,E-216,,,,
su03158,2011-08-11,7:35,,,den Elimu,,E-103,E-209,,,,,
su03159,2011-08-11,7:35,,,den Elimu,,E-156,E-213,,,,,
su03160,2011-08-12,6:55,,,den Nioka,SU N-197 + N-198. then N-196 ap and as but N-087 gu and wa,N-087,N-197,N-198,,,,
su03161,2011-08-12,8:52,,,den Moldau,,M-132,M-348,,,,,
su03162,2011-08-13,6:43,,,den Nioka,first SU N-196 + N-198 while N-197 l next to her,N-087,N-196,N-198,,,,
su03163,2011-08-13,6:43,,,den Nioka,,N-108,N-193,,,,,
su03164,2011-08-13,7:05,,,den Nioka,,N-117,N-199,,,,,
su03165,2011-08-13,7:05,,,den Nioka,"cub of N-152 wh quite a lot, N-152 eats roots, seems stressed",N-152,N-202,,,,,
su03166,2011-08-18,6:51,,,den Moldau,,M-099,M-354,,,,,
su03167,2011-08-18,7:35,,,den Elimu,,E-101,E-215,E-216,,,,
su03168,2011-08-18,7:35,,,den Elimu,,E-103,E-209,,,,,
su03169,2011-08-18,7:35,,,den Elimu,cub 5-6 weeks old,E-153,E-217,,,,,
su03170,2011-08-18,8:02,-3.20398,35.57330,,,S-138,S-167,,,,,
su03171,2011-08-18,17:09,-3.20038,35.57009,,,S-138,S-167,,,,,
su03172,2011-08-19,6:37,,,den Moldau,,M-232,M-367,,,,,
su03173,2011-08-19,6:37,,,den Moldau,,M-236,M-356,,,,,
su03174,2011-08-19,6:37,,,den Moldau,SU M-365 at den 80m away from M-366,M-243,M-365,,,,,
su03175,2011-08-19,7:28,-3.20279,35.57692,,,S-138,S-167,,,,,
su03176,2011-08-19,8:55,,,den Lebkuchen,,L-273,L-382,,,,,
su03177,2011-08-20,7:42,,,den Folepi,,F-099,F-171,F-172,,,,
su03178,2011-08-20,7:42,,,den Folepi,,F-136,F-173,F-174,,,,
su03179,2011-08-21,7:01,-3.20323,35.58589,,,S-086,S-161,S-162,,,,
su03180,2011-08-21,7:01,-3.20323,35.58589,,,S-128,S-155,S-156,,,,
su03181,2011-08-23,7:05,,,den Lemon,,L-146,L-396,,,,,
su03182,2011-08-24,7:07,-3.16116,35.57383,,,L-273,L-382,,,,,
su03183,2011-08-24,7:18,,,den Lemon,,L-146,L-396,,,,,
su03184,2011-08-24,7:18,,,den Lemon,,L-225,L-385,,,,,
su03185,2011-08-25,6:47,,,den Moldau,,M-232,M-367,,,,,
su03186,2011-08-25,6:47,,,den Moldau,,M-242,M-364,,,,,
su03187,2011-08-25,6:47,,,den Moldau,,M-161,M-268,,,,,
su03188,2011-08-25,10:21,-3.15531,35.55628,,,L-255,L-383,,,,,
su03189,2011-08-26,6:49,,,den Moldau,,M-242,M-364,,,,,
su03190,2011-08-26,6:49,,,den Moldau,SU M-365 or M-366,M-243,cub,,,,,
su03191,2011-08-26,7:50,-3.16231,35.56209,den Lagos,,L-205,L-394,L-395,,,,
su03192,2011-08-26,7:50,-3.16231,35.56209,den Lagos,,L-225,L-385,,,,,
su03193,2011-08-27,7:50,-3.16231,35.56209,den Lagos,,L-146,L-396,,,,,
su03194,2011-08-27,7:50,-3.16231,35.56209,den Lagos,,L-206,L-399,,,,,
su03195,2011-08-27,7:50,-3.16231,35.56209,den Lagos,,L-250,L-397,,,,,
su03196,2011-08-27,7:50,-3.16231,35.56209,den Lagos,,L-292,L-386,L-387,,,,
su03197,2011-08-29,6:40,,,den Moldau,,M-232,M-367,,,,,
su03198,2011-08-29,7:42,-3.16231,35.56209,den Lagos,,L-261,L-401,,,,,
su03199,2011-08-29,7:42,-3.16231,35.56209,den Lagos,,L-320,L-400,,,,,
su03200,2011-08-30,7:10,-3.16231,35.56209,den Lagos,,L-206,L-399,L-400,,,,
su03201,2011-08-30,7:10,-3.16231,35.56209,den Lagos,,L-292,L-386,L-387,,,,
su03202,2011-08-30,7:10,-3.16231,35.56209,den Lagos,,L-320,L-402,,,,,
su03203,2011-08-30,7:17,,,den Folepi,,F-136,F-173,F-174,,,,
su03204,2011-08-31,7:46,-3.20513,35.51887,,,F-007,F-159,F-160,,,,
su03205,2011-08-31,7:46,-3.20513,35.51887,,,F-097,F-157,,,,,
su03206,2011-08-31,7:46,-3.20513,35.51887,,,F-129,F-161,F-162,,,,
su03207,2011-09-02,6:52,,,den Moldau,,M-242,M-364,,,,,
su03208,2011-09-02,6:52,,,den Moldau,,M-161,M-268,,,,,
su03209,2011-09-02,6:52,,,den Moldau,,M-279,M-361,,,,,
su03210,2011-09-02,8:37,-3.16231,35.56209,den Lagos,,L-146,L-396,,,,,
su03211,2011-09-02,8:37,-3.16231,35.56209,den Lagos,,L-261,L-401,,,,,
su03212,2011-09-02,11:42,-3.15486,35.55683,,,L-273,L-382,,,,,
su03213,2011-09-03,6:51,-3.16231,35.56209,den Lagos,,L-139,L-391,cub,,,,
su03214,2011-09-03,6:51,-3.16231,35.56209,den Lagos,,L-205,L-394,L-395,,,,
su03215,2011-09-03,6:51,-3.16231,35.56209,den Lagos,,L-206,L-399,L-400,,,,
su03216,2011-09-03,6:51,-3.16231,35.56209,den Lagos,,L-273,L-382,,,,,
su03217,2011-09-03,6:51,-3.16231,35.56209,den Lagos,,L-320,L-402,,,,,
su03218,2011-09-05,6:30,,,den Moldau,,M-147,M-363,,,,,
su03219,2011-09-05,7:38,,,den Leslie,,L-225,L-385,,,,,
su03220,2011-09-05,7:47,-3.16231,35.56209,den Lagos,,L-261,L-401,,,,,
su03221,2011-09-06,7:07,,,den Evita,,E-006,E-220,,,,,
su03222,2011-09-06,7:25,-3.16068,35.56222,,,L-246,L-398,,,,,
su03223,2011-09-07,7:35,-3.16231,35.56209,den Lagos,,L-206,L-399,,,,,
su03224,2011-09-07,7:35,-3.16231,35.56209,den Lagos,,L-261,L-401,,,,,
su03225,2011-09-07,8:42,,,den Folepi,,F-103,F-165,,,,,
su03226,2011-09-07,8:47,-3.16231,35.56209,den Lagos,SU L-394 or L-395,L-205,cub,,,,,
su03227,2011-09-07,8:47,-3.16231,35.56209,den Lagos,,L-261,L-401,,,,,
su03228,2011-09-11,6:40,,,den Nioka,"first SU N-197 + N-198, then N-196 + N-198",N-087,N-196,N-197,N-198,,,
su03229,2011-09-11,6:40,,,den Nioka,,N-143,N-200,N-201,,,,
su03230,2011-09-12,6:32,,,den Moldau,,M-260,M-369,M-370,,,,
su03231,2011-09-12,6:50,,,den Lagos,,L-139,L-391,,,,,
su03232,2011-09-12,6:50,,,den Lagos,,L-146,L-396,,,,,
su03233,2011-09-12,6:50,,,den Lagos,SU L-394 or L-395,L-205,cub,,,,,
su03234,2011-09-12,6:50,,,den Lagos,,L-261,L-401,,,,,
su03235,2011-09-12,6:50,,,den Lagos,"brings food (hippo skin), looses it immediately to l-300",L-292,L-386,L-387,,,,
su03236,2011-09-12,6:50,,,den Lagos,,L-300,cub,,,cub,,
su03237,2011-09-13,7:40,,,den Folepi,,F-099,F-171,F-172,,,,
su03238,2011-09-14,6:40,,,den Shumli 2,,S-105,S-174,,,,,
su03239,2011-09-17,6:39,-3.21482,35.56971,,,S-116,S-159,,,,,
su03240,2011-09-17,7:37,-3.21734,35.55902,,,S-084,S-160,,,,,
su03241,2011-09-22,7:28,,,den Lost,,L-261,L-401,,,,,
su03242,2011-09-22,7:36,,,den Shumli 2,,S-131,S-172,S-173,,,,
su03243,2011-09-22,8:20,,,den Leipzig,,L-139,L-391,,,,,
su03244,2011-09-22,8:20,,,den Leipzig,,L-206,L-400,,,,,
su03245,2011-09-23,6:36,,,den Mazepa,,M-201,M-355,,,,,
su03246,2011-09-23,6:36,,,den Mazepa,,M-274,M-362,,,,,
su03247,2011-09-23,6:36,,,den Mazepa,,M-279,M-361,,,,,
su03248,2011-09-23,7:27,,,den Leipzig,,L-246,L-398,,,,,
su03249,2011-09-23,7:27,,,den Leipzig,,L-261,L-401,,,,,
su03250,2011-09-23,7:49,-3.16461,35.56926,,,L-139,L-391,,,,,
su03251,2011-09-25,10:02,,,den Shumli 2,,S-131,S-172,S-173,,,,
su03252,2011-09-26,6:34,,,den Eufori 2,,E-101,E-215,,,,,
su03253,2011-09-26,6:34,,,den Eufori 2,,E-103,E-209,,,,,
su03254,2011-09-26,6:34,,,den Eufori 2,,E-155,E-214,,,,,
su03255,2011-09-26,8:37,,,den Argos 3,,A-106,A-300,,,,,
su03256,2011-09-28,7:35,,,den Alimama 2,,A-164,A-303,A-304,,,,
su03257,2011-09-28,7:35,,,den Alimama 2,SU A-305 or A-306,A-194,cub,,,,,
su03258,2011-09-30,7:20,-3.20729,35.57602,,,S-125,S-163,,,,,
su03259,2011-09-30,7:55,,,den Jackal,,A-119,A-297,,,,,
su03260,2011-09-30,7:55,,,den Jackal,,A-221,A-295,,,,,
su03261,2011-09-30,9:02,-3.20729,35.57602,,,S-125,S-163,,,,,
su03262,2011-09-30,10:14,-3.20729,35.57602,,,S-125,S-163,,,,,
su03263,2011-09-30,17:21,-3.20002,35.57159,den Simple,,S-138,S-167,,,,,
su03264,2011-10-01,6:44,-3.17025,35.56629,den Lausiz,,L-146,L-396,,,,,
su03265,2011-10-01,6:44,-3.17025,35.56629,den Lausiz,,L-205,L-394,,,,,
su03266,2011-10-01,6:44,-3.17025,35.56629,den Lausiz,,L-246,L-398,,,,,
su03267,2011-10-01,6:44,-3.17025,35.56629,den Lausiz,,L-320,L-402,,,,,
su03268,2011-10-01,10:23,-3.20572,35.57724,den Shumli,,S-131,S-172,S-173,,,,
su03269,2011-10-01,16:39,-3.20748,35.57295,,,S-125,S-163,,,,,
su03270,2011-10-01,17:21,-3.20002,35.57159,den Simple,,S-138,S-167,,,,,
su03271,2011-10-02,7:00,,,den Eufori 2,,E-103,E-209,,,,,
su03272,2011-10-03,6:32,-3.20037,35.57933,,,S-116,S-159,,,,,
su03273,2011-10-04,8:07,-3.20357,35.56480,,,S-116,S-159,,,,,
su03274,2011-10-06,7:22,-3.20002,35.57159,den Simple,,S-131,S-172,S-173,,,,
su03275,2011-10-06,8:10,,,den Alimama,,A-259,A-307,,,,,
su03276,2011-10-07,9:22,-3.20002,35.57159,den Simple,,S-131,S-172,S-173,,,,
su03277,2011-10-08,7:20,-3.17025,35.56629,den Lausiz,,L-205,L-394,L-395,,,,
su03278,2011-10-08,7:20,-3.17025,35.56629,den Lausiz,,L-261,L-401,,,,,
su03279,2011-10-08,7:20,-3.17025,35.56629,den Lausiz,,L-292,L-386,L-387,,,,
su03280,2011-10-09,7:16,-3.17025,35.56629,den Lausiz,,L-292,L-386,L-387,,,,
su03281,2011-10-10,6:28,,,den Moldau,,M-099,M-354,,,,,
su03282,2011-10-10,7:19,,,den Fix,,F-099,F-171,F-172,,,,
su03283,2011-10-10,8:36,-3.16900,35.55883,den Locki,,L-206,L-399,L-400,,,,
su03284,2011-10-11,6:44,-3.17025,35.56629,den Lausiz,,L-261,L-401,,,,,
su03285,2011-10-11,6:44,-3.17025,35.56629,den Lausiz,,L-292,L-386,L-387,,,,
su03286,2011-10-11,6:44,-3.17025,35.56629,den Lausiz,,L-320,L-402,,,,,
su03287,2011-10-11,7:17,,,den Fix,SU F-171 or F-172,F-099,cub,,,,,
su03288,2011-10-11,9:41,-3.16900,35.55764,,,L-261,L-401,,,,,
su03289,2011-10-11,9:50,-3.16900,35.55883,den Locki,,L-206,L-399,L-400,,,,
su03290,2011-10-14,6:52,-3.17025,35.56629,den Lausiz,,L-225,L-385,,,,,
su03291,2011-10-14,7:41,-3.16900,35.55883,den Locki,,L-206,L-399,L-400,,,,
su03292,2011-10-15,6:50,-3.17025,35.56629,den Lausiz,SU 1 or 2 cubs,L-261,L-401,,,,,
su03293,2011-10-15,6:50,-3.17025,35.56629,den Lausiz,,L-292,L-386,L-387,,,,
su03294,2011-10-17,6:59,,,den L-218 birth 2,SU L-408 or L-409,L-218,cub,,,,,
su03295,2011-10-18,7:48,-3.16900,35.55883,den Locki,,L-206,L-399,L-400,,,,
su03296,2011-10-18,7:48,-3.16900,35.55883,den Locki,,L-320,L-402,,,,,
su03297,2011-10-20,6:54,-3.16900,35.55883,den Locki,,L-206,L-399,,,,,
su03298,2011-10-20,6:54,-3.16900,35.55883,den Locki,,L-261,L-401,,,,,
su03299,2011-10-21,6:41,-3.16900,35.55883,den Locki,,L-206,L-399,,,,,
su03300,2011-10-21,6:41,-3.16900,35.55883,den Locki,,L-320,L-402,,,,,
su03301,2011-10-23,8:21,-3.16206,35.54710,,,L-225,L-385,,,,,
su03302,2011-10-23,8:48,-3.16900,35.55883,den Locki,,L-250,L-397,,,,,
su03303,2011-10-30,6:58,-3.20002,35.57159,den Simple,,S-105,S-174,S-175,,,,
su03304,2011-10-30,6:58,-3.20002,35.57159,den Simple,,S-131,S-172,S-173,,,,
su03305,2011-10-31,7:03,-3.20002,35.57159,den Simple,,S-131,S-172,S-173,,,,
su03306,2011-11-01,8:31,-3.20002,35.57159,den Simple,,S-105,S-174,S-175,,,,
su03307,2011-11-04,9:50,-3.20002,35.57159,den Simple,,S-105,S-174,S-175,,,,
su03308,2011-11-07,6:52,-3.20002,35.57159,den Simple,,S-131,S-172,S-173,,,,
su03309,2011-11-09,9:09,-3.20002,35.57159,den Simple,,S-105,S-174,S-175,,,,
su03310,2011-11-14,7:39,,,den Nossob,,N-152,N-192,,,,,
su03311,2011-11-16,8:02,-3.15885,35.58514,den Moldau,,M-279,M-361,,,,,
su03312,2011-11-18,8:36,-3.15851,35.54979,,,L-255,L-383,,,,,
su03313,2011-11-20,7:00,-3.19008,35.61617,den Nirvana,,N-128,N-206,,,,,
su03314,2011-11-20,7:30,-3.20350,35.60200,den Namba,,N-143,N-200,N-201,,,,
su03315,2011-11-21,7:32,-3.15885,35.58514,den Moldau,,M-132,M-348,,,,,
su03316,2011-11-21,7:32,-3.15885,35.58514,den Moldau,,M-274,M-362,,,,,
su03317,2011-11-21,7:37,-3.19050,35.61483,den Nama,,N-108,N-193,,,,,
su03318,2011-11-21,8:58,-3.16900,35.55883,den Locki,,L-136,L-403,L-404,,,,
su03319,2011-11-21,8:58,-3.16900,35.55883,den Locki,,L-197,L-410,L-411,,,,
su03320,2011-11-21,8:58,-3.16900,35.55883,den Locki,,L-261,L-401,,,,,
su03321,2011-11-21,11:54,-3.18311,35.56255,,,L-156,L-369,,,,,
su03322,2011-11-22,7:24,-3.17038,35.55686,,,L-261,L-401,,,,,
su03323,2011-11-22,7:44,-3.16900,35.55883,den Locki,,L-218,L-408,,,,,
su03324,2011-11-22,7:44,-3.16900,35.55883,den Locki,,L-300,L-407,,,,,
su03325,2011-11-22,8:18,-3.17104,35.55522,,,L-246,L-398,,,,,
su03326,2011-11-23,7:10,-3.16900,35.55883,den Locki,,L-146,L-396,,,,,
su03327,2011-11-23,7:10,-3.16900,35.55883,den Locki,SU L-408 or L-409,L-218,cub,,,,,
su03328,2011-11-23,7:10,-3.16900,35.55883,den Locki,,L-261,L-401,,,,,
su03329,2011-11-23,7:10,-3.16900,35.55883,den Locki,,L-275,L-405,L-406,,,,
su03330,2011-11-23,7:10,-3.16900,35.55883,den Locki,,L-300,L-407,,,,,
su03331,2011-11-23,7:10,-3.20350,35.60200,den Namba,SU N-196 or N-197 or N-198,N-087,cub,cub,,,,
su03332,2011-11-23,7:10,-3.20350,35.60200,den Namba,,N-089,N-204,,,,,
su03333,2011-11-25,7:06,-3.15885,35.58514,den Moldau,,M-263,M-371,M-372,,,,
su03334,2011-11-25,7:06,-3.15885,35.58514,den Moldau,,M-295,M-375,,,,,
su03335,2011-11-25,7:06,-3.15885,35.58514,den Moldau,,M-305,M-368,,,,,
su03336,2011-11-25,7:07,-3.19050,35.61483,den Nama,,N-143,N-200,,,,,
su03337,2011-11-25,7:47,-3.20350,35.60200,den Namba,maybe su all three cubs (not always the same two),N-087,N-196,N-197,,,,
su03338,2011-11-25,7:47,-3.20350,35.60200,den Namba,,N-089,N-204,,,,,
su03339,2011-11-25,9:15,-3.14831,35.57218,,,E-101,E-215,,,,,
su03340,2011-11-25,9:15,-3.14831,35.57218,,,E-103,E-209,,,,,
su03341,2011-11-26,7:48,-3.20350,35.60200,den Namba,,N-089,N-204,,,,,
su03342,2011-11-26,8:00,,,den Eureka,,E-145,E-207,,,,,
su03343,2011-11-26,10:43,-3.19050,35.61483,den Nama,,N-152,N-202,,,,,
su03344,2011-11-26,17:20,-3.14491,35.57819,,,E-095,E-195,E-196,,E-195,,
su03345,2011-11-27,6:58,,,den Nirvana,,N-089,N-204,,,,,
su03346,2011-11-27,7:09,,,den Nirvana,,N-087,N-197,N-198,,,,
su03347,2011-11-27,7:09,,,den Nirvana,,N-152,N-202,,,,,
su03348,2011-11-27,8:03,-3.16900,35.55883,den Locki,,L-146,L-396,,,,,
su03349,2011-11-27,8:03,-3.16900,35.55883,den Locki,,L-197,L-410,L-411,,,,
su03350,2011-11-27,8:03,-3.16900,35.55883,den Locki,,L-206,L-399,L-400,,,,
su03351,2011-11-27,8:03,-3.16900,35.55883,den Locki,,L-261,L-401,,,,,
su03352,2011-11-27,8:03,-3.16900,35.55883,den Locki,,L-320,L-402,,,,,
su03353,2011-11-27,9:25,-3.17380,35.56546,,,L-246,L-398,,,,,
su03354,2011-11-27,9:25,-3.17363,35.56580,,,L-292,L-386,L-387,,,,
su03355,2011-11-27,9:49,-3.14804,35.57233,,,E-156,E-213,,,,,
su03356,2011-11-27,16:58,,,den Nama,,N-128,N-206,N-207,,,,
su03357,2011-11-27,16:58,,,den Nama,,N-152,N-202,,,,,
su03358,2011-12-01,7:10,,,den Naropa,,N-089,N-204,,,,,
su_20111202_0655_N-108,2011-12-02,6:55,-3.19339,35.60950,,,N-108,N-193,,,,,
su03360,2011-12-03,7:02,,,den Simple,,S-127,S-176,S-177,S-178,,,
su03361,2011-12-05,9:57,,,den Simple,,S-127,S-177,,,,,
su03362,2011-12-05,7:18,-3.19089,35.61111,den Naropa,,N-089,N-204,,,,,
su03363,2011-12-11,6:49,-3.18975,35.61304,,,N-087,N-196,N-197,,,,
su03364,2011-12-11,6:54,,,den Naropa,,N-089,N-204,,,,,
su03365,2011-12-12,7:00,,,den Naropa,,N-152,N-202,,,,,
su03366,2011-12-13,9:05,,,den Naropa,,N-089,N-204,,,,,
su03367,2011-12-13,9:05,,,den Naropa,,N-152,N-202,,,,,
su03368,2011-12-14,6:45,,,den Naropa,,N-089,N-204,,,,,
su03369,2011-12-14,6:45,,,den Naropa,,N-152,N-202,,,,,
su03370,2011-12-14,8:00,,,den Naropa,,N-143,N-200,N-201,,,,
su03371,2011-12-15,6:45,-3.19089,35.61111,den Naropa,,N-089,N-204,,,,,
su03372,2011-12-15,6:45,-3.19089,35.61111,den Naropa,,N-152,N-202,,,,,
su03373,2012-01-28,6:58,-3.19350,35.57300,den Logozo,,S-120,S-179,,,,,
su03374,2012-01-31,6:55,-3.19350,35.57300,den Logozo,,S-128,S-186,,,,,
su03375,2012-02-03,9:06,-3.19350,35.57300,den Logozo,SU 1 or 2 cubs,S-128,S-186,,,,,
su03376,2012-02-03,17:07,-3.19350,35.57300,den Logozo,,S-105,S-174,S-175,,,,
su03377,2012-02-05,9:25,-3.19350,35.57300,den Logozo,,S-128,S-186,,,,,
su03378,2012-02-07,9:11,-3.19350,35.57300,den Logozo,,S-129,S-185,,,,,
su03379,2012-02-10,15:30,-3.19350,35.57300,den Logozo,,S-086,S-182,S-183,,,,
su03380,2012-02-10,15:30,-3.19350,35.57300,den Logozo,,S-128,S-186,,,,,
su03381,2012-02-10,15:30,-3.19350,35.57300,den Logozo,SU S-184 or S-185,S-129,cub,,,,,
su03382,2012-02-10,15:40,-3.19390,35.57284,,,S-105,S-175,,,,,
su03383,2012-02-12,6:37,,,den Namanga,,N-087,N-196,N-197,,,,
su03384,2012-02-12,6:37,,,den Namanga,,N-130,N-205,,,,,
su03385,2012-02-14,6:41,,,den Namanga,SU N-196 or N-197 or N-198,N-087,cub,cub,,,,
su03386,2012-02-14,6:41,,,den Namanga,,N-143,N-200,N-201,,,,
su03387,2012-02-15,7:04,,,den Namanga,,N-154,N-209,,,,,
su03388,2012-02-16,6:55,,,den Namanga,SU N-196 or N-197 or N-198,N-087,cub,cub,,,,
su03389,2012-02-16,6:55,,,den Namanga,,N-128,N-206,N-207,,,,
su03390,2012-02-17,7:42,,,den Namanga,,N-152,N-202,,,,,
su03391,2012-02-19,7:51,,,den Namanga,SU N-196 or N-197 or N-198,N-087,cub,cub,,,,
su03392,2012-02-19,7:51,,,den Namanga,,N-130,N-205,,,,,
su03393,2012-02-19,7:51,,,den Namanga,,N-152,N-202,,,,,
su03394,2012-02-21,6:47,,,den Namanga,,N-128,N-207,,,,,
su03395,2012-02-22,7:28,,,den Namanga,,N-154,N-209,,,,,
su03396,2012-02-25,7:49,-3.16900,35.55883,den Locki,,L-335,L-417,L-419,,,,
su03397,2012-02-29,7:25,-3.16900,35.55883,den Locki,,L-205,L-413,L-414,,,,
su03398,2012-03-01,16:23,-3.17508,35.54856,,,L-261,L-401,,,,,
su03399,2012-03-02,7:08,-3.17129,35.56069,,,L-275,L-405,L-406,,,,
su03400,2012-03-03,7:25,,,den Simple,,S-127,S-177,S-178,,,,
su03401,2012-03-09,8:25,-3.19350,35.57300,den Logozo,,S-138,S-180,S-181,,,,
su03402,2012-03-11,7:03,,,den Namanga,,N-128,N-206,N-207,,,,
su03403,2012-03-11,7:03,,,den Namanga,,N-152,N-202,,,,,
su03404,2012-03-15,6:38,-3.16900,35.55883,den Locki,,L-162,L-418,,,,,
su03405,2012-03-15,6:38,-3.16900,35.55883,den Locki,,L-300,L-407,,,,,
su03406,2012-03-15,6:38,-3.16900,35.55883,den Locki,,L-320,L-402,,,,,
su03407,2012-03-15,6:38,-3.16900,35.55883,den Locki,,L-336,L-416,,,,,
su03408,2012-03-16,6:32,,,den Namanga,,N-152,N-202,,,,,
su03409,2012-03-16,6:32,,,den Namanga,,N-172,N-210,N-211,,,,
su03410,2012-03-16,7:39,-3.16900,35.55883,den Locki,,L-136,L-403,L-404,,,,
su03411,2012-03-16,7:39,-3.16900,35.55883,den Locki,,L-162,L-418,,,,,
su03412,2012-03-16,7:39,-3.16900,35.55883,den Locki,,L-218,L-408,L-409,,,,
su03413,2012-03-16,7:39,-3.16900,35.55883,den Locki,,L-335,L-419,,,,,
su03414,2012-03-25,6:47,,,den Namanga,,N-128,N-206,N-207,,,,
su03415,2012-03-25,7:50,-3.19350,35.57300,den Logozo,,S-086,S-182,S-183,,,,
su03416,2012-03-26,7:03,-3.19350,35.57300,den Logozo,,S-125,S-188,S-189,,,,
su03417,2012-03-26,7:03,-3.19350,35.57300,den Logozo,,S-128,S-186,,,,,
su03418,2012-03-26,7:03,-3.19350,35.57300,den Logozo,,S-129,S-184,S-185,,,,
su03419,2012-03-27,7:16,-3.19350,35.57300,den Logozo,,S-120,S-179,,,,,
su03420,2012-03-27,7:16,-3.19350,35.57300,den Logozo,,S-125,S-188,S-189,,,,
su03421,2012-03-27,7:16,-3.19350,35.57300,den Logozo,SU S-184 or S-185,S-129,cub,,,,,
su03422,2012-03-28,16:02,-3.19350,35.57300,den Logozo,SU S-188 or S-189,S-125,cub,,,,,
su03423,2012-03-28,16:02,-3.19350,35.57300,den Logozo,,S-128,S-186,,,,,
su03424,2012-03-28,16:21,-3.19133,35.57261,,,S-131,S-172,S-173,,,,
su03425,2012-03-29,7:08,-3.19350,35.57300,den Logozo,,S-086,S-182,S-183,,,,
su03426,2012-03-29,7:08,-3.19350,35.57300,den Logozo,,S-128,S-186,,,,,
su03427,2012-03-29,8:54,-3.19350,35.57300,den Logozo,,S-138,S-180,S-181,,,,
su03428,2012-04-01,8:28,-3.19350,35.57300,den Logozo,,S-125,S-188,S-189,,,,
su03429,2012-04-01,8:28,-3.19350,35.57300,den Logozo,,S-128,S-186,,,,,
su03430,2012-04-03,8:01,,,den Namanga,,N-154,N-209,,,,,
su03431,2012-04-04,9:03,-3.19350,35.57300,den Logozo,,S-125,S-188,S-189,,,,
su03432,2012-04-04,9:03,-3.19350,35.57300,den Logozo,,S-127,S-176,,,,,
su03433,2012-04-04,9:03,-3.19350,35.57300,den Logozo,,S-129,S-184,S-185,,,,
su03434,2012-04-08,9:24,-3.20132,35.60366,,,N-087,N-197,N-198,,,,
su03435,2012-04-10,9:12,,,den Naropa,,N-152,N-202,,,,,
su03436,2012-04-11,9:23,,,den Naropa,,N-128,N-206,N-207,,,,
su03437,2012-04-11,10:06,-3.17299,35.65620,,,L-206,L-399,L-400,,,,
su03438,2012-04-15,7:05,,,den Naropa,,N-128,N-206,N-207,,,,
su03439,2012-04-16,7:18,,,den Naropa,,N-128,N-206,N-207,,,,
su03440,2012-04-16,7:18,,,den Naropa,,N-151,N-203,,,,,
su03441,2012-04-16,7:18,,,den Naropa,,N-172,N-210,N-211,,,,
su03442,2012-04-17,8:26,-3.17837,35.56870,,,L-250,L-397,,,,,
su03443,2012-04-17,8:50,-3.17005,35.55813,,,L-197,L-411,,,,,
su03444,2012-04-19,16:06,-3.16900,35.55883,den Locki,SU L-417 or L-419,L-335,cub,,,,,
su03445,2012-04-27,9:17,-3.18668,35.58314,,,S-105,S-174,S-175,,,,
su03446,2012-04-27,9:17,-3.18668,35.58314,,,S-120,S-179,,,,,
su03447,2012-04-30,9:32,-3.17218,35.55488,,,L-246,L-398,,,,,
su03448,2012-05-01,7:16,-3.16900,35.55883,den Locki,,L-336,L-416,L-417,,L-417,,
su03449,2012-05-02,16:50,,,den Argentina 3,,A-233,A-316,A-317,,,,
su03450,2012-05-04,8:26,-3.17209,35.53971,,,L-225,L-385,,,,,
su03451,2012-05-05,7:00,,,den Moldau,,M-232,M-367,,,,,
su03452,2012-05-05,7:00,,,den Moldau,"brought cub to den, one of her cubs has notch l:1",M-234,M-379,M-380,,,,
su03453,2012-05-05,9:30,-3.16900,35.55883,den Locki,"food at den (wi head), cubs cw on it",L-265,L-412,,,,,
su03454,2012-05-08,9:56,-3.19373,35.57360,,,S-138,S-181,,,,,
su03455,2012-05-11,7:35,-3.16900,35.55883,den Locki,,L-136,L-403,L-404,,,,
su03456,2012-05-11,7:35,-3.16900,35.55883,den Locki,,L-205,L-413,L-414,,,,
su03457,2012-05-12,6:40,-3.19350,35.57300,den Logozo,,S-086,S-182,S-183,,,,
su03458,2012-05-12,6:40,-3.19350,35.57300,den Logozo,,S-125,S-188,S-189,,,,
su03459,2012-05-12,6:40,-3.19350,35.57300,den Logozo,,S-127,S-176,S-177,,,,
su03460,2012-05-12,8:13,-3.19494,35.57135,,,S-131,S-172,S-173,,,,
su03461,2012-05-13,6:30,,,den Moldau,,M-283,M-378,,,,,
su03462,2012-05-13,6:30,,,den Moldau,,M-305,M-368,,,,,
su03463,2012-05-14,7:20,,,den Argentina 2,,A-145,A-321,,,,,
su03464,2012-05-14,7:20,,,den Argentina 2,,A-206,A-308,A-309,,,,
su03465,2012-05-14,10:38,-3.16255,35.51868,,,A-119,A-297,,,,,
su03466,2012-05-16,11:10,-3.20230,35.52204,,,F-099,F-171,F-172,,,,
su03467,2012-05-19,6:47,-3.19350,35.57300,den Logozo,,S-128,S-186,,,,,
su03468,2012-05-19,6:47,-3.19350,35.57300,den Logozo,,S-138,S-180,,,,,
su03469,2012-05-22,6:43,-3.16900,35.55883,den Locki,,L-281,L-420,L-421,,,,
su03470,2012-05-23,7:40,-3.16900,35.55883,den Locki,,L-162,L-418,,,,,
su03471,2012-05-23,7:40,-3.16900,35.55883,den Locki,,L-265,L-412,,,,,
su03472,2012-05-23,15:40,-3.16900,35.55883,den Locki,,L-281,L-420,L-421,,,,
su03473,2012-05-24,7:10,-3.23526,35.53286,,,T-104,T-149,T-150,,,,
su03474,2012-05-24,7:10,-3.23526,35.53286,,,T-158,T-146,,,,,
su03475,2012-05-25,7:25,,,den Argentina 2,,A-102,A-324,,,,,
su03476,2012-05-25,7:25,,,den Argentina 2,,A-116,A-322,,,,,
su03477,2012-05-27,6:40,-3.16900,35.55883,den Locki,,L-151,L-415,,,,,
su03478,2012-05-27,8:50,,,den Argentina,,A-178,A-323,,,,,
su03479,2012-05-27,10:33,-3.15138,35.51720,,,A-259,A-307,,,,,
su03480,2012-05-28,7:58,-3.19350,35.57300,den Logozo,,S-127,S-176,S-177,,,,
su03481,2012-05-28,7:58,-3.19350,35.57300,den Logozo,,S-128,S-186,,,,,
su03482,2012-05-28,7:58,-3.19350,35.57300,den Logozo,,S-138,S-180,S-181,,,,
su03483,2012-05-28,7:58,-3.19350,35.57300,den Logozo,,S-153,S-190,S-191,,,,
su03484,2012-05-29,7:00,-3.16900,35.55883,den Locki,,L-197,L-410,L-411,,,,
su03485,2012-05-29,8:00,,,den Argentina,,A-139,A-311,A-312,,,,
su03486,2012-05-29,8:00,,,den Argentina,,A-140,A-314,,,,,
su03487,2012-05-29,8:47,-3.20243,35.52147,,,F-138,F-175,F-176,,,,
su03488,2012-05-30,6:35,-3.19350,35.57300,den Logozo,,S-138,S-180,S-181,,,,
su03489,2012-05-30,7:55,-3.16900,35.55883,den Locki,"skin of dead hy at den, missing cubs are l-406, l-408, l-409 - genetics show that dead cub was l-406",L-205,L-413,L-414,,,,
su03490,2012-05-30,7:55,-3.16900,35.55883,den Locki,,L-281,L-420,L-421,,,,
su03491,2012-05-30,7:55,-3.16900,35.55883,den Locki,,L-335,L-417,L-419,,,,
su03492,2012-05-30,7:55,-3.16900,35.55883,den Locki,,L-336,L-416,,,,,
su03493,2012-09-10,8:09,-3.20188,35.56439,,,S-120,S-179,,,,,
su03494,2012-09-11,6:45,,,den Simple,,S-084,S-195,,,,,
su03495,2012-09-11,6:45,,,den Simple,,S-116,S-187,,,,,
su03496,2012-09-11,7:32,,,den Soleil,,S-153,S-190,S-191,,,,
su03497,2012-09-11,9:02,,,den Soleil,,S-153,S-190,S-191,,,,
su03498,2012-09-12,6:40,-3.17443,35.61038,,,M-274,M-362,,,,,
su03499,2012-09-12,7:43,,,den Simple,,S-084,S-195,,,,,
su03500,2012-09-12,7:43,,,den Simple,,S-105,S-193,S-194,,,,
su03501,2012-09-12,9:00,-3.20211,35.57667,,,S-128,S-186,,,,,
su03502,2012-09-12,9:08,,,den Simple,,S-084,S-195,,,,,
su03503,2012-09-12,9:08,,,den Simple,,S-105,S-193,S-194,,,,
su03504,2012-09-13,8:36,-3.20306,35.58521,,,S-120,S-179,,,,,
su03505,2012-09-13,9:28,-3.16900,35.55883,den Locki 2,,L-258,L-423,,,,,
su03506,2012-09-14,7:16,,,den Simple,,S-084,S-195,,,,,
su03507,2012-09-15,6:49,,,den Nama,,N-151,N-203,,,,,
su03508,2012-09-15,9:10,-3.19773,35.57024,,,S-125,S-188,S-189,,,,
su03509,2012-09-17,6:52,,,den Argos 2,,A-194,A-326,A-327,,,,
su03510,2012-09-17,7:27,,,den Argos 3,,A-233,A-316,,,,,
su03511,2012-09-18,6:55,,,den Argos 4,,A-195,A-328,A-329,A-330,,,
su03512,2012-09-18,6:55,,,den Argos 4,,A-227,A-318,A-319,,,,
su03513,2012-09-18,6:55,,,den Argos 4,,A-250,A-333,,,,,
su03514,2012-09-19,9:05,,,den Simple,,S-084,S-195,,,,,
su03515,2012-09-19,9:05,,,den Simple,,S-105,S-193,S-194,,,,
su03516,2012-09-20,7:59,-3.16230,35.56533,,,L-275,L-405,,,,,
su03517,2012-09-21,6:58,,,den Argos 4,,A-194,A-326,A-327,,,,
su03518,2012-09-21,6:58,,,den Argos 3,,A-227,A-318,A-319,,,,
su03519,2012-09-21,6:58,,,den Argos 3,,A-230,A-331,A-332,,,,
su03520,2012-09-21,6:58,,,den Argos 4,,A-233,A-316,,,,,
su03521,2012-09-21,15:45,,,den Sobai,,S-127,S-177,,,,,
su03522,2012-09-21,15:45,,,den Sobai,,S-153,S-190,S-191,,,,
su03523,2012-09-23,6:58,,,den Argos 4,,A-194,A-326,A-327,,,,
su03524,2012-09-23,6:58,,,den Argos 3,,A-233,A-316,,,,,
su03525,2012-09-23,10:04,-3.20462,35.52134,,,F-130,F-179,,,,,
su03526,2012-09-24,7:34,-3.15773,35.58531,,,M-279,M-361,,,,,
su03527,2012-09-24,7:48,,,den Sobai,,S-153,S-190,S-191,,,,
su03528,2012-09-24,8:06,,,den Simple,,S-105,S-193,S-194,,,,
su03529,2012-09-24,8:16,-3.20555,35.57398,,SU S-184 or S-185,S-129,cub,,,,,
su03530,2012-09-24,8:44,-3.19609,35.56248,,,S-138,S-180,S-181,,,,
su03531,2012-09-24,8:45,,,den Sobai,,S-153,S-190,,,,,
su03532,2012-09-25,7:20,,,den Lestat,,L-258,L-423,,,,,
su03533,2012-09-26,7:37,,,den Lestat,,L-205,L-413,L-414,,,,
su03534,2012-09-26,7:37,,,den Lestat,,L-258,L-423,,,,,
su03535,2012-09-26,7:37,,,den Lestat,,L-320,L-425,L-426,,,,
su03536,2012-09-27,8:33,,,den Folepi,,F-129,F-181,F-182,,,,
su03537,2012-09-28,7:18,,,den Sobai,,S-128,S-186,,,,,
su03538,2012-09-28,7:18,,,den Sobai,,S-153,S-190,S-191,,,,
su03539,2012-09-28,9:04,,,den Simple,,S-084,S-195,,,,,
su03540,2012-09-29,6:56,,,den Lemburis 2,,L-292,L-424,,,,,
su03541,2012-09-29,9:04,,,den Simple,,S-084,S-195,,,,,
su03542,2012-09-30,7:23,,,den Lestat,,L-292,L-424,,,,,
su03543,2012-10-01,7:19,-3.16528,35.56239,,,L-136,L-403,,,,,
su03544,2012-10-01,7:28,,,den Lestat,,L-320,L-425,L-426,,,,
su03545,2012-10-02,6:43,,,den Lestat,cub of L-255 8 days old,L-255,L-427,,,,,
su03546,2012-10-03,7:00,,,den Lestat,,L-258,L-423,,,,,
su03547,2012-10-03,8:14,-3.20084,35.56751,,,S-086,S-182,S-183,,,,
su03548,2012-10-05,7:16,,,den Lestat,,L-258,L-423,,,,,
su03549,2012-10-06,6:33,,,den Nama,,N-134,N-208,,,,,
su03550,2012-10-06,6:43,,,den Lestat,,L-255,L-427,,,,,
su03551,2012-10-06,6:43,,,den Lestat,,L-258,L-423,,,,,
su03552,2012-10-07,6:48,,,den Nama,,N-089,N-214,,,,,
su03553,2012-10-07,7:04,,,den Morast,,M-180,M-382,,,,,
su03554,2012-10-07,7:27,-3.17267,35.57483,,,L-265,L-412,,,,,
su03555,2012-10-07,7:54,-3.16826,35.56379,den Lestat,,L-258,L-423,,,,,
su03556,2012-10-07,8:18,,,den Simple,,S-084,S-195,,,,,
su03557,2012-10-07,8:18,,,den Simple,,S-105,S-193,S-194,,,,
su03558,2012-10-07,8:21,-3.16267,35.54720,,,L-300,L-405,,,,,
su03559,2012-10-08,7:14,,,den Lestat,,L-160,L-422,,,,,
su03560,2012-10-08,7:14,,,den Lestat,,L-258,L-423,,,,,
su03561,2012-10-09,6:57,,,den Lestat,,L-320,L-425,L-426,,,,
su03562,2012-10-10,17:25,,,den Lestat,,L-258,L-423,,,,,
su03563,2012-10-11,7:15,,,den Lestat,,L-258,L-423,,,,,
su03564,2012-10-11,7:20,,,den Nama,,N-089,N-214,,,,,
su03565,2012-10-14,6:39,,,den Nama,,N-089,N-214,,,,,
su03566,2012-10-14,7:50,,,den Lestat,,L-160,L-422,,,,,
su03567,2012-10-14,9:15,,,den Lestat,,L-255,L-427,,,,,
su03568,2012-10-15,6:35,,,den Nama,,N-089,N-214,,,,,
su03569,2012-10-18,7:10,,,den Lestat,,L-160,L-422,,,,,
su03570,2012-10-18,7:10,,,den Lestat,,L-335,L-417,L-419,,,,
su03571,2012-10-19,7:03,-3.16830,35.60461,,,M-243,M-365,M-366,,,,
su03572,2012-10-20,6:50,,,den Morast 2,,M-180,M-382,,,,,
su03573,2012-10-20,6:50,,,den Morast 2,,M-242,M-385,M-386,,,,
su03574,2012-10-22,7:38,,,den Simple,,S-105,S-193,S-194,,,,
su03575,2012-10-23,7:53,-3.19899,35.57375,,,S-128,S-186,,,,,
su03576,2012-10-23,7:53,,,den Simple,,S-084,S-195,,,,,
su03577,2012-10-23,7:53,,,den Simple,,S-105,S-193,S-194,,,,
su03578,2012-10-26,7:26,-3.20432,35.57465,,,S-125,S-188,S-189,,,,
su03579,2012-10-26,8:20,-3.19238,35.56278,,,S-138,S-180,S-181,,,,
su03580,2012-10-27,7:50,-3.20221,35.57843,,,S-125,S-188,S-189,,,,
su03581,2012-10-27,8:03,-3.20627,35.57400,,,S-128,S-186,,,,,
su03582,2012-10-28,7:36,-3.20174,35.57939,,,S-129,S-184,S-185,,,,
su03583,2012-10-29,7:24,-3.20280,35.58305,,,S-127,S-177,,,,,
su03584,2012-10-29,10:10,-3.19229,35.56277,,SU S-180 or S-181,S-138,cub,,,,,
su03585,2012-10-29,10:11,-3.19200,35.56275,,,S-131,S-172,S-173,,,,
su03586,2012-11-02,12:09,-3.19811,35.57397,,,S-138,S-180,S-181,,,,
su03587,2012-11-02,12:13,-3.19832,35.57556,,,S-128,S-186,,,,,
su03588,2012-11-02,13:28,-3.19408,35.56946,,,S-125,S-188,S-189,,,,
su03589,2012-11-02,13:38,-3.20031,35.57254,,,S-127,S-177,,,,,
su03590,2012-11-04,17:30,-3.20240,35.56419,,,S-129,S-185,,,,,
su03591,2012-11-06,8:50,-3.19847,35.57124,,,S-138,S-180,S-181,,,,
su03592,2012-11-07,6:44,,,den Morast 2,,M-180,M-382,,,,,
su03593,2012-11-07,6:44,,,den Morast 2,,M-201,M-384,,,,,
su03594,2012-11-07,6:44,,,den Morast 2,,M-295,M-381,,,,,
su03595,2012-11-07,8:19,,,den Lestat,,L-160,L-422,,,,,
su03596,2012-11-07,16:35,,,den Simple,SU S-193 or S-194,S-105,cub,,,,,
su03597,2012-11-08,6:52,,,den Morast 2,,M-201,M-384,,,,,
su03598,2012-11-12,7:13,,,den Morast 2,,M-287,M-383,,,,,
su03599,2012-11-12,7:13,,,den Morast 2,,M-295,M-381,,,,,
su03600,2012-11-12,7:40,,,den Evita,,E-103,E-209,,,,,
su03601,2012-11-12,8:32,,,den Evita,,E-103,E-231,E-232,,,,
su03602,2012-11-17,7:05,,,den Eufori 2,,E-158,E-225,,,,,
su03603,2012-11-17,7:05,,,den Evita,cub(s) of E-162 not seen but based on sound of whining estimated to be about 10 days old,E-162,E-223,E-229,,,,
su03604,2012-11-19,8:05,,,den Evita,,E-139,E-233,E-234,,,,
su03605,2012-11-21,7:16,,,den Eufori 2,,E-139,E-233,E-234,,,,
su03606,2012-11-21,8:02,-3.16896,35.56261,,,L-336,L-416,,,,,
su03607,2012-11-23,6:40,,,den Airolo,,A-194,A-326,A-327,,,,
su03608,2012-11-24,6:42,-3.16436,35.57238,,,L-160,L-422,,,,,
su03609,2012-11-24,7:09,-3.16962,35.56432,,,L-320,L-425,L-426,,,,
su03610,2012-11-24,7:17,-3.15094,35.51577,,,A-238,A-313,,,A-313,,
su03611,2012-11-24,9:06,-3.15055,35.51548,,,A-238,A-313,,,A-313,,
su03612,2012-11-24,9:14,-3.14992,35.51662,,"SU A-328 + A-329, later also A-330",A-195,A-328,A-329,A-330,,,
su03613,2012-11-29,6:56,,,den Lestat,,L-258,L-423,,,,,
su03614,2012-11-29,7:09,-3.17016,35.55669,,,L-335,L-417,L-419,,,,
su03615,2012-11-30,7:09,-3.17099,35.56205,,,L-160,L-422,,,,,
su03616,2012-11-30,7:13,,,den Leck,,L-160,L-422,,,,,
su03617,2012-12-01,6:58,-3.15166,35.63970,,,M-268,M-362,,,M-362,,
su03618,2012-12-01,8:37,-3.19155,35.57225,,,S-128,S-186,,,,,
su03619,2012-12-01,17:34,-3.18839,35.57217,,,S-128,S-186,,,,,
su_20130224_0645_A-195,2013-01-24,6:45,,,den Amrit,"SU A-328 + A-329, A-330 fails to get access, but can su later at resting place",A-195,A-328,A-329,A-330,,,
su03621,2013-02-14,8:42,-3.20572,35.55099,,,S-105,S-193,S-194,,,,
su03622,2013-02-15,6:35,,,den Moldau,,M-243,M-387,M-388,,,,
su03623,2013-02-15,6:35,,,den Moldau,,M-295,M-381,,,,,
su03624,2013-02-15,7:24,-3.16073,35.57761,,,M-232,M-367,,,,,
su03625,2013-02-15,8:20,-3.18595,35.56919,,,S-129,S-184,S-185,,,,
su03626,2013-02-15,8:25,-3.18611,35.56955,,,S-125,S-188,S-189,,,,
su03627,2013-02-18,6:50,,,den Moldau,,M-180,M-382,,,,,
su03628,2013-02-18,7:34,-3.17917,35.57083,den Lake,,L-156,L-432,,,,,
su03629,2013-02-18,10:31,,,den S-152 birth,,S-152,S-196,,,,,
su03630,2013-02-22,8:37,,,den Lake,,L-205,L-428,L-429,,,,
su03631,2013-02-25,6:50,,,den Namanga,,N-102,N-217,N-218,,,,
su03632,2013-02-25,6:50,,,den Namanga,,N-108,N-215,N-216,,,,
su03633,2013-02-25,6:50,,,den Namanga,,N-175,N-212,N-213,,,,
su03634,2013-02-26,7:10,-3.18805,35.57586,,,S-129,S-184,S-185,,,,
su03635,2013-02-26,7:48,-3.20569,35.56084,,,S-116,S-187,,,,,
su03636,2013-03-03,6:55,,,den Mazepa,,M-242,M-385,M-386,,,,
su03637,2013-03-03,7:16,,,den Simple 2,,S-084,S-195,,,,,
su03638,2013-03-03,7:16,,,den S-152 birth,,S-138,S-197,,,,,
su03639,2013-03-03,7:52,,,den Luchs,,L-205,L-428,L-429,,,,
su03640,2013-03-03,7:52,,,den Luchs,,L-258,L-423,,,,,
su03641,2013-03-04,7:09,,,den Namanga,,N-108,N-215,N-216,,,,
su03642,2013-03-04,7:52,,,den Moldau,,M-243,M-387,M-388,,,,
su03643,2013-03-04,9:03,-3.20570,35.57376,,,S-129,S-184,S-185,,,,
su03644,2013-03-05,7:13,,,den Argentina,,A-194,A-326,A-327,,,,
su03645,2013-03-05,7:13,,,den Argentina,,A-195,A-328,A-329,,,,
su03646,2013-03-05,7:17,,,den Simple 2,,S-084,S-195,,,,,
su03647,2013-03-05,7:35,-3.20132,35.57004,,,S-084,S-195,,,,,
su03648,2013-03-06,16:10,,,den Argentina,SU A-328 or A-329,A-195,cub,,,,,
su03649,2013-03-07,8:52,,,den Mazepa,,M-243,M-387,M-388,,,,
su03650,2013-03-09,6:49,-3.13002,35.57463,,,E-158,E-225,,,,,
su03651,2013-03-10,7:32,,,den Engolong,,E-139,E-233,E-234,,,,
su03652,2013-03-10,7:32,,,den Engolong,SU E-235 or E-236,E-160,cub,,,,,
su03653,2013-03-12,8:24,,,den Engolong,SU E-235 or E-236,E-160,cub,,,,,
su03654,2013-03-05,8:28,-3.20350,35.56868,,,S-084,S-195,,,,,
su03655,2013-04-14,7:35,-3.16900,35.55883,den Locki,,L-292,L-434,,,,,
su03656,2013-04-14,8:20,,,den Lagos,,L-261,L-438,,,,,
su03657,2013-04-14,11:03,,,den Namanga,suckling 1 or 2 cubs,N-130,N-220,,,,,
su03658,2013-04-15,7:14,-3.16900,35.55883,den Locki,,L-205,L-428,L-429,,,,
su03659,2013-03-16,7:55,-3.19287,35.60822,,,N-175,N-212,N-213,,,,
su03660,2013-03-20,8:12,,,den Simple2,,S-084,S-195,,,,,
su03661,2013-03-28,14:24,-3.20366,35.56915,,,S-084,S-195,,,,,
su03662,2013-03-30,7:25,,,den Simple2,,S-165,S-200,,,,,
su03663,2013-03-30,8:43,,,den Simple2,,S-165,S-200,,,,,
su03664,2013-04-08,9:03,-3.19828,35.60423,,,N-134,N-208,,,,,
su03665,2013-04-08,10:46,-3.19684,35.60526,,,N-134,N-208,,,,,
su03666,2013-04-20,7:07,-3.16900,35.55883,den Locki,,L-273,L-436,L-437,,,,
su03667,2013-04-22,7:00,,,den Messi,,M-242,M-385,M-386,,,,
su03668,2013-04-22,7:40,-3.16900,35.55883,den Locki,,L-205,L-428,L-429,,,,
su03669,2013-04-22,7:40,-3.16900,35.55883,den Locki,,L-250,L-433,,,,,
su03670,2013-04-22,7:40,-3.16900,35.55883,den Locki,,L-273,L-436,L-437,,,,
su03671,2013-04-24,7:00,-3.15767,35.59359,,,M-287,M-383,,,,,
su03672,2013-04-24,7:20,-3.16900,35.55883,den Locki,,L-273,L-436,L-437,,,,
su03673,2013-04-25,6:48,-3.16900,35.55883,den Locki,,L-206,L-430,L-431,,,,
su03674,2013-04-25,6:48,-3.16900,35.55883,den Locki,,L-292,L-434,L-435,,,,
su03675,2013-04-27,7:22,,,den Argentina 2,,A-195,A-328,A-329,,,,
su03676,2013-04-27,7:22,,,den Argentina 2,,A-259,A-334,A-335,,,,
su03677,2013-04-28,7:13,,,den Argentina 2,,A-259,A-334,A-335,,,,
su03678,2013-04-28,7:17,-3.16798,35.55778,,,L-258,L-423,,,,,
su03679,2013-04-28,9:14,,,den Alimama,,A-250,A-333,,,,,
su03680,2013-04-28,9:26,-3.16798,35.55778,,,L-258,L-423,,,,,
su03681,2013-04-29,7:48,-3.21090,35.56319,,,S-086,S-182,S-183,,,,
su03682,2013-04-30,6:54,,,den Argentina 2,,A-259,A-334,A-335,,,,
su03683,2013-05-06,7:05,-3.16900,35.55883,den Locki,,L-273,L-436,L-437,,,,
su03684,2013-05-09,16:10,-3.16900,35.55883,den Locki,,L-205,L-428,L-429,,,,
su03685,2013-05-09,16:45,-3.16963,35.55692,,,L-258,L-423,,,,,
su03686,2013-05-12,7:13,,,den S-166 birth,,S-166,S-201,S-202,,,,
su03687,2013-05-18,8:10,-3.21209,35.55747,,,S-125,S-188,S-189,,,,
su03688,2013-05-19,6:55,-3.16900,35.55883,den Locki,,L-250,L-433,,,,,
su03689,2013-05-19,7:10,-3.16654,35.55842,,,L-320,L-425,L-426,,,,
su03690,2013-05-21,8:59,-3.16900,35.55883,den Locki 2,,S-139,S-203,S-204,,,,
su03691,2013-05-23,9:25,,,den S-166 birth,,S-166,S-201,S-202,,,,
su03692,2013-05-26,6:43,-3.17566,35.55707,,,L-320,L-425,L-426,,,,
su03693,2013-05-26,6:47,-3.16900,35.55883,den Locki,,L-206,L-430,L-431,,,,
su03694,2013-05-26,6:47,-3.16900,35.55883,den Locki,,L-261,L-438,,,,,
su03695,2013-05-28,7:16,,,den Argentina,,A-250,A-333,,,,,
su03696,2013-05-28,8:12,,,den Argentina 2,,A-259,A-334,A-335,,,,
su03697,2013-11-19,6:55,-3.19566,35.57217,,,S-131,S-206,S-207,,,,
su03698,2013-11-21,6:34,,,den Sobai 2,,S-127,S-214,,,,,
su03699,2013-11-21,6:34,,,den Sobai 2,,S-166,S-201,S-202,,,,
su03700,2013-11-22,7:53,,,den Shumli,,S-152,S-215,,,,,
su03701,2013-11-25,6:34,,,den Evita,,E-160,E-235,E-236,,,,
su03702,2013-11-25,6:34,,,den Evita,,E-185,E-244,E-245,,,,
su03703,2013-11-25,9:15,,,den Mahali,about 18 days old,M-306,M-400,,,,,
su03704,2013-11-27,6:25,,,den Shumli,,S-165,S-212,cub,,,,
su03705,2013-11-29,6:40,,,den Masala,,M-279,M-394,M-395,,,,
su03706,2013-11-29,16:35,,,den Shumli,,S-105,S-208,S-209,,,,
su03707,2013-11-29,16:35,,,den Shumli,,S-152,S-215,,,,,
su03708,2013-11-29,16:35,,,den Shumli,,S-165,S-212,,,,,
su03709,2013-11-30,6:38,,,den Eufori,prob su 2 cubs upon arrival,E-166,E-241,,,,,
su03710,2013-11-30,6:38,,,den Eufori,,E-185,E-244,E-245,,,,
su03711,2013-11-30,7:34,,,den Lac,,L-187,L-439,,,,,
su03712,2013-12-02,6:34,,,den Eufori,may have su 1 or 2 black cubs,E-145,E-238,,,,,
su03713,2013-12-02,6:34,,,den Eufori,,E-153,E-240,,,,,
su03714,2013-12-02,9:09,,,den Lac,,L-187,L-439,,,,,
su03715,2013-12-02,16:10,,,den Shumli,,S-105,S-208,S-209,,,,
su03716,2013-12-03,8:20,-3.15169,35.51414,,,A-106,A-337,A-338,,,,
su03717,2013-12-03,17:21,,,den Masala,,M-148,M-396,,,,,
su03718,2013-12-04,7:24,,,den Alimama,,A-229,A-342,A-343,,,,
su03719,2013-12-04,7:24,,,den Alimama,,A-232,A-347,A-348,,,,
su03720,2013-12-04,7:24,,,den Alimama,,A-255,A-352,,,,,
su03721,2013-12-04,7:24,,,den Alimama,,A-305,A-346,,,,,
su03722,2013-12-05,6:25,,,den Masala,,M-132,M-389,M-390,,,,
su03723,2013-12-05,6:25,,,den Masala,,M-263,M-392,M-393,,,,
su03724,2013-12-05,16:37,,,den Masala,,M-132,M-389,M-390,,,,
su03725,2013-12-05,16:37,,,den Masala,,M-263,M-392,M-393,,,,
su03726,2013-12-05,16:37,,,den Masala,,M-279,M-394,M-395,,,,
su03727,2013-12-05,16:37,,,den Masala,,M-306,M-400,,,,,
su03728,2013-12-06,6:18,,,den Masala,,M-132,M-389,M-390,,,,
su03729,2013-12-06,6:18,,,den Masala,,M-232,M-397,,,,,
su03730,2013-12-06,6:18,,,den Masala,,M-273,M-398,M-399,,,,
su03731,2013-12-06,6:18,,,den Masala,,M-279,M-394,M-395,,,,
su03732,2013-12-08,6:23,,,den Masala,,M-279,M-394,M-395,,,,
su03733,2013-12-09,6:35,,,den Shumli,,S-127,S-214,,,,,
su03734,2013-12-09,6:35,,,den Shumli,,S-129,S-211,,,,,
su03735,2013-12-09,6:35,,,den Shumli,,S-138,S-213,,,,,
su03736,2013-12-09,6:35,,,den Shumli,food at den (legs of ad WI and ad EQ plus BB),S-152,S-215,,,,,
su03737,2013-12-09,6:35,,,den Shumli,,S-165,S-212,,,,,
su03738,2013-12-10,16:40,,,den Masala,,M-148,M-396,,,,,
su03739,2013-12-10,16:40,,,den Masala,,M-232,M-397,,,,,
su03740,2013-12-10,16:40,,,den Masala,,M-260,M-401,,,,,
su03741,2013-12-11,8:43,,,den Shumli,,S-138,S-213,,,,,
su03742,2013-12-11,8:43,,,den Shumli,,S-139,S-203,S-204,,,,
su03743,2013-12-11,8:43,,,den Shumli,,S-165,S-212,,,,,
su03744,2013-12-13,6:47,,,den Shumli,,S-152,S-215,,,,,
su03745,2013-12-13,7:30,,,den Namba,,N-143,N-229,N-230,,,,
su03746,2013-12-13,7:30,,,den Namba,,N-166,N-228,,,,,
su03747,2013-12-13,16:25,,,den Masala,,M-232,M-397,,,,,
su03748,2013-12-13,16:25,,,den Masala,,M-273,M-398,M-399,,,,
su03749,2013-12-14,6:56,,,den Namba,,N-087,N-231,,,,,
su03750,2013-12-14,6:56,,,den Namba,,N-102,N-217,N-218,,,,
su03751,2013-12-14,6:56,,,den Namba,,N-151,N-222,N-223,,,,
su03752,2013-12-15,6:43,,,den Namba,,N-128,N-224,N-225,,,,
su03753,2013-12-15,6:43,,,den Namba,,N-143,N-229,N-230,,,,
su03754,2013-12-16,7:12,,,den Shumli,,S-127,S-214,,,,,
su03755,2013-12-16,7:12,,,den Shumli,,S-129,S-211,,,,,
su03756,2013-12-17,7:45,,,den Folepi,,F-099,F-195,,,,,
su03757,2013-12-17,7:45,,,den Folepi,,F-126,F-197,F-198,,,,
su03758,2013-12-17,7:45,,,den Folepi,,F-137,F-199,,,,,
su03759,2013-12-17,7:45,,,den Folepi,,F-169,F-196,,,,,
su03760,2013-12-18,6:28,,,den Masala,,M-263,M-392,M-393,,,,
su03761,2013-12-18,6:28,,,den Masala,,M-273,M-398,M-399,,,,
su03762,2013-12-18,6:28,,,den Masala,,M-279,M-394,M-395,,,,
su03763,2013-12-18,6:28,,,den Masala,,M-306,M-400,,,,,
su03764,2014-05-02,6:32,-3.15937,35.58327,,,M-132,M-389,M-390,,,,
su03765,2014-05-02,8:44,,,den Luchs,,L-292,L-445,,,,,
su03766,2014-05-02,10:10,-3.17137,35.55550,,,L-336,L-442,,,,,
su03767,2014-05-05,6:46,,,den Sobai,,S-138,S-213,,,,,
su03768,2014-05-05,7:40,,,den Sobai,,S-125,S-116,,,,,
su03769,2014-05-06,7:25,,,den Sobai,,S-152,S-215,,,,,
su03770,2014-05-06,10:17,-3.20090,35.58047,,,S-131,S-206,S-207,,,,
su03771,2014-05-07,6:35,,,den Mazepa,,M-273,M-398,M-399,,,,
su03772,2014-05-07,9:30,-3.17537,35.56319,,,L-273,L-437,,,,,
su03773,2014-05-08,6:45,,,den Mazepa,,M-275,M-391,,,,,
su03774,2014-05-08,7:40,-3.16900,35.55883,den Locki,,L-300,L-452,L-453,,,,
su03775,2014-05-10,6:55,,,den Mazepa,,M-147,M-406,M-407,,,,
su03776,2014-05-12,7:25,-3.16900,35.55883,den Locki,,L-394,L-451,,,,,
su03777,2014-05-12,7:40,-3.16900,35.55883,den Locki,,L-328,L-450,,,,,
su03778,2014-05-14,6:45,,,den Sobai,,S-125,S-216,,,,,
su03779,2014-05-14,6:45,,,den Sobai,,S-150,S-220,S-221,,,,
su03780,2014-05-14,7:45,,,den Sobai,,S-138,S-213,,,,,
su03781,2015-04-15,7:10,,,den Furahi 2,,F-159,F-203,,,,,
su03782,2015-04-15,7:48,-3.19731,35.52045,,,F-099,F-195,,,,,
su03783,2014-05-16,7:14,-3.19734,35.52028,,,F-137,F-199,,,,,
su03784,2014-05-17,8:05,,,den Sobai,,S-127,S-214,,,,,
su03785,2014-05-17,8:05,,,den Sobai,,S-152,S-215,,,,,
su03786,2014-05-18,9:05,,,den Alimama,,A-195,A-359,,,,,
su03787,2014-05-18,10:18,-3.15034,35.51608,,,A-252,A-354,,,,,
su03788,2014-05-19,7:05,,,den Alimama,,A-273,A-367,,,,,
su03789,2014-05-19,7:05,,,den Alimama,,A-284,A-362,,,,,
su03790,2014-05-19,7:05,,,den Alimama,,A-286,A-365,A-366,,,,
su03791,2014-05-19,7:05,,,den Alimama,probably su cub(s),A-164,A-376,,,,,
su03792,2014-05-19,7:05,,,den Alimama,probably su cub(s),A-259,A-373,A-374,,,,
su03793,2014-05-19,7:05,,,den Alimama,probably su cub(s),A-238,A-381,A-382,,,,
su03794,2014-05-19,10:08,-3.16760,35.52520,,,A-221,A-344,A-345,,,,
su03795,2014-05-21,6:42,,,den Mazepa,,M-275,M-410,,,,,
su03796,2014-05-21,9:25,,,den Alimama,,A-262,A-368,,,A-368,,
su03797,2014-05-22,7:10,-3.16900,35.55883,den Locki,,L-265,L-446,L-447,,,,
su03798,2014-05-22,7:35,-3.16900,35.55883,den Locki,,L-281,L-454,,,,,
su03799,2014-05-22,12:39,-3.23619,35.53406,,,T-014,T-152,,,,,
su03800,2014-05-23,7:15,,,den Sobai,,S-150,S-220,S-221,,,,
su03801,2014-05-23,7:25,,,den Sobai,,S-162,S-219,,,,,
su03802,2014-05-23,8:37,-3.20645,35.57712,,,S-165,S-212,,,,,
su03803,2014-05-24,7:15,-3.16900,35.55883,den Locki,,L-250,L-455,,,,,
su03804,2014-05-24,7:15,-3.16900,35.55883,den Locki,,L-394,L-451,,,,,
su03805,2014-05-24,7:25,-3.16900,35.55883,den Locki,,L-281,L-454,,,,,
su03806,2014-05-24,8:50,-3.16900,35.55883,den Locki,,L-160,L-449,,,,,
su03807,2014-05-26,6:43,-3.20123,35.57773,,,S-165,S-212,,,,,
su03808,2014-05-26,7:55,,,den Sobai,,S-162,S-219,,,,,
su03809,2014-05-27,6:52,-3.16900,35.55883,den Locki,,L-265,L-447,,,,,
su03810,2014-05-27,6:52,-3.16900,35.55883,den Locki,,L-205,L-448,,,,,
su03811,2014-05-28,6:35,,,den Sobai,,S-162,S-219,,,,,
su03812,2014-05-28,7:32,-3.20552,35.56204,,,S-138,S-213,,,,,
su03813,2014-05-28,10:45,-3.23564,35.53451,,,T-109,T-154,,,,,
su03814,2014-05-29,6:35,,,den Sobai,,S-162,S-219,,,,,
su03815,2014-05-29,8:10,-3.16900,35.55883,den Locki,,L-258,L-457,,,,,
su03816,2014-05-29,8:40,-3.16900,35.55883,den Locki,SU L-452 or L-453,L-300,cub,,,,,
su03817,2014-06-01,6:55,,,den Evita,,E-141,E-248,,,,,
su03818,2014-06-02,6:36,,,den Sobai,,S-150,S-220,S-221,,,,
su03819,2014-06-02,7:53,,,den Sobai,,S-116,S-217,S-218,,,,
su03820,2014-06-02,16:58,-3.16900,35.55883,den Locki,,L-328,L-450,,,,,
su03821,2014-06-02,17:20,-3.16900,35.55883,den Locki,,L-292,L-445,,,,,
su03822,2014-06-03,6:30,,,den Sobai,,S-150,S-220,S-221,,,,
su03823,2014-06-03,7:15,,,den Sobai,,S-162,S-219,,,,,
su03824,2014-06-04,7:03,-3.15933,35.52560,,,A-221,A-344,A-345,,,,
su03825,2014-06-04,8:15,-3.15933,35.52560,,,A-106,A-337,A-338,,,,
su03826,2014-06-08,7:10,,,den Maki,,M-147,M-406,M-407,,,,
su03827,2014-06-08,9:40,-3.19751,35.52016,,,F-126,F-197,F-198,,,,
su03828,2014-06-08,9:48,-3.20008,35.52046,,,F-136,F-201,F-202,,,,
su03829,2014-06-09,8:10,,,den Maki,,M-287,M-408,M-409,,,,
su03830,2014-06-09,8:55,,,den Evita,,E-141,E-248,,,,,
su03831,2014-06-10,6:27,-3.15829,35.58911,,,M-279,M-394,M-395,,,,
su03832,2014-06-10,6:30,,,den Maki,,M-147,M-406,M-407,,,,
su03833,2014-06-10,6:30,,,den Maki,,M-273,M-398,M-399,,,,
su03834,2014-06-10,8:25,,,den Maki,,M-275,M-410,,,,,
su03835,2014-06-11,6:58,,,den Maki,,M-296,M-403,,,,,
su03836,2014-06-11,6:58,,,den Maki,,M-274,M-391,,,,,
su03837,2014-06-11,6:58,,,den Maki,,M-279,M-394,M-395,,,,
su03838,2014-06-12,6:40,,,den Namanga,,N-175,N-234,,,,,
su03839,2014-06-12,7:15,,,den Sobai,,S-150,S-220,S-221,,,,
su03840,2014-06-12,7:15,,,den Sobai,,S-152,S-215,,,,,
su03841,2014-06-14,7:17,,,den Maki,,M-147,M-406,M-407,,,,
su03842,2014-06-14,7:17,,,den Maki,,M-279,M-394,M-395,,,,
su03843,2014-06-14,9:45,,,den Sobai,,S-152,S-215,,,,,
su03844,2014-06-17,7:00,,,den Maki,,M-279,M-394,M-395,,,,
su03845,2014-06-17,7:00,,,den Maki,,M-275,M-410,,,,,
su03846,2014-06-17,8:35,-3.16900,35.55883,den Locki,,L-300,L-452,L-453,,,,
su03847,2014-06-17,10:55,-3.16900,35.55883,den Locki,,L-190,L-456,,,,,
su03848,2014-06-18,6:42,-3.15718,35.59679,,,M-274,M-391,,,,,
su03849,2014-06-18,6:52,,,den Maki,,M-306,M-400,,,,,
su03850,2014-06-18,7:47,,,den Maki,,M-275,M-410,,,,,
su03851,2014-06-18,9:00,,,den Alimama,,A-286,A-365,A-366,,,,
su03852,2014-06-18,9:00,,,den Alimama,,A-287,A-369,,,,,
su03853,2014-06-18,11:10,,,den Alimama,,A-245,A-363,A-364,,,,
su03854,2014-06-18,11:25,,,den Alimama,,A-250,A-371,,,,,
su03855,2014-11-21,6:48,,,den Namanga,,N-184,N-241,,,,,
su03856,2014-11-21,8:45,,,den Namanga,,N-153,N-242,N-243,,,,
su03857,2014-11-22,17:30,,,den Namanga,,N-156,N-240,,,,,
su03858,2014-11-23,6:33,,,den Namanga,,N-153,N-242,N-243,,,,
su03859,2014-11-23,6:33,,,den Namanga,,N-156,N-240,,,,,
su03860,2014-11-23,9:05,,,den Shumli 3,,S-139,S-226,,,,,
su03861,2014-11-24,6:37,,,den Namanga,,N-153,N-242,N-243,,,,
su03862,2014-11-24,6:37,,,den Namanga,,N-190,N-235,,,,,
su03863,2014-11-28,7:25,,,den Engitati,,E-152,E-253,,,,,
su03864,2014-11-29,6:25,,,den Engitati,,E-141,E-248,,,,,
su03865,2014-11-29,6:25,,,den Engitati,,E-185,E-245,,,,,
su03866,2014-11-29,7:25,,,den Engitati,,E-183,E-257,,,,,
su03867,2014-11-29,7:35,,,den Engitati,,E-220,E-251,,,,,
su03868,2014-11-29,8:13,,,den Engitati,,E-195,E-256,,,,,
su03869,2014-11-30,6:55,,,den Engitati,,E-195,E-256,,,,,
su03870,2014-11-30,8:43,,,den Argentina 1,,A-273,A-367,,,,,
su03871,2014-12-01,7:14,,,den Engitati,,E-195,E-256,,,,,
su03872,2014-12-01,8:02,,,den Engitati,,E-116,E-255,,,,,
su03873,2014-12-03,6:35,,,den Argentina 2,,A-273,A-367,,,,,
su03874,2014-12-03,6:35,,,den Argentina 2,,A-287,A-369,A-370,,,,
su03875,2014-12-03,7:56,,,den Argentina 2,,A-250,A-371,,,,,
su03876,2014-12-03,8:40,-3.15102,35.51777,,,A-178,A-377,,,,,
su03877,2014-12-03,9:05,-3.15139,35.51837,,,A-195,A-359,A-372,,,,
su03878,2014-12-03,9:20,-3.15139,35.51837,,,A-301,A-375,,,,,
su03879,2014-12-06,7:12,,,den Namanga,,N-153,N-242,N-243,,,,
su03880,2014-12-06,7:12,,,den Namanga,,N-172,N-238,N-239,,,,
su03881,2014-12-06,10:25,,,den Shumli 3,,S-138,S-229,,,,,
su03882,2014-12-07,6:35,,,den Namanga,,N-153,N-242,N-243,,,,
su03883,2014-12-07,6:35,,,den Namanga,,N-172,N-238,N-239,,,,
su03884,2014-12-07,7:15,,,den Namanga,,N-190,N-235,,,,,
su03885,2014-12-07,7:32,-3.20662,35.57419,,,S-153,S-225,,,,,
su03886,2014-12-07,7:32,-3.20662,35.57419,,,S-166,S-222,S-223,,,,
su03887,2014-12-08,7:45,-3.16900,35.55883,den Locki,,L-312,L-458,,,,,
su03888,2014-12-08,8:15,-3.16900,35.55883,den Locki,,L-394,L-451,,,,,
su03889,2014-12-09,7:05,,,den Argentina 3,,A-302,A-387,A-388,,,,
su03890,2014-12-09,7:05,,,den Argentina 3,,A-326,A-386,,,,,
su03891,2014-12-11,7:26,,,den Argentina 3,,A-301,A-375,,,,,
su03892,2014-12-12,6:45,-3.16900,35.55883,den Locki,,L-258,L-457,,,,,
su03893,2014-12-12,6:45,-3.16900,35.55883,den Locki,,L-281,L-454,,,,,
su03894,2014-12-12,6:45,-3.16900,35.55883,den Locki,,L-312,L-458,,,,,
su03895,2014-12-12,7:10,-3.16900,35.55883,den Locki,,L-413,L-459,,,,,
su03896,2014-12-12,8:45,-3.16900,35.55883,den Locki,,L-300,L-452,L-460,,L-460,,
su03897,2014-12-13,6:47,,,den Argentina,,A-116,A-380,,,,,
su03898,2014-12-13,7:25,,,den Argentina,,A-273,A-367,,,,,
su03899,2014-12-13,8:58,-3.14622,35.52131,,,A-221,A-344,A-345,,,,
su03900,2014-12-14,6:30,,,den Namanga,,N-153,N-242,N-243,,,,
su03901,2014-12-14,6:30,,,den Namanga,,N-156,N-240,,,,,
su03902,2014-12-14,6:30,,,den Namanga,,N-172,N-238,N-239,,,,
su03903,2014-12-14,7:32,,,den Lome 3,,N-128,N-244,N-245,,,,
su03904,2014-12-14,8:11,,,den Siri,,S-145,S-227,S-228,,,,
su03905,2014-12-14,8:25,,,den Sobai,,S-153,S-225,,,,,
su03906,2014-12-15,6:53,,,den Argentina,,A-238,A-381,A-382,,,,
su03907,2014-12-15,6:53,,,den Argentina,,A-262,A-368,,,A-368,,
su03908,2014-12-15,7:29,-3.14603,35.52165,,,A-164,A-376,,,,,
su03909,2014-12-15,7:42,-3.14630,35.51963,,,A-273,A-367,,,,,
su03910,2014-12-16,6:48,,,den Namanga,,N-184,N-241,,,,,
su03911,2014-12-21,7:32,-3.14835,35.52507,,,A-116,A-380,,,,,
su03912,2014-12-21,7:48,-3.14669,35.52363,,,A-283,A-384,,,,,
su03913,2014-12-22,6:40,,,den Namanga,,N-153,N-242,N-243,,,,
su03914,2014-12-22,7:03,,,den Namanga,,N-156,N-240,,,,,
su03915,2014-12-22,7:20,,,den Namanga,,N-105,N-232,N-233,,,,
su03916,2014-12-22,7:34,,,den Namanga,,N-171,N-236,N-237,,,,
su03917,2014-12-22,9:14,-3.18846,35.57110,,,S-125,S-116,,,,,
su03918,2014-12-23,8:10,,,den Sobai,,S-145,S-227,S-228,,,,
su03919,2014-12-24,10:30,,,den Sobai,,S-145,S-227,S-228,,,,
su03920,2014-12-25,6:30,,,den Namanga,,N-153,N-242,N-243,,,,
su03921,2014-12-25,8:05,-3.16900,35.55883,den Locki,,L-312,L-458,,,,,
su03922,2014-12-25,8:25,-3.16900,35.55883,den Locki,,L-258,L-457,,,,,
su03923,2014-12-27,6:35,,,den Namanga,,N-105,N-232,N-233,,,,
su03924,2014-12-27,6:55,,,den Namanga,,N-156,N-240,,,,,
su03925,2014-12-27,8:15,,,den Namanga,,N-190,N-235,,,,,
su03926,2014-12-28,9:20,-3.13920,35.51622,,,A-245,A-363,A-364,,,,
su03927,2014-12-28,9:34,-3.14216,35.50887,,,A-164,A-376,,,,,
su03928,2014-12-31,8:10,,,den Namanga,,N-175,N-234,,,,,
su03929,2014-12-31,8:15,,,den Namanga,,N-171,N-236,N-237,,,,
su03930,2014-12-31,8:50,,,den Namanga,,N-153,N-243,,,,,
su03931,2015-01-01,7:22,,,den Simple,,S-139,S-226,,,,,
su03932,2015-01-01,8:27,-3.21073,35.56428,,,S-116,S-217,S-218,,,,
su03933,2015-01-05,10:02,,,den Argentina 2,,A-283,A-384,,,,,
su03934,2015-01-05,10:02,,,den Argentina 2,,A-287,A-369,A-370,,,,
su03935,2015-01-07,6:52,-3.16900,35.55883,den Locki,,L-258,L-457,,,,,
su03936,2015-01-07,7:55,,,den Frog,,F-107,F-204,,,,,
su03937,2015-01-07,8:55,,,den Frog,,F-138,F-205,,,,,
su03938,2015-01-08,7:00,,,den S-193 birth,,S-193,S-232,S-233,,,,
su03939,2015-01-08,7:38,,,den Simple,,S-155,S-224,,,,,
su03940,2015-01-08,9:35,-3.16900,35.55883,den Locki,,L-190,L-456,,,,,
su03941,2015-01-08,10:25,-3.16900,35.55883,den Locki,,L-413,L-459,,,,,
su03942,2015-01-09,8:58,-3.18475,35.56131,,,L-187,L-439,,,,,
su03943,2015-01-10,6:58,,,den Sobai,"probably has small cubs, in dh",S-165,S-234,S-235,,,,
su03944,2015-01-10,7:42,,,den Simple,,S-161,S-230,S-231,,,,
su03945,2015-01-10,8:35,,,den Simple,,S-139,S-226,,,,,
su03946,2015-01-10,8:40,,,den Simple,,S-153,S-225,,,,,
su03947,2015-01-11,6:46,,,den Engitati,,E-152,E-253,,,,,
su03948,2015-01-11,8:42,,,den Frog,,F-107,F-204,,,,,
su03949,2015-07-28,7:20,-3.19350,35.57300,den Logozo,,S-131,S-245,,,,,
su03950,2015-07-28,8:38,,,,,S-116,S-218,,,,,
su03951,2015-07-28,8:38,,,,,S-139,S-226,,,,,
su03952,2015-07-28,8:38,,,,,S-152,S-236,S-237,,,,
su03953,2015-07-30,8:18,,,den Sobai,,S-186,S-240,,,,,
su03954,2015-07-30,8:22,,,den Sobai 3,,S-194,S-243,S-244,,,,
su03955,2015-07-30,9:45,,,den Short 2,,S-127,S-249,,,,,
su03956,2015-08-02,7:20,,,den Lorelei,,L-205,L-462,L-463,,,,
su03957,2015-08-02,9:00,,,den Argentina 2,,A-129,A-394,,,A-394,,
su03958,2015-08-02,9:51,,,,,A-305,A-385,,,,,
su03959,2015-08-02,10:38,,,den Argentina 2,,A-194,A-383,,,,,
su_20150803_0716_A-283,2015-08-03,7:16,-3.15191,35.52471,,,A-283,A-384,,,,,
su03961,2015-08-06,7:22,,,den Argentina 2,,A-129,A-394,,,A-394,,
su03962,2015-08-06,7:25,,,den Argentina 2,,A-252,A-391,,,,,
su03963,2015-08-06,8:25,-3.15240,35.52130,,,A-301,A-375,,,,,
su03964,2015-08-06,8:28,-3.15224,35.52186,,,A-283,A-384,,,,,
su03965,2015-08-07,9:45,-3.15115,35.52178,,,A-250,A-371,,,,,
su03966,2015-08-08,7:24,-3.16723,35.52047,,,A-287,A-369,A-370,,,,
su03967,2015-08-11,8:54,,,den Sobai,,S-165,S-234,S-235,,,,
su03968,2015-08-12,8:33,,,den Short,,S-127,S-249,,,,,
su_20150812_0833_S-131,2015-08-12,8:33,,,den Short,"second larger cub trying to su from her, they must both be hers",S-131,S-245,S-246,,,,
su03970,2015-08-12,8:33,,,den Short,,S-159,S-247,,,,,
su03971,2015-08-13,7:10,,,den Sungura,,S-165,S-234,S-235,,,,
su03972,2015-08-13,7:55,,,den Sobai 3,,S-194,S-243,S-244,,,,
su03973,2015-08-13,8:07,,,den Sobai 3,,S-193,S-250,,,,,
su03974,2015-08-14,8:14,,,den Short,su one cub only,S-194,S-244,,,,,
su03975,2015-08-15,9:35,,,den Sungura,,S-145,S-227,S-228,,,,
su03976,2015-08-17,6:50,,,den Namba,,N-184,N-241,,,,,
su03977,2015-08-17,8:08,-3.20184,35.57783,,,S-145,S-227,S-228,,,,
su03978,2015-08-17,8:10,,,,,S-180,S-242,,,,,
su03979,2015-08-18,6:40,,,den Namba,,N-200,N-248,,,,,
su03980,2015-08-18,8:26,,,den Short,,S-180,S-242,,,,,
su03981,2015-08-18,8:35,,,den Short,su one cub only,S-194,S-244,,,,,
su03982,2015-08-18,17:10,,,den Sungura,,S-129,S-239,,,,,
su03983,2015-08-19,7:35,-3.20099,35.57858,,,S-129,S-238,S-239,,,,
su03984,2015-08-19,7:47,,,den Sungura,,S-194,S-243,S-244,,,,
su03985,2015-08-19,8:25,-3.20262,35.57580,,,S-145,S-227,S-228,,,,
su03986,2015-08-20,6:58,,,den Namba,,N-184,N-241,,,,,
su03987,2015-08-20,7:17,-3.20048,35.57810,,,S-129,S-238,S-239,,,,
su03988,2015-08-20,7:25,-3.20048,35.57810,,,S-152,S-236,S-237,,,,
su03989,2015-08-20,8:20,-3.20222,35.57619,,,S-145,S-227,S-228,,,,
su03990,2015-08-20,8:20,-3.20222,35.57619,,,S-161,S-230,S-231,,,,
su_20150821_0813_F-144,2015-08-21,8:13,-3.20170,35.49758,,,F-144,F-211,,,,,OH+PN
su03991,2015-08-22,7:14,-3.20345,35.60066,,,N-184,N-241,,,,,
su03992,2015-08-22,7:37,,,den Namba,,N-200,N-248,,,,,
su03993,2015-08-23,8:20,-3.21463,35.53466,,,T-142,T-160,,,,,
su03994,2015-08-23,9:35,,,den Trabant,,T-127,T-166,T-167,,,,
su03995,2015-08-24,8:48,,,den Sungura,,S-145,S-227,S-228,,,,
su03996,2015-08-25,8:03,,,den Subira,,S-161,S-230,S-231,,,,
su03997,2015-08-25,9:03,,,den Subira,,S-127,S-249,,,,,
su03998,2015-08-25,9:36,,,den Short,,S-131,S-245,S-246,,,,
su03999,2015-08-25,9:40,,,den Short,,S-159,S-248,,,,,
su04000,2015-08-28,8:50,-3.13553,35.63951,,,M-132,M-413,,,,,
su04001,2015-08-28,9:53,,,den Mist 2,,M-249,M-427,M-428,,,,
su04002,2015-08-30,8:12,-3.16900,35.55883,den Locki,,L-399,L-465,,,,,
su04003,2015-08-30,10:25,,,den Fungo,"not seen su, but from distance seemed as if she did SU (F-212 or F-214) just until before my arrival at den",F-169,cub,,,,,
su04004,2015-08-30,10:35,,,den Fungo,,F-136,F-215,F-216,,,,
su04005,2015-09-01,7:05,,,den Subira,,S-159,S-247,S-248,,,,
su04006,2015-09-01,7:05,,,den Subira,,S-186,S-240,,,,,
su04007,2015-09-02,7:20,,,den Short,,S-180,S-242,,,,,
su04008,2015-09-02,7:52,-3.20176,35.57670,,,S-186,S-240,,,,,
su04009,2015-09-02,8:24,-3.20413,35.56898,,,S-139,S-226,,,,,
su04010,2015-09-03,8:50,,,den Eufori,,E-153,E-269,,,,,
su04011,2015-09-04,7:12,,,den Mist 2,,M-263,M-425,,,,,
su04012,2015-09-04,8:45,,,den Subira,,S-186,S-240,,,,,
su04013,2015-09-04,9:09,-3.20102,35.57848,,,S-165,S-234,S-235,,,,
su04014,2015-09-04,10:10,-3.19159,35.57385,,,S-161,S-230,S-231,,,,
su04015,2015-09-06,8:00,,,den Eufori,,E-153,E-269,,,,,
su04016,2015-09-06,9:10,,,den Eufori,,E-183,E-268,,,,,
su04017,2015-09-09,8:55,,,den Eufori,,E-153,E-269,,,,,
su04018,2015-09-12,8:12,-3.19350,35.57300,den Logozo,SU S-243 or S-244,S-194,cub,,,,,
su04019,2015-09-14,8:12,-3.19350,35.57300,den Logozo,,S-161,S-230,S-231,,,,
su04020,2015-09-15,7:51,-3.20255,35.58731,den Subira,,S-161,S-230,S-231,,,,
su04021,2015-09-16,7:51,-3.19350,35.57300,den Logozo,,S-127,S-249,,,,,
su04022,2015-09-16,7:51,-3.19531,35.56285,,,S-161,S-230,S-231,,,,
su04023,2015-09-17,13:05,-3.20247,35.57877,den Short ,,S-159,S-247,S-248,,,,
su04024,2015-09-17,13:05,-3.20190,35.58039,den Subira,,S-193,S-250,,,,,
su04025,2015-09-18,13:05,-3.19350,35.57300,den Logozo,,S-194,S-243,S-244,,,,
su04026,2015-09-21,16:45,-3.20190,35.58039,den Subira,,S-193,S-250,,,,,
su04027,2015-09-21,16:45,-3.20090,35.57834,,,S-165,S-234,S-235,,,,
su04028,2015-09-21,16:45,-3.19350,35.57300,den Logozo,,S-127,S-249,,,,,
su04029,2015-09-22,6:45,-3.20247,35.57877,den short,,S-159,S-247,,,,,
su04030,2015-09-24,7:09,-3.19289,35.57496,,,S-129,S-238,S-239,,,,
su04031,2015-09-24,7:09,-3.19289,35.57496,,,S-145,S-227,S-228,,,,
su04032,2015-09-24,7:09,-3.19350,35.57300,den Logozo,,S-180,S-242,,,,,
su04033,2015-09-24,7:09,-3.19350,35.57300,den Logozo,come to the den and started suckling,S-127,S-249,,,,,
su04034,2015-09-25,7:16,-3.19350,35.57300,den Logozo,,S-194,S-243,S-244,,,,
su04035,2015-10-02,7:23,-3.19536,35.57465,,,S-145,S-227,S-228,,,,
su04036,2015-10-02,7:23,-3.19350,35.57300,den Logozo,SU S-243 or S-244,S-194,cub,,,,,
su04037,2015-10-03,7:09,-3.20300,35.58181,,,S-161,S-230,S-231,,,,
su04038,2015-10-03,9:20,-3.19642,35.57204,,,S-152,S-236,S-237,,,,
su04039,2015-10-04,6:53,-3.20257,35.59047,,,S-161,S-230,S-231,,,,
su04040,2015-10-05,6:52,-3.19350,35.57300,den Logozo,,S-127,S-249,,,,,
su04041,2015-10-05,6:52,-3.19350,35.57300,den Logozo,,S-159,S-247,S-248,,,,
su04042,2015-10-05,9:12,-3.20146,35.57461,,,S-139,S-226,,,,,
su04043,2015-10-05,9:12,-3.20146,35.57461,,,S-186,S-240,,,,,
su04044,2015-10-07,7:07,-3.19350,35.57300,den Logozo,,S-180,S-242,,,,,
su04045,2015-10-08,9:13,-3.19830,35.57800,,"only one cub suckling, sibling not seen",S-161,S-231,,,,,
su04046,2015-10-12,7:00,-3.19350,35.57300,den Logozo,,S-159,S-247,S-248,,,,
su04047,2015-10-13,7:02,-3.16760,35.56030,,,L-205,L-462,L-463,,,,
su04048,2015-10-14,9:35,-3.19999,35.57190,den Simple,,S-161,S-230,S-231,,,,
su04049,2015-10-15,7:14,-3.16900,35.55883,den Locki,,L-205,L-462,L-463,,,,
su04050,2015-10-15,7:14,-3.16900,35.55883,den Locki,,L-312,L-458,,,,,
su04051,2015-10-22,7:14,-3.16666,35.55856,,,L-205,L-262,L-463,,,,
su04052,2015-10-23,8:46,-3.19999,35.57190,den Simple,,S-159,S-247,S-248,,,,
su04053,2015-10-23,8:46,-3.19999,35.57190,den Simple,,S-181,S-251,,,,,
su04054,2015-10-27,6:45,-3.15378,35.61298,den Mist 2,,M-249,M-427,M-428,,,,
su04055,2015-10-28,7:05,-3.19999,35.57190,den Simple,,S-131,S-245,S-246,,,,
su04056,2015-10-28,9:11,-3.20070,35.57016,,,S-139,S-226,,,,,
su04057,2015-11-03,16:56,-3.19486,35.57550,,,S-186,S-240,,,,,
su04058,2015-11-04,8:53,-3.15199,35.62082,,,M-295,M-414,M-416,,,,
su04059,2015-11-05,16:39,-3.14703,35.61906,,,M-132,M-413,,,,,
su04060,2015-11-05,16:50,-3.15233,35.62070,den Malaika2,,M-249,M-427,M-428,,,,
su04061,2015-11-06,7:30,-3.15233,35.62070,den Malaika2,,M-249,M-428,,,,,
su04062,2015-11-11,6:40,-3.15233,35.62070,den Malaika2,,M-239,M-421,M-422,,,,
su04063,2015-11-11,6:40,-3.15233,35.62070,den Malaika2,,M-295,M-416,,,,,
su04064,2015-11-11,6:40,-3.15233,35.62070,den Malaika2,,M-263,M-425,,,,,
su04065,2015-11-12,6:45,-3.15233,35.62070,den Malaika2,,M-274,M-415,,,,,
su04066,2015-11-15,7:48,-3.20432,35.57111,,,S-161,S-230,S-231,,,,
su04067,2015-11-20,7:42,-3.19192,35.57221,,,S-127,S-249,,,,,
su04068,2015-11-20,7:42,-3.19192,35.57221,,,S-131,S-245,S-246,,,,
su04069,2015-11-20,7:42,-3.19192,35.57221,,,S-152,S-236,S-237,,,,
su04070,2015-11-20,7:42,-3.19192,35.57221,,,S-159,S-247,S-248,,,,
su04071,2015-11-20,7:42,-3.19192,35.57221,,,S-180,S-242,,,,,
su04072,2015-11-20,7:42,-3.19192,35.57221,,,S-181,S-251,,,,,
su04073,2015-11-20,7:42,-3.19192,35.57221,,,S-194,S-243,S-244,,,,
su04074,2015-11-21,7:36,-3.19182,35.57207,,,S-131,S-245,S-246,,,,
su04075,2015-11-21,7:36,-3.19182,35.57207,,,S-159,S-247,S-248,,,,
su04076,2015-11-23,6:40,-3.15233,35.62070,den Malaika2,,M-263,M-425,,,,,
su04077,2015-11-23,6:40,-3.15233,35.62070,den Malaika2,,M-295,M-416,,,,,
su04078,2015-11-24,7:09,-3.14733,35.57456,den Ekenywa ,,E-153,E-269,,,,,
su04079,2015-11-24,7:09,-3.14733,35.57456,den Ekenywa ,,E-171,E-270,,,,,
su04080,2015-11-24,7:09,-3.14733,35.57456,den Ekenywa ,,E-219,E-266,,,,,
su04081,2015-11-26,7:34,-3.14874,35.57771,,,E-145,E-260,E-263,,,,
su04082,2015-11-27,6:50,-3.14733,35.57456,den Ekenywa ,,E-158,E-261,E-262,,,,
su04083,2015-12-03,7:06,-3.15233,35.62070,den Malaika2,,M-132,M-413,,,,,
su04084,2015-12-05,6:58,-3.15233,35.62070,den Malaika2,,M-232,M-418,M-420,,,,
su04085,2015-12-05,6:58,-3.15233,35.62070,den Malaika2,,M-249,M-427,M-428,,,,
su04086,2015-12-05,6:58,-3.15233,35.62070,den Malaika2,,M-295,M-416,,,,,
su04087,2015-12-08,6:40,-3.15233,35.62070,den Malaika2,,M-273,M-423,,,,,
su04088,2015-12-10,6:52,-3.14733,35.57456,den Ekenywa ,,E-219,E-266,,,,,
su04089,2015-12-11,8:15,-3.14388,35.57627,,,E-166,E-258,E-259,,,,
su04090,2015-12-12,9:55,-3.19350,35.57300,den Logozo,,S-193,S-250,,,,,
su04091,2015-12-14,8:15,-3.19592,35.57390,,,S-129,S-238,S-239,,,,
su04092,2015-12-14,8:15,-3.19592,35.57390,,,S-194,S-243,S-244,,,,
su04093,2015-12-14,9:01,-3.19592,35.57303,,,S-186,S-240,,,,,
su04094,2015-12-14,9:01,-3.19592,35.57303,,,S-180,S-242,,,,,
su04095,2015-12-14,9:01,-3.19592,35.57303,,,S-159,S-247,S-248,,,,
su04096,2015-12-15,8:35,-3.15233,35.62070,den Malaika2,,M-295,M-414,M-416,,,,
su04097,2015-12-15,8:43,-3.15221,35.62322,,,M-274,M-415,,,,,
su04098,2015-12-15,8:50,-3.15233,35.62070,den Malaika2,,M-249,M-427,M-428,,,,
su04099,2015-12-15,8:50,-3.15233,35.62070,den Malaika2,,M-263,M-425,M-426,,,,
su04100,2015-12-15,8:50,-3.15233,35.62070,den Malaika2,,M-306,M-424,,,,,
su04101,2015-12-17,9:21,-3.15233,35.62070,den Malaika2,,M-381,M-429,M-430,,,,
su04102,2015-12-18,9:55,-3.19144,35.57234,,,S-165,S-234,S-235,,,,
su04103,2015-12-18,10:05,-3.18480,35.57056,,,S-161,S-230,S-231,,,,
su04104,2015-12-21,10:18,-3.19279,35.57367,,,S-138,S-229,,,,,
su04105,2015-12-21,10:18,-3.19279,35.57367,,,S-180,S-242,,,,,
su04106,2015-12-22,7:20,-3.20350,35.60200,den Namba,,N-102,N-255,N-254,,,,
su04107,2015-12-22,8:50,-3.19537,35.57542,,,S-129,S-238,S-239,,,,
su04108,2015-12-22,9:00,-3.19350,35.57300,den Logozo,,S-180,S-242,,,,,
su04109,2015-12-22,9:00,-3.19350,35.57300,den Logozo,,S-138,S-229,,,,,
su04110,2015-12-28,6:48,-3.15233,35.62070,den Malaika2,,M-249,M-427,M-428,,,,
su04111,2015-12-28,9:30,-3.15233,35.62070,den Malaika2,,M-232,M-418,M-420,,,,
su04112,2015-12-29,8:05,-3.14922,35.62342,den Materuni,,M-306,M-424,,,,,
su04113,2015-12-29,8:05,-3.14922,35.62342,den Materuni,,M-295,M-414,M-416,,,,
su04114,2015-12-29,16:24,-3.14922,35.62342,den Materuni,,M-381,M-429,M-430,,,,
su04115,2016-01-05,16:24,-3.14922,35.62342,den Materuni,,M-249,M-427,M-428,,,,
su04116,2016-01-06,8:29,-3.20180,35.57000,,,S-166,S-252,,,,,
su04117,2016-01-07,7:14,-3.19605,35.57511,,,S-180,S-242,,,,,
su04118,2016-01-09,7:48,-3.16333,35.56769,den Levolosi,,L-428,L-470,L-471,,,,
su04119,2016-01-10,10:33,-3.16302,35.56930,,,L-187,L-468,L-469,,,,
su04120,2016-01-11,11:30,-3.14922,35.62342,den Materuni,,M-295,M-414,M-416,,,,
su04121,2016-01-11,9:10,-3.14922,35.62342,den Materuni,,M-274,M-415,,,,,
su04122,2016-01-12,8:08,-3.16333,35.56769,den Levolosi,,L-160,L-472,,,,,
su04123,2016-01-12,8:08,-3.16333,35.56769,den Levolosi,,L-329,L-473,,,,,
su04124,2016-01-14,7:00,-3.16333,35.56769,den Levolosi,,L-151,L-466,,,,,
su04125,2016-01-22,9:25,-3.16333,35.56769,den Levolosi,,L-205,L-474,L-475,,,,
su04126,2016-01-23,8:44,-3.14922,35.62342,den Materuni,,M-263,M-425,M-426,,,,
su04127,2016-01-24,7:24,-3.19575,35.57293,,,S-180,S-242,,,,,
su04128,2016-01-26,7:19,-3.18950,35.50126,,,F-130,F-218,,,,,
su04129,2016-01-27,8:26,-3.14922,35.62342,den Materuni,,M-239,M-421,M-422,,,,
su04130,2016-01-27,8:26,-3.14922,35.62342,den Materuni,,M-274,M-415,,,,,
su04131,2016-01-28,7:52,-3.19077,35.50045,,,F-157,F-220,,,,,
su04132,2016-01-28,8:07,-3.19163,35.50158,,,F-097,F-219,,,,,
su04133,2016-01-30,7:19,-3.16333,35.56769,den Levolosi,,L-151,L-466,,,,,
su04134,2016-01-31,7:15,-3.14922,35.62342,den Materuni,,M-274,M-415,,,,,
su04135,2016-06-04,6:40,-3.14922,35.62342,den Materuni,,M-381,M-429,M-430,,,,
su04136,2016-06-04,8:54,-3.16333,35.56769,den Levolosi,,L-151,L-466,,,,,
su04137,2016-02-05,7:15,-3.19350,35.57300,den Logozo,,S-125,S-256,,,,,
su04138,2016-02-05,7:15,-3.19350,35.57300,den Logozo,,S-159,S-247,S-248,,,,
su04139,2016-02-06,7:44,-3.19350,35.57300,den Logozo,,S-193,S-250,,,,,
su04140,2016-02-13,6:55,-3.15219,35.62185,,,M-381,M-429,M-430,,,,
su04141,2016-02-14,7:17,-3.14485,35.57201,den Evita,,E-183,E-267,E-268,,,,
su04142,2016-02-14,7:17,-3.14485,35.57201,den Evita,,E-184,E-271,E-272,,,,
su04143,2016-02-17,8:20,-3.21209,35.54021,,,T-085,T-168,,,,,
su04144,2016-02-19,11:36,-3.22258,35.54579,,,T-141,T-165,T-169,,,,
su04145,2016-02-20,7:47,-3.22126,35.54278,den Trupa,,T-141,T-165,T-169,,,,
su04146,2016-02-23,7:03,-3.15220,35.62182,den Micro,,M-249,M-427,M-428,,,,
su04147,2016-02-23,7:05,-3.15220,35.62182,den Micro,,M-381,M-429,M-430,,,,
su04148,2016-02-25,7:05,-3.15220,35.62182,den Micro,,M-381,M-429,M-430,,,,
su04149,2016-02-27,7:45,-3.22126,35.54278,den Trupa,,T-127,T-166,T-167,,,,
su04150,2016-02-27,8:52,-3.21120,35.53993,,,T-085,T-168,,,,,
su04151,2016-02-27,8:52,-3.21120,35.53993,,,T-141,T-165,T-169,,,,
su04152,2016-02-29,7:11,-3.19350,35.57300,den Logozo,,S-153,S-254,S-255,,,,
su04153,2016-02-29,7:11,-3.19350,35.57300,den Logozo,,S-157,S-257,,,,,
su04154,2016-03-01,9:43,-3.16900,35.55883,den Locki,,L-151,L-466,,,,,
su04155,2016-03-09,8:13,-3.15068,35.62273,,,M-249,M-428,M-427,,,,
su04156,2016-03-10,8:06,-3.20951,35.54028,,,T-127,T-166,T-167,,,,
su04157,2016-03-10,8:06,-3.20951,35.54028,,,T-085,T-168,,,,,
su04158,2016-03-18,8:05,-3.19350,35.57300,den Logozo,,S-125,S-256,,,,,
su04159,2016-03-20,8:24,-3.17169,35.50852,,,A-247,A-394,A-395,,,,
su04160,2016-03-24,7:15,-3.16900,35.55883,den Locki,,L-359,L-477,,,,,
su04161,2016-03-24,7:15,-3.16900,35.55883,den Locki,,L-429,L-476,,,,,
su04162,2016-03-26,8:11,-3.15587,35.51095,den Aliko,,A-302,A-400,A-401,,A-400,A-401,
su04163,2016-03-29,7:34,-3.15587,35.51095,den Aliko,,A-304,A-408,A-409,,A-408,,
su04164,2016-03-30,7:20,-3.15728,35.51213,den Apache2,,A-302,A-400,A-401,,A-400,A-401,
su04165,2016-03-31,7:19,-3.16900,35.55883,den Locki,,L-359,L-477,,,,,
su04166,2016-03-31,7:19,-3.16900,35.55883,den Locki,,L-428,L-470,,,,,
su04167,2016-04-07,8:09,-3.16392,35.51181,,,A-304,A-408,A-409,,A-408,,
su04168,2016-04-07,11:40,-3.17030,35.51238,,,A-259,A-398,,,,,
su04169,2016-04-08,9:05,-3.17134,35.50956,,,A-252,A-391,,,,,
su04170,2016-04-10,7:08,-3.16572,35.51182,den Askona,,A-301,A-415,A-416,,,,
su04171,2016-04-11,7:42,-3.16572,35.51182,den Askona,,A-287,A-424,A-425,,,,
su_20160411_1249_A-129,2016-04-11,12:49,-3.17153,35.51083,,"suckling but only for a few minutes, then A-394 su and A-395 ld 3m away",A-129,A-395,,,A-395,,
su04173,2016-04-11,12:53,-3.17153,35.51083,,,A-129,A-394,,,A-394,,
su04174,2016-04-13,8:31,-3.16585,35.51040,,,A-273,A-396,,,,,
su04175,2016-04-13,8:40,-3.16572,35.51182,den Askona,,A-164,A-406,A-407,,A-406,A-407,
su04176,2016-04-13,8:40,-3.16572,35.51182,den Askona,,A-195,A-417,,,,,
su04177,2016-04-15,7:23,-3.16572,35.51182,den Askona,,A-195,A-417,,,,,
su04178,2016-04-15,7:23,-3.16572,35.51182,den Askona,,A-265,A-422,A-423,,,,
su04179,2016-04-15,7:23,-3.16572,35.51182,den Askona,,A-301,A-415,A-416,,,,
su04180,2016-04-15,8:24,-3.16570,35.50962,,"A-395 just lying next to A-129 + A-394, later WH and AS, but A-129 refuses",A-129,A-394,,,A-394,,
su04181,2016-04-16,9:12,-3.16281,35.50895,,A-395 just lying next to A-129 + A-394,A-129,A-394,,,A-394,,
su04182,2016-04-16,11:05,-3.16572,35.51182,den Askona,,A-262,A-426,,,,,
su04183,2016-04-17,7:05,-3.16900,35.55883,den Locki,,L-151,L-466,,,,,
su04184,2016-04-17,7:05,-3.16900,35.55883,den Locki,,L-429,L-476,,,,,
su04185,2016-04-17,7:12,-3.15587,35.51095,den Aliko,,A-287,A-424,,,,,
su04186,2016-04-18,6:45,-3.14922,35.62342,den Materuni,,M-263,M-425,M-426,,,,
su04187,2016-04-18,8:47,-3.16572,35.51182,den Askona,,A-195,A-417,,,,,
su04188,2016-04-19,6:59,-3.16900,35.55883,den Locki,,L-187,L-469,,,,,
su04189,2016-04-19,8:20,-3.15587,35.51095,den Aliko,,A-287,A-424,A-425,,,,
su04190,2016-04-19,10:40,-3.16572,35.51182,den Askona,,A-301,A-415,A-416,,,,
su04191,2016-04-20,7:10,-3.16900,35.55883,den Locki,,L-151,L-466,,,,,
su04192,2016-04-20,7:10,-3.16900,35.55883,den Locki,,L-187,L-469,,,,,
su04193,2016-04-22,7:58,-3.16572,35.51182,den Askona,,A-301,A-415,A-416,,,,
su04194,2016-04-23,8:27,-3.17116,35.51050,,,A-129,A-395,,,A-395,,
su04195,2016-04-23,8:34,-3.17257,35.51629,,,A-273,A-396,,,,,
su04196,2016-04-23,9:22,-3.16703,35.51235,,,A-302,A-400,A-401,,A-400,A-401,
su04197,2016-04-24,6:54,-3.16900,35.55883,den Locki,,L-187,L-469,,,,,
su04198,2016-04-24,6:54,-3.16900,35.55883,den Locki,,L-429,L-476,,,,,
su04199,2016-04-24,8:03,-3.16572,35.51182,den Askona,,A-335,A-428,,,,,
su04200,2016-04-25,7:12,-3.17245,35.51654,,,A-238,A-402,A-403,,A-402,A-403,
su04201,2016-04-25,7:12,-3.17245,35.51654,,,A-273,A-396,,,,,
su04202,2016-04-27,6:58,-3.16900,35.55883,den Locki,,L-151,L-466,,,,,
su04203,2016-04-27,7:44,-3.17281,35.51551,,,A-255,A-404,A-405,,A-405,,
su04204,2016-04-27,7:52,-3.17263,35.51593,,,A-238,A-402,A-403,,A-402,A-403,
su04205,2016-04-28,7:26,-3.19674,35.57514,,,S-131,S-245,S-246,,,,
su04206,2016-04-28,7:40,-3.16900,35.55883,den Locki,,L-151,L-466,,,,,
su04207,2016-04-29,6:40,-3.16900,35.55883,den Locki,,L-187,L-469,,,,,
su04208,2016-04-29,7:20,-3.17518,35.51444,den Afghan,,A-262,A-426,A-427,,,,
su04209,2016-04-29,16:20,-3.16900,35.55883,den Locki,,L-151,L-466,,,,,
su04210,2016-04-30,9:00,-3.20743,35.56261,den Silaha,,S-184,S-260,,,,,
su04211,2016-05-07,7:28,-3.17241,35.51646,,,A-194,A-411,A-412,,,,
su04212,2016-05-07,7:28,-3.17241,35.51646,,,A-298,A-414,,,,,
su04213,2016-05-08,7:52,-3.17518,35.51444,,,A-245,A-429,A-430,,,,
su04214,2016-05-08,9:43,-3.16096,35.51129,,,A-238,A-402,A-403,,A-402,A-403,
su04215,2016-05-11,7:52,-3.17222,35.51617,,,A-265,A-422,A-423,,,,
su04216,2016-05-11,7:52,-3.17222,35.51617,,,A-335,A-428,,,,,
su04217,2016-05-11,8:32,-3.17518,35.51444,den Afgan,,A-164,A-406,,,A-406,,
su04218,2016-05-11,8:56,-3.17459,35.50768,,,A-273,A-396,,,,,
su04219,2016-05-12,9:00,-3.16572,35.51182,,,A-304,A-408,A-409,,A-408,,
su04220,2016-05-15,10:06,-3.16904,35.51183,,,A-273,A-396,,,,,
su04221,2016-05-16,9:18,-3.16746,35.51017,,,A-255,A-404,A-405,,A-405,,
su04222,2016-05-23,12:10,-3.16745,35.51344,,,A-221,A-419,,,,,
su04223,2016-05-23,12:10,-3.16745,35.51344,,,A-273,A-396,,,,,
su04224,2016-05-25,15:15,-3.16900,35.55883,den Locki,,L-151,L-466,,,,,
su04225,2016-05-25,15:15,-3.16900,35.55883,den Locki,,L-187,L-469,,,,,
su04226,2016-05-27,8:17,-3.16900,35.55883,den Locki,,L-428,L-470,L-471,,,,
su04227,2016-05-28,10:13,-3.16726,35.51392,,,A-247,A-394,A-395,,,,
su04228,2016-05-28,10:30,-3.16726,35.51392,,,A-129,A-394,,,,,
su04229,2016-05-29,16:15,-3.16900,35.55883,den locki,,L-428,L-470,L-471,,,,
su04230,2016-05-30,9:34,-3.19350,35.57300,den Logozo,,S-116,S-258,,,,,
su04231,2016-05-30,9:34,-3.19350,35.57300,den Logozo,,S-125,S-256,,,,,
su04232,2016-06-06,7:55,-3.19350,35.57300,den Logozo,,S-139,S-261,,,,,
su04233,2016-06-06,8:35,-3.19144,35.57245,,,S-116,S-258,,,,,
su04234,2016-06-06,9:00,-3.19350,35.57300,den Logozo,,S-212,S-259,,,,,
su04235,2016-06-07,7:28,-3.19580,35.57463,,,S-125,S-256,,,,,
su04236,2016-06-07,7:28,-3.19580,35.57463,,,S-127,S-249,,,,,
su04237,2016-06-07,7:28,-3.19580,35.57463,,,S-157,S-257,,,,,
su04238,2016-06-12,7:33,-3.18992,35.50122,den Furahisha,,F-192,F-224,,,,,
su04239,2016-06-13,7:12,-3.17152,35.51578,,,A-221,A-419,,,,,
su04240,2016-06-13,7:12,-3.17152,35.51578,,,A-265,A-422,A-423,,,,
su04241,2016-06-15,7:35,-3.17213,35.51705,,,A-238,A-402,A-403,,A-402,A-403,
su04242,2016-06-16,7:20,-3.17004,35.52318,,,A-259,A-398,A-410,,,,
su04243,2016-06-17,7:30,-3.16930,35.52257,,,A-164,A-406,A-407,,A-406,A-407,
su04244,2016-06-17,7:30,-3.16930,35.52257,,,A-195,A-417,,,,,
su04245,2016-06-21,7:45,-3.18992,35.50122,den Furahisha,,F-099,F-226,F-227,,,,
su04246,2016-06-21,7:45,-3.18992,35.50122,den Furahisha,,F-144,F-228,,,,,
su04247,2016-06-21,7:45,-3.18992,35.50122,den Furahisha,,F-189,F-229,,,F-229,,
su04248,2016-06-23,8:26,-3.19191,35.50518,,,F-138,F-225,,,,,
su04249,2016-06-25,7:58,-3.19228,35.50586,,,F-173,F-221,F-222,,,,
su04250,2016-06-27,7:35,-3.16900,35.55883,den Locki,,L-151,L-466,,,,,
su04251,2016-06-27,7:58,-3.16835,35.54585,,,L-428,L-470,,,,,
su04252,2016-06-28,8:21,-3.17141,35.51842,,,A-221,A-419,,,,,
su04253,2016-07-09,10:07,-3.16150,35.62107,,,M-263,M-425,M-426,,,,
su04254,2016-07-12,7:30,-3.19350,35.57300,den Logozo,,S-116,S-258,,,,,
su04255,2016-07-12,7:30,-3.19350,35.57300,den Logozo,,S-181,S-268,S-269,,,,
su04256,2016-07-17,15:26,-3.14456,35.56919,den Engutoto,,E-185,E-273,E-274,,,,
su04257,2016-07-23,7:08,-3.16900,35.55883,den Locki,,L-429,L-476,,,,,
su04258,2016-07-23,7:51,-3.17092,35.52282,,,A-305,A-413,A-418,,,,
su04259,2016-07-24,7:10,-3.16498,35.61311,,,M-306,M-424,,,,,
su04260,2016-07-27,6:52,-3.15175,35.63400,,,M-239,M-422,,,,,
su04261,2016-07-27,6:52,-3.15175,35.63400,,,M-287,M-431,M-432,,,,
su04262,2016-07-27,6:52,-3.15175,35.63400,,,M-306,M-424,,,,,
su04263,2016-07-28,7:26,-3.17085,35.52279,,,A-265,A-422,A-423,,,,
su04264,2016-07-28,7:42,-3.17051,35.51844,,,A-262,A-426,A-427,,,,
su04265,2016-07-28,7:42,-3.17051,35.51844,,,A-335,A-428,,,,,
su04266,2016-07-29,6:48,-3.14864,35.64830,,,M-381,M-429,M-430,,,,
su04267,2016-08-03,7:06,-3.17142,35.51856,,,A-194,A-411,A-412,,,,
su04268,2016-08-03,7:06,-3.17142,35.51856,,,A-265,A-423,A-422,,,,
su04269,2016-08-04,7:28,-3.17075,35.51817,den Ashenale,,A-302,A-400,A-401,,A-400,A-401,
su04270,2016-08-04,9:55,-3.16032,35.51473,,,A-304,A-409,,,,,
su04271,2016-08-05,8:05,-3.17131,35.51653,,,A-262,A-426,A-427,,,,
su04272,2016-08-05,8:05,-3.17131,35.51653,,,A-335,A-428,,,,,
su04273,2016-08-07,8:43,-3.16572,35.51182,den Askona,,A-323,A-432,A-433,,,,
su04274,2016-08-08,7:25,-3.17075,35.51817,den Ashenale,,A-178,A-234,,,,,
su04275,2016-08-08,7:25,-3.17075,35.51817,den Ashenale,,A-353,A-431,,,,,
su04276,2016-08-08,8:05,-3.18992,35.50122,den Furahisha,,F-177,F-223,,,,,
su04277,2016-08-08,8:05,-3.18992,35.50122,den Furahisha,,F-192,F-224,,,,,
su04278,2016-08-13,8:00,-3.14485,35.57201,den Evita,,E-152,E-277,E-278,,,,
su04279,2016-09-18,7:11,-3.21885,35.53976,den Tripoli,,T-148,T-180,,,,,
su04280,2016-09-19,8:16,-3.21885,35.53976,den Tripoli,,T-134,T-174,,,,,
su04281,2016-09-20,8:10,-3.21885,35.53976,den Tripoli,,T-148,T-180,,,,,
su04282,2016-09-22,9:07,-3.18891,35.51327,,,F-144,F-228,F-230,,,,
su04283,2016-09-22,10:57,-3.19424,35.49999,,,F-142,F-236,,,,,
su04284,2016-09-23,7:15,-3.21885,35.53976,den Tripoli,,T-109,T-177,T-178,,,,
su04285,2016-09-23,7:15,-3.21885,35.53976,den Tripoli,,T-142,T-179,,,,,
su04286,2016-09-23,7:15,-3.21885,35.53976,den Tripoli,,T-148,T-183,T-184,,,,
su04287,2016-09-26,7:25,-3.21885,35.53976,den Tripoli,,T-150,T-185,T-186,,,,
su04288,2016-09-30,9:06,-3.16415,35.56457,,,L-151,L-466,,,,,
su04289,2016-10-02,10:20,-3.17075,35.51817,den Ashenale,,A-266,A-420,,,,,
su04290,2016-10-05,15:37,-3.16333,35.56769,den Levolosi,,L-329,L-480,,,,,
su04291,2016-10-09,7:12,-3.19350,35.57300,den Logozo,,S-150,S-266,,,,,
su04292,2016-10-09,7:40,-3.18765,35.57200,,,S-161,S-277,,,,,
su04293,2016-10-09,7:40,-3.18765,35.57200,,,S-165,S-262,S-263,,,,
su04294,2016-10-11,6:49,-3.19350,35.57300,den Logozo,,S-152,S-272,S-273,,,,
su04295,2016-10-12,7:17,-3.19065,35.57184,,,S-139,S-261,,,,,
su04296,2016-10-12,7:17,-3.19065,35.57184,,,S-161,S-277,S-278,,,,
su04297,2016-10-12,8:31,-3.20000,35.57190,,,S-184,S-260,,,,,
su04298,2016-10-15,7:00,-3.18799,35.56848,,,S-161,S-277,S-278,,,,
su04299,2016-10-15,7:00,-3.18799,35.56848,,,S-212,S-259,,,,,
su04300,2016-10-15,7:42,-3.19350,35.57300,den Logozo,,S-150,S-266,,,,,
su04301,2016-10-16,6:55,-3.18802,35.56849,,,S-161,S-277,S-278,,,,
su04302,2016-10-16,7:12,-3.18789,35.57246,den Sakina,,S-184,S-260,,,,,
su04303,2016-10-17,7:35,-3.18789,35.57246,den Sakina,,S-155,S-265,,,,,
su04304,2016-10-17,7:35,-3.18789,35.57246,den Sakina,,S-173,S-270,,,,,
su04305,2016-10-19,6:37,-3.15225,35.64582,,,M-287,M-231,M-232,,,,
su04306,2016-10-19,7:28,-3.19819,35.57196,,,S-212,S-259,,,,,
su04307,2016-10-21,8:31,-3.21318,35.53686,,,T-109,T-177,T-178,,,,
su04308,2016-10-21,10:13,-3.21885,35.53976,den Tripoli,,T-127,T-192,T-193,,,,
su04309,2016-10-22,7:27,-3.21885,35.53976,den Tripoli,,T-135,T-191,,,,,
su04310,2016-10-26,8:23,-3.20046,35.56191,,,S-131,S-245,S-246,,,,
su04311,2016-10-26,9:20,-3.21885,35.53976,den Tripoli,,T-112,T-182,,,,,
su04312,2016-11-04,7:26,-3.18789,35.57246,den Sakina,,S-155,S-265,,,,,
su04313,2016-11-04,7:26,-3.18789,35.57246,den Sakina,,S-180,S-274,S-275,,,,
su04314,2016-11-04,7:26,-3.18789,35.57246,den Sakina,,S-181,S-268,S-269,,,,
su04315,2016-11-08,7:49,-3.15587,35.51095,,,A-335,A-428,,,,,
su04316,2016-11-10,7:04,-3.16360,35.52349,,,A-301,A-415,A-416,,,,
su04317,2016-11-10,7:31,-3.16597,35.52984,,,A-195,A-417,,,,,
su04318,2016-11-12,7:53,-3.15892,35.52978,,,A-247,A-394,,,,,
su04319,2016-11-12,7:53,-3.15892,35.52978,,,A-287,A-424 ,A-425,,,,
su04320,2016-11-18,6:58,-3.16425,35.63064,,,M-381,M-429,,,,,
su04321,2016-11-18,8:24,-3.24156,35.58346,,,N-190,N-261,,,,,
su04322,2016-11-18,8:36,-3.23968,35.58504,,,N-151,N-257,N-258,,,,
su04323,2016-11-19,7:36,-3.24176,35.58487,,,N-151,N-257,N-258,,,,
su04324,2016-11-20,7:40,-3.15880,35.52973,,,A-164,A-406,A-407,,A-406,A-407,
su04325,2016-11-21,7:23,-3.23968,35.58394,,,N-151,N-257,A-258,,,,
su04326,2016-11-22,7:05,-3.23891,35.58708,,,N-102,N-254,N-255,,,,
su04327,2016-11-22,7:05,-3.23891,35.58708,,,N-210,N-260,,,,,
su04328,2016-11-23,7:23,-3.24205,35.58442,,,N-190,N-261,,,,,
su04329,2016-11-24,7:10,-3.23515,35.58426,,,N-102,N-254,N-255,,,,
su04330,2016-11-24,7:43,-3.15587,35.51095,den Aliko,,A-334,A-436,A-437,,,,
su04331,2016-11-25,7:33,-3.16654,35.51830,,,A-301,A-415,A-416,,,,
su04332,2016-11-26,8:31,-3.15686,35.51213,,,A-323,A-432,,,,,
su04333,2016-11-27,7:25,-3.23714,35.58249,,,N-151,N-257,N-258,,,,
su04334,2016-11-27,7:27,-3.23678,35.58379,,,N-171,N-262,N-263,,,,
su04335,2016-11-28,6:36,-3.16232,35.56488,den Leslie,,L-300,L-481,,,,,
su04336,2016-11-29,6:30,-3.16232,35.56488,den Leslie,,L-160,L-482,,,,,
su04337,2016-11-29,7:21,-3.16966,35.52090,,,A-265,A-422,A-423,,,,
su04338,2016-11-29,7:31,-3.17107,35.51967,,,A-302,A-400,A-401,,A-400,A-401,
su04339,2016-11-29,7:36,-3.23958,35.58613,,,N-171,N-262,N-263,,,,
su04340,2016-11-29,7:51,-3.15697,35.51217,,,A-323,A-432,A-433,,,,
su04341,2016-11-29,8:20,-3.15587,35.51095,den Aliko,,A-353,A-431,,,,,
su04342,2016-11-30,6:40,-3.13142,35.57751,,,M-132,M-413,,,,,
su04343,2016-11-30,7:50,-3.19467,35.49950,den Furahi,,F-157,F-238,F-239,,,,
su04344,2016-11-30,9:13,-3.18649,35.57241,,,S-145,S-279,,,,,
su04345,2016-11-30,9:18,-3.18294,35.56811,,,S-165,S-262,S-263,,,,
su04346,2016-12-02,8:02,-3.16232,35.56488,den Leslie,,L-300,L-481,,,,,
su04347,2016-12-02,8:02,-3.16267,35.56550,den Lost,,L-329,L-480,,,,,
su04348,2016-12-02,9:23,-3.19999,35.57190,den Simple,,S-152,S-273,,,,,
su04349,2016-12-04,8:48,-3.16267,35.56550,den Lost,,L-160,L-482,,,,,
su04350,2016-12-04,12:19,-3.19824,35.57793,,,S-184,S-260,,,,,
su04351,2016-12-05,16:55,-3.19066,35.57202,,,S-184,S-260,,,,,
su04352,2016-12-05,17:00,-3.18877,35.57101,,,S-138,S-264,,,,,
su04353,2016-12-05,17:00,-3.18877,35.57101,,,S-180,S-275,,,,,
su04354,2016-12-05,17:36,-3.18680,35.57223,den Surprise,,S-209,S-279,,,,,
su04355,2016-12-06,6:50,-3.18643,35.57220,den Surprise,,S-155,S-265,,,,,
su04356,2016-12-06,8:20,-3.18847,35.57138,,,S-181,S-269,,,,,
su04357,2016-12-06,16:06,-3.18643,35.57220,den Surprise,,S-182,S-280,,,,,
su04358,2016-12-07,7:06,-3.18990,35.50512,,,F-099,F-226,F-227,,,,
su04359,2016-12-07,7:25,-3.19467,35.49950,den Furahi,,F-107,F-231,F-232,,,,
su04360,2016-12-07,7:25,-3.19467,35.49950,den Furahi,,F-157,F-238,F-239,,,,
su04361,2016-12-09,7:23,-3.18855,35.57100,,,S-138,S-264,,,,,
su04362,2016-12-09,7:23,-3.18855,35.57100,,,S-181,S-269,,,,,
su04363,2016-12-09,7:55,-3.18643,35.57220,den Surprise,,S-209,S-279,,,,,
su04364,2016-12-09,9:01,-3.18617,35.56906,,,S-138,S-264,,,,,
su04365,2016-12-09,10:06,-3.19139,35.57209,,,S-181,S-269,,,,,
su04366,2016-12-10,6:58,-3.14460,35.57403,den Eufori,,E-145,E-280,,,,,
su04367,2016-12-10,7:12,-3.19339,35.50054,,,F-142,F-236,,,,,
su04368,2016-12-10,9:06,-3.18643,35.57220,den Surprise,,S-145,S-282,S-283,,,,
su04369,2016-12-10,9:06,-3.18643,35.57220,den Surprise,,S-208,S-276,,,,,
su04370,2016-12-10,11:16,-3.20316,35.57046,,,S-184,S-260,,,,,
su04371,2016-12-11,8:50,-3.19064,35.50453,,,F-099,F-226,F-227,,,,
su04372,2016-12-11,10:08,-3.16762,35.51136,,,A-262,A-426,A-427,,,,
su04373,2016-12-11,11:20,-3.18594,35.50935,,,F-171,F-233,,,,,
su04374,2016-12-13,7:53,-3.18643,35.57220,den Surprise,,S-145,S-282,S-283,,,,
su04375,2016-12-13,8:56,-3.19118,35.57227,,,S-181,S-269,,,,,
su04376,2016-12-14,6:45,-3.18643,35.57220,den Surprise,,S-165,S-263,,,,,
su04377,2016-12-14,6:45,-3.18643,35.57220,den Surprise,,S-208,S-276,,,,,
su04378,2016-12-14,7:20,-3.19165,35.57278,,,S-181,S-269,,,,,
su04379,2016-12-14,8:20,-3.19262,35.57245,,,S-184,S-260,,,,,
su04380,2016-12-14,8:46,-3.18951,35.56945,,,S-138,S-264,,,,,
su04381,2016-12-16,6:56,-3.19840,35.57347,,,S-139,S-261,,,,,
su04382,2016-12-17,15:55,-3.19175,35.57194,,,S-181,S-269,,,,,
su04383,2016-12-18,8:12,-3.19812,35.57198,,,S-184,S-260,,,,,
su04384,2016-12-18,9:21,-3.18350,35.56324,,,S-139,S-261,,,,,
su04385,2016-12-28,7:50,-3.23751,35.58385,,,N-128,N-268,,,,,
su04386,2016-12-30,16:22,-3.18943,35.57133,,,S-193,S-284,S-285,,,,
su_20161231_0742_S-181,2016-12-31,7:08,-3.19297,35.57430,,,S-181,S-269,,,,,PN
su_20161231_0742_S-166,2016-12-31,7:42,-3.18789,35.57246,den Sakina,,S-166,S-286,S-287,,,,PN
su04388,2016-12-31,7:53,-3.18877,35.57088,,,S-208,S-276,,,,,
su04389,2017-01-03,7:03,-3.18928,35.57152,,,S-181,S-269,,,,,
su04390,2017-01-04,7:14,-3.19473,35.57255,,,S-152,S-272,S-273,,,,
su04391,2017-01-04,7:29,-3.18907,35.57162,,,S-208,S-276,,,,,
su04392,2017-01-04,7:29,-3.18907,35.57162,,,S-209,S-279,,,,,
su04393,2017-01-09,16:01,-3.19593,35.57549,,,S-138,S-264,,,,,
su04394,2017-01-10,7:19,-3.18992,35.50122,den Furahi,,F-099,F-226,F-227,,,,
su04395,2017-01-11,7:30,-3.18992,35.50122,den Furahi,,F-130,F-243,,,,,
su04396,2017-01-11,7:30,-3.18992,35.50122,den Furahi,,F-191,F-241,,,,,
su04397,2017-01-13,7:39,-3.24320,35.58415,,,N-143,N-270,N-275,,N-275,,
su04398,2017-01-15,7:17,-3.16941,35.55880,,,L-191,L-486,,,,,
su04399,2017-01-18,9:55,-3.17058,35.50736,,,A-287,A-424,A-425,,,,
su04400,2017-01-20,7:51,-3.21336,35.54014,,,T-129,T-189,T-190,,,,
su04401,2017-01-20,7:51,-3.21336,35.54014,,,T-150,T-185,,,,,
su04402,2017-01-20,10:29,-3.21632,35.53727,,,T-158,T-188,,,,,
su04403,2017-01-22,7:07,-3.21391,35.54033,,,T-150,T-185,T-186,,,,
su04404,2017-01-25,7:15,-3.21474,35.53930,den Trump,,T-127,T-192,T-193,,,,
su04405,2017-01-25,7:15,-3.21474,35.53930,den Trump,,T-129,T-189,T-190,,,,
su04406,2017-01-25,7:15,-3.21474,35.53930,den Trump,,T-158,T-188,,,,,
su04407,2017-01-26,8:13,-3.20880,35.54085,,,T-158,T-188,,,,,
su04408,2017-01-27,7:36,-3.20642,35.53963,,,T-148,T-183,T-184,,,,
su04409,2017-01-27,7:36,-3.20642,35.53963,,,T-158,T-188,,,,,
su04410,2017-01-27,7:36,-3.20642,35.53963,,,T-141,T-177,T-178,,,,
su04411,2017-01-30,16:12,-3.21714,35.54088,,,T-129,T-189,T-190,,,,
su04412,2017-02-01,16:26,-3.18673,35.56946,,,S-193,S-284,,,,,
su04413,2017-02-05,7:12,-3.18915,35.57005,,,S-173,S-270,,,,,
su04414,2017-02-05,9:42,-3.19026,35.57284,,,S-181,S-269,,,,,
su04415,2017-02-10,7:30,-3.20332,35.57152,,,S-138,S-264,,,,,
su04416,2017-02-10,7:30,-3.20332,35.57152,,,S-181,S-269,,,,,
su04417,2017-02-11,8:50,-3.20795,35.54136,,,T-148,T-183,T-184,,,,
su04418,2017-02-11,11:05,-3.20731,35.54389,,,T-158,T-188,,,,,
su04419,2017-02-12,7:58,-3.21198,35.54398,,,T-148,T-183,T-184,,,,
su04420,2017-02-14,9:33,-3.17276,35.51007,,,A-323,A-432,A-433,,,,
su04421,2017-02-16,8:08,-3.16543,35.53039,,,A-265,A-422,A-423,,,,
su04422,2017-02-17,7:05,-3.13278,35.56410,,,E-141,E-276,E-282,,,,
su04423,2017-02-20,7:10,-3.16614,35.56312,,,L-295,L-480,L-483,,L-483,,
su04424,2017-02-20,7:30,-3.16900,35.55883,den Locki,,L-350,L-489,,,,,
su04425,2017-02-23,7:20,-3.16605,35.56314,,,L-429,L-487,L-488,,,,
su04426,2017-02-23,7:43,-3.16900,35.55883,den Locki,,L-359,L-485,,,,,
su04427,2017-02-24,7:39,-3.16965,35.55485,,,L-350,L-489,,,,,
su_20170225_0845_A-305,2017-02-25,8:45,-3.14212,35.53211,den Amsterdam,,A-305,A-446,A-447,,,,
su04429,2017-02-28,16:15,-3.18932,35.57110,,,S-166,S-286,S-287,,,,
su04430,2017-02-28,16:15,-3.18932,35.57110,,,S-215,S-288,S-289,,,,
su_20170307_1600_S-166,2017-03-07,16:00,-3.18922,35.57112,den Sydney,,S-166,S-286,,,,,
su_20170308_0855_S-180,2017-03-08,8:55,-3.19760,35.57294,,,S-180,S-274,S-275,,,,
su_20170313_0730_A-355,2017-03-13,7:30,-3.14212,35.53211,den Amsterdam,,A-355,A-448,,,,,
su04434,2017-03-15,8:00,-3.14212,35.53211,den Amsterdam,,A-259,A-449,,,,,
su04435,2017-03-15,8:00,-3.14212,35.53211,den Amsterdam,,A-326,A-429,A-430,,,,
su04436,2017-03-16,7:30,-3.14212,35.53211,den Amsterdam,,A-267,A-441,A-442,,,,
su04437,2017-03-17,7:20,-3.14212,35.53211,den Amsterdam,,A-232,A-443,A-444,,,,
su04438,2017-03-18,16:05,-3.18922,35.57112,den Sydney,,S-193,S-284,,,,,
su04439,2017-03-19,7:50,-3.14212,35.53211,den Amsterdam,,A-232,A-443,,,,,
su04440,2017-03-19,7:50,-3.14212,35.53211,den Amsterdam,,A-335,A-450,,,,,
su04441,2017-03-21,16:58,-3.18922,35.57112,den Sydney,,S-201,S-290,,,,,
su04442,2017-03-26,7:22,-3.14212,35.53211,den Amsterdam,,A-259,A-449,,,,,
su04443,2017-03-26,7:22,-3.14212,35.53211,den Amsterdam,,A-355,A-448,,,,,
su04444,2017-03-26,10:10,-3.19040,35.51474,,,F-144,F-230,,,,,
su04445,2017-03-27,16:40,-3.14212,35.53211,den Amsterdam,,A-232,A-443,A-444,,,,
su04446,2017-03-27,16:40,-3.14212,35.53211,den Amsterdam,,A-355,A-448,,,,,
su04447,2017-03-28,10:00,-3.16900,35.55883,den Locki,,L-428,L-493,,,,,
su04448,2017-03-29,9:30,-3.16900,35.55883,den Locki,,L-258,L-491,,,,,
su04449,2017-03-31,7:08,-3.16333,35.56769,den Levolosi,,L-340,L-492,,,,,
su04450,2017-04-08,15:54,-3.16362,35.55607,,,L-187,L-469,,,,,
su04451,2017-04-08,17:00,-3.16900,35.55883,den Locki,,L-350,L-489,L-490,,,,
su04452,2017-04-09,7:05,-3.16900,35.55883,den Locki,,L-350,L-489,L-490,,,,
su04453,2017-04-11,8:50,-3.14212,35.53211,den Amsterdam,,A-283,A-454,,,,,
su04454,2017-04-12,9:14,-3.16900,35.55883,den Locki,,L-329,L-480,,,,,
su04455,2017-04-12,9:14,-3.16900,35.55883,den Locki,,L-350,L-489,,,,,
su04456,2017-04-13,15:50,-3.14212,35.53211,den Amsterdam,,A-232,A-443,A-444,,,,
su04457,2017-04-15,7:10,-3.16900,35.55883,den Locki,,L-160,L-482,,,,,
su04458,2017-04-15,7:10,-3.16900,35.55883,den Locki,,L-359,L-485,,,,,
su04459,2017-04-15,8:06,-3.19565,35.57563,,,S-173,S-270,,,,,
su04460,2017-04-18,7:36,-3.14135,35.53547,,,A-284,A-438,,,,,
su04461,2017-04-18,8:06,-3.14212,35.53211,den Amsterdam,,A-238,A-455,A-456,,,,
su04462,2017-04-18,8:06,-3.14212,35.53211,den Amsterdam,,A-305,A-446,A-447,,,,
su04463,2017-04-21,15:35,-3.14212,35.53211,den Amsterdam,,A-305,A-446,,,,,
su04464,2017-04-21,15:35,-3.14212,35.53211,den Amsterdam,,A-353,A-458,,,,,
su04465,2017-04-22,16:24,-3.14212,35.53211,den Amsterdam,,A-247,A-459,A-460,,,,
su04466,2017-04-22,16:24,-3.14212,35.53211,den Amsterdam,,A-305,A-447,,,,,
su04467,2017-04-23,7:08,-3.14452,35.65330,,,M-295,M-435,,,,,
su04468,2017-04-24,7:35,-3.14212,35.53211,den Amsterdam,,A-267,A-441,A-442,,,,
su04469,2017-04-24,7:35,-3.14212,35.53211,den Amsterdam,,A-259,A-449,,,,,
su04470,2017-04-24,7:35,-3.14212,35.53211,den Amsterdam,,A-313,A-463,,,,,
su04471,2017-04-24,7:35,-3.14212,35.53211,den Amsterdam,,A-335,A-450,A-451,,,,
su04472,2017-04-25,15:45,-3.14212,35.53211,den Amsterdam,,A-259,A-449,,,,,
su04473,2017-04-25,15:45,-3.14212,35.53211,den Amsterdam,,A-355,A-448,A-453,,,,
su04474,2017-04-25,15:45,-3.14212,35.53211,den Amsterdam,,A-238,A-455,,,,,
su04475,2017-04-26,7:24,-3.14241,35.53429,,,A-284,A-438,,,,,
su04476,2017-04-26,7:42,-3.14212,35.53211,den Amsterdam,,A-247,A-459,A-460,,,,
su04477,2017-04-28,7:28,-3.17126,35.55402,,,L-359,L-485,,,,,
su04478,2017-04-30,7:30,-3.14212,35.53211,den Amsterdam,,A-259,A-452,,,,,
su04479,2017-05-08,15:48,-3.16333,35.56769,den Levolosi,,L-340,L-492,,,,,
su04480,2017-05-09,15:15,-3.14212,35.53211,den Amsterdam,,A-329,A-464,A-465,,,,
su04481,2017-05-09,16:34,-3.14566,35.52793,,,A-259,A-449,,,,,
su04482,2017-05-10,15:15,-3.14706,35.52639,den Argentina2,,A-305,A-446,,,,,
su04483,2017-05-11,7:15,-3.14212,35.53211,den Amsterdam,,A-232,A-443,A-444,,,,
su04484,2017-05-11,8:25,-3.14706,35.52639,den Argentina2,,A-305,A-446,A-447,,,,
su04485,2017-05-12,15:15,-3.14706,35.52639,den Argentina2,,A-259,A-449,,,,,
su04486,2017-05-12,15:15,-3.14706,35.52639,den Argentina2,,A-267,A-441,,,,,
su04487,2017-05-13,7:05,-3.17131,35.55403,,,L-329,L-480,L-483,,,,
su04488,2017-05-15,15:12,-3.14706,35.52639,den Argentina2,,A-305,A-446,A-447,,,,
su04489,2017-05-17,15:25,-3.14706,35.52639,den Argentina2,,A-247,A-459,A-460,,,,
su04490,2017-05-17,15:25,-3.14706,35.52639,den Argentina2,,A-305,A-447,,,,,
su04491,2017-05-23,7:35,-3.20224,35.49573,den Floof,,F-181,F-244,,,,,
su04492,2017-05-28,9:30,-3.14706,35.52639,den Argentina2,,A-305,A-446,,,,,
su04493,2017-05-29,7:35,-3.13032,35.55963,den Esirwa,,E-171,E-288,,,,,
su04494,2017-05-29,7:35,-3.13032,35.55963,den Esirwa,,E-238,E-286,,,,,
su04495,2017-05-30,16:20,-3.14706,35.52639,den Argentina2,,A-335,A-450,A-451,,,,
su04496,2017-05-31,7:40,-3.13032,35.55963,,,E-219,E-283,E-284,,,,
su04497,2017-05-31,8:35,-3.14706,35.52639,den Argentina2,,A-335,A-450,A-451,,,,
su04498,2017-05-31,8:35,-3.14706,35.52639,den Argentina2,,A-355,A-448,A-453,,,,
su04499,2017-06-09,6:51,-3.13032,35.55963,den Esirwa,,E-245,E-285,,,,,
su04500,2017-06-10,7:00,-3.13032,35.55963,den Esirwa,,E-219,E-283,E-284,,,,
su04501,2017-06-11,9:26,-3.20048,35.55859,,,S-208,S-276,,,,,
su04502,2017-06-12,7:05,-3.20873,35.55882,den Saibul,,S-215,S-289,,,,,
su04503,2017-06-12,9:22,-3.19916,35.55761,,,S-152,S-272,S-273,,,,
su04504,2017-06-12,9:22,-3.19916,35.55761,,,S-208,S-276,,,,,
su04505,2017-06-14,7:13,-3.20060,35.56735,,,S-209,S-279,,,,,
su04506,2017-06-14,8:22,-3.20873,35.55882,den Saibul,,S-153,S-292,S-293,,,,
su04507,2017-06-14,8:22,-3.20873,35.55882,den Saibul,,S-201,S-290,S-291,,,,
su04508,2017-06-15,7:50,-3.20030,35.57136,,,S-209,S-279,,,,,
su04509,2017-06-17,7:05,-3.20873,35.55882,den Saibul,,S-181,S-298,S-299,,,,
su04510,2017-06-17,7:05,-3.20873,35.55882,den Saibul,,S-184,S-300,,,,,
su04511,2017-06-17,7:05,-3.20873,35.55882,den Saibul,,S-234,S-297,,,,,
su04512,2017-06-17,7:05,-3.20873,35.55882,den Saibul,,S-235,S-294,,,,,
su04513,2017-06-18,6:51,-3.20138,35.57200,,,S-180,S-274,S-275,,,,
su04514,2017-06-18,8:20,-3.20179,35.61503,,"first licks N-275 intensively, then SU",N-200,N-275,,,,,
su04515,2017-06-18,10:41,-3.21140,35.55813,,,S-201,S-290,,,,,
su04516,2017-06-19,6:47,-3.17695,35.62975,,,M-287,M-449,M-450,,,,
su04517,2017-06-19,6:55,,,den Argentina 4,,A-247,A-459,A-460,,,,
su04518,2017-06-19,7:10,,,den Argentina 4,,A-259,A-452,,,,,
su04519,2017-06-19,7:15,,,den Argentina 4,,A-195,A-461,A-462,,,,
su04520,2017-06-19,7:15,,,den Argentina 4,,A-335,A-450,A-451,,,,
su04521,2017-06-20,6:44,,,den Nyuki 2,,M-287,M-449,M-450,,,,
su04522,2017-06-20,7:07,-3.20873,35.55882,den Saibul,,S-181,S-298,S-299,,,,
su04523,2017-06-20,7:15,,,den Nyuki 2,,M-383,M-438,M-439,,,,
su04524,2017-06-22,6:46,,,den Nyuki 2,,M-287,M-449,M-450,,,,
su04525,2017-06-22,7:15,,,den Nyuki 3,,M-381,M-446,,,,,
su04526,2017-06-22,7:15,,,den Nyuki 3,no 100% sure about cub ID,M-403,M-440,,,,,
su04527,2017-06-23,7:50,,,den Argentina 4,,A-335,A-451,,,,,
su04528,2017-06-23,7:50,,,den Argentina 4,,A-353,A-457,A-458,,,,
su04529,2017-06-23,8:17,,,den Argentina 2,,A-355,A-448,A-453,,,,
su04530,2017-06-23,16:00,-3.20289,35.49702,den Floof,,F-138,F-246,F-247,,,,
su04531,2017-06-23,16:00,-3.20289,35.49702,den Floof,,F-171,F-251,F-252,,,,
su04532,2017-06-24,7:30,,,den Argentina 4,,A-247,A-459,A-460,,,,
su04533,2017-06-24,8:05,,,den Argentina 2,,A-195,A-461,A-462,,,,
su04534,2017-06-24,8:15,,,den Argentina 4,,A-335,A-450,,,,,
su04535,2017-06-24,8:55,,,den Argentina 4,,A-329,A-465,,,,,
su04536,2017-06-24,10:30,,,den Argentina 4,,A-252,A-468,,,,,
su04537,2017-06-26,16:00,-3.17695,35.62975,den Milkyway,,M-249,M-437,M-441,,,,
su04538,2017-06-27,6:50,-3.17695,35.62975,den Milkyway,,M-249,M-437,,,,,
su04539,2017-06-27,6:50,-3.17695,35.62975,den Milkyway,,M-287,M-450,M-451,,,,
su04540,2017-06-27,6:50,-3.17695,35.62975,den Milkyway,,M-403,M-440,M-442,,,,
su04541,2017-06-27,6:50,-3.17695,35.62975,den Milkyway,,M-263,M-452,,,,,
su04542,2017-06-29,15:40,-3.14706,35.52639,den Argentina2,,A-194,A-445,,,,,
su04543,2017-06-30,7:10,-3.14706,35.52639,den Argentina2,,A-252,A-468,,,,,
su04544,2017-06-30,7:10,-3.14706,35.52639,den Argentina2,,A-335,A-450,A-451,,,,
su04545,2017-06-30,7:10,-3.14706,35.52639,den Argentina2,,A-353,A-458,,,,,
su04546,2017-06-30,7:10,-3.14706,35.52639,den Argentina2,,A-329,A-464,,,,,
su04547,2017-07-06,7:08,-3.14706,35.52639,den Argentina2,,A-329,A-464,,,,,
su04548,2017-07-06,7:08,-3.14706,35.52639,den Argentina2,,A-335,A-450,A-451,,,,
su04549,2017-07-08,7:15,-3.16208,35.56869,,,L-429,L-487,L-488,,,,
su04550,2017-07-08,7:15,-3.16208,35.56869,,,L-258,L-491,,,,,
su04551,2017-07-08,11:31,-3.18931,35.51332,,,F-099,F-226,,,,,
su04552,2017-07-08,11:51,-3.20142,35.50059,,,F-169,F-248,F-253,,,,
su04553,2017-07-08,11:51,-3.20142,35.50059,,,F-201,F-256,,,,,
su04554,2017-07-08,12:51,-3.20417,35.50043,,,F-161,F-234,,,,,
su04555,2017-07-10,7:16,-3.16602,35.56323,,,L-350,L-489,L-490,,,,
su04556,2017-07-10,7:56,-3.17032,35.55325,,,L-258,L-491,,,,,
su04557,2017-07-10,7:56,-3.17032,35.55325,,,L-329,L-480,,,,,
su04558,2017-07-10,7:56,-3.17032,35.55325,,,L-359,L-485,,,,,
su04559,2017-07-11,15:20,-3.17695,35.62975,den Milkyway,,M-296,M-447,M-448,,,,
su04560,2017-07-12,7:30,-3.14706,35.52639,den Argentina2,,A-353,A-457,A-458,,,,
su04561,2017-07-12,15:15,-3.14706,35.52639,den Argentina2,,A-194,A-445,,,,,
su04562,2017-07-13,7:45,-3.14706,35.52639,den Argentina2,,A-302,A-469,,,,,
su04563,2017-07-13,7:45,-3.14706,35.52639,den Argentina2,,A-329,A-464,A-465,,,,
su04564,2017-07-16,15:45,-3.17695,35.62975,den Milkyway,,M-306,M-442,M-443,,,,
su04565,2017-07-16,15:45,-3.17695,35.62975,den Milkyway,,M-249,M-441,,,,,
su04566,2017-07-18,7:40,-3.14706,35.52639,den Argentina2,,A-194,A-473,A-474,,,,
su04567,2017-07-18,7:40,-3.14706,35.52639,den Argentina2,,A-266,A-471,A-472,,,,
su04568,2017-07-18,7:40,-3.14706,35.52639,den Argentina2,,A-326,A-470,,,,,
su04569,2017-07-18,7:40,-3.14706,35.52639,den Argentina2,,A-305,A-446,A-447,,,,
su04570,2017-07-18,7:40,-3.14706,35.52639,den Argentina2,,A-329,A-464,A-465,,,,
su04571,2017-07-18,7:40,-3.14706,35.52639,den Argentina2,,A-259,A-452,,,,,
su04572,2017-07-19,15:20,-3.14706,35.52639,den Argentina2,,A-194,A-473,A-474,,,,
su04573,2017-07-22,7:30,-3.16523,35.55091,den Lemagrut,,L-329,L-480,,,,,
su04574,2017-07-22,7:30,-3.16523,35.55091,den Lemagrut,,L-428,L-493,,,,,
su04575,2017-07-22,7:30,-3.16523,35.55091,den Lemagrut,,L-425,L-495,,,,,
su04576,2017-07-23,15:10,-3.17695,35.62975,den Milkyway,,M-381,M-447,,,,,
su04577,2017-07-24,8:40,-3.20289,35.49702,den Floof,,F-107,F-250,,,F-250,,
su04578,2017-07-24,8:40,-3.20289,35.49702,den Floof,,F-159,F-240,,,,,
su04579,2017-07-24,8:40,-3.20289,35.49702,den Floof,,F-173,F-254,F-255,,,,
su04580,2017-07-24,8:40,-3.20289,35.49702,den Floof,,F-201,F-256,,,,,
su04581,2017-07-25,7:35,-3.20289,35.49702,den Floof,,F-159,F-240,,,,,
su04582,2017-07-25,7:35,-3.20289,35.49702,den Floof,,F-169,F-248,,,,,
su04583,2017-07-26,7:45,-3.14706,35.52639,den Argentina2,,A-265,A-475,,,,,
su04584,2017-07-26,7:45,-3.14706,35.52639,den Argentina2,,A-194,A-473,A-474,,,,
su04585,2017-07-26,7:45,-3.14706,35.52639,den Argentina2,,A-335,A-450,A-451,,,,
su04586,2017-07-28,8:42,-3.20799,35.54054,,,T-148,T-184,,,,,
su04587,2017-07-30,7:18,-3.21885,35.53976,den Tripoli,,T-112,T-203,T-204,,,,
su04588,2017-07-31,7:30,-3.14706,35.52639,den Argentina2,,A-335,A-450,A-451,,,,
su04589,2017-07-31,7:30,-3.14706,35.52639,den Argentina2,,A-353,A-457,A-458,,,,
su04590,2017-08-10,6:50,-3.16857,35.62635,,,M-263,M-452,M-453,,,,
su04591,2017-08-10,6:50,-3.16857,35.62635,,,M-287,M-450,M-451,,,,
su04592,2017-08-10,6:50,-3.16857,35.62635,,,M-381,M-447,,,,,
su04593,2017-08-14,15:55,-3.14706,35.52639,den Argentina2,,A-195,A-462,,,,,
su04594,2017-08-15,8:41,-3.23735,35.58249,,,N-200,N-275,,,,,
su04595,2017-08-17,7:30,-3.16523,35.55091,den Lemagrut,,L-425,L-495,,,,,
su04596,2017-08-17,7:30,-3.16523,35.55091,den Lemagrut,,L-312,L-494,,,,,
su04597,2017-08-18,7:50,-3.14706,35.52639,den Argentina2,,A-247,A-459,A-460,,,,
su04598,2017-08-18,7:50,-3.14706,35.52639,den Argentina2,,A-329,A-464,A-465,,,,
su04599,2017-08-19,6:50,-3.16857,35.62635,den Mkuu,,M-381,M-446,,,,,
su04600,2017-08-20,7:45,-3.19455,35.56127,,,S-193,S-284,,,,,
su04601,2017-08-20,7:20,-3.19013,35.56267,,,S-155,S-265,,,,,
su04602,2017-08-20,16:45,-3.20663,35.56750,,,S-152,S-272,,,,,
su04603,2017-08-21,7:00,-3.19999,35.57190,den Simple,,S-165,S-295,S-301,,,,
su04604,2017-08-21,7:00,-3.19999,35.57190,den Simple,,S-209,S-279,,,,,
su04605,2017-08-22,7:05,-3.19999,35.57190,den Simple,,S-165,S-295,S-301,,,,
su04606,2017-08-22,7:05,-3.19999,35.57190,den Simple,,S-201,S-290,S-291,,,,
su04607,2017-08-22,7:05,-3.19999,35.57190,den Simple,,S-181,S-299,,,,,
su04608,2017-08-22,7:05,-3.19999,35.57190,den Simple,,S-234,S-296,S-297,,,,
su04609,2017-08-22,7:05,-3.19999,35.57190,den Simple,,S-235,S-294,,,,,
su04610,2017-08-22,7:05,-3.19999,35.57190,den Simple,,S-159,S-304,,,,,
su04611,2017-08-23,7:10,-3.19999,35.57190,den Simple,,S-165,S-295,S-301,,,,
su04612,2017-08-23,7:10,-3.19999,35.57190,den Simple,,S-235,S-294,,,,,
su04613,2017-08-23,8:04,-3.20243,35.56708,,may only have been suckling attempt!,S-145,S-302,S-303,,S-302,,
su04614,2017-08-23,9:09,-3.19191,35.56270,,,S-180,S-275,,,,,
su04615,2017-08-25,15:15,-3.14706,35.52639,den Argentina2,,A-329,A-464,A-465,,,,
su04616,2017-08-28,7:05,-3.19999,35.57190,den Simple,,S-153,S-293,,,,,
su04617,2017-08-28,7:05,-3.19999,35.57190,den Simple,,S-173,S-270,,,,,
su04618,2017-08-28,7:05,-3.19999,35.57190,den Simple,,S-184,S-300,,,,,
su04619,2017-08-29,7:20,-3.14706,35.52639,den Argentina2,,A-265,A-475,,,,,
su04620,2017-08-29,7:20,-3.14706,35.52639,den Argentina2,,A-329,A-464,A-465,,,,
su04621,2017-08-29,10:16,-3.15894,35.50576,,,A-334,A-436,,,,,
su04622,2017-08-30,7:20,-3.14706,35.52639,den Argentina2,,A-329,A-464,A-465,,,,
su04623,2017-08-30,7:20,-3.14706,35.52639,den Argentina2,,A-355,A-448,A-453,,,,
su04624,2017-08-31,7:25,-3.17766,35.63314,,,M-249,M-437,M-441,,,,
su04625,2017-09-09,15:30,-3.14706,35.52639,den Argentina2,,A-329,A-464,A-465,,,,
su04626,2017-09-09,15:30,-3.14706,35.52639,den Argentina2,,A-353,A-457,A-458,,,,
su04627,2017-09-12,7:50,-3.20289,35.49702,den Floof,,F-107,F-250,,,F-250,,
su04628,2017-09-12,7:50,-3.20289,35.49702,den Floof,,F-201,F-256,,,,,
su04629,2017-09-14,7:25,-3.16912,35.54528,den Lorelei,,L-258,L-491,,,,,
su04630,2017-09-14,7:25,-3.16912,35.54528,den Lorelei,,L-300,L-481,,,,,
su04631,2017-09-14,7:25,-3.16912,35.54528,den Lorelei,,L-312,L-494,,,,,
su04632,2017-09-14,7:25,-3.16912,35.54528,den Lorelei,,L-329,L-480,,,,,
su04633,2017-09-14,7:25,-3.16912,35.54528,den Lorelei,,L-359,L-485,,,,,
su04634,2017-09-14,7:25,-3.16912,35.54528,den Lorelei,,L-429,L-487,,,,,
su04635,2017-09-18,7:00,-3.15609,35.55272,,,L-187,L-469,,,,,
su04636,2017-09-18,9:26,-3.16514,35.54569,,,L-359,L-485,,,,,
su04637,2017-09-21,15:40,-3.19999,35.57190,den Simple,,S-181,S-299,,,,,
su04638,2017-09-21,15:40,-3.19999,35.57190,den Simple,,S-212,S-307,,,,,
su04639,2017-09-21,17:28,-3.20045,35.58182,,,S-150,S-266,,,,,
su04640,2017-09-21,17:28,-3.20045,35.58182,,,S-209,S-279,,,,,
su04641,2017-09-23,7:00,-3.19999,35.57190,den Simple,,S-181,S-299,,,,,
su04642,2017-09-23,7:00,-3.19999,35.57190,den Simple,,S-234,S-296,S-297,,,,
su04643,2017-09-23,15:58,-3.19049,35.56489,,,S-180,S-274,S-275,,,,
su04644,2017-09-23,16:10,-3.19999,35.57190,den Simple,,S-215,S-289,,,,,
su04645,2017-09-24,8:01,-3.16460,35.54655,,,L-312,L-494,,,,,
su04646,2017-09-25,15:00,-3.16490,35.54510,,,L-300,L-481,,,,,
su04647,2017-09-26,6:39,-3.16117,35.57440,,,L-425,L-495,,,,,
su04648,2017-09-29,9:19,-3.16834,35.54460,,,L-429,L-487,,,,,
su04649,2017-10-09,7:20,-3.16912,35.54528,den Lorelei,,L-258,L-491,,,,,
su04650,2017-10-09,7:20,-3.16912,35.54528,den Lorelei,,L-340,L-492,,,,,
su04651,2017-10-09,8:44,-3.16499,35.54567,,,L-300,L-481,,,,,
su04652,2017-10-10,7:27,-3.14212,35.53211,den Amsterdam,,A-195,A-461,A-462,,,,
su04653,2017-10-10,9:46,-3.15988,35.53088,,,A-238,A-455,A-456,,,,
su04654,2017-10-15,7:00,-3.14212,35.53211,den Amsterdam,,A-195,A-461,,,,,
su04655,2017-10-15,7:00,-3.14212,35.53211,den Amsterdam,,A-302,A-469,,,,,
su04656,2017-10-16,6:50,,,den Nyuki,,M-402,M-456,M-457,,,,
su04657,2017-10-16,7:35,,,den Nyuki,,M-263,M-452,M-453,,,,
su04658,2017-10-16,7:35,-3.20289,35.49702,den Floof,,F-107,F-250,,,F-250,,PN
su04659,2017-10-16,7:35,-3.20289,35.49702,den Floof,,F-201,F-256,,,,,PN
su04660,2017-10-17,7:57,-3.16986,35.54996,,,L-429,L-487,,,,,PN
su04661,2017-10-17,8:06,-3.19999,35.56191,,,S-234,S-297,,,,,
su04662,2017-10-17,9:19,-3.16452,35.54457,,,L-359,L-485,,,,,PN
su04663,2017-10-20,7:26,-3.15486,35.54935,,,L-300,L-481,,,,,PN
su04664,2017-10-21,6:44,-3.20119,35.56988,,,S-138,S-302,,,,,
su04665,2017-10-21,6:44,-3.20119,35.56988,,,S-145,S-305,,,S-305,,
su04666,2017-10-21,6:44,-3.20119,35.56988,,,S-181,S-299,,,,,
su04667,2017-10-21,9:04,-3.14405,35.53247,,,A-252,A-468,,,,,PN
su04668,2017-10-22,6:58,-3.17337,35.55238,,,L-329,L-480,,,,,
su04669,2017-10-22,7:55,-3.14212,35.53211,den Amsterdam,,A-302,A-469,,,,,PN
su04670,2017-10-22,9:27,-3.14650,35.52178,,,A-335,A-450,A-451,,,,PN
su04671,2017-10-23,7:55,-3.14212,35.53211,den Amsterdam,,A-195,A-461,A-462,,,,PN
su04672,2017-10-24,16:12,,,den Nyuki,,M-263,M-452,M-453,,,,
su04673,2017-10-24,16:55,,,den Nyuki,,M-296,M-448,,,,,
su04674,2017-10-24,17:14,,,den Nyuki 4,,M-295,M-454,,,,,
su04675,2017-10-24,17:14,,,den Nyuki 4,deep in DH,M-416,M-458,,,,,
su04676,2017-10-25,6:48,-3.17029,35.61836,,,M-403,M-440,,,,,
su04677,2017-10-25,7:00,-3.14212,35.53211,den Amsterdam,,A-302,A-469,,,,,PN
su04678,2017-10-25,7:30,,,den Smergol,,S-181,S-299,,,,,
su04679,2017-10-26,6:52,,,den Nyuki,,M-249,M-437,M-441,,,,
su04680,2017-10-26,7:10,-3.20272,35.56684,den Sampuli,,S-138,S-302,,,,,PN
su04681,2017-10-28,16:13,-3.17772,35.63089,den Nyuki,,M-295,M-454,M-455,,,,
su04682,2017-10-28,16:13,-3.17772,35.63089,den Nyuki,,M-296,M-445,M-448,,,,
su04683,2017-10-29,7:27,-3.16355,35.55962,,,L-329,L-480,,,,,
su04684,2017-10-29,7:35,-3.14212,35.53211,den Amsterdam,,A-301,A-477,A-478,,,,PN
su04685,2017-10-29,7:35,-3.14212,35.53211,den Amsterdam,,A-302,A-469,,,,,PN
su04686,2017-10-29,10:25,-3.16519,35.54533,,,L-428,L-493,,,,,
su04687,2017-10-30,7:36,-3.19879,35.49778,,,F-138,F-246,F-247,,,,
su04688,2017-10-30,7:55,-3.20224,35.49573,den Floof,,F-195,F-258,,,,,
su04689,2017-10-30,7:55,-3.20224,35.49573,den Floof,,F-173,F-254,F-255,,,,
su04690,2017-10-30,8:15,-3.14212,35.53211,den Amsterdam,,A-255,A-479,A-480,,,,PN
su04691,2017-10-30,15:35,-3.14212,35.53211,den Amsterdam,,A-302,A-469,,,,,PN
su04692,2017-10-30,15:35,-3.14212,35.53211,den Amsterdam,,A-329,A-464,A-465,,,,PN
su04693,2017-10-31,8:40,-3.14212,35.53211,den Amsterdam,,A-255,A-479,A-480,,,,PN
su04694,2017-10-31,8:40,-3.14212,35.53211,den Amsterdam,,A-265,A-475,,,,,PN
su04695,2017-10-31,8:40,-3.14212,35.53211,den Amsterdam,,A-302,A-469,,,,,PN
su04696,2017-11-01,9:33,-3.19585,35.57547,,,S-234,S-297,,,,,
su04697,2017-11-02,7:10,-3.16546,35.54791,,,L-429,L-487,,,,,
su04698,2017-11-02,8:25,,,den Floof 2,,F-144,F-260,F-261,,,,
su04699,2017-11-02,13:15,,,den Floof 3,,F-199,F-262,F-263,,,,
su04700,2017-11-02,15:18,-3.20224,35.49573,den Floof,,F-107,F-250,F-253,,F-250,F-253,
su04701,2017-11-02,15:49,-3.20224,35.49573,den Floof,,F-204,F-260,,,,,
su04702,2017-11-03,6:58,-3.16226,35.56129,,,L-300,L-481,,,,,
su04703,2017-11-04,9:40,-3.20496,35.57495,,,S-150,S-266,,,,,
su04704,2017-11-05,6:48,-3.15992,35.56406,,,L-187,L-469,,,,,
su04705,2017-11-05,7:33,-3.20224,35.49573,den Floof,,F-173,F-254,F-255,,,,
su04706,2017-11-05,7:44,-3.20224,35.49573,den Floof,,F-144,F-260,F-261,,,,
su04707,2017-11-05,7:58,-3.20224,35.49573,den Floof,,F-201,F-256,,,,,
su04708,2017-11-05,8:00,-3.20224,35.49573,den Floof,,F-169,F-248,,,F-248,,
su04709,2017-11-05,8:25,-3.20224,35.49573,den Floof,,F-171,F-252,,,,,
su04710,2017-11-05,9:45,-3.20224,35.49573,den Floof,,F-204,F-259,,,,,
su04711,2017-11-06,7:25,-3.20177,35.49689,,,F-195,F-258,,,,,
su04712,2017-11-06,7:40,,,den Floof 3,,F-199,F-262,F-263,,,,
su04713,2017-11-06,8:55,-3.20224,35.49573,den Floof,,F-201,F-256,,,,,
su04714,2017-11-07,6:35,,,den Nyuki,,M-263,M-452,M-453,,,,
su04715,2017-11-07,7:37,-3.17294,35.55245,,,L-429,L-487,,,,,PN
su04716,2017-11-08,6:39,-3.20284,35.58070,,,S-153,S-292,S-293,,,,PN
su04717,2017-11-09,7:19,,,den Amsterdam,,A-238,A-456,,,,,
su04718,2017-11-09,7:30,,,den Amsterdam,,A-329,A-464,A-465,,,,
su04719,2017-11-09,7:30,,,den Amsterdam,,A-341,A-481,,,,,
su04720,2017-11-09,7:55,,,den Argentina,,A-252,A-468,,,,,
su04721,2017-11-10,6:55,-3.20272,35.56684,,,S-145,S-303,S-305,,S-305,,
su04722,2017-11-10,6:55,-3.20272,35.56684,,,S-165,S-295,,,,,
su04723,2017-11-10,6:55,-3.20272,35.56684,,,S-180,S-299,,,,,
su04724,2017-11-10,9:22,-3.21885,35.53976,den Tripoli,,T-153,T-195,,,,,PN
su04725,2017-11-10,16:40,,,den Smergol,,S-127,S-307,,,,,
su04726,2017-11-10,16:40,,,den Smergol,,S-212,S-308,S-309,,,,
su04727,2017-11-11,8:09,-3.16583,35.55498,,,L-329,L-480,,,,,
su04728,2017-11-11,8:30,-3.16576,35.56310,den Lestat 2,,L-295,L-496,L-497,,,,
su04729,2017-11-13,16:10,-3.17695,35.62975,den Milkyway,,M-295,M-454,M-455,,,,PN
su04730,2017-11-15,8:40,-3.20289,35.49702,den Floof,,F-107,F-250,,,F-250,,PN
su04731,2017-11-15,15:25,-3.14706,35.52639,den Argentina2,,A-335,A-450,A-451,,,,PN
su04732,2017-11-16,15:25,-3.14706,35.52639,den Argentina2,,A-355,A-453,,,,,PN
su04733,2017-11-19,7:06,-3.17539,35.62759,,,M-263,M-452,M-453,,,,PN
su04734,2017-11-19,7:50,-3.17695,35.62975,den Milkyway,,M-416,M-458,,,,,PN
su04735,2017-11-20,8:01,-3.16565,35.56321,,,L-312,L-494,,,,,PN
su04736,2017-11-20,8:49,-3.17128,35.54897,,,L-428,L-493,,,,,PN
su04737,2017-11-20,9:05,-3.17149,35.55542,,,L-340,L-492,,,,,PN
su04738,2017-11-22,8:21,-3.19538,35.51514,,,F-181,F-244,,,,,PN
su04739,2017-12-09,16:09,-3.15193,35.64547,,,M-376,M-433,M-434,,,,PN
su04740,2017-12-10,7:35,-3.17763,35.63165,den Maisha,,M-263,M-452,M-453,,,,PN
su04741,2017-12-11,16:30,-3.17763,35.63165,den Maisha,,M-295,M-455,,,,,PN
su04742,2017-12-13,8:07,-3.21710,35.54259,,,T-127,T-192,T-193,,,,PN
su04743,2017-12-14,8:33,-3.21401,35.54257,,,T-127,T-192,T-193,,,,PN
su04744,2017-12-16,17:29,-3.19425,35.56875,,,S-153,S-292,S-293,,,,PN
su04745,2017-12-17,7:36,-3.19842,35.56992,,,S-234,S-296,S-297,,,,PN
su04746,2017-12-19,7:22,-3.16580,35.55343,,,L-300,L-481,,,,,PN
su04747,2017-12-19,8:30,-3.17368,35.54558,,,L-429,L-493,,,,,PN
su04748,2017-12-21,8:47,-3.20720,35.57343,,,S-165,S-295,S-301,,,,PN
su04749,2017-12-28,8:37,-3.14192,35.52597,,,A-238,A-455,A-456,,,,PN
su04750,2017-12-28,9:32,-3.15240,35.51414,,,A-304,A-466,A-467,,,,PN
su04751,2017-12-28,11:06,-3.15484,35.51130,,,A-395,A-447,,,,,PN
su04752,2018-01-10,10:17,-3.19479,35.51986,,,F-201,F-256,,,,,PN
su04753,2018-01-11,8:36,-3.19781,35.52011,,,F-107,F-250,,,F-250,,PN
su04754,2018-01-11,8:36,-3.19781,35.52011,,,F-204,F-259,,,,,PN
su04755,2018-01-13,7:17,-3.19041,35.50891,,,F-171,F-252,,,,,PN
su04756,2018-01-13,9:11,-3.19585,35.51916,,,F-107,F-250,,,F-250,,PN
su04757,2018-01-13,9:48,-3.19861,35.52345,,,F-204,F-259,,,,,PN
su04758,2018-01-14,8:24,-3.19490,35.51914,,,F-195,F-258,,,,,PN
su04759,2018-01-16,7:25,-3.19673,35.51906,,,F-192,F-249,,,,,PN
su04760,2018-01-16,7:53,-3.19536,35.51956,,,F-107,F-250,,,F-250,,PN
su04761,2018-01-17,7:11,-3.19415,35.51448,,,F-159,F-240,,,,,PN
su04762,2018-01-17,9:51,-3.19805,35.52295,,,F-107,F-250,,,F-250,,PN
su04763,2018-01-17,9:51,-3.19805,35.52295,,,F-192,F-249,,,,,PN
su04764,2018-01-17,9:51,-3.19805,35.52295,,,F-204,F-259,,,,,PN
su04765,2018-01-19,16:40,-3.19321,35.57286,,,S-161,S-311,S-312,,,,PN
su04766,2018-01-19,16:40,-3.19321,35.57286,,,S-212,S-308,S-309,,,,PN
su04767,2018-01-20,6:45,-3.19321,35.57286,,,S-182,S-310,,,,,PN
su04768,2018-01-20,6:45,-3.19321,35.57286,,,S-161,S-311,S-312,,,,PN
su04769,2018-01-20,6:45,-3.19321,35.57286,,,S-208,S-313,,,,,PN
su04770,2018-01-21,16:30,-3.19321,35.57286,,,S-145,S-303,S-305,,S-305,,PN
su04771,2018-01-21,16:30,-3.19321,35.57286,,thought to also suckle S-315 + S-316,S-155,S-317,S-318,,,,PN
su04772,2018-01-21,16:30,-3.19321,35.57286,,,S-182,S-310,,,,,PN
su04773,2018-01-23,7:05,-3.19321,35.57286,,,S-155,S-317,S-318,,,,PN
su04774,2018-01-23,7:05,-3.19321,35.57286,,,S-182,S-310,,,,,PN
su04775,2018-01-23,8:30,-3.19508,35.57231,,,S-145,S-303,S-305,,S-305,,PN
su_20180127_0904_F-159,2018-01-27,9:04,-3.19715,35.51981,,,F-159,F-265,,,,,PN
su04777,2018-02-04,9:45,-3.19350,35.57300,den Logozo,,S-180,S-315,,,,,
su04778,2018-02-04,7:37,-3.18990,35.51469,,,F-195,F-258,,,,,PN
su04779,2018-02-04,7:37,-3.18990,35.51469,,,F-107,F-250,,,F-250,,PN
su04780,2018-02-05,6:55,-3.16380,35.62284,,,M-249,M-437,M-441,,,,
su04781,2018-02-05,8:11,-3.19711,35.51981,den Facile ,,F-199,F-262,F-263,,,,PN
su04782,2018-02-05,8:11,-3.19711,35.51981,den Facile ,,F-204,F-259,,,,,PN
su04783,2018-02-06,7:25,-3.14597,35.56667,den Eutaxy,,E-183,E-289,,,,,PN
su04784,2018-02-06,7:25,-3.14597,35.56667,den Eutaxy,,E-184,E-290,,,,,PN
su04785,2018-02-06,8:10,-3.14546,35.56403,,,E-245,E-285,,,,,PN
su04786,2018-02-07,8:13,-3.18971,35.51411,,,F-195,F-258,,,,,
su04787,2018-02-09,7:19,-3.14597,35.56667,,,E-248,E-291,,,,,PN
su04788,2018-02-09,10:00,-3.13192,35.56502,,,E-245,E-285,,,,,PN
su04789,2018-02-17,15:25,-3.16925,35.54320,den Laikipia 3,,L-463,L-500,,,,,
su04790,2018-02-17,15:42,-3.15087,35.51697,,,A-301,A-477,A-478,,,,PN
su04791,2018-02-18,8:23,-3.14511,35.53215,,,A-195,A-461,A-462,,,,PN
su04792,2018-02-18,8:39,-3.14582,35.52335,,,A-255,A-479,A-480,,,,PN
su04793,2018-02-19,8:01,-3.21606,35.54057,,,T-134,T-200,T-201,,,,PN
su04794,2018-02-20,7:22,-3.20350,35.60200,den Namba,,N-212,N-279,,,,,PN
su04795,2018-02-21,16:17,-3.20350,35.60200,den Namba,,N-172,N-278,,,,,PN
su04796,2018-02-22,7:19,-3.21844,35.53768,,,T-112,T-203,T-204,,,,PN
su04797,2018-02-22,6:50,-3.20350,35.60200,den Namba,,N-172,N-278,,,,,
su04798,2018-02-23,7:00,-3.20350,35.60200,den Namba,,N-190,N-276,N-277,,,,
su04799,2018-02-24,7:15,-3.19469,35.60474,,,N-190,N-276,N-277,,,,
su04800,2018-02-24,8:00,-3.19350,35.57300,den Logozo,,S-182,S-310,,,,,
su04801,2018-02-24,8:00,-3.19350,35.57300,den Logozo,,S-208,S-313,,,,,
su04802,2018-02-24,16:33,-3.19588,35.57476,,,S-153,S-292,S-293,,,,
su04803,2018-02-24,17:08,-3.19350,35.57300,den Logozo,,S-194,S-314,,,,,
su04804,2018-02-24,17:25,-3.19350,35.57300,den Logozo,,S-161,S-311,S-312,,,,
su04805,2018-02-25,6:58,-3.20350,35.60200,den Namba,,N-172,N-278,,,,,
su04806,2018-02-25,6:58,-3.20350,35.60200,den Namba,,N-190,N-276,N-277,,,,
su04807,2018-02-26,6:45,,,den Namanga,,N-190,N-276,N-277,,,,
su04808,2018-02-26,7:08,-3.20350,35.60200,den Namba,,N-230,N-281,,,,,
su04809,2018-02-27,7:03,-3.20350,35.60200,den Namba,,N-166,N-280,,,,,
su04810,2018-03-01,7:43,-3.19350,35.57300,den Logozo,,S-208,S-313,,,,,
su04811,2018-03-02,7:08,-3.17756,35.63049,den Nyuki 4,,M-414,M-459,,,,,
su04812,2018-03-03,16:55,-3.17756,35.63049,den Nyuki 4,M-455 MUCH larger than M-454 !!,M-295,M-454,M-455,,,,
su04813,2018-03-04,9:20,-3.19350,35.57300,den Logozo,not 100% that she did SU,S-152,S-320,,,,,
su04814,2018-03-04,9:25,-3.19350,35.57300,den Logozo,,S-182,S-310,,,,,
su04815,2018-03-04,10:26,-3.19246,35.56490,den Snoopy,,S-125,S-319,,,,,
su04816,2018-03-04,10:38,-3.19246,35.56490,den Snoopy,,S-180,S-315,S-316,,,,
su04817,2018-03-05,8:58,-3.19847,35.60536,,,N-166,N-280,,,,,
su04818,2018-03-05,9:29,-3.19585,35.60644,,,N-230,N-281,,,,,
su04819,2018-03-05,10:13,-3.20424,35.60592,,,N-190,N-276,N-277,,,,
su04820,2018-03-06,7:57,-3.19353,35.57412,,,S-208,S-313,,,,,
su04821,2018-03-06,8:34,-3.19350,35.57300,den Logozo,,S-182,S-310,,,,,
su04822,2018-03-06,8:42,-3.19350,35.57300,den Logozo,,S-194,S-314,,,,,
su04823,2018-03-06,16:38,-3.19516,35.57211,,,S-145,S-303,S-305,,S-305,,
su04824,2018-03-06,16:42,-3.19607,35.57240,,,S-127,S-307,,,,,
su04825,2018-03-06,17:05,-3.19350,35.57300,den Logozo,,S-155,S-317,S-318,,,,
su04826,2018-03-06,17:30,-3.19223,35.57255,,,S-212,S-308,S-309,,,,
su04827,2018-03-09,7:45,-3.19711,35.51981,den Facile,,F-144,F-260,,,,,AD
su04828,2018-03-09,14:40,-3.19711,35.51981,den Facile,,F-159,F-265,F-266,,,,AD
su04829,2018-03-09,16:24,-3.19711,35.51981,den Facile,,F-107,F-250,F-253,,F-250,F-253,AD
su04830,2018-03-09,7:36,-3.16912,35.54528,den Lorelei,SU L-498 or L-499,L-462,cub,,,,,PN
su04831,2018-03-11,7:30,-3.19711,35.51981,den Facile,,F-195,F-258,,,,,AD
su04832,2018-03-11,7:45,-3.19711,35.51981,den Facile,,F-204,F-259,,,,,AD
su04833,2018-03-12,12:48,-3.15026,35.52019,,,A-329,A-464,A-465,,,,PN
su04834,2018-03-13,7:50,-3.13359,35.51658,den Arizona,,A-287,A-484,A-485,,,,PN
su04835,2018-03-13,7:50,-3.13359,35.51658,den Arizona,,A-381,A-486,,,,,PN
su04836,2018-03-13,8:58,-3.13962,35.51075,,,A-302,A-469,,,,,PN
su04837,2018-03-13,9:53,-3.14929,35.51831,,,A-265,A-475,,,,,PN
su04838,2018-03-13,9:53,-3.14929,35.51831,,,A-255,A-479,A-480,,,,PN
su04839,2018-03-14,7:10,-3.17404,35.51944,,,A-335,A-450,A-451,,,,AD
su04840,2018-03-14,7:45,-3.19711,35.51981,,,F-199,F-262,F-263,,,,AD
su04841,2018-03-14,7:45,-3.19711,35.51981,,,F-169,F-248,,,F-248,,AD
su04842,2018-03-16,14:35,-3.19711,35.51981,den Facile,,F-204,F-259,,,,,AD
su04843,2018-03-16,15:02,-3.19711,35.51981,den Facile,,F-169,F-248,,,F-248,,AD
su04844,2018-03-17,7:40,-3.17703,35.54533,,shy,L-350,L-489,L-490,,,,AD
su04845,2018-03-17,8:44,-3.19711,35.51981,den Facile,,F-173,F-254,F-255,,,,AD
su04846,2018-03-17,11:11,-3.19711,35.51981,den Facile,,F-159,F-265,F-266,,,,AD
su04847,2018-03-17,7:50,-3.13359,35.51658,den Arizona,,A-381,A-486,,,,,PN
su04848,2018-03-19,7:05,-3.20350,35.60200,den Namba,,N-190,N-276,N-277,,,,PN
su04849,2018-03-19,7:05,-3.20350,35.60200,den Namba,,N-230,N-281,,,,,PN
su04850,2018-03-23,15:44,-3.19711,35.51981,den Facile,,F-159,F-265,F-266,,,,AD
su04851,2018-03-24,17:05,-3.19350,35.57300,den Logozo,,S-182,S-310,,,,,PN
su04852,2018-03-25,7:07,-3.16380,35.54881,,,L-258,L-491,,,,,AD
su04853,2018-03-25,7:48,-3.19711,35.51981,den Facile,cub ran into hole before picture could be taken,F-191,F-267,,,,,AD
su04854,2018-03-25,8:40,-3.19711,35.51981,den Facile,very relaxed (both mother and cub),F-201,F-256,,,,,AD
su04855,2018-03-28,15:46,-3.17695,35.62975,den Milkyway,,M-391,M-461,M-462,,,,AD
su04856,2018-03-27,16:15,-3.20317,35.57517,den Simba,,S-180,S-315,S-316,,,,PN
su04857,2018-03-28,16:04,-3.20317,35.57517,den Simba,,S-155,S-317,S-318,,,,PN
su04858,2018-03-28,16:04,-3.20317,35.57517,den Simba,,S-139,S-323,,,,,PN
su04859,2018-03-28,16:04,-3.20317,35.57517,den Simba,,S-208,S-313,,,,,PN
su04860,2018-03-29,7:25,-3.20317,35.57517,den Simba,,S-139,S-323,,,,,PN
su04861,2018-03-29,7:25,-3.20317,35.57517,den Simba,,S-155,S-317,S-318,,,,PN
su04862,2018-03-29,7:25,-3.20317,35.57517,den Simba,,S-180,S-315,S-316,,,,PN
su04863,2018-03-29,7:07,-3.17119,35.54072,,,L-312,L-494,,,,,AD
su04864,2018-03-29,7:44,-3.19711,35.51981,den Facile,,F-199,F-262,F-263,,,,AD
su04865,2018-03-31,13:11,-3.19711,35.51981,den Facile,,F-204,F-259,,,,,AD
su04866,2018-03-31,16:28,-3.19711,35.51981,den Facile,new cub; already has spots,F-168,F-268,,,,,AD
su04867,2018-04-03,7:40,-3.19711,35.51981,den Facile,First sighting of F-264 suckling,F-161,F-264,,,,,AD
su04868,2018-04-03,7:40,-3.19711,35.51981,den Facile,,F-168,F-268,,,,,AD
su04869,2018-04-03,7:40,-3.19711,35.51981,den Facile,,F-191,F-267,,,,,AD
su04870,2018-04-03,7:40,-3.19711,35.51981,den Facile,,F-199,F-262,F-263,,,,AD
su04871,2018-04-05,7:42,-3.19711,35.51981,den Facile,,F-168,F-268,,,,,AD
su04872,2018-04-05,10:56,-3.19711,35.51981,den Facile,,F-161,F-264,,,,,AD
su04873,2018-04-06,14:53,-3.16912,35.54528,den Lorelei, ,L-443,L-501,,,,,AD
su04874,2018-04-07,7:02,-3.16912,35.54528,den Lorelei,,L-443,L-501,,,,,AD
su04875,2018-04-09,15:05,-3.19711,35.51981,den Facile,,F-159,F-265,F-266,,,,AD
su04876,2018-04-09,15:05,-3.19711,35.51981,den Facile,,F-199,F-262,F-263,,,,AD
su04877,2018-04-10,13:26,-3.20140,35.58588,,,S-127,S-307,,,,,PN
su04878,2018-04-10,16:00,-3.20317,35.57517,den Snoopy,,S-194,S-314,,,,,PN
su04879,2018-04-11,9:25,-3.16912,35.54528,den Lorelei,,L-449,L-502,L-503,,,,PN
su04880,2018-04-12,14:20,-3.19711,35.51981,den Facile,first sighting of cub suckling,F-099,F-269,,,,,AD
su04881,2018-04-12,16:22,-3.19711,35.51981,den Facile,,F-159,F-265,F-266,,,,AD
su04882,2018-04-12,16:27,-3.19711,35.51981,den Facile,,F-191,F-267,,,,,AD
su04883,2018-04-12,16:41,-3.19711,35.51981,den Facile,,F-168,F-268,,,,,AD
su04884,2018-04-15,9:26,-3.20350,35.60200,den Namba,,N-143,N-282,,,,,PN
su_20180419_1701_S-194,2018-04-19,17:01,-3.20715,35.55991,den Seldom,,S-194,S-314,,,,,PN
su_20180419_1701_S-212,2018-04-19,17:01,-3.20715,35.55991,den Seldom,,S-212,S-308,S-309,,,,PN
su04887,2018-04-21,7:08,-3.20715,35.55991,den Seldom,,S-139,S-323,,,,,PN
su04888,2018-04-21,7:08,-3.20715,35.55991,den Seldom,,S-161,S-311,S-312,,,,PN
su04889,2018-04-21,13:15,-3.21232,35.55558,,,S-138,S-302,,,,,PN
su04890,2018-04-21,13:15,-3.21232,35.55558,,,S-184,S-300,,,,,PN
su04891,2018-04-21,11:50,-3.17709,35.51188,,,F-204,F-259,,,,,AD
su04892,2018-04-22,11:35,-3.18990,35.50667,,,F-204,F-259,,,,,AD
su04893,2018-04-24,16:18,-3.20715,35.55991,den Seldom,,S-180,S-315,,,,,PN
su04894,2018-04-24,16:18,-3.20715,35.55991,den Seldom,,S-152,S-320,,,,,PN
su04895,2018-04-24,16:18,-3.20715,35.55991,den Seldom,,S-139,S-323,,,,,PN
su04896,2018-04-25,10:31,-3.20940,35.55517,,,S-145,S-303,S-305,,S-305,,PN
su04897,2018-04-25,10:31,-3.20940,35.55517,,,S-212,S-308,S-309,,,,PN
su04898,2018-04-25,10:31,-3.20940,35.55517,,,S-138,S-302,,,,,PN
su04899,2018-04-26,7:41,-3.20701,35.55722,,,S-161,S-311,S-312,,,,PN
su04900,2018-04-26,7:41,-3.20701,35.55722,,,S-208,S-313,,,,,PN
su04901,2018-04-26,8:45,-3.20715,35.55991,den Seldom,,S-180,S-315,,,,,PN
su04902,2018-04-28,7:41,-3.20715,35.55991,den Seldom,,S-139,S-323,,,,,PN
su04903,2018-04-28,7:41,-3.20715,35.55991,den Seldom,,S-152,S-320,,,,,PN
su04904,2018-04-28,7:41,-3.20715,35.55991,den Seldom,,S-234,S-325,,,,,PN
su04905,2018-04-28,9:40,-3.20927,35.55448,,,S-212,S-309,,,,,PN
su04906,2018-04-28,9:40,-3.20927,35.55448,,,S-138,S-302,,,,,PN
su04907,2018-04-29,16:59,-3.17432,35.55103,den Lynx,,L-449,L-502,,,,,PN
su04908,2018-04-30,7:25,-3.17432,35.55103,den Lynx,,L-443,L-501,,,,,PN
su04909,2018-05-10,8:43,-3.20925,35.55380,,,S-180,S-315,,,,,PN
su04910,2018-05-10,8:43,-3.20925,35.55380,,,S-212,S-308,S-309,,,,PN
su04911,2018-05-10,11:28,-3.20943,35.55187,,,S-184,S-300,,,,,PN
su04912,2018-05-10,17:28,-3.16667,35.64441,,"Communal den possibly nearby, but not found",M-296,M-448,M-445,,,,AD
su04913,2018-05-11,16:45,-3.21673,35.54063,,,T-112,T-203,T-204,,,,PN
su04914,2018-05-11,17:20,-3.21885,35.53976,den Tripoli,,T-142,T-205,,,,,PN
su04915,2018-05-14,7:14,-3.21885,35.53976,den Tripoli,,T-129,T-209,T-210,,,,PN
su04916,2018-05-14,9:25,-3.21121,35.53634,,,T-112,T-203,T-204,,,,PN
su04917,2018-05-15,8:38,-3.21885,35.53976,den Tripoli,,T-129,T-209,T-210,,,,PN
su04918,2018-05-19,7:06,-3.14055,35.51064,den Aakash,,A-381,A-486,,,,,AD
su04919,2018-05-19,7:06,-3.14055,35.51064,den Aakash,,A-287,A-484,A-485,,,,AD
su04920,2018-05-22,7:22,-3.21885,35.53976,den Tripoli,"small dark cub, about a week old",T-127,T-211,,,,,PN
su04921,2018-05-22,7:22,-3.21885,35.53976,den Tripoli,,T-129,T-209,T-210,,,,PN
su04922,2018-05-22,7:22,-3.21885,35.53976,den Tripoli,,T-158,T-206,,,,,PN
su04923,2018-05-22,7:22,-3.21885,35.53976,den Tripoli,,T-142,T-205,,,,,PN
su04924,2018-05-22,11:47,-3.21144,35.54031,,,T-112,T-203,T-204,,,,PN
su04925,2018-05-23,7:00,-3.13786,35.50866,den Addis,,A-353,A-493,A-494,,,,AD
su04926,2018-05-26,11:05,-3.19796,35.52027,den Fondue,,F-199,F-262,,,,,AD
su04927,2018-05-27,7:10,-3.13786,35.50866,den Addis,,A-381,A-486,,,,,AD
su04928,2018-05-27,7:10,-3.13786,35.50866,den Addis,,A-353,A-493,A-494,,,,AD
su04929,2018-05-31,9:02,-3.16900,35.55883,den Locki,,L-429,L-504,,,,,PN
su04930,2018-06-04,15:30,-3.19796,35.52027,den Fondue,,F-191,F-267,,,,,AD
su04931,2018-06-08,16:25,-3.19796,35.52027,den Fondue,,F-159,F-265,F-266,,,,AD
su04932,2018-06-08,16:39,-3.19796,35.52027,den Fondue,,F-168,F-268,,,,,AD
su04933,2018-06-10,16:06,-3.19796,35.52027,den Fondue,,F-199,F-262,,,,,AD
su04934,2018-06-10,16:21,-3.19796,35.52027,den Fondue,,F-159,F-265,F-266,,,,AD
su04935,2018-06-10,16:30,-3.19796,35.52027,den Fondue,,F-168,F-268,,,,,AD
su04936,2018-06-10,16:33,-3.19796,35.52027,den Fondue,,F-171,F-252,,,,,AD
su04937,2018-06-17,7:01,-3.14230,35.51200,den APACHE,"new cubs, black",A-194,A-495,A-496,,,,AD
su04938,2018-06-17,7:01,-3.14230,35.51200,den APACHE,,A-353,A-493,A-494,,,,AD
su04939,2018-06-22,16:38,-3.19796,35.52027,den Fondue,F-265 very aggressively trying to keep F-266 from suckling,F-159,F-265,F-266,,,,AD
su04940,2018-06-22,16:51,-3.19796,35.52027,den Fondue,,F-168,F-268,,,,,AD
su04941,2018-06-24,7:00,-3.14335,35.51222,den AIROLO,,A-381,A-486,,,,,AD
su04942,2018-06-24,7:00,-3.14335,35.51222,den AIROLO,,A-194,A-495,A-496,,,,AD
su04943,2018-06-24,9:58,-3.14055,35.51064,den AAKASH,,A-245,A-489,A-490,,,,AD
su04944,2018-07-01,7:07,-3.14335,35.51222,den AIROLO,,A-287,A-484,A-485,,,,AD
su04945,2018-07-03,7:20,-3.19796,35.52027,den Fondue,being shadowed by X-091 while suckling,F-191,F-267,,,,,AD
su04946,2018-07-05,7:14,-3.17695,35.62975,den Milkyway,,M-416,M-464,,,,,PN
su04947,2018-07-05,9:05,-3.16900,35.55883,den Locki,,L-429,L-503,,,,,PN
su04948,2018-07-06,6:52,-3.17695,35.62975,den Milkyway,,M-419,M-466,,,,,PN
su04949,2018-07-06,16:17,-3.19796,35.52027,den Fondue,,F-138,F-269,,,,,AD
su04950,2018-07-11,15:32,-3.19796,35.52027,den Fondue,,F-159,F-265,F-266,,,,AD
su04951,2018-07-11,15:32,-3.19796,35.52027,den Fondue,,F-191,F-267,,,,,AD
su04952,2018-07-10,15:45,-3.17695,35.62975,den Milkyway,,M-383,M-465,,,,,PN
su04953,2018-07-10,15:45,-3.17695,35.62975,den Milkyway,,M-414,M-459,,,,,PN
su04954,2018-07-13,9:05,-3.21149,35.55228,,,S-208,S-313,,,,,PN
su04955,2018-07-13,9:31,-3.22049,35.56275,,,S-194,S-314,,,,,PN
su04956,2018-07-13,14:00,-3.19796,35.52027,den Fondue,,F-161,F-264,,,,,AD
su04957,2018-07-14,9:31,-3.21025,35.55466,,,S-181,S-299,,,,,PN
su04958,2018-07-14,9:44,-3.21347,35.55440,,,S-208,S-313,,,,,PN
su04959,2018-07-14,12:05,-3.21819,35.56721,,,S-212,S-308,S-309,,,,PN
su04960,2018-07-15,7:17,-3.19796,35.52027,den Fondue,,F-191,F-267,,,,,AD
su04961,2018-07-15,8:18,-3.19796,35.52027,den Fondue,,F-161,F-264,,,,,AD
su04962,2018-07-15,8:25,-3.19796,35.52027,den Fondue,"F-266 in den, not suckling",F-159,F-265,,,,,AD
su04963,2018-07-18,7:45,-3.17695,35.62975,den Milkyway,,M-295,M-454,M-455,,,,PN
su04964,2018-07-18,7:45,-3.17695,35.62975,den Milkyway,,M-383,M-465,,,,,PN
su04965,2018-07-19,9:18,-3.21211,35.55622,,,S-180,S-299,,,,,PN
su04966,2018-07-19,9:18,-3.21211,35.55622,,,S-208,S-313,,,,,PN
su04967,2018-07-20,17:10,-3.14055,35.51064,den Aakash,"A-489 is darker, male, but clearly dominant over A-490 (lighter, female)",A-245,A-489,A-490,,,,AD
su04968,2018-07-20,17:10,-3.14055,35.51064,den Aakash,,A-381,A-486,,,,,AD
su04969,2018-07-21,6:50,-3.19796,35.52027,den Fondue,,F-161,F-264,,,,,AD
su04970,2018-07-21,6:50,-3.19796,35.52027,den Fondue,,F-191,F-267,,,,,AD
su04971,2018-07-22,7:35,-3.17695,35.62975,den Milkyway,,M-414,M-459,,,,,PN
su04972,2018-07-22,7:35,-3.17695,35.62975,den Milkyway,,M-383,M-465,,,,,PN
su04973,2018-07-22,7:35,-3.17695,35.62975,den Milkyway,,M-419,M-466,,,,,PN
su04974,2018-07-25,16:25,-3.17695,35.62975,den Milkyway,,M-403,M-463,,,,,PN
su04975,2018-08-09,16:38,-3.21364,35.55553,,,S-138,S-302,,,,,PN
su04976,2018-08-13,7:33,-3.20312,35.58333,,,S-194,S-314,,,,,PN
su04977,2018-08-13,8:16,-3.20795,35.55882,,,S-193,S-326,,,,,PN
su04978,2018-08-13,8:38,-3.21870,35.55785,den Sallah,,S-234,S-325,,,,,PN
su04979,2018-08-18,7:22,-3.21245,35.55535,,,S-181,S-299,,,,,PN
su04980,2018-08-21,7:40,-3.18992,35.50122,den Furahisha 2,,F-191,F-267,,,,,PN
su04981,2018-08-22,11:26,-3.19180,35.51622,,,F-107,F-250,,,F-250,,PN
su04982,2018-08-24,7:09,-3.14294,35.56934,,,E-238,E-298,,,,,PN
su04983,2018-08-28,10:46,-3.14159,35.51085,den Aakash 2,,A-381,A-486,,,,,
su04984,2018-08-30,6:56,-3.14396,35.56935,den Estime,,E-166,E-297,,,,,
su04985,2018-08-30,8:05,-3.15091,35.57749,,,E-171,E-288,,,,,
su04986,2018-08-30,17:18,-3.14396,35.56935,den Estime,,E-141,E-292,E-293,,,,
su04987,2018-09-01,8:07,-3.21140,35.53452,,,T-148,T-208,,,,,
su04988,2018-09-02,10:07,-3.21137,35.53563,,,T-158,T-206,,,,,
su04989,2018-09-03,7:12,-3.14396,35.56935,den Estime,,E-219,E-296,,,,,
su04990,2018-09-03,8:29,-3.19999,35.57190,den Simple,,S-208,S-313,,,,,PN
su04991,2018-09-03,8:29,-3.19999,35.57190,den Simple,,S-234,S-325,,,,,PN
su04992,2018-09-04,6:53,-3.19999,35.57190,den Simple,,S-234,S-325,,,,,PN
su04993,2018-09-04,7:18,-3.14006,35.51292,,,A-245,A-489,A-490,,,,
su04994,2018-09-04,10:46,-3.14159,35.51085,den Aakash 2,,A-302,A-469,,,,,
su04995,2018-09-04,10:46,-3.14159,35.51085,den Aakash 2,,A-381,A-486,,,,,
su04996,2018-09-04,12:04,-3.21353,35.56667,,,S-194,S-314,,,,,PN
su04997,2018-09-04,12:04,-3.21353,35.56667,,,S-212,S-308,S-309,,,,PN
su04998,2018-09-05,6:53,-3.14396,35.56935,den Estime,,E-184,E-290,,,,,OH
su04999,2018-09-05,7:08,-3.20052,35.57294,,,S-208,S-313,,,,,PN
su05000,2018-09-05,7:30,-3.14683,35.56825,,,E-248,E-291,,,,,OH
su05001,2018-09-06,7:05,-3.14230,35.51200,den Apache,,A-305,A-497,,,,,OH
su05002,2018-09-06,8:05,-3.14061,35.51244,,,A-245,A-489,A-490,,,,OH
su05003,2018-09-06,8:30,-3.14159,35.51085,den Aakash 2,,A-355,A-502,,,,,OH
su05004,2018-09-06,8:30,-3.14159,35.51085,den Aakash 2,,A-259,A-503,,,,,OH
su05005,2018-09-06,16:37,-3.19999,35.57190,den Simple,,S-234,S-325,,,,,PN
su05006,2018-09-07,8:58,-3.22581,35.56870,,,S-212,S-308,S-309,,,,OH
su05007,2018-09-08,6:39,-3.14396,35.56935,den Estime,,E-145,E-294,E-295,,,,OH
su05008,2018-09-08,6:39,-3.14396,35.56935,den Estime,,E-238,E-298,,,,,OH
su05009,2018-09-08,6:39,-3.14396,35.56935,den Estime,,E-166,E-297,,,,,OH
su05010,2018-09-08,6:39,-3.14396,35.56935,den Estime,,E-184,E-290,,,,,OH
su05011,2018-09-09,6:55,-3.20413,35.57670,,,S-173,S-328,,,,,PN
su05012,2018-09-09,7:05,-3.20364,35.57260,,,S-138,S-302,,,,,PN
su05013,2018-09-09,7:46,-3.21031,35.56327,,,S-184,S-300,,,,,PN
su05014,2018-09-09,7:56,-3.21870,35.55785,den Sallah,,S-193,S-326,,,,,PN
su05015,2018-09-09,8:15,-3.14230,35.51200,den Apache,,A-259,A-503,,,,,OH
su05016,2018-09-09,8:47,-3.14230,35.51200,den Apache,,A-359,A-499,,,,,OH
su05017,2018-09-10,9:14,-3.22657,35.56822,,,S-212,S-308,S-309,,,,OH
su05018,2018-09-10,16:58,-3.14055,35.51064,den AAKASH,,A-194,A-496,,,,,PN
su05019,2018-09-10,16:58,-3.14055,35.51064,den AAKASH,,A-353,A-493,A-494,,,,PN
su05020,2018-09-11,6:57,-3.14396,35.56935,den Estime,,E-166,E-297,,,,,OH
su05021,2018-09-11,8:00,-3.14230,35.51200,den Apache,A-476 is from previous litter!!,A-326,A-476,A-498,,A-476,,OH
su05022,2018-09-11,8:00,-3.14230,35.51200,den Apache,,A-359,A-499,,,,,OH
su05023,2018-09-11,10:33,-3.20194,35.55785,,,S-161,S-311,S-312,,,,PN
su05024,2018-09-13,7:19,-3.17024,35.55542,,,L-462,L-498,L-499,,,,OH
su05025,2018-09-13,10:03,-3.20434,35.57668,den Sobai 3,,S-193,S-326,,,,,OH
su05026,2018-09-18,7:24,-3.17695,35.62975,den Milkyway,,M-403,M-463,,,,,PN
su05027,2018-09-18,7:24,-3.17695,35.62975,den Milkyway,,M-416,M-464,,,,,PN
su05028,2018-09-18,7:24,-3.17695,35.62975,den Milkyway,,M-419,M-466,,,,,PN
su05029,2018-09-22,6:40,-3.17695,35.62975,den Milkyway,,M-414,M-459,,,,,PN
su05030,2018-09-23,7:29,-3.17695,35.62975,den Milkyway,,M-419,M-466,,,,,PN
su05031,2018-09-25,7:14,-3.21885,35.53976,den Tripoli,,T-129,T-209,T-210,,,,PN
su05032,2018-09-26,9:51,-3.20413,35.57670,den Shari,,S-234,S-325,,,,,PN
su05033,2018-09-27,6:52,-3.17695,35.62975,den Milkyway,,M-414,M-459,,,,,PN
su05034,2018-10-09,15:38,-3.21885,35.53976,den Tripoli,,T-157,T-213,,,,,PN
su05035,2018-10-11,7:00,-3.13269,35.56344,den E-culvert,,E-245,E-285,,,,,PN
su05036,2018-10-11,7:47,-3.14625,35.52761,,,A-329,A-464,A-465,,,,PN
su05037,2018-10-12,7:26,-3.21885,35.53976,den Tripoli,,T-157,T-213,,,,,PN
su05038,2018-10-18,8:37,-3.16768,35.52606,,,A-329,A-464,A-465,,,,PN
su05039,2018-10-20,6:58,-3.13269,35.56344,den E-culvert,,E-145,E-294,,,,,PN
su05040,2018-10-20,7:52,-3.14639,35.52425,,,A-287,A-484,A-485,,,,PN
su05041,2018-10-24,8:16,-3.21885,35.53976,den Tripoli,,T-129,T-209,T-210,,,,PN
su05042,2018-10-24,8:16,-3.21885,35.53976,den Tripoli,,T-135,T-212,,,,,PN
su05043,2018-10-24,8:16,-3.21885,35.53976,den Tripoli,,T-148,T-208,,,,,PN
su05044,2018-10-29,6:55,-3.23662,35.58688,,,N-143,N-282,,,,,PN
su05045,2018-10-29,6:55,-3.23662,35.58688,,,N-190,N-276,,,,,PN
su05046,2018-10-29,6:55,-3.23662,35.58688,,,N-212,N-279,,,,,PN
su05047,2018-11-04,7:37,-3.23824,35.58934,den Nilotic,,N-184,N-287,,,,,PN
su05048,2018-11-09,15:40,-3.23824,35.58934,den Nilotic,,N-172,N-284,,,,,PN
su05049,2018-11-09,15:40,-3.23824,35.58934,den Nilotic,,N-184,N-286,N-287,,,,PN
su05050,2018-11-09,15:40,-3.23824,35.58934,den Nilotic,,N-200,N-283,,,,,PN
su05051,2018-11-13,6:46,-3.13269,35.56344,den E-culvert,,E-184,E-290,,,,,PN
su05052,2018-11-14,7:43,-3.21937,35.54097,,,T-148,T-208,,,,,PN
su05053,2018-11-29,7:23,-3.16460,35.54464,,,L-462,L-498,,,,,OH
su05054,2018-11-29,10:09,-3.17210,35.56104,,,L-443,L-501,,,,,OH
su05055,2018-12-01,10:09,-3.15014,35.51326,,,A-262,A-488,,,,,OH
su05056,2018-12-04,7:09,-3.20056,35.57513,den Shingo 2,,S-153,S-331,,,,,OH
su05057,2018-12-04,8:18,-3.20095,35.57820,den Short 3,,S-155,S-329,S-330,,,,OH
su05058,2018-12-04,9:54,-3.14055,35.51064,,,A-335,A-508,,,,,PN
su05059,2018-12-05,6:30,-3.20056,35.57513,den Shingo 2,,S-193,S-326,,,,,OH
su05060,2018-12-05,7:36,-3.20445,35.57056,,,S-194,S-314,,,,,OH
su05061,2018-12-06,9:18,-3.16062,35.56216,,,L-462,L-498,,,,,OH
su05062,2018-12-07,7:04,-3.14335,35.51222,den Airolo,,A-359,A-499,,,,,OH+AD
su05063,2018-12-07,9:27,-3.14335,35.51222,den Airolo,,A-339,A-507,,,,,OH+AD
su05064,2018-12-07,10:43,-3.15891,35.51812,,,A-329,A-464,A-465,,,,OH+AD
su05065,2018-12-06,9:55,-3.22035,35.54015,den Tripoli,,T-148,T-208,,,,,PN
su05066,2018-12-08,7:40,-3.19796,35.52027,den Fondue,"new cub, sex confirmed as male",F-204,F-272,,,,,AD
su05067,2018-12-08,8:24,-3.14555,35.51994,,,A-287,A-484,A-485,,,,OH
su05068,2018-12-08,16:15,-3.20056,35.57513,den Shingo 2,,S-155,S-329,S-330,,,,OH
su05069,2018-12-09,10:40,-3.20056,35.57513,den Shingo 2,,S-182,S-333,,,,,OH
su05070,2018-12-09,15:00,-3.14335,35.51222,den Airolo,,A-194,A-496,,,,,OH
su05071,2018-12-09,15:00,-3.14335,35.51222,den Airolo,,A-359,A-499,,,,,OH
su05072,2018-12-10,7:34,-3.14594,35.58422,,,E-248,E-291,,,,,OH
su05073,2018-12-11,7:28,-3.19796,35.52027,den Fondue,,F-192,F-271,,,,,AD
su05074,2018-12-12,6:54,-3.14614,35.64643,,,M-416,M-464,,,,,OH+PN
su05075,2018-12-12,7:14,-3.14335,35.51222,den Airolo,,A-304,A-505,A-506,,,,AD
su05076,2018-12-12,7:22,-3.14335,35.51222,den Airolo,,A-335,A-508,,,,,AD
su05077,2018-12-12,9:06,-3.14335,35.51222,den Airolo,,A-359,A-499,,,,,AD
su05078,2018-12-12,9:20,-3.16212,35.55848,,,L-462,L-498,,,,,OH+PN
su05079,2018-12-13,7:30,-3.14335,35.51222,den Airolo,,A-339,A-507,,,,,AD
su05080,2018-12-14,8:35,-3.15069,35.51202,,,A-194,A-495,A-496,,,,OH+PN
su05081,2018-12-15,7:00,-3.14335,35.51222,den Airolo,,A-284,A-509,,,,,AD+OH
su05082,2018-12-15,7:00,-3.14335,35.51222,den Airolo,,A-353,A-493,A-494,,,,AD+OH
su05083,2018-12-16,7:05,-3.20150,35.57434,den Shingo,,S-139,S-335,,,,,AD+PN
su05084,2018-12-16,9:10,-3.21877,35.56643,,,S-184,S-300,,,,,AD+PN
su05085,2018-12-18,6:57,-3.14335,35.51222,den Airolo,,A-304,A-505,A-506,,,,AD
su05086,2018-12-18,6:57,-3.14335,35.51222,den Airolo,,A-335,A-508,,,,,AD
su05087,2018-12-18,6:57,-3.14335,35.51222,den Airolo,,A-341,A-504,,,,,AD
su05088,2018-12-18,6:57,-3.14335,35.51222,den Airolo,,A-359,A-499,,,,,AD
su05089,2018-12-18,7:30,-3.14335,35.51222,den Airolo,,A-305,A-497,,,,,AD
su05090,2018-12-18,16:22,-3.14335,35.51222,den Airolo,,A-359,A-499,,,,,AD
su05091,2018-12-21,7:27,-3.16230,35.56487,den Leslie,,L-463,L-505,,,,,PN
su05092,2018-12-21,8:59,-3.16649,35.55633,,,L-443,L-501,,,,,PN
su05093,2018-12-22,7:19,-3.21885,35.53976,den Tripoli,,T-135,T-212,,,,,PN
su05094,2018-12-23,6:59,-3.14335,35.51222,den Airolo,,A-335,A-508,,,,,AD
su05095,2018-12-23,6:59,-3.14335,35.51222,den Airolo,,A-353,A-493,,,,,AD
su05096,2018-12-24,6:59,-3.15844,35.56665,,,L-462,L-498,,,,,PN
su05097,2018-12-24,7:20,-3.16230,35.56487,den Leslie,,L-463,L-505,,,,,PN
su05098,2018-12-28,15:15,-3.19796,35.52027,den Fondue,"first sighting of cubs, and first litter for mother",F-231,F-273,F-274,,,,AD
su05099,2018-12-29,6:55,-3.14335,35.51222,den Airolo,,A-339,A-507,,,,,AD
su05100,2018-12-29,6:55,-3.14335,35.51222,den Airolo,,A-284,A-509,,,,,AD
su05101,2018-12-31,6:45,-3.14485,35.52169,,at wildebeest kill,A-381,A-486,,,,,AD
su05102,2019-01-01,7:00,-3.14335,35.51222,den Airolo,,A-304,A-505,A-506,,,,AD
su05103,2019-01-02,7:19,-3.19796,35.52027,den Fondue,,F-192,F-271,,,,,AD
su05104,2019-01-02,7:25,-3.19796,35.52027,den Fondue,,F-204,F-272,,,,,AD
su05105,2019-01-03,7:25,-3.19796,35.52027,den Fondue,,F-204,F-272,,,,,AD
su05106,2019-01-04,7:00,-3.20293,35.57610,,,S-139,S-335,S-336,,,,PN
su05107,2019-01-04,7:00,-3.20293,35.57610,,,S-152,S-339,,,,,PN
su05108,2019-01-04,7:00,-3.20293,35.57610,,,S-209,S-337,S-338,,,,PN
su05109,2019-01-04,7:57,-3.20150,35.57434,den SHINGO,,S-222,S-332,,,,,PN
su05110,2019-01-05,6:58,-3.20293,35.57610,,,S-139,S-335,S-336,,,,PN
su05111,2019-01-05,6:58,-3.20293,35.57610,,,S-152,S-339,,,,,PN
su05112,2019-01-05,6:58,-3.20293,35.57610,,,S-215,S-340,,,,,PN
su05113,2019-01-05,8:08,-3.20150,35.57434,den SHINGO,,S-222,S-332,,,,,PN
su05114,2018-01-06,7:59,-3.20293,35.57610,,,S-139,S-335,S-336,,,,PN
su05115,2018-01-06,7:59,-3.20293,35.57610,,,S-209,S-337,S-338,,,,PN
su05116,2018-01-07,7:19,-3.14335,35.51222,den Airolo,,A-335,A-508,,,,,AD
su05117,2018-01-07,7:19,-3.14335,35.51222,den Airolo,,A-341,A-504,,,,,AD
su05118,2019-01-07,8:26,-3.21646,35.55595,,,S-180,S-316,,,,,PN
su05119,2019-01-08,6:52,-3.15728,35.51213,den Apache2,,A-305,A-497,,,,,AD
su05120,2019-01-08,6:52,-3.15728,35.51213,den Apache2,,A-353,A-493,A-494,,,,AD
su05121,2019-01-09,7:32,-3.20560,35.50579,,,F-107,F-275,,,,,PN
su05122,2019-01-09,7:32,-3.20560,35.50579,,,F-204,F-272,,,,,PN
su05123,2019-01-10,8:47,-3.20560,35.50579,den Fancy,,F-204,F-272,,,,,PN
su05124,2019-01-10,10:53,-3.19796,35.52027,den Fondue,SU F-273 or F-274,F-231,cub,,,,,PN
su05125,2019-01-11,6:49,-3.14335,35.51222,den Airolo,,A-359,A-499,,,,,AD
su05126,2019-01-11,7:46,-3.15728,35.51213,den Apache2,,A-238,A-500,A-501,,,,AD
su05127,2019-01-11,10:01,-3.15587,35.51095,den Aliko,,A-305,A-497,,,,,AD
su05128,2019-01-11,7:25,-3.20560,35.50579,den Fancy,,F-107,F-275,,,,,PN
su05129,2019-01-11,8:13,-3.19796,35.52027,den Fondue,SU F-273 or F-274,F-231,cub,,,,,PN
su05130,2019-01-13,7:17,-3.19741,35.51914,,,F-199,F-262,,,,,PN
su05131,2019-01-14,7:38,-3.14335,35.51222,den Airolo,,A-341,A-504,,,,,AD
su05132,2019-01-14,7:10,-3.16955,35.54257,den L-312 birth,,L-312,L-506,,,,,PN
su05133,2019-01-14,7:38,-3.20560,35.50579,den Fancy,,F-204,F-272,,,,,PN
su05134,2019-01-14,7:38,-3.20560,35.50579,den Fancy,,F-192,F-271,,,,,PN
su05135,2019-01-15,8:11,-3.20560,35.50579,den Fancy,,F-192,F-271,,,,,PN
su05136,2019-01-18,9:20,-3.16900,35.55883,den Locki,,L-463,L-505,,,,,PN
su05137,2019-01-26,7:44,-3.18995,35.50916,,,F-138,F-269,,,,,PN
su05138,2019-01-26,8:11,-3.19951,35.51745,,,F-199,F-262,,,,,PN
su05139,2019-01-26,17:01,-3.14335,35.51222,den Airolo,,A-359,A-499,,,,,AD
su05140,2019-02-01,16:03,-3.17919,35.55379,,,L-443,L-501,,,,,AD
su05141,2019-02-06,7:18,-3.19246,35.56490,den Snoopy,,S-139,S-335,S-336,,,,PN
su05142,2019-02-07,7:03,-3.19246,35.56490,den Snoopy,,S-139,S-335,S-336,,,,PN
su05143,2019-02-07,7:03,-3.19246,35.56490,den Snoopy,,S-209,S-337,S-338,,,,PN
su05144,2019-02-08,7:07,-3.19246,35.56490,den Snoopy,,S-165,S-341,,,,,PN
su05145,2019-02-08,7:07,-3.19246,35.56490,den Snoopy,,S-234,S-343,,,,,PN
su05146,2019-02-09,15:40,-3.19246,35.56490,den Snoopy,,S-234,S-343,,,,,PN
su05147,2019-02-10,6:56,-3.19246,35.56490,den Snoopy,,S-234,S-343,,,,,PN
su05148,2019-02-10,7:52,-3.17213,35.51899,,,A-329,A-464,A-465,,,,AD
su05149,2019-02-11,6:55,-3.19246,35.56490,den Snoopy,,S-234,S-343,,,,,PN
su05150,2019-02-14,7:12,-3.19246,35.56490,den Snoopy,,S-139,S-335,S-336,,,,PN
su_20190216_0719_S-153,2019-02-16,7:19,-3.21996,35.56859,den Savannah,,S-153,S-331,,,,,PN
su_20190216_0751_S-153,2019-02-16,7:51,-3.21996,35.56859,,,S-153,S-331,,,,,PN
su05152,2019-02-18,7:12,-3.19246,35.56490,den Snoopy,sg,S-222,S-332,,,,,PN
su05153,2019-02-22,7:14,-3.14335,35.51222,den Airolo,,A-304,A-505,A-506,,,,AD
su05154,2019-02-24,16:36,-3.21284,35.56128,den S-181 birth,,S-181,S-345,S-346,,,,PN
su05155,2019-02-25,7:51,-3.15041,35.51642,,,A-287,A-484,A-485,,,,AD
su05156,2019-02-25,8:26,-3.16774,35.51309,,,A-305,A-497,,,,,AD
su05157,2019-02-27,7:00,-3.19246,35.56490,den Snoopy,,S-139,S-335,S-336,,,,PN
su05158,2019-02-27,7:00,-3.19246,35.56490,den Snoopy,,S-181,S-345,S-346,,,,PN
su05159,2019-03-10,6:51,-3.13269,35.56344,den E-culvert,,E-166,E-297,,,,,PN
su05160,2018-03-11,6:42,-3.20247,35.57877,den Short,,S-243,S-348,,,,,PN
su05161,2019-03-13,6:54,-3.21936,35.56895,den Savori,,S-259,S-349,,,,,PN
su05162,2019-03-14,8:08,-3.21936,35.56895,den Savori,,S-165,S-341,,,,,PN
su05163,2019-03-14,8:08,-3.21936,35.56895,den Savori,,S-259,S-349,,,,,PN
su05164,2019-03-14,7:04,-3.14335,35.51222,den Airolo,,A-302,A-469,,,,,AD
su05165,2019-03-15,7:17,-3.21936,35.56895,den Savori,,S-165,S-341,S-342,,,,PN
su05166,2019-03-15,7:23,-3.21528,35.57159,den savannah2,,S-194,S-314,,,,,PN
su05167,2019-03-17,7:25,-3.21528,35.57159,den savannah2,,S-234,S-343,S-344,,,,PN
su05168,2019-03-20,7:05,-3.14335,35.51222,den Airolo,,A-359,A-499,,,,,AD
su05169,2019-03-20,7:44,-3.14335,35.51222,den Airolo,,A-339,A-507,,,,,AD
su05170,2019-03-23,6:37,-3.14783,35.62305,den Magpie,,M-376,M-469,,,,,AD
su05171,2019-03-23,6:37,-3.14783,35.62305,den Magpie,,M-414,M-470,,,,,AD
su05172,2019-03-23,7:57,-3.14783,35.62305,den Magpie,,M-429,M-472,M-473,,,,AD
su05173,2019-03-23,8:30,-3.16900,35.55883,den Locki,,L-425,L-507,,,,,PN
su05174,2019-03-24,6:50,-3.14783,35.62305,den Magpie,,M-295,M-468,,,,,AD
su05175,2019-03-24,6:50,-3.14783,35.62305,den Magpie,,M-376,M-469,,,,,AD
su05176,2019-03-24,6:50,-3.14783,35.62305,den Magpie,,M-429,M-472,M-473,,,,AD
su05177,2019-03-25,6:41,-3.15516,35.64186,,,M-419,M-466,,,,,PN
su05178,2019-03-26,6:36,-3.14783,35.62305,den Magpie,,M-295,M-468,,,,,AD
su05179,2019-03-27,17:25,-3.14783,35.62305,den Magpie,,M-429,M-472,M-473,,,,AD
su05180,2019-03-28,7:15,-3.22597,35.57035,den savannah2,,S-165,S-341,S-342,,,,PN
su05181,2019-03-28,7:15,-3.22597,35.57035,den savannah2,,S-234,S-343,S-344,,,,PN
su05182,2019-03-28,6:56,-3.14783,35.62305,den Magpie,,M-429,M-472,M-473,,,,AD
su05183,2019-03-28,7:06,-3.14783,35.62305,den Magpie,,M-296,M-474,M-475,,,,AD
su05184,2019-03-28,10:07,-3.16676,35.62742,,,M-383,M-465,,,,,PN
su05185,2019-03-29,15:45,-3.22597,35.57035,,,S-234,S-343,S-344,,,,PN
su05186,2019-04-01,6:26,-3.22597,35.57035,den savannah2,,S-165,S-341,S-342,,,,PN
su05187,2019-04-01,6:26,-3.22597,35.57035,den savannah2,,S-234,S-343,S-344,,,,PN
su05188,2019-04-02,16:34,-3.14783,35.62305,den Magpie,,M-429,M-472,M-473,,,,AD
su05189,2019-04-02,17:03,-3.14783,35.62305,den Magpie,,M-381,M-467,,,,,AD
su05190,2019-04-04,7:02,-3.22597,35.57035,den savannah2,sg,S-165,S-341,S-342,,,,PN
su05191,2019-04-04,16:12,-3.22597,35.57035,den savannah2,sg,S-234,S-343,S-344,,,,PN
su05192,2019-04-04,16:12,-3.22597,35.57035,den savannah2,sg,S-259,S-349,,,,,PN
su05193,2019-04-04,7:52,-3.14335,35.51222,den Airolo,,A-339,A-507,,,,,AD
su05194,2019-04-06,6:45,-3.14783,35.62305,den Magpie,,M-295,M-468,,,,,AD
su05195,2019-04-06,7:00,-3.14783,35.62305,den Magpie,,M-429,M-472,M-473, ,,,AD
su05196,2019-04-06,15:52,-3.22597,35.57035,den savannah2,,S-181,S-345,S-346,,,,PN
su05197,2019-04-08,11:37,-3.22001,35.56250,,,S-180,S-316,,,,,PN
su05198,2019-04-09,6:48,-3.14783,35.62305,den Magpie,,M-381,M-467,,,,,PN
su05199,2019-04-09,7:01,-3.14335,35.51222,den Airolo,,A-335,A-508,,,,,AD
su05200,2019-04-10,7:06,-3.22597,35.57035,den savannah2,sg,S-181,S-345,S-346,,,,PN
su05201,2019-04-11,7:22,-3.14335,35.51222,den Airolo,,A-339,A-507,,,,,AD
su05202,2019-04-11,7:33,-3.14335,35.51222,den Airolo,,A-335,A-508,,,,,AD
su05203,2019-04-11,7:38,-3.14335,35.51222,den Airolo,,A-359,A-499,,,,,AD
su05204,2019-04-13,8:14,-3.22597,35.57035,den savannah2,,S-234,S-343,S-344,,,,PN
su05205,2019-04-13,9:00,-3.18548,35.50952,,on shore of Lake Magadi ,F-168,F-268,,,,,AD
su05206,2019-04-14,7:05,-3.22597,35.57035,den savannah2,S-337 suckled on short intervals,S-259,S-349,S-337,,S-337,,PN
su05207,2019-04-15,7:42,-3.22597,35.57035,den savannah2,,S-165,S-341,S-342,,,,PN
su05208,2019-04-15,9:40,-3.21885,35.53976,den Tripoli,,T-150,T-214,,,,,PN
su05209,2019-04-15,9:50,-3.21918,35.53789,,,T-157,T-213,,,,,PN
su05210,2019-04-16,7:08,-3.18158,35.50773,,,F-168,F-268,,,,,AD
su05211,2019-04-17,7:18,-3.22597,35.57035,den Savannah2,,S-165,S-341,,,,,PN
su05212,2019-04-17,7:18,-3.22597,35.57035,den Savannah2,,S-181,S-345,S-346,,,,PN
su05213,2019-04-17,15:50,-3.22597,35.57035,den savannah2,severe aggression between cubs,S-165,S-341,S-342,,,,PN
su05214,2019-04-17,15:50,-3.22597,35.57035,den savannah2,,S-234,S-343,S-344,,,,PN
su05215,2019-04-17,15:50,-3.22597,35.57035,den savannah2,,S-181,S-345,S-346,,,,PN
su05216,2019-04-19,7:12,-3.22597,35.57035,den savannah2,,S-165,S-341,S-342,,,,PN
su05217,2019-04-19,15:55,-3.22597,35.57035,den savannah2,,S-234,S-343,S-344,,,,PN
su05218,2019-04-19,15:55,-3.22597,35.57035,den savannah2,,S-259,S-349,,,,,PN
su05219,2019-04-23,7:49,-3.18992,35.50122,den Furahisha 2,cub now has spots and is fluffy,F-107,F-275,,,,,AD
su05220,2019-04-24,8:00,-3.21885,35.53976,den Tripoli,,T-150,T-214,,,,,PN
su05221,2019-04-24,8:00,-3.21885,35.53976,den Tripoli,,T-157,T-213,,,,,PN
su05222,2019-04-25,7:11,-3.22597,35.57035,den savannah2,,S-165,S-341,S-342,,,,PN
su05223,2019-04-25,7:11,-3.22597,35.57035,den savannah2,,S-181,S-345,S-346,,,,PN
su05224,2019-04-25,7:01,-3.18992,35.50122,den Furahisha 2,cubs are now spotty,F-231,F-273,F-274,,,,AD
su05225,2019-04-25,7:01,-3.18992,35.50122,den Furahisha 2,about 3 months old,F-169,F-276,F-277,,,,AD
su05226,2019-04-25,7:01,-3.18992,35.50122,den Furahisha 2,about 3 weeks old,F-173,F-282,,,,,AD
su05227,2019-04-25,7:01,-3.18992,35.50122,den Furahisha 2,about 1.5 months old,F-212,F-279,F-280,,,,AD
su05228,2019-04-25,9:21,-3.18751,35.50553,,,F-168,F-268,,,,,AD
su05229,2019-04-26,15:45,-3.22597,35.57035,den Savannah2,,S-181,S-345,S-346,,,,PN
su05230,2019-04-27,7:11,-3.18992,35.50122,den Furahisha 2,,F-107,F-275,,,,,AD
su05231,2019-04-27,7:11,-3.18992,35.50122,den Furahisha 2,,F-169,F-276,F-277,,,,AD
su05232,2019-04-27,7:11,-3.18992,35.50122,den Furahisha 2,,F-231,F-273,F-274,,,,AD
su05233,2019-04-27,7:11,-3.18992,35.50122,den Furahisha 2,,F-212,F-279,F-280,,,,AD
su05234,2019-05-03,6:59,-3.18992,35.50122,den Furahisha 2,F-277 bullied by F-276 and kept away from mother,F-169,F-276,,,,,AD
su05235,2019-05-06,7:11,-3.18992,35.50122,den Furahisha 2,,F-231,F-274,,,,,AD
su05236,2019-05-06,7:32,-3.18992,35.50122,den Furahisha 2,,F-107,F-275,,,,,AD
su05237,2019-05-07,7:11,-3.18992,35.50122,den Furahisha 2,,F-107,F-275,,,,,AD
su05238,2019-05-07,7:11,-3.18992,35.50122,den Furahisha 2,,F-231,F-273,F-274,,,,AD
su05239,2019-05-07,7:11,-3.18992,35.50122,den Furahisha 2,,F-212,F-279,F-280,,,,AD
su05240,2019-05-07,7:53,-3.18992,35.50122,den Furahisha 2,,F-191,F-281,,,,,AD
su05241,2019-05-14,16:35,-3.15060,35.62235,den Milan,,M-295,M-468,,,,,PN
su05242,2019-05-22,6:56,-3.15060,35.62235,den Milan,,M-376,M-469,,,,,PN
su05243,2019-05-22,7:24,-3.16900,35.55883,den Locki,,L-443,L-501,,,,,PN
su05244,2019-05-22,7:24,-3.16900,35.55883,den Locki,,L-463,L-505,,,,,PN
su05245,2019-05-24,7:01,-3.15060,35.62235,den Milan,,M-296,M-474,M-475,,,,PN
su05246,2019-05-25,7:01,-3.15060,35.62235,den Milan,,M-296,M-474,M-475,,,,PN
su05247,2019-05-27,16:00,-3.15060,35.62235,den Milan,,M-287,M-476,M-477,,,,PN
su05248,2019-05-27,16:00,-3.15060,35.62235,den Milan,,M-296,M-474,M-475,,,,PN
su05249,2019-05-28,6:55,-3.15060,35.62235,den Milan,,M-296,M-475,,,,,PN
su05250,2019-05-28,16:10,-3.15060,35.62235,den Milan,,M-296,M-474,M-475,,,,PN
su05251,2019-05-30,10:40,-3.16900,35.55883,den Locki,,L-449,L-508,,,,,PN
su05252,2019-06-01,7:05,-3.15060,35.62235,den Milan,,M-287,M-476,M-477,,,,PN
su05253,2019-06-01,7:05,-3.15060,35.62235,den Milan,M-472 or M-473; only one seen SU. Run into hole,M-429,cub,,,,,PN
su05254,2019-06-01,7:05,-3.15060,35.62235,den Milan,"shy cub, not pictured",M-430,cub,,,,,PN
su05255,2019-06-04,16:02,-3.16900,35.55883,den Locki,,L-350,L-510,L-511,,,,PN
su05256,2019-06-04,16:02,-3.16900,35.55883,den Locki,,L-463,L-505,,,,,PN
su05257,2019-06-05,7:00,-3.15060,35.62235,den Milan,,M-296,M-474,M-475,,,,PN
su05258,2019-06-06,6:54,-3.15060,35.62235,den Milan,,M-287,M-476,M-477,,,,PN
su05259,2019-06-06,6:54,-3.15060,35.62235,den Milan,,M-429,M-472,M-473,,,,PN
su05260,2019-06-06,16:12,-3.15060,35.62235,den Milan,,M-414,M-470,,,,,PN
su05261,2019-06-06,16:12,-3.15060,35.62235,den Milan,,M-429,M-472,M-473,,,,PN
su05262,2019-06-12,16:15,-3.15060,35.62235,den Milan,,M-376,M-469,,,,,OH
su05263,2019-06-13,6:59,-3.16900,35.55883,den Locki,,L-187,L-509,,,,,PN
su05264,2019-06-14,16:08,-3.15060,35.62235,den Milan,,M-414,M-470,,,,,PN
su05265,2019-06-15,6:58,-3.16900,35.55883,den Locki,,L-187,L-509,,,,,OH
su05266,2019-06-15,6:58,-3.16900,35.55883,den Locki,,L-350,L-510,L-511,,,,OH
su05267,2019-06-15,7:46,-3.16900,35.55883,den Locki,,L-463,L-505,,,,,OH
su05268,2019-06-15,7:58,-3.16900,35.55883,den Locki,,L-449,L-508,,,,,OH
su05269,2019-06-16,6:46,-3.18992,35.50122,den Furahisha 2,,F-192,F-271,,,,,PN
su05270,2019-06-16,8:50,-3.21885,35.53976,den Tripoli,,T-135,T-218,T-219,,,,PN
su05271,2019-06-16,7:05,-3.18992,35.50122,den Furahisha 2,,F-192,F-271,,,,,OH
su05272,2019-06-16,8:35,-3.16027,35.51465,den Akili,,A-445,A-514,,,,,OH
su05273,2019-06-17,8:22,-3.21885,35.53976,den Tripoli,,T-135,T-218,T-219,,,,PN
su05274,2019-06-17,8:22,-3.21885,35.53976,den Tripoli,,T-150,T-214,,,,,PN
su05275,2019-06-17,8:02,-3.16900,35.55883,den Locki,,L-187,L-509,,,,,OH
su05276,2019-06-17,11:15,-3.16027,35.51465,den Akili,A-513 trying to SU.,A-445,A-514,,,,,OH
su05277,2019-06-17,15:15,-3.16900,35.55883,den Locki,,L-187,L-509,,,,,OH
su05278,2019-06-17,15:15,-3.16900,35.55883,den Locki,,L-350,L-510,L-511,,,,OH
su05279,2019-06-17,17:05,-3.16900,35.55883,den Locki,,L-463,L-505,,,,,OH
su05280,2019-06-19,7:05,-3.16027,35.51465,den Akili,,A-339,A-507,,,,,OH
su05281,2019-06-19,8:45,-3.16027,35.51465,den Akili,,A-445,A-514,,,,,OH
su05282,2019-06-19,8:55,-3.16027,35.51465,den Akili,very short SU while A-301 standing,A-301,A-513,,,A-513,,OH
su05283,2019-06-19,16:08,-3.15060,35.62235,den Milan,,M-376,M-469,,,,,PN
su05284,2019-06-19,16:08,-3.15060,35.62235,den Milan,,M-429,M-472,M-473,,,,PN
su05285,2019-06-20,10:40,-3.16027,35.51465,den Akili,,A-429,A-511,A-512,,,,OH
su05286,2019-06-20,17:30,-3.15060,35.62235,den Milan,,M-414,M-470,,,,,OH
su05287,2019-06-21,7:16,-3.18992,35.50122,den Furahisha 2,,F-157,F-278,,,,,PN
su05288,2019-06-21,7:16,-3.18992,35.50122,den Furahisha 2,,F-168,F-268,,,,,PN
su05289,2019-06-21,7:16,-3.18992,35.50122,den Furahisha 2,,F-192,F-271,,,,,PN
su05290,2019-06-21,7:16,-3.18992,35.50122,den Furahisha 2,,F-212,F-279,F-280,,,,PN
su05291,2019-06-22,7:10,-3.19078,35.50169,,,F-138,F-269,,,,,PN
su05292,2019-06-22,7:35,-3.18992,35.50122,den Furahisha 2,,F-107,F-275,,,,,PN
su05293,2019-06-22,7:35,-3.18992,35.50122,den Furahisha 2,,F-191,F-281,,,,,PN
su05294,2019-06-22,8:34,-3.16027,35.51465,den Akili,,A-302,A-516,,,,,OH
su05295,2019-06-22,8:34,-3.16027,35.51465,den Akili,,A-429,A-511,A-512,,,,OH
su05296,2019-06-23,7:14,-3.18992,35.50122,den Furahisha 2,,F-157,F-278,,,,,PN
su05297,2019-06-23,7:14,-3.18992,35.50122,den Furahisha 2,,F-169,F-276,F-278,,F-278,,PN
su05298,2019-06-23,7:14,-3.18992,35.50122,den Furahisha 2,,F-212,F-279,F-280,,,,PN
su05299,2019-06-23,11:02,-3.18992,35.50122,den Furahisha 2,,F-181,F-283,,,,,PN
su05300,2019-06-24,7:22,-3.18992,35.50122,den Furahisha 2,,F-157,F-278,,,,,PN
su05301,2019-06-24,7:22,-3.18992,35.50122,den Furahisha 2,,F-161,F-286,,,,,PN
su05302,2019-06-24,7:22,-3.18992,35.50122,den Furahisha 2,,F-169,F-276,F-277,,,,PN
su05303,2019-06-24,7:22,-3.18992,35.50122,den Furahisha 2,,F-212,F-279,F-280,,,,PN
su05304,2019-06-24,7:22,-3.18992,35.50122,den Furahisha 2,,F-231,F-273,F-274,,,,PN
su05305,2019-06-24,8:35,-3.16502,35.51512,,,A-341,A-504,,,,,OH
su05306,2019-06-25,10:10,-3.16027,35.51465,den Akili,,A-302,A-516,,,,,OH
su05307,2019-06-25,11:47,-3.16825,35.51079,,,A-341,A-504,,,,,OH
su05308,2019-06-25,7:55,-3.18992,35.50122,den Furahisha 2,,F-161,F-286,F-287,,,,PN
su05309,2019-06-25,7:55,-3.18992,35.50122,den Furahisha 2,,F-199,F-284,F-285,,,,PN
su05310,2019-06-25,16:16,-3.18992,35.50122,den Furahisha 2,,F-231,F-274,,,,,PN
su05311,2019-06-26,9:11,-3.18992,35.50122,den Furahisha 2,,F-138,F-269,,,,,PN
su05312,2019-06-26,9:11,-3.18992,35.50122,den Furahisha 2,,F-157,F-278,,,,,PN
su05313,2019-06-26,9:11,-3.18992,35.50122,den Furahisha 2,,F-191,F-281,,,,,PN
su05314,2019-06-26,9:11,-3.18992,35.50122,den Furahisha 2,,F-231,F-273,F-274,,,,PN
su05315,2019-06-27,9:10,-3.16027,35.51465,den Akili,"A-513 skinny, constantly trying to SU from A-445 and A-302",A-302,A-516,,,,,OH
su05316,2019-06-27,9:10,-3.16027,35.51465,den Akili,"A-513 skinny, constantly trying to SU from A-445 and A-302",A-445,A-514,,,,,OH
su05317,2019-06-27,13:15,-3.18992,35.50122,den Furahisha 2,,F-107,F-275,,,,,OH
su05318,2019-06-27,15:11,-3.15060,35.62235,den Milan,,M-414,M-470,,,,,OH
su05319,2019-06-28,10:12,-3.16027,35.51465,den Akili,"A-513 skinny, constantly trying to SU from A-445 and A-302",A-445,A-514,,,,,OH
su05320,2019-06-28,16:38,-3.15060,35.62235,den Milan,,M-429,M-472,M-473,,,,OH
su05321,2019-06-29,9:09,-3.19093,35.50069,den F-204 birth,,F-204,F-288,F-289,,,,OH
su05322,2019-07-01,6:41,-3.15060,35.62235,den Milan,,M-296,M-474,M-475,,,,OH
su05323,2019-07-01,6:41,-3.15060,35.62235,den Milan,,M-429,M-472,M-473,,,,OH
su05324,2019-07-05,8:04,-3.18992,35.50122,den Furahisha 2,,F-157,F-278,,,,,PN
su05325,2019-07-05,8:04,-3.18992,35.50122,den Furahisha 2,,F-231,F-273,F-274,,,,PN
su05326,2019-07-05,11:14,-3.21885,35.53976,den Tripoli,,T-180,T-216,T-217,,,,PN
su05327,2019-07-05,16:00,-3.18992,35.50122,den Furahisha 2,,F-231,F-273,F-274,,,,PN
su05328,2019-07-06,7:25,-3.21885,35.53976,den Tripoli,,T-135,T-218,T-219,,,,PN
su05329,2019-07-06,7:25,-3.21885,35.53976,den Tripoli,,T-150,T-214,,,,,PN
su05330,2019-07-06,8:14,-3.18992,35.50122,den Furahisha 2,,F-107,F-275,,,,,PN
su05331,2019-07-06,8:14,-3.18992,35.50122,den Furahisha 2,,F-157,F-278,,,,,PN
su05332,2019-07-06,8:14,-3.18992,35.50122,den Furahisha 2,,F-204,F-288,F-289,,,,PN
su05333,2019-07-06,8:14,-3.18992,35.50122,den Furahisha 2,,F-231,F-273,F-274,,,,PN
su05334,2019-07-06,16:30,-3.16779,35.52681,,,A-232,A-515,,,,,PN
su05335,2019-07-08,7:00,-3.16900,35.55883,den Locki,,L-449,L-508,,,,,PN
su05336,2019-07-08,7:35,-3.21885,35.53976,den Tripoli,,T-150,T-214,,,,,PN
su05337,2019-07-08,7:35,-3.21885,35.53976,den Tripoli,,T-134,T-215,,,,,PN
su05338,2019-07-08,7:35,-3.21885,35.53976,den Tripoli,,T-180,T-216,T-217,,,,PN
su05339,2019-07-08,11:04,-3.16774,35.52652,,,A-341,A-504,,,,,PN
su05340,2019-07-09,7:56,-3.14254,35.68632,den Survivor,,S-185,S-350,,,,,PN
su05341,2019-07-09,8:36,-3.21885,35.53976,den Tripoli,,T-134,T-215,,,,,PN
su05342,2019-07-09,8:36,-3.21885,35.53976,den Tripoli,,T-135,T-218,T-219,,,,PN
su05343,2019-07-09,16:16,-3.21805,35.53840,,,F-138,F-269,,,,,PN
su05344,2019-07-10,9:32,-3.18992,35.50122,,,F-212,F-279,F-280,,,,PN
su05345,2019-07-10,9:32,-3.18992,35.50122,,,F-231,F-273,F-274,,,,PN
su05346,2019-07-13,15:34,-3.16941,35.55880,,,L-462,L-512,L-513,,,,PN
su05347,2019-07-17,7:05,-3.16900,35.55883,den Locki,,L-428,L-514,,,,,PN
su05348,2019-07-17,7:05,-3.16900,35.55883,den Locki,,L-462,L-512,L-513,,,,PN
su05349,2019-07-18,7:35,-3.18992,35.50122,den Furahisha 2,,F-173,F-282,,,,,PN
su05350,2019-07-18,7:35,-3.18992,35.50122,den Furahisha 2,,F-199,F-284,F-285,,,,PN
su05351,2019-07-21,6:59,-3.16900,35.55883,den Locki,,L-428,L-514,,,,,PN
su05352,2019-07-21,6:59,-3.16900,35.55883,den Locki,,L-462,L-512,L-513,,,,PN
su05353,2019-07-23,8:14,-3.14902,35.51853,den Amrit,,A-232,A-515,,,,,PN
su05354,2019-08-02,8:35,-3.17754,35.62844,den Nyuki 3,,M-376,M-469,,,,,PN
su05355,2019-08-03,7:40,-3.18992,35.50122,den Furahisha 2,,F-107,F-275,,,,,PN
su05356,2019-08-03,7:40,-3.18992,35.50122,den Furahisha 2,,F-157,F-278,,,,,PN
su05357,2019-08-08,9:20,-3.21885,35.53976,den Tripoli,,T-134,T-215,,,,,PN
su05358,2019-08-09,9:10,-3.21885,35.53976,den Tripoli,,T-135,T-218,,,,,PN
su05359,2019-08-09,9:10,-3.21885,35.53976,den Tripoli,seems young to have cub/s,T-197,T-220,,,,,PN
su05360,2019-08-14,6:56,-3.16900,35.55883,den Locki,,L-187,L-509,,,,,PN
su05361,2019-08-14,6:56,-3.16900,35.55883,den Locki,,L-449,L-508,,,,,PN
su05362,2019-08-15,7:00,-3.16900,35.55883,den Locki,,L-428,L-514,,,,,PN
su05363,2019-08-16,16:00,-3.16900,35.55883,den Locki,"not seen suckling, but was close to small cub of size of L-428 cubs",L-429,L-517,,,,,PN
su05364,2019-08-18,8:15,-3.21885,35.53976,den Tripoli,,T-135,T-218,,,,,PN
su05365,2019-08-18,8:15,-3.21885,35.53976,den Tripoli,,T-197,T-220,,,,,PN
su05366,2019-08-18,10:05,-3.16900,35.55883,den Locki,,L-428,L-514,,,,,PN
su05367,2019-08-20,7:00,-3.21885,35.53976,den Tripoli,,T-134,T-215,,,,,PN
su05368,2019-08-20,10:00,-3.18992,35.50122,den Furahisha 2,,F-173,F-282,,,,,PN
su05369,2019-08-23,7:40,-3.21885,35.53976,den Tripoli,,T-135,T-218,,,,,PN
su05370,2019-08-23,7:40,-3.21885,35.53976,den Tripoli,,T-180,T-216,T-217,,,,PN
su05371,2019-08-23,7:40,-3.21885,35.53976,den Tripoli,,T-197,T-220,,,,,PN
su05372,2019-09-18,7:13,-3.16744,35.55221,,,L-312,L-506,,,,,PN
su05373,2019-09-18,7:13,-3.16744,35.55221,,,L-428,L-514,,,,,PN
su05374,2019-09-19,6:58,-3.16744,35.55221,den Lemagrut,,L-463,L-505,,,,,PN
su05375,2019-09-19,8:35,-3.18992,35.50122,den Furahisha 2,,F-231,F-273,F-274,,,,PN
su05376,2019-09-20,6:56,-3.16523,35.55091,den Lemagrut,,L-449,L-508,,,,,PN
su05377,2019-09-20,7:56,-3.16674,35.54675,,,L-463,L-505,,,,,PN
su05378,2019-09-20,8:22,-3.18992,35.50122,den Furahisha 2,,F-204,F-288,,,,,PN
su05379,2019-09-24,16:06,-3.16523,35.55091,den Lemagrut,,L-350,L-510,L-511,,,,PN
su05380,2019-09-25,7:08,-3.16523,35.55091,den Lemagrut,,L-350,L-510,L-511,,,,PN
su05381,2019-09-25,7:08,-3.16523,35.55091,den Lemagrut,,L-428,L-514,L-515,,,,PN
su05382,2019-09-25,15:52,-3.16523,35.55091,den Lemagrut,,L-429,L-517,,,,,PN
su05383,2019-09-26,7:05,-3.16523,35.55091,den Lemagrut,,L-312,L-506,,,,,PN
su05384,2019-09-26,7:05,-3.16523,35.55091,den Lemagrut,,L-350,L-510,L-511,,,,PN
su05385,2019-09-26,7:05,-3.16523,35.55091,den Lemagrut,,L-428,L-514,,,,,PN
su05386,2019-09-26,7:05,-3.16523,35.55091,den Lemagrut,,L-429,L-517,,,,,PN
su05387,2019-09-26,7:05,-3.16523,35.55091,den Lemagrut,,L-449,L-508,,,,,PN
su05388,2019-09-26,7:05,-3.16523,35.55091,den Lemagrut,,L-462,L-512,L-513,,,,PN
su05389,2019-09-27,6:53,-3.16523,35.55091,den Lemagrut,,L-312,L-506,,,,,PN
su05390,2019-09-27,6:53,-3.16523,35.55091,den Lemagrut,,L-429,L-517,,,,,PN
su05391,2019-09-27,16:00,-3.16523,35.55091,den Lemagrut,,L-350,L-510,L-511,,,,PN
su05392,2019-09-27,16:00,-3.16523,35.55091,den Lemagrut,,L-428,L-514,L-515,,,,PN
su05393,2019-09-27,16:00,-3.16523,35.55091,den Lemagrut,,L-429,L-517,,,,,PN
su05394,2019-09-27,16:00,-3.16523,35.55091,den Lemagrut,,L-462,L-512,L-513,,,,PN
su05395,2019-10-06,6:55,-3.17758,35.63205,den Nyuki 5,,M-376,M-469,,,,,PN
su05396,2019-10-06,6:55,-3.17758,35.63205,den Nyuki 5,,M-414,M-470,,,,,PN
su05397,2019-10-06,6:55,-3.17758,35.63205,den Nyuki 5,,M-416,M-481,,,,,PN
su05398,2019-10-07,16:09,-3.17758,35.63205,den Nyuki 5,,M-263,M-483,,,,,PN
su05399,2019-10-07,16:09,-3.17758,35.63205,den Nyuki 5,,M-295,M-480,,,,,PN
su05400,2019-10-07,16:09,-3.17758,35.63205,den Nyuki 5,,M-416,M-481,,,,,PN
su05401,2019-10-08,6:59,-3.17758,35.63205,den Nyuki 5,,M-263,M-483,,,,,PN
su05402,2019-10-08,6:59,-3.17758,35.63205,den Nyuki 5,,M-287,M-476,M-477,,,,PN
su05403,2019-10-08,8:04,-3.16510,35.55012,,,L-449,L-508,,,,,PN
su05404,2019-10-08,8:07,-3.16523,35.55091,den Lemagrut,,L-462,L-512,L-513,,,,PN
su05405,2019-10-09,15:59,-3.17758,35.63205,den Nyuki 5,,M-263,M-483,,,,,PN
su05406,2019-10-11,6:52,-3.17758,35.63205,den Nyuki 5,,M-263,M-483,,,,,PN
su05407,2019-10-11,6:52,-3.17758,35.63205,den Nyuki 5,,M-296,M-474,M-475,,,,PN
su05408,2019-10-11,16:01,-3.16523,35.55091,den Lemagrut,,L-449,L-508,,,,,PN
su05409,2019-10-11,16:01,-3.16523,35.55091,den Lemagrut,,L-462,L-512,,,,,PN
su05410,2019-10-13,6:53,-3.17758,35.63205,den Nyuki 5,,M-296,M-474,M-475,,,,PN
su05411,2019-10-13,6:53,-3.17758,35.63205,den Nyuki 5,,M-429,M-472,M-473,,,,PN
su05412,2019-10-13,8:25,-3.16523,35.55091,den Lemagrut,,L-428,L-514,L-515,,,,PN
su05413,2019-10-13,14:00,-3.16523,35.55091,den Lemagrut,,L-359,L-516,,,,,PN
su05414,2019-10-13,14:00,-3.16523,35.55091,den Lemagrut,,L-462,L-512,L-513,,,,PN
su05415,2019-10-19,6:57,-3.20367,35.57500,den Sobai,,S-235,S-353,,,,,PN
su05416,2019-10-19,9:09,-3.18992,35.50122,den Furahisha 2,F-288 preventing F-289 from suckling and is almost twice as big,F-204,F-288,F-289,,,,AD
su05417,2019-10-19,9:09,-3.18992,35.50122,den Furahisha 2,,F-191,F-281,,,,,AD
su05418,2019-10-19,15:45,-3.20367,35.57500,den Sobai,,S-138,S-355,S-356,,,,PN
su05419,2019-10-19,15:45,-3.20367,35.57500,den Sobai,,S-161,S-360,S-361,,,,PN
su05420,2019-10-20,8:37,-3.20367,35.57500,den Sobai,,S-125,S-357,,,,,PN
su05421,2019-10-20,15:56,-3.20367,35.57500,den Sobai,,S-125,S-357,,,,,PN
su05422,2019-10-20,15:56,-3.20367,35.57500,den Sobai,,S-235,S-353,S-354,,,,PN
su05323,2019-10-21,17:04,-3.17758,35.63205,den Nyuki 5,,M-295,M-480,,,,,PN
su05324,2019-10-21,17:04,-3.17758,35.63205,den Nyuki 5,,M-414,M-470,,,,,PN
su05425,2019-10-21,6:59,-3.18992,35.50122,den Furahisha 2,,F-204,F-288,F-289,,,,AD
su05426,2019-10-25,6:30,-3.17758,35.63205,den Nyuki 5,,M-416,M-481,M-482,,,,PN
su05427,2019-10-25,7:28,-3.20367,35.57500,den Sobai,,S-138,S-355,S-356,,,,PN
su05428,2019-10-28,8:06,-3.16683,35.54917,den Lisboa 2,,L-312,L-506,,,,,PN
su05429,2019-10-28,16:00,-3.16683,35.54917,den Lisboa 2,,L-429,L-517,L-518,,,,PN
su05430,2019-10-28,16:00,-3.16683,35.54917,den Lisboa 2,,L-462,L-512,L-513,,,,PN
su05431,2019-10-29,7:32,-3.18992,35.50122,den Furahisha 2,,F-181,F-283,,,,,AD
su05432,2019-10-29,8:25,-3.14583,35.56767,den Esapai,,E-245,E-299,,,,,PN
su05433,2019-10-29,16:36,-3.16683,35.54917,den Lisboa 2,,L-425,L-519,,,,,AD
su05434,2019-11-09,17:04,-3.17758,35.63205,den Nyuki 5,,M-416,M-481,M-482,,,,AD
su05435,2019-11-09,16:40,-3.17758,35.63205,den Nyuki 5,,M-429,M-472,M-473,,,,AD
su05436,2019-11-10,10:10,-3.20340,35.57546,den Sobai 4,,S-235,S-353,,,,,PN
su05437,2019-11-10,17:16,-3.17758,35.63205,den Nyuki 5,,M-263,M-483,,,,,OH
su05438,2019-11-11,10:31,-3.20340,35.57546,den Sobai 4,,S-161,S-360,S-361,,,,PN
su05439,2019-11-11,16:56,-3.16683,35.54917,den Lisboa 2,,L-425,L-519,,,,,AD
su05440,2019-11-11,16:57,-3.16683,35.54917,den Lisboa 2,,L-429,L-517,L-518,,,,AD
su05441,2019-11-11,17:18,-3.16683,35.54917,den Lisboa 2,,L-462,L-512,L-513,,,,AD
su05442,2019-11-12,7:02,-3.18992,35.50122,den Furahisha 2,,F-159,F-291,,,,,AD
su05443,2019-11-12,7:02,-3.18992,35.50122,den Furahisha 2,,F-204,F-288,,,,,AD
su05444,2019-11-12,8:22,-3.18992,35.50122,den Furahisha 2,,F-212,F-279,F-280,,,,AD
su05445,2019-11-13,6:54,-3.20340,35.57546,,,S-125,S-357,,,,,PN
su05446,2019-11-13,6:54,-3.20340,35.57546,,,S-138,S-355,S-356,,,,PN
su05447,2019-11-13,6:54,-3.20340,35.57546,,,S-153,S-358,S-359,,,,PN
su05448,2019-11-13,6:54,-3.20340,35.57546,,,S-161,S-360,S-361,,,,PN
su05449,2019-11-14,17:15,-3.17758,35.63205,den Nyuki 5,,M-295,M-480,,,,,OH
su05450,2019-11-14,17:15,-3.17758,35.63205,den Nyuki 5,,M-429,M-472,M-473,,,,OH
su05451,2019-11-15,15:05,-3.17758,35.63205,den Nyuki 5,,M-416,M-481,M-482,,,,OH
su05452,2019-11-15,17:10,-3.17758,35.63205,den Nyuki 5,,M-414,M-470,,,,,OH
su05453,2019-11-15,8:24,-3.16683,35.54917,den Lisboa 2,,L-425,L-519,,,,,AD
su05454,2019-11-16,7:17,-3.16959,35.56422,,,L-429,L-517,L-518,,,,PN
su05455,2019-11-16,15:00,-3.16959,35.56422,,,L-462,L-512,L-513,,,,PN
su05456,2019-11-17,17:00,-3.18992,35.50122,den Furahisha 2,,F-199,F-284,,,,,AD
su05457,2019-11-17,16:35,-3.16967,35.56411,den Logan,,L-462,L-512,L-513,,,,OH
su05458,2019-11-18,15:58,-3.20340,35.57546,den Sobai 4,,S-235,S-353,S-354,,,,PN
su05459,2019-11-18,7:38,-3.16683,35.54917,den Lisboa 2,,L-425,L-519,,,,,OH
su05460,2019-11-18,16:02,-3.16683,35.54917,den Lisboa 2,,L-425,L-519,,,,,OH
su05461,2019-11-18,17:22,-3.16967,35.56411,den Logan,,L-462,L-512,L-513,,,,OH
su05462,2019-11-19,6:57,-3.20340,35.57546,den Sobai 4,,S-235,S-353,S-354,,,,PN
su05463,2019-11-20,6:47,-3.20340,35.57546,den Sobai 4,,S-125,S-357,,,,,PN
su05464,2019-11-20,7:35,-3.17758,35.63205,den Nyuki 5,,M-296,M-474,M-475,,,,OH
su05465,2019-11-20,16:50,-3.16683,35.54917,den Lisboa 2,,L-187,L-509,,,,,OH
su05466,2019-11-20,16:50,-3.16683,35.54917,den Lisboa 2,,L-329,L-521,,,,,OH
su05467,2019-11-21,10:50,-3.16683,35.54917,den Lisboa 2,,L-329,L-520,,,,,OH
su05468,2019-11-21,12:30,-3.16640,35.55545,,,L-312,L-506,,,,,OH
su05469,2019-11-21,14:55,-3.16967,35.56411,den Logan,,L-429,L-517,L-518,,,,OH
su05470,2019-11-21,14:55,-3.16967,35.56411,den Logan,,L-462,L-512,L-513,,,,OH
su05471,2019-11-21,15:55,-3.16967,35.56411,den Logan,,L-425,L-519,,,,,OH
su05472,2019-11-21,16:10,-3.16967,35.56411,den Logan,,L-428,L-514,L-515,,,,OH
su05473,2019-11-23,10:04,-3.18992,35.50122,den Furahisha 2,,F-161,F-286,F-287,,,,AD
su05474,2019-11-23,9:35,-3.20340,35.57546,den Sobai 4,,S-153,S-359,,,,,OH
su05475,2019-11-23,9:40,-3.20340,35.57546,den Sobai 4,suckled the two in different den holes,S-184,S-363,S-364,,,,OH
su05476,2019-11-24,6:56,-3.20340,35.57546,den Sobai 4,,S-153,S-358,S-359,,,,PN
su05477,2019-11-24,6:56,-3.20340,35.57546,den Sobai 4,,S-161,S-360,S-361,,,,PN
su05478,2019-11-24,6:56,-3.20340,35.57546,den Sobai 4,,S-222,S-351,S-352,,,,PN
su05479,2019-11-24,7:24,-3.16967,35.56411,den Logan,,L-428,L-515,,,,,OH
su05480,2019-11-24,8:20,-3.16683,35.54917,den Lisboa 2,,L-428,L-514,L-515,,,,OH
su05481,2019-11-24,15:52,-3.20340,35.57546,den Sobai 4,,S-138,S-355,S-356,,,,PN
su05482,2019-11-24,15:52,-3.20340,35.57546,den Sobai 4,,S-161,S-360,S-361,,,,PN
su05483,2019-11-24,16:15,-3.16683,35.54917,den Lisboa 2,,L-329,L-520,L-521,,,,OH
su05484,2019-11-25,7:19,-3.13786,35.50866,den Addis,,A-329,A-518,A-519,,,,AD
su05485,2019-11-25,7:31,-3.13786,35.50866,den Addis,,A-381,A-520,,,,,AD
su05486,2019-11-25,8:25,-3.16683,35.54917,den Lisboa 2,,L-187,L-509,,,,,OH
su05487,2019-11-25,8:35,-3.16683,35.54917,den Lisboa 2,,L-462,L-512,L-513,,,,OH
su05488,2019-11-25,10:47,-3.13786,35.50866,den Addis,,A-359,A-522,A-523,,,,AD
su05489,2019-11-25,15:00,-3.16683,35.54917,den Lisboa 2,,L-428,L-514,L-515,,,,OH
su05490,2019-11-25,16:18,-3.16683,35.54917,den Lisboa 2,,L-449,L-508,,,,,OH
su05491,2019-11-26,7:20,-3.13786,35.50866,den Addis,,A-359,A-522,,,,,AD
su05492,2019-11-28,7:27,-3.18992,35.50122,den Furahisha 2,,F-161,F-286,F-287,,,,AD
su05493,2019-11-28,7:47,-3.18992,35.50122,den Furahisha 2,,F-173,F-282,,,,,AD
su05494,2019-11-28,16:38,-3.16683,35.54917,den Lisboa,,L-425,L-519,,,,,OH
su05495,2019-11-28,16:38,-3.16683,35.54917,den Lisboa,,L-428,L-514,L-515,,,,OH
su05496,2019-11-28,16:38,-3.16683,35.54917,den Lisboa,,L-429,L-517,L-518,,,,OH
su05497,2019-11-29,11:50,-3.13867,35.50650,den Alimama,,A-313,A-517,,,,,OH
su05498,2019-11-29,11:50,-3.13867,35.50650,den Alimama,may have two cubs,A-238,A-526,,,,,OH
su05499,2019-11-29,11:50,-3.13867,35.50650,den Alimama,,A-355,A-527,,,,,OH
su05500,2019-11-29,7:17,-3.13867,35.50650,den Alimama,,A-381,A-520,,,,,AD
su05501,2019-11-29,9:34,-3.19617,35.51975,,,F-231,F-273,F-274,,,,AD
su05502,2019-11-29,9:34,-3.19617,35.51975,,,F-191,F-281,,,,,AD
su05503,2019-12-01,7:05,-3.16683,35.54917,den Lisboa 2,,L-329,L-520,L-521,,,,OH
su05504,2019-12-01,7:05,-3.16683,35.54917,den Lisboa 2,,L-462,L-512,L-513,,,,OH
su05505,2019-12-01,6:41,-3.16683,35.54917,den Lisboa 2,,L-462,L-512,L-513,,,,PN
su05506,2019-12-01,15:35,-3.16683,35.54917,den Lisboa 2,,L-329,L-520,L-521,,,,OH
su05507,2019-12-06,9:00,-3.17583,35.55954,,,L-350,L-510,L-511,,,,PN
su05508,2019-12-07,9:38,-3.19953,35.52432,,,F-169,F-276,F-277,,,,PN
su05509,2019-12-09,7:25,-3.19175,35.50096,den Furahisha,,F-199,F-284,,,,,AD
su05510,2019-12-09,8:41,-3.19711,35.51981,den Facile,,F-159,F-291,,,,,AD
su05511,2019-12-10,11:29,-3.19711,35.51981,den Facile,,F-195,F-290,,,,,AD
su05512,2019-12-13,8:02,-3.18642,35.62417,den Nero,,M-296,M-474,M-475,,,,PN
su05513,2019-12-18,15:56,-3.16900,35.55883,den Locki,,L-425,L-519,,,,,PN
su05514,2019-12-19,16:11,-3.20340,35.57546,den Sobai 4,,S-125,S-357,,,,,PN
su05515,2019-12-23,8:39,-3.16900,35.55883,den Locki,,L-428,L-514,L-515,,,,PN
su05516,2019-12-23,8:39,-3.16900,35.55883,den Locki,,L-463,L-522,,,,,PN
su05517,2019-12-23,9:58,-3.20340,35.57546,den Sobai 4,,S-125,S-357,,,,,PN
su05518,2020-01-07,7:19,-3.20340,35.57546,den Sobai 4,,S-153,S-358,S-359,,,,PN
su05519,2020-01-07,7:19,-3.20340,35.57546,den Sobai 4,,S-161,S-360,S-361,,,,PN
su05520,2020-01-08,8:25,-3.22363,35.53708,,,T-180,T-216,T-217,,,,PN
su05521,2020-01-09,16:11,-3.20340,35.57546,den Sobai 4,,S-234,S-365,,,,,PN
su05522,2020-01-11,7:45,-3.22639,35.53832,,,T-135,T-218,T-219,,,,PN
su05523,2020-01-12,16:52,-3.20340,35.57546,den Sobai 4,,S-131,S-366,,,,,PN
Su05524,2020-01-12,16:52,-3.20340,35.57546,den Sobai 4,,S-234,S-365,,,,,PN
su05525,2020-01-14,16:12,-3.20340,35.57546,den Sobai 4,,S-234,S-365,,,,,PN
su05526,2020-01-14,16:12,-3.20340,35.57546,den Sobai 4,,S-235,S-353,S-354,,,,PN
su05527,2020-01-15,9:21,-3.16912,35.54528,den Laikip,,L-425,L-519,,,,,PN
su05528,2020-01-15,9:21,-3.16912,35.54528,den Laikip,,L-462,L-512,L-513,,,,PN
su05529,2020-01-15,9:21,-3.16912,35.54528,den Laikip,,L-463,L-522,,,,,PN
su05530,2020-01-17,15:24,-3.16912,35.54528,den Laikip,,L-463,L-522,,,,,PN
su05531,2020-01-22,6:54,-3.21885,35.53976,den Tripoli,,T-174,T-223,T-224,,,,PN
su05532,2020-01-27,8:00,-3.16376,35.51823,,,A-232,A-515,,,,,PN
su05533,2020-01-27,10:38,-3.17364,35.50936,,,F-199,F-284,,,,,PN
su05534,2020-01-29,7:15,-3.13866,35.50650,den Alimam,,A-339,A-547,,,,,PN
su05535,2020-01-29,7:15,-3.13866,35.50650,den Alimam,,A-381,A-521,,,,,PN
su05536,2020-02-13,7:41,-3.13786,35.50866,den Addis,,A-304,A-532,A-533,,,,PN
su05537,2020-02-14,7:33,-3.13786,35.50866,den Addis,A-524 or A-525,A-305,cub,,,,,PN
su05538,2020-02-24,16:35,-3.18698,35.51047,,,F-181,F-283,,,,,PN
su05539,2020-02-25,7:50,-3.18079,35.51193,,,F-173,F-282,,,,,PN
su05540,2020-02-25,9:21,-3.13786,35.50866,,,A-302,A-534,,,,,PN
su05541,2020-03-04,17:25,-3.20406,35.58039,,,S-235,S-353,S-354,,,,PN
su05542,2020-03-05,7:15,-3.17889,35.51143,,,F-195,F-290,,,,,PN
su05543,2020-03-05,7:15,-3.17889,35.51143,,,F-204,F-288,,,,,PN
su05544,2020-03-06,7:18,-3.17861,35.51082,,,F-169,F-276,,,,,PN
su05545,2020-03-06,7:18,-3.17861,35.51082,,,F-204,F-288,,,,,PN
su05546,2020-03-09,8:52,-3.14028,35.50152,den Akwaba,,A-355,A-527,,,,,OH
su05547,2020-03-09,9:40,-3.20556,35.58085,,,S-153,S-358,,,,,PN
su05548,2020-03-10,7:00,-3.19715,35.57960,den Sentinel,,S-234,S-365,,,,,PN
su05549,2020-03-10,15:45,-3.19715,35.57960,den Sentinel,,S-259,S-367,,,,,PN
su05550,2020-03-10,15:45,-3.19715,35.57960,den Sentinel,,S-234,S-365,,,,,PN
su05551,2020-03-10,16:02,-3.19715,35.57960,den Sentinel,,S-185,S-369,,,,,PN
su05552,2020-03-10,16:02,-3.19715,35.57960,den Sentinel,,S-226,S-368,,,,,PN
su05553,2020-03-12,6:52,-3.19715,35.57960,den Sentinel,,S-184,S-363,,,,,PN
su05554,2020-03-12,8:03,-3.17777,35.51267,,,F-169,F-276,,,,,PN
su05555,2020-03-12,16:20,-3.19715,35.57960,den Sentinel,,S-125,S-357,,,,,PN
su05556,2020-03-13,8:44,-3.17524,35.50894,,,F-195,F-290,,,,,PN
su05557,2020-03-13,8:44,-3.17524,35.50894,,,F-204,F-288,,,,,PN
su05558,2020-03-14,9:10,-3.14028,35.50152,den Akwaba,,A-365,A-528,,,,,OH
su05559,2020-03-14,14:10,-3.14028,35.50152,den Akwaba,not 100% sure if it was A-527; would be allosuckling. A-355 stays very close to A-305 SU. Philemon saw something very similar recently but was also not 100% sure about identity of cub,A-305,A-527,,,A-527,,OH
su05560,2020-03-14,14:10,-3.14028,35.50152,den Akwaba,,A-381,A-521,,,,,OH
su05561,2020-03-15,7:18,-3.19715,35.57960,den Sentinel,,S-181,S-362,,,,,PN
su05562,2020-03-15,7:18,-3.19715,35.57960,den Sentinel,,S-185,S-369,,,,,PN
su05563,2020-03-15,7:18,-3.19715,35.57960,den Sentinel,,S-226,S-368,,,,,PN
su05564,2020-03-19,16:14,-3.19715,35.57960,den Sentinel,,S-226,S-368,,,,,PN
su05565,2020-03-21,15:45,-3.19715,35.57960,den Sentinel,,S-181,S-362,,,,,PN
su05566,2020-03-30,16:00,-3.13004,35.53140,den Eskimo2,,E-219,E-305,,,,,PN
su05567,2020-03-30,16:00,-3.13004,35.53140,den Eskimo2,,E-171,E-301,E-302,,,,PN
su05568,2020-04-07,7:25,-3.13004,35.53140,den Eskimo2,,E-171,E-302,,,,,PN
su05569,2020-04-07,7:25,-3.13004,35.53140,den Eskimo2,,E-219,E-305,,,,,PN
su05570,2020-04-07,15:55,-3.13004,35.53140,den Eskimo2,,E-219,E-305,E-306,,,,PN
su05571,2020-04-12,15:45,-3.17960,35.50807,den Flake2,,F-159,F-291,,,,,PN
su05572,2020-04-13,16:00,-3.12684,35.53132,den Echo,,E-238,E-300,,,,,PN
su05573,2020-04-14,8:19,-3.12684,35.53132,,,E-219,E-305,E-306,,,,PN
su05574,2020-05-28,7:35,-3.12226,35.53609,den Eden,,E-184,E-307,E-308,,,,PN
su05575,2020-05-28,7:35,-3.12226,35.53609,den Eden,,E-219,E-305,E-306,,,,PN
su05576,2020-05-29,9:44,-3.17064,35.50812,,,F-195,F-290,,,,,PN
su05577,2020-05-29,10:11,-3.17322,35.50949,,,F-107,F-295,,,,,PN
su05578,2020-05-29,10:11,-3.17322,35.50949,,,F-173,F-282,,,,,PN
su05579,2020-05-31,10:28,-3.17349,35.50919,,,F-204,F-288,,,,,PN
su05580,2020-06-01,7:32,-3.17582,35.50900,den Fortune,,F-159,F-291,,,,,PN
su05581,2020-06-04,7:16,-3.12226,35.53609,den Eden,,E-166,E-303,E-304,,,,PN
su05582,2020-06-07,7:23,-3.12226,35.53609,den Eden,,E-270,E-311,,,,,PN
su05583,2020-06-12,8:30,-3.20579,35.57816,den Shumli,,S-184,S-363,,,,,PN
su05584,2020-06-15,7:13,-3.20586,35.57061,,,S-161,S-360,,,,,PN
su05585,2020-06-18,7:05,-3.20625,35.57341,,,S-235,S-353,S-354,,,,PN
su05586,2020-06-18,8:06,-3.20430,35.57100,,,S-153,S-359,,,,,PN
su05587,2020-07-09,7:07,-3.15650,35.51553,,,A-381,A-521,,,,,PN
su05588,2020-07-10,7:09,-3.15587,35.51095,den Aliko,,A-302,A-534,A-535,,,,PN
su05589,2020-07-10,7:09,-3.15587,35.51095,den Aliko,,A-409,A-540,,,,,PN
su05590,2020-07-11,7:02,-3.15587,35.51095,den Aliko,,A-409,A-540,,,,,PN
su05591,2020-07-11,7:02,-3.15587,35.51095,den Aliko,,A-304,A-532,A-533,,,,PN
su05592,2020-07-11,7:02,-3.15587,35.51095,den Aliko,,A-359,A-522,A-523,,,,PN
su05593,2020-07-13,15:30,-3.15587,35.51095,den Aliko,,A-238,A-526,,,,,PN
su05594,2020-07-13,15:30,-3.15587,35.51095,den Aliko,,A-359,A-522,A-523,,,,PN
su05595,2020-07-13,15:55,-3.15486,35.51285,den A-476 birth,,A-476,A-541,,,,,PN
su05596,2020-07-14,15:32,-3.15486,35.51285,den A-476 birth,,A-476,A-541,,,,,PN
su05597,2020-07-15,7:17,-3.15486,35.51285,den A-476 birth,,A-302,A-534,A-535,,,,PN
su05598,2020-07-15,7:17,-3.15486,35.51285,den A-476 birth,,A-365,A-528,,,,,PN
su05599,2020-07-15,7:45,-3.15587,35.51095,den Aliko,,A-378,A-542,,,,,PN
su05600,2020-07-16,9:54,-3.17754,35.62844,den Nyuki 3,,M-263,M-489,,,,,PN
su05601,2020-07-17,17:05,-3.17754,35.62844,den Nyuki 3,,M-414,M-486,M-487,,,,PN
su05602,2020-07-18,15:46,-3.17754,35.62844,den Nyuki 3,,M-263,M-489,,,,,PN
su05603,2020-07-18,15:46,-3.17754,35.62844,den Nyuki 3,,M-414,M-486,M-487,,,,PN
su05604,2020-07-20,16:08,-3.17754,35.62844,den Nyuki 3,,M-414,M-486,M-487,,,,PN
su05605,2020-07-21,6:50,-3.17754,35.62844,den Nyuki 3,,M-419,M-484,M-485,,,,PN
su05606,2020-07-21,6:50,-3.17754,35.62844,den Nyuki 3,,M-445,M-488,,,,,PN
su05607,2020-07-22,15:44,-3.17754,35.62844,den Nyuki 3,,M-414,M-486,M-487,,,,PN
su05608,2020-07-23,7:10,-3.15486,35.51285,den A-476 birth,,A-341,A-536,,,,,PN
su05609,2020-07-23,7:10,-3.15486,35.51285,den A-476 birth,,A-355,A-527,,,,,PN
su05610,2020-07-23,7:55,-3.15587,35.51095,den Aliko,,A-304,A-532,A-533,,,,PN
su05611,2020-07-23,7:55,-3.15587,35.51095,den Aliko,,A-409,A-540,,,,,PN
su05612,2020-07-27,7:10,-3.15486,35.51285,den A-476 birth,,A-284,A-530,A-531,,,,PN
su05613,2020-07-27,7:10,-3.15486,35.51285,den A-476 birth,,A-476,A-541,,,,,PN
su05614,2020-07-28,15:45,-3.17754,35.62844,den Nyuki 3,,M-414,M-486,M-487,,,,PN
su05615,2020-07-29,7:19,-3.15486,35.51285,den A-476 birth,,A-355,A-527,,,,,PN
su05616,2020-07-29,7:19,-3.15486,35.51285,den A-476 birth,,A-445,A-529,,,,,PN
su05617,2020-07-29,7:19,-3.15486,35.51285,den A-476 birth,,A-476,A-541,,,,,PN
su05618,2020-07-30,10:12,-3.17891,35.56221,,,L-425,L-519,,,,,PN
su05619,2020-07-31,7:58,-3.15587,35.51095,den Aliko,,A-409,A-540,,,,,PN
su05620,2020-08-12,16:05,-3.17754,35.62844,den Nyuki 3,,M-414,M-486,M-487,,,,PN
su05621,2020-08-12,16:05,-3.17754,35.62844,den Nyuki 3,,M-419,M-484,M-485,,,,PN
su05622,2020-08-13,8:27,-3.15422,35.54495,,,L-429,L-517,L-518,,,,PN
su05623,2020-08-17,15:48,-3.15570,35.51385,den Aichi,,A-409,A-540,,,,,PN
su05624,2020-08-21,7:35,-3.15570,35.51385,den Aichi,,A-284,A-530,A-531,,,,PN
su05625,2020-08-21,7:35,-3.15570,35.51385,den Aichi,,A-298,A-538,A-539,,,,PN
su05626,2020-08-21,7:35,-3.15570,35.51385,den Aichi,,A-365,A-528,,,,,PN
su05627,2020-08-21,7:35,-3.15570,35.51385,den Aichi,,A-378,A-542,,,,,PN
su05628,2020-08-21,11:23,-3.16038,35.52553,den Aichi,,A-445,A-529,,,,,PN
su05629,2020-08-22,8:45,-3.22947,35.59068,,,N-236,N-294,,,,,PN
su05630,2020-08-23,16:15,-3.15570,35.51385,den Aichi,,A-238,A-526,,,,,PN
su05631,2020-08-23,16:15,-3.15570,35.51385,den Aichi,,A-381,A-521,,,,,PN
su05632,2020-08-24,7:50,-3.23522,35.58853,,check ID of mother,N-236,N-294,,,,,PN
su05633,2020-08-24,8:33,-3.23419,35.60026,,,N-220,N-293,,,,,PN
su05634,2020-08-26,7:22,-3.18313,35.62639,,,M-416,M-484,M-485,,,,PN
su05635,2020-08-27,15:51,-3.17754,35.62844,den Nyuki 3,,M-414,M-486,M-487,,,,PN
su05636,2020-08-27,15:51,-3.17754,35.62844,den Nyuki 3,,M-419,M-484,M-485,,,,PN
su05637,2020-08-28,9:20,-3.23801,35.59464,,,N-230,N-290,,,,,PN
su05638,2020-08-31,7:30,-3.15570,35.51385,den Aichi,,A-313,A-517,,,,,PN
su05639,2020-09-04,6:54,-3.20458,35.57397,den Sobai,,S-165,S-365,,,,,PN
su05640,2020-09-04,10:40,-3.20458,35.57397,den Sobai,,S-259,S-374,S-375,,,,PN
su05641,2020-09-05,15:50,-3.20458,35.57397,den Sobai,,S-173,S-371,S-372,,,,PN
su05642,2020-09-05,15:50,-3.20458,35.57397,den Sobai,,S-265,S-373,,,,,PN
su05643,2020-09-06,6:46,-3.20458,35.57397,den Sobai,,S-259,S-374,S-375,,,,PN
su05644,2020-09-08,15:01,-3.20458,35.57397,den Sobai,,S-259,S-374,S-375,,,,PN
su05645,2020-09-12,7:26,-3.23695,35.58959,,,N-220,N-293,,,,,PN
su05646,2020-09-14,6:55,-3.16088,35.60778,den Milkyway,,M-429,M-495,,,,,PN
su05647,2020-09-16,7:30,-3.20083,35.49645,den Floof 2,,F-215,F-296,F-297,,,,PN
su05648,2020-09-17,7:23,-3.20083,35.49645,den Floof 2,,F-107,F-294,,,,,PN
su05649,2020-09-17,7:23,-3.20083,35.49645,den Floof 2,,F-215,F-296,F-297,,,,PN
su05650,2020-09-19,15:25,-3.20083,35.49645,den Floof 2,,F-215,F-296,F-296,,,,PN
su05651,2020-09-22,15:45,-3.16088,35.60778,den Milkyway,,M-381,M-492,M-493,,,,PN
su05652,2020-09-22,15:45,-3.16088,35.60778,den Milkyway,,M-445,M-488,,,,,PN
su05653,2020-09-23,8:10,-3.20364,35.49711,,,F-138,F-294,,,,,PN
su05654,2020-09-23,8:10,-3.20364,35.49711,,,F-168,F-292,F-293,,,,PN
su05655,2020-10-15,7:20,-3.20288,35.49702,den Floof,,F-231,F-299,F-300,,,,PN
su05656,2020-10-16,7:16,-3.20288,35.49702,den Floof,,F-191,F-298,,,,,PN
su05657,2020-10-16,7:16,-3.20288,35.49702,den Floof,,F-215,F-296,F-297,,,,PN
su05658,2020-10-20,7:05,-3.16018,35.52820,,,A-302,A-534,A-535,,,,PN
su05659,2020-10-22,7:36,-3.15362,35.52012,,,A-365,A-528,,,,,PN
su05660,2020-10-23,15:56,-3.15617,35.61083,den Majani,,M-381,M-492,M-493,,,,PN
su05661,2020-10-24,7:25,-3.20367,35.57500,den Sobai,,S-259,S-374,S-375,,,,PN
su05662,2020-10-26,6:43,-3.15617,35.61083,den Majani,,M-295,M-491,,,,,PN
su05663,2020-10-29,16:11,-3.20367,35.57500,den Sobai,,S-259,S-374,S-375,,,,PN
su05664,2020-10-30,7:14,-3.16376,35.55920,,,L-359,L-516,,,,,PN
su05665,2020-11-01,7:15,-3.20367,35.57500,den Sobai,,S-165,S-370,,,,,PN
su05666,2020-11-01,7:15,-3.20367,35.57500,den Sobai,suckled only one cub for long time,S-234,S-376,,,,,PN
su05667,2020-11-01,7:15,-3.20367,35.57500,den Sobai,severe aggression between cubs,S-259,S-374,S-375,,,,PN
su05668,2020-11-01,17:32,-3.20367,35.57500,den Sobai,,S-173,S-371,S-372,,,,PN
su05669,2020-11-01,16:20,-3.20367,35.57500,den Sobai,,S-173,S-371,S-372,,,,PN
su05670,2020-11-03,22:47,-3.20367,35.57500,den Sobai,,S-173,S-371,S-372,,,,PN
su05671,2020-11-03,22:47,-3.20367,35.57500,den Sobai,,S-234,S-376,S-377,,,,PN
su05672,2020-11-03,22:47,-3.20367,35.57500,den Sobai,,S-286,S-379,,,,,PN
su05673,2020-11-05,17:57,-3.20367,35.57500,den Sobai,,S-265,S-373,,,,,PN
su05674,2020-11-06,17:00,-3.15362,35.52012,,,A-476,A-541,,,,,PN
su05675,2020-11-07,6:56,-3.16510,35.55173,,,L-359,L-516,,,,,PN
su05676,2020-11-07,16:30,-3.20367,35.57500,den Sobai,,S-234,S-376,S-377,,,,PN
su05677,2020-11-07,16:30,-3.20367,35.57500,den Sobai,,S-193,S-378,,,,,PN
su05678,2020-11-09,7:10,-3.15362,35.52012,,,A-339,A-543,A-544,,,,PN
su05679,2020-11-09,7:10,-3.15362,35.52012,,,A-378,A-542,,,,,PN
su05680,2020-11-09,7:10,-3.15362,35.52012,,,A-476,A-541,,,,,PN
su05681,2020-11-10,7:30,-3.15362,35.52012,den Autumn,,A-302,A-534,A-535,,,,PN
su05682,2020-11-10,7:30,-3.15362,35.52012,den Autumn,,A-339,A-543,A-544,,,,PN
su05683,2020-11-10,7:30,-3.15362,35.52012,den Autumn,,A-476,A-541,,,,,PN
su05684,2020-11-10,16:20,-3.15362,35.52012,den Autumn,,A-232,A-545,,,,,PN
su05685,2020-11-11,15:25,-3.15362,35.52012,den Autumn,,A-339,A-543,A-544,,,,PN
su05686,2020-11-11,16:43,-3.16752,35.55307,,,L-463,L-522,L-523,,,,PN
su05687,2020-11-12,6:37,-3.16809,35.55124,,,L-463,L-522,L-523,,,,PN
su05688,2020-11-12,7:42,-3.20289,35.49702,den Floof,,F-173,F-303,,,,,PN
su05689,2020-11-13,16:35,-3.15362,35.52012,den Autumn,,A-302,A-534,A-535,,,,PN
su05690,2020-11-20,11:20,-3.20492,35.57688,den Shum 2,,S-235,S-380,,,,,PN
su05691,2020-11-23,16:45,-3.20492,35.57688,den Shum 2,,S-265,S-373,,,,,PN
su05692,2020-11-27,7:30,-3.20492,35.57688,den Shum 2,,S-259,S-374,S-375,,,,PN
su05693,2020-11-28,16:18,-3.20492,35.57688,den Shum 2,,S-193,S-378,,,,,PN
su05694,2020-11-28,16:18,-3.20492,35.57688,den Shum 2,,S-235,S-380,,,,,PN
su05695,2020-12-03,15:15,-3.16826,35.56379,den Lestat,,L-463,L-522,L-523,,,,PN
su05696,2020-12-06,7:13,-3.14702,35.51981,,,A-359,A-522,A-523,,,,PN
su05697,2020-12-08,16:20,-3.20492,35.57688,den Shum 2,,S-234,S-376,S-377,,,,PN
su05698,2020-12-08,16:20,-3.20492,35.57688,den Shum 2,,S-235,S-380,,,,,PN
su05699,2020-12-10,7:08,-3.12979,35.54129,den Erasmus,,E-283,E-315,,,,,PN
su05700,2020-12-10,16:04,-3.12979,35.54129,den Erasmus,,E-268,E-311,,,,,PN
su05701,2020-12-11,7:09,-3.12979,35.54129,den Erasmus,,E-270,E-310,,,,,PN
su05702,2020-12-11,7:09,-3.12979,35.54129,den Erasmus,,E-284,E-313,,,,,PN
su05703,2020-12-11,7:09,-3.12979,35.54129,den Erasmus,,E-285,E-312,,,,,PN
su05704,2020-12-13,16:25,-3.21509,35.56903,,,S-235,S-380,,,,,PN
su05705,2020-12-13,16:49,-3.21471,35.57261,den Santa,,S-234,S-376,S-377,,,,PN
su05706,2020-12-14,16:05,-3.21471,35.57261,den Santa,,S-193,S-378,,,,,PN
su05707,2020-12-14,16:05,-3.21471,35.57261,den Santa,,S-234,S-376,S-377,,,,PN
su05708,2020-12-14,16:05,-3.21471,35.57261,den Santa,,S-259,S-374,S-375,,,,PN
su05709,2020-12-15,6:55,-3.21471,35.57261,den Santa,,S-234,S-376,S-377,,,,PN
su05710,2021-01-15,16:00,-3.17167,35.62274,den Monsoon,,M-430,M-496,M-497,,,,PN
su05711,2021-01-17,16:53,-3.21471,35.57261,den Santa,,S-193,S-378,,,,,PN
su05712,2021-01-17,16:53,-3.21471,35.57261,den Santa,,S-234,S-376,S-377,,,,PN
su05713,2021-01-17,16:53,-3.21471,35.57261,den Santa,,S-286,S-379,,,,,PN
su05714,2021-01-18,7:04,-3.21471,35.57261,den Santa,,S-234,S-376,,,,,PN
su05715,2021-01-24,8:21,-3.20001,35.57171,den Simple,,S-234,S-376,,,,,PN
su05716,2021-01-25,17:29,-3.16215,35.53612,,,L-463,L-522,L-523,,,,PN
su05717,2021-01-27,17:45,-3.20001,35.57171,den Simple,,S-193,S-378,,,,,PN
su05718,2021-01-27,17:45,-3.20001,35.57171,den Simple,,S-234,S-376,S-377,,,,PN
su05719,2021-01-27,17:45,-3.20001,35.57171,den Simple,,S-235,S-380,,,,,PN
su05720,2021-01-28,10:17,-3.15998,35.51216,,,A-262,A-537,,,,,PN
su05721,2021-01-28,18:20,-3.20001,35.57171,den Simple,,S-235,S-380,,,,,PN
su05722,2021-01-29,16:38,-3.20001,35.57171,den Simple,,S-234,S-376,S-377,,,,PN
su05723,2021-01-29,16:38,-3.20001,35.57171,den Simple,,S-235,S-380,,,,,PN
su05724,2021-02-04,17:34,-3.16255,35.53309,den Lockdown 1,,L-425,L-526,L-527,,,,PN
su05725,2021-02-05,7:17,-3.16266,35.53823,den Lockdown 2,,L-462,L-528,L-529,,,,PN
su05726,2021-02-05,8:11,-3.16255,35.53309,den Lockdown 1,,L-329,L-530,L-531,,,,PN
su05727,2021-02-05,8:11,-3.16255,35.53309,den Lockdown 1,,L-425,L-526,L-527,,,,PN
su05728,2021-02-06,7:30,-3.15943,35.54276,,,L-463,L-522,L-523,,,,PN
su05729,2021-02-10,7:52,-3.20289,35.49702,den Floof,,F-173,F-303,F-304,,,,PN
su05730,2021-02-11,15:50,-3.20289,35.49702,den Floof,,F-173,F-303,F-304,,,,PN
su05731,2021-02-11,15:50,-3.20289,35.49702,den Floof,,F-191,F-298,,,,,PN
su05732,2021-02-11,18:01,-3.16376,35.53680,,,L-463,L-522,L-523,,,,PN
su05733,2021-02-12,8:00,-3.20289,35.49702,den Floof,,F-231,F-299,F-300,,,,PN
su05734,2021-02-12,11:00,-3.19620,35.49940,,,F-168,F-292,F-298,,,,PN
su05735,2021-02-14,7:31,-3.16266,35.53823,den Lockdown 2,suckled only one cub.,L-425,L-526,,,,,PN
su05736,2021-02-14,8:22,-3.20289,35.49702,den Floof,,F-173,F-303,F-304,,,,PN
su05737,2021-02-19,15:54,-3.16168,35.53688,,,L-463,L-522,L-523,,,,PN
su05738,2020-02-21,6:57,-3.20289,35.49702,den Floof,,F-231,F-299,F-300,,,,PN
su05739,2021-02-27,8:08,-3.12487,35.52713,den Efendi,cub manages to sneak-suckle for 1-2min. E-283 eventually SN at cub,E-283,E-317,,,E-317,,OH
su05740,2021-02-27,8:08,-3.12487,35.52713,den Efendi,,E-283,E-314,,,,,OH
su05741,2021-03-01,6:27,-3.17020,35.62238,,,M-419,M-484,M-485,,,,OH
su05742,2021-03-01,7:10,-3.12487,35.52713,den Efendi,,E-285,E-312,,,,,OH
su05743,2021-03-01,7:10,-3.12487,35.52713,den Efendi,,E-270,E-310,,,,,OH
su07544,2021-03-04,8:52,-3.23613,35.54331,,,T-135,T-228,,,,,PN
su05745,2021-03-04,8:52,-3.23613,35.54331,,,T-148,T-229,T-230,,,,PN
su05746,2021-03-04,8:52,-3.23613,35.54331,,,T-157,T-226,,,,,PN
su05747,2021-03-04,17:25,-3.17758,35.63205,,,M-383,M-490,,,,,OH
su05748,2021-03-05,6:55,-3.14589,35.51896,,,A-378,A-542,,,,,OH
su05749,2021-03-05,7:06,-3.14055,35.51064,den Aakash,,A-476,A-541,,,,,OH
su05750,2021-03-05,7:32,-3.23673,35.53088,,,T-135,T-228,,,,,PN
su05751,2021-03-06,10:22,-3.14055,35.51064,den Aakash,,A-329,A-547,A-548,,,,PN
su05752,2021-03-06,16:35,-3.14159,35.51085,den Aakash 2,,A-238,A-552,A-553,,,,OH
su05753,2021-03-06,16:40,-3.14159,35.51085,den Aakash 2,,A-355,A-554,A-555,,,,OH
su05754,2021-03-06,16:40,-3.14159,35.51085,den Aakash 2,,A-381,A-550,A-551,,,,OH
su05755,2021-03-07,16:04,-3.20001,35.57171,den Simple,second cub is S-373?,S-259,S-375,cub,,,,PN
su05756,2021-03-07,15:52,-3.14159,35.51085,den Aakash 2,,A-355,A-554,A-555,,,,OH
su05757,2021-03-07,16:05,-3.14159,35.51085,den Aakash 2,could also have suckled 2,A-329,A-547,A-548,,,,OH
su05758,2021-03-07,16:25,-3.14159,35.51085,den Aakash 2,,A-313,A-556,,,,,OH
su05759,2021-03-08,7:08,-3.20001,35.57171,den Simple,,S-138,S-381,,,,,PN
su05760,2021-03-10,7:25,-3.20001,35.57171,den Simple,,S-138,S-381,,,,,OH
su05761,2021-03-10,9:50,-3.20001,35.57171,den Simple,,S-181,S-383,S-384,,,,OH
su05762,2021-03-11,8:55,-3.20001,35.57171,den Simple,,S-184,S-382,,,,,OH
su05763,2021-03-12,7:10,-3.23707,35.53119,,,T-135,T-228,,,,,PN
su05764,2021-03-12,9:54,-3.23599,35.53110,,,T-129,T-227,,,,,PN
su05765,2021-03-14,9:35,-3.13204,35.52473,,,E-285,E-312,,,,,OH
su05766,2021-03-15,15:15,-3.20001,35.57171,den Simple,,S-181,S-383,S-384,,,,OH
su05767,2021-03-17,7:12,-3.20001,35.57171,den Simple,,S-184,S-382,,,,,OH
su05768,2021-03-17,7:25,-3.20001,35.57171,den Simple,,S-265,S-373,,,,,OH
su05769,2021-03-17,7:35,-3.20001,35.57171,den Simple,,S-234,S-376,S-377,,,,OH
su05770,2021-03-17,8:58,-3.20001,35.57171,den Simple,,S-165,S-385,S-386,,,,OH
su05771,2021-03-18,7:28,-3.16941,35.55880,den Locki,,L-429,L-532,,,,,PN
su05772,2021-03-18,9:24,-3.16203,35.53652,,,L-463,L-523,L-524,,,,PN
su05773,2021-03-20,7:40,-3.17597,35.62803,,,M-445,M-488,,,,,OH
su05774,2021-03-21,7:15,-3.12487,35.52713,den Efendi,,E-281,E-318,,,,,OH
su05775,2021-03-21,13:20,-3.14348,35.51282,den Airolo 2,,A-238,A-552,A-553,,,,OH
su05776,2021-03-22,7:40,-3.20001,35.57171,den Simple,,S-138,S-381,,,,,OH
su05777,2021-03-22,8:35,-3.20001,35.57171,den Simple,,S-181,S-383,S-384,,,,OH
su05778,2021-03-22,8:45,-3.20001,35.57171,den Simple,,S-184,S-382,,,,,OH
su05779,2021-03-22,7:35,-3.20001,35.57171,den Simple,,S-235,S-380,,,,,OH
su05780,2021-03-22,7:13,-3.17786,35.51146,,,F-168,F-292,F-293,,,,PN
su05781,2021-03-23,7:23,-3.20001,35.57171,den Simple,,S-138,S-381,,,,,OH
su05782,2021-03-23,7:30,-3.20340,35.57546,den Sobai 4,,S-265,S-373,,,,,OH
su05783,2021-04-04,7:07,-3.14159,35.51085,den Aakash 2,,A-238,A-552,A-553,,,,PN
su05784,2021-04-04,7:07,-3.14159,35.51085,den Aakash 2,initially seen by OH to have su one cub,A-329,A-547,A-548,,,,PN
su05785,2021-04-04,8:40,-3.14990,35.51584,,,A-339,A-543,A-544,,,,PN
su05786,2021-04-05,17:14,-3.16600,35.51788,,,A-378,A-542,,,,,PN
su05787,2021-04-10,7:25,-3.17754,35.62844,den Nyuki 3,,M-416,M-498,,,,,PN
su05788,2021-04-15,15:50,-3.17754,35.62844,den Nyuki 3,,M-414,M-500,M-501,,,,PN
su05789,2021-04-15,15:50,-3.17754,35.62844,den Nyuki 3,,M-416,M-498,M-499,,,,PN
su05790,2021-04-16,7:19,-3.14159,35.51085,den Aakash 2,,A-238,A-552,A-553,,,,PN
su05791,2021-04-16,7:19,-3.14159,35.51085,den Aakash 2,,A-313,A-556,,,,,PN
su05792,2021-04-16,7:19,-3.14159,35.51085,den Aakash 2,,A-359,A-557,,,,,PN
su05793,2021-04-16,15:35,-3.14159,35.51085,den Aakash 2,,A-238,A-552,A-553,,,,PN
su05794,2021-04-16,15:35,-3.14159,35.51085,den Aakash 2,,A-355,A-554,A-555,,,,PN
su05795,2021-04-16,15:35,-3.14159,35.51085,den Aakash 2,,A-381,A-550,A-551,,,,PN
su05796,2021-04-17,7:16,-3.14159,35.51085,den Aakash 2,,A-313,A-556,,,,,PN
su05797,2021-04-17,7:16,-3.14159,35.51085,den Aakash 2,,A-355,A-554,A-555,,,,PN
su05798,2021-04-17,7:16,-3.14159,35.51085,den Aakash 2,,A-359,A-557,,,,,PN
su05799,2021-04-18,15:30,-3.14159,35.51085,den Aakash 2,,A-329,A-548,A-549,,,,PN
su05800,2021-04-19,15:28,-3.14159,35.51085,den Aakash 2,,A-355,A-554,A-555,,,,PN
su05801,2021-04-19,15:28,-3.14159,35.51085,den Aakash 2,,A-381,A-550,A-551,,,,PN
su05802,2021-04-21,15:41,-3.14159,35.51085,den Aakash 2,,A-355,A-554,A-555,,,,PN
su05803,2021-04-21,15:41,-3.14159,35.51085,den Aakash 2,,A-381,A-550,A-551,,,,PN
su05804,2021-04-21,15:41,-3.14159,35.51085,den Aakash 2,,A-445,A-558,,,,,PN
su05805,2021-04-22,7:33,-3.12064,35.52281,,,E-285,E-312,,,,,PN
su05806,2021-04-23,7:22,-3.14159,35.51085,den Aakash 2,,A-313,A-556,,,,,PN
su05807,2021-04-23,7:22,-3.14159,35.51085,den Aakash 2,,A-355,A-554,A-555,,,,PN
su05808,2021-04-25,16:34,-3.16088,35.60778,den Milkyway,,M-416,M-498,,,,,PN
su05809,2021-04-25,16:34,-3.16088,35.60778,den Milkyway,,M-445,M-488,,,,,PN
su05810,2021-06-10,11:45,-3.23742,35.53247,,,T-180,T-232,T-233,,,,PN
su05811,2021-06-12,8:29,-3.21882,35.56920,,,S-138,S-381,,,,,PN
su05812,2021-06-15,16:00,-3.17754,35.62844,den Nyuki 3,,M-414,M-500,M-501,,,,PN
su05813,2021-06-17,15:55,-3.17754,35.62844,den Nyuki 3,,M-295,M-502,,,,,PN
su05814,2021-06-17,15:55,-3.17754,35.62844,den Nyuki 3,,M-414,M-500,M-501,,,,PN
su05815,2021-06-19,8:23,-3.23622,35.53228,,,T-180,T-232,T-233,,,,PN
su05816,2021-06-20,7:31,-3.23706,35.53168,,,T-180,T-232,T-233,,,,PN
su05817,2021-06-21,7:53,-3.23614,35.52327,,,T-148,T-229,T-230,,,,PN
su05818,2021-06-25,6:04,-3.20579,35.57816,den Shumli,,S-181,S-383,S-384,,,,PN
su05819,2021-07-08,7:05,-3.20609,35.58005,,,S-226,S-387,,,,,PN
su05820,2021-07-08,7:05,-3.20609,35.58005,,,S-235,S-394,,,,,PN
su05821,2021-07-08,7:05,-3.20609,35.58005,,,S-286,S-388,,,,,PN
su05822,2021-07-08,15:49,-3.20609,35.58005,,,S-153,S-389,S-390,,,,PN
su05823,2021-07-09,15:58,-3.20609,35.58005,,,S-161,S-391,S-392,,,,PN
su05824,2021-07-09,15:58,-3.20609,35.58005,,,S-265,S-393,,,,,PN
su05825,2021-07-10,16:25,-3.20579,35.57816,den Shumli,,S-181,S-382,S-383,,,,PN
su05826,2021-07-13,7:25,-3.14335,35.51222,den Airolo,,A-262,A-566,A-567,,,,PN
su05827,2021-07-13,7:25,-3.14335,35.51222,den Airolo,,A-355,A-554,,,,,PN
su05828,2021-07-13,7:25,-3.14335,35.51222,den Airolo,,A-445,A-558,,,,,PN
su05829,2021-07-14,7:08,-3.14335,35.51222,den Airolo,,A-381,A-550,A-551,,,,PN
su05830,2021-07-14,7:08,-3.14335,35.51222,den Airolo,,A-445,A-558,,,,,PN
su05831,2021-07-14,8:48,-3.14159,35.51085,den Aakash 2,,A-329,A-548,A-549,,,,PN
su05832,2021-07-14,8:48,-3.14159,35.51085,den Aakash 2,,A-435,A-561,A-562,,,,PN
su05833,2021-07-20,15:36,-3.14159,35.51085,den Aakash 2,,A-313,A-556,,,,,PN
su05834,2021-07-24,7:19,-3.12097,35.52768,,,E-283,E-314,,,,,PN
su05835,2021-07-25,7:09,-3.12277,35.52510,den Eggplant,,E-219,E-325,,,,,PN
su05836,2021-07-26,7:19,-3.12226,35.53609,den Eden,,E-283,E-314,,,,,PN
su05837,2021-07-27,7:04,-3.17756,35.63049,den Milkyway,,M-414,M-500,M-501,,,,PN
su05838,2021-07-29,7:21,-3.12226,35.53609,den Eden,,E-283,E-314,,,,,PN
su05839,2021-07-30,10:50,-3.20359,35.57158,,,S-138,S-381,,,,,PN
su05840,2021-07-30,16:24,-3.20571,35.57724,den Shumli,S-391 or S-392,S-161,S-391,,,,,PN
su05841,2021-08-21,7:44,-3.14056,35.51463,den Abuela,,A-365,A-563,,,,,OH+ED
su05842,2021-08-21,11:18,-3.14786,35.51878,,,A-339,A-544,,,,,OH+ED
su05843,2021-08-10,8:19,-3.12226,35.53609,den Eden,,E-281,E-317,E-318,,,,PN
su05844,2021-08-13,7:23,-3.20737,35.57585,den Samaritan,,S-226,S-387,,,,,PN
su05845,2021-08-16,7:29,-3.20737,35.57585,den Samaritan,,S-165,S-385,S-386,,,,PN
su05846,2021-08-16,7:29,-3.20737,35.57585,den Samaritan,,S-181,S-383,S-384,,,,PN
su05847,2021-08-22,8:08,-3.20173,35.50132,den Flower mound,,F-222,F-309,,,,,PN
su05848,2021-08-23,9:05,-3.20173,35.50132,den Flower mound,,F-161,F-310,F-311,,,,PN
su05849,2021-08-24,7:16,-3.20179,35.49824,,,F-231,F-299,F-300,,,,PN
su05850,2021-08-23,6:50,-3.20414,35.57383,den Sobai,,S-138,S-381,,,,,OH+ED
su05851,2021-08-23,6:50,-3.20414,35.57383,den Sobai,,S-259,S-375,,,,,OH+ED
su05852,2021-08-23,8:45,-3.20685,35.57454,,,S-165,S-385,S-386,,,,OH+ED
su05853,2021-08-24,6:45,-3.20731,35.57569,den Samaritan,,S-161,S-392,,,,,OH+ED
su05854,2021-08-26,8:10,-3.14230,35.51200,den Apache,,A-304,A-564,A-565,,,,PN
su05855,2021-08-27,7:10,-3.14234,35.51175,den Apache,,A-304,A-564,A-565,,,,OH+ED
su05856,2021-08-28,7:43,-3.20203,35.49615,den Fumba,,F-159,F-308,,,,,PN
su05857,2021-08-28,7:58,-3.14060,35.51491,den Abuela,,A-441,A-560,,,,,OH+ED
su05858,2021-08-29,7:11,-3.14060,35.51491,den Abuela,,A-365,A-563,,,,,OH+ED
su05859,2021-08-29,7:32,-3.20203,35.49615,den Fumba,,F-159,F-308,,,,,PN
su05860,2021-08-31,6:45,-3.20731,35.57569,den Samaritan,,S-226,S-387,,,,,OH+ED
su05861,2021-08-31,7:39,-3.20662,35.57564,,,S-138,S-381,,,,,OH+ED
su05862,2021-08-31,9:16,-3.20731,35.57569,den Samaritan,,S-161,S-392,,,,,OH+ED
su05863,2021-08-31,12:10,-3.16900,35.55883,den Locki,,L-449,L-534,L-535,,,,OH+ED
su05864,2021-08-31,16:00,-3.20727,35.57572,den Samaritan,S-380 (cub from previous litter weaned too early) WH a lot and eventually manages to suckle multiple times for some time,S-235,S-380,S-394,,S-380,,OH+ED
su05865,2021-09-02,7:19,-3.14056,35.51463,den Abuela,,A-262,A-566,A-567,,,,OH+ED
su05866,2021-09-02,7:50,-3.14589,35.52332,,,A-381,A-550,,,,,OH+ED
su05867,2021-09-05,7:10,-3.14230,35.51200,den Apache,,A-435,A-561,,,,,OH+ED
su05868,2021-09-06,7:00,-3.16941,35.55880,den locki,,L-359,L-533,,,,,PN
su05869,2021-09-06,7:00,-3.16941,35.55880,den locki,,L-429,L-536,L-537,,,,PN
su05870,2021-09-06,7:00,-3.16941,35.55880,den locki,,L-462,L-538,,,,,PN
su05871,2021-09-07,6:50,-3.20727,35.57572,den Samaritan,,S-222,S-395,,,,,OH+ED
su05872,2021-09-07,8:48,-3.22557,35.57153,,,S-259,S-373,S-374,,S-373,,OH+ED
su05873,2021-09-07,9:51,-3.22557,35.57153,,,S-259,S-373,S-374,,S-373,,OH+ED
su05874,2021-09-08,6:46,-3.22059,35.57000,,,S-165,S-385,S-386,,,,OH+ED
su05875,2021-09-08,8:35,-3.22270,35.56968,,,S-165,S-385,S-386,,,,OH+ED
su05876,2021-09-09,7:01,-3.20496,35.57329,,,S-181,S-383,S-384,,,,OH+ED
su05877,2021-09-09,7:05,-3.20274,35.57000,,,S-138,S-381,,,,,OH+ED
su05878,2021-09-10,6:42,-3.17712,35.62974,den Nyuki 2,,M-414,M-500,M-501,,,,OH
su05879,2021-09-10,6:58,-3.12907,35.54004,den Erasmu 2,,E-281,E-317,E-318,,,,PN
su05880,2021-09-11,6:44,-3.20683,35.57150,den Sari,,S-235,S-394,,,,,OH+ED
su05881,2021-09-11,15:26,-3.12907,35.54004,den Erasmu 2,,E-245,E-320,E-321,,,,PN
su05882,2021-09-11,15:26,-3.12907,35.54004,den Erasmu 2,,E-284,E-322,E-323,,,,PN
su05883,2021-09-12,9:49,-3.14632,35.52515,den Argentina 5,on 2021-09-05 A-559 had tried to SU from A-445 but A-445 refused as if she was not in the mood to nurse any cub,A-445,A-558,A-559,,,,OH+ED
su05884,2021-09-14,7:10,-3.16941,35.55880,den Locki,,L-449,L-534,L-535,,,,PN
su05885,2021-09-14,7:10,-3.16941,35.55880,den Locki,,L-462,L-538,,,,,PN
su05886,2021-09-15,6:47,-3.20683,35.57150,den Sari,,S-235,S-394,,,,,OH+ED
su05887,2021-09-15,6:47,-3.20683,35.57150,den Sari,,S-286,S-388,,,,,OH+ED
su05888,2021-09-16,7:22,-3.20683,35.57150,den Sari,,S-161,S-392,,,,,OH+ED
su05889,2021-09-16,8:12,-3.20452,35.57422,,,S-165,S-386,,,,,OH+ED
su05890,2021-09-16,15:50,-3.12907,35.54004,den Erasmu 2,,E-284,E-322,E-323,,,,PN
su05891,2021-09-17,7:17,-3.14562,35.52354,den Aakash2,,A-359,A-557,,,,,OH+ED
su05892,2021-09-17,7:57,-3.14562,35.52354,,,A-381,A-550,A-551,,,,OH+ED
su05893,2021-09-17,8:10,-3.14632,35.52515,den Argentina5,,A-435,A-561,,,,,OH+ED
su05894,2021-09-21,8:36,-3.14632,35.52515,den Argentina 5,,A-435,A-561,,,,,OH+ED
su05895,2021-09-22,8:00,-3.14632,35.52515,den Argentina 5,,A-238,A-552,A-553,,,,OH+ED
su05896,2021-09-23,7:46,-3.14632,35.52515,den Argentina 5,,A-238,A-552,A-553,,,,OH+ED
su05897,2021-09-23,7:46,-3.14632,35.52515,den Argentina 5,,A-313,A-556,,,,,OH+ED
su05898,2021-09-23,8:31,-3.14159,35.51085,den Aakash 2,,A-284,A-568,A-569,,,,OH+ED
su05899,2021-09-23,8:31,-3.14159,35.51085,den Aakash 2,,A-409,A-570,A-571,,,,OH+ED
su05900,2021-09-27,16:18,-3.16941,35.55880,den Locki,,L-359,L-533,,,,,PN+LB
su05901,2021-09-27,17:04,-3.16941,35.55880,den Locki,,L-462,L-538,,,,,PN+LB
su05902,2021-10-09,6:52,-3.20568,35.58299,den Sabaya,,S-184,S-397,S-398,,,,PN
su05903,2021-10-11,9:30,-3.16912,35.54528,den Laikip,,L-462,L-538,,,,,PN
su05904,2021-10-30,8:41,-3.15698,35.52710,,,A-339,A-544,,,,,PN
su05905,2021-10-30,9:22,-3.16350,35.53017,,,A-378,A-542,,,,,PN
su05906,2021-11-09,6:55,-3.17033,35.55754,den L-350_birth,,L-350,L-539,,,,,PN
su05907,2021-11-09,7:14,-3.16967,35.56411,den Logan,,L-329,L-541,L-542,,,,PN
su05908,2021-11-09,7:14,-3.16967,35.56411,den Logan,,L-449,L-534,L-535,,,,PN
su05909,2021-11-11,16:00,-3.16967,35.56411,den Logan,,L-498,L-540,,,,,PN
su05910,2021-11-12,7:21,-3.16967,35.56411,den Logan,,L-462,L-538,,,,,PN
su05911,2021-11-13,6:45,-3.16967,35.56411,den Logan,,L-498,L-540,,,,,PN
su05912,2021-11-13,15:55,-3.16967,35.56411,den Logan,,L-462,L-538,,,,,PN
su05913,2021-11-13,15:55,-3.16967,35.56411,den Logan,,L-498,L-540,,,,,PN
su05914,2021-11-18,16:04,-3.20568,35.58299,den Sabaya,,S-184,S-397,S-398,,,,PN
su05915,2021-11-20,6:52,-3.20568,35.58299,den Sabaya,,S-153,S-389,S-390,,,,PN
su05916,2021-11-20,6:52,-3.20568,35.58299,den Sabaya,,S-161,S-391,,,,,PN
su05917,2021-11-23,6:59,-3.20568,35.58299,den Sabaya,,S-161,S-391,,,,,PN
su05918,2021-11-27,17:20,-3.20568,35.58299,den Sabaya,,S-235,S-394,,,,,PN
su05919,2021-11-27,17:20,-3.20568,35.58299,den Sabaya,,S-286,S-388,,,,,PN
su05920,2021-12-18,16:00,-3.15732,35.60733,den Masala,,M-295,M-509,,,,,PN
su05921,2021-12-18,16:00,-3.15732,35.60733,den Masala,,M-419,M-505,M-506,,,,PN
su05922,2021-12-20,6:50,-3.15732,35.60733,den Masala,,M-295,M-508,M-509,,,,PN
su05923,2021-12-20,6:50,-3.15732,35.60733,den Masala,,M-430,M-510,,,,,PN
su05924,2021-12-20,16:13,-3.15732,35.60733,den Masala,,M-419,M-505,M-506,,,,PN
su05925,2021-12-20,16:13,-3.15732,35.60733,den Masala,,M-421,M-503,,,,,PN
su05926,2021-12-20,16:13,-3.15732,35.60733,den Masala,,M-445,M-511,,,,,PN
su05927,2021-12-22,7:32,-3.15732,35.60733,den Masala,,M-429,M-504,,,,,PN
su05928,2021-12-23,8:15,-3.13828,35.54678,den Eppa,,E-283,E-329,,,,,PN
su05929,2021-12-23,8:15,-3.13828,35.54678,den Eppa,,E-285,E-327,E-328,,,,PN
su05930,2021-12-26,6:55,-3.13828,35.54678,den Eppa,,E-283,E-329,,,,,PN
su05931,2021-12-26,15:55,-3.13828,35.54678,den Eppa,,E-285,E-327,,,,,PN
su05932,2021-12-27,7:12,-3.13828,35.54678,den Eppa,,E-268,E-330,,,,,PN
su05933,2022-01-07,7:15,-3.16483,35.61033,den Micky,,M-429,M-504,,,,,PN
su05934,2022-01-11,7:57,-3.23729,35.58154,,,N-234,N-295,,,,,PN
su05935,2022-01-12,7:01,-3.23479,35.59569,,,N-266,N-302,,,,,PN
su_20220130_0645_M-295,2022-01-30,6:45,-3.16990,35.62281,den Moram culvert,,M-295,M-508,M-509,,,,OH+ED
su_20220130_0709_S-265,2022-01-30,7:09,-3.20624,35.57996,den Skol,,S-265,S-403,S-404,,,,OH+ED
su_20220131_0704_S-259,2022-01-31,7:04,-3.20624,35.57996,den Skol,,S-259,S-401,S-402,,,,OH+ED
su_20220131_0851_S-153,2022-01-31,8:51,-3.19568,35.57583,,,S-153,S-389,S-390,,,,OH+ED
su_20220201_0835_M-381,2022-02-01,8:35,-3.16445,35.61142,den Mouse 2,,M-381,M-512,M-513,,,,OH
su_20220203_0653_S-248,2022-02-03,6:53,-3.20624,35.57996,den Skol,,S-248,S-399,S-400,,,,OH+ED
su_20220204_1020_S-193,2022-02-04,10:20,-3.20624,35.57996,den Skol,,S-193,S-405,S-406,,,,OH+ED
su_20220205_0653_S-265,2022-02-05,6:53,-3.20624,35.57996,den Skol,,S-265,S-403,S-404,,,,OH+ED
su_20220205_0834_S-259,2022-02-05,8:34,-3.20624,35.57996,den Skol,,S-259,S-401,S-402,,,,OH+ED
su_20220206_1650_S-259,2022-02-06,16:50,-3.20624,35.57996,den Skol,,S-259,S-401,S-402,,,,OH+ED
su_20220207_0836_S-161,2022-02-07,8:36,-3.21844,35.56715,,,S-161,S-391,,,,,OH+ED
su_20220209_1553_S-259,2022-02-09,15:53,-3.20624,35.57996,den Skol,,S-259,S-402,,,,,OH+ED
su_20220209_1704_S-259,2022-02-09,17:04,-3.20624,35.57996,den Skol,,S-259,S-401,S-402,,,,OH+ED
su_20220209_1704_S-265,2022-02-09,17:04,-3.20624,35.57996,den Skol,,S-265,S-403,S-404,,,,OH+ED
su_20220210_0737_S-193,2022-02-10,7:37,-3.20624,35.57996,den Skol,,S-193,S-405,S-406,,,,OH+ED
su_20220210_0737_S-248,2022-02-10,7:37,-3.20624,35.57996,den Skol,,S-248,S-399,S-400,,,,OH+ED
su_20220210_0737_S-259,2022-02-10,7:37,-3.20624,35.57996,den Skol,,S-259,S-401,S-402,,,,OH+ED
su_20220211_0739_S-259,2022-02-11,7:39,-3.20624,35.57996,den Skol,,S-259,S-401,S-402,,,,OH+ED
su_20220214_0837_S-235,2022-02-14,8:37,-3.20690,35.57996,,,S-235,S-394,,,,,OH+ED
su_20220215_0708_L-329,2022-02-15,7:08,-3.16900,35.55883,den Locki,,L-329,L-541,L-542,,,,OH
su_20220215_0708_L-449,2022-02-15,7:08,-3.16900,35.55883,den Locki,,L-449,L-534,L-535,,,,OH
su_20220217_0802_L-474,2022-02-17,8:02,-3.154975,35.565289,den Lemming,,L-474,L-543,,,,,OH+ED
su_20220220_0714_L-474,2022-02-20,7:14,-3.16900,35.55883,den Locki,,L-474,L-543,,,,,OH+ED
su_20220220_0714_L-498,2022-02-20,7:14,-3.16900,35.55883,den Locki,,L-498,L-540,,,,,OH+ED
su_20220220_0757_L-359,2022-02-20,7:57,-3.17098,35.55860,,,L-359,L-533,,,,,OH+ED
su_20220220_1046_L-359,2022-02-20,10:46,-3.17098,35.55860,,,L-359,L-533,,,,,OH+ED
su_20220222_0712_M-451,2022-02-22,7:12,-3.17712,35.62974,den Nyuki 2,,M-451,M-514,,,,,PN
su_20220222_0735_L-498,2022-02-22,7:35,-3.16900,35.55883,den Locki,,L-498,L-540,,,,,OH+ED
su_20220223_0830_F-212,2022-02-23,8:30,-3.20083,35.49645,den Floof 2,,F-212,F-306,F-307,,,,PN
su_20220224_0732_F-220,2022-02-24,7:32,-3.19205,35.49848,,,F-220,F-309,,,,,PN
su_20220224_0745_F-204,2022-02-24,7:45,-3.19426,35.49787,den Flexy,,F-204,F-316,F-317,,,,PN
su_20220225_0758_F-212,2022-02-25,7:58,-3.20370,35.49739,,,F-212,F-306,F-307,,,,PN
su_20220225_0919_F-159,2022-02-25,9:19,-3.20421,35.50017,,,F-159,F-308,,,,,PN
su_20220226_0714_L-449,2022-02-26,7:14,-3.16997,35.55930,,,L-449,L-534,L-535,,,,OH+ED
su_20220226_0723_L-329,2022-02-26,7:23,-3.16900,35.55883,den Locki,,L-329,L-541,L-542,,,,OH+ED
su_20220303_0700_L-498,2022-03-03,7:00,-3.16900,35.55883,den Locki,,L-498,L-540,L-544,,,,OH+ED
su_20220305_0741_E-268,2022-03-05,7:41,-3.12158,35.54016,den Esere,,E-268,E-330,E-331,,,,PN
su_20220305_0741_E-283,2022-03-05,7:41,-3.12158,35.54016,den Esere,,E-283,E-329,,,,,PN
su_20220306_0717_A-302,2022-03-06,7:17,-3.14033,35.49733,den Arena,,A-302,A-577,A-578,,,,OH
su_20220306_0828_A-329,2022-03-06,8:28,-3.14448,35.53178,,,A-329,A-548,A-549,,,,OH
su_20220307_0657_A-302,2022-03-07,6:57,-3.14246,35.53269,den Adam,,A-302,A-577,A-578,,,,OH+ED
su_20220307_0657_A-476,2022-03-07,6:57,-3.14246,35.53269,den Adam,,A-476,A-574,,,,,OH+ED
su_20220307_0657_A-526,2022-03-07,6:57,-3.14246,35.53269,den Adam,,A-526,A-579,A-580,,,,OH+ED
su_20220307_0713_E-285,2022-03-07,7:13,-3.12158,35.54016,den Esere,,E-285,E-327,,,,,PN
su_20220307_0722_A-435,2022-03-07,7:22,-3.14464,35.53121,,,A-435,A-561,,,,,OH+ED
su_20220307_1635_E-285,2022-03-07,16:35,-3.12158,35.54016,den Esere,,E-285,E-327,E-328,,,,PN
su_20220308_0725_A-483,2022-03-08,7:25,-3.14077,35.53262,,,A-483,A-573,,,,,OH+ED
su_20220308_0730_A-445,2022-03-08,7:30,-3.13327,35.52990,,,A-445,A-558,A-559,,,,OH+ED
su_20220308_0922_A-341,2022-03-08,9:22,-3.14063,35.53245,,,A-341,A-572,,,,,OH+ED
su_20220309_0648_M-295,2022-03-09,6:48,-3.17754,35.62845,den Nyuki 3,,M-295,M-508,M-509,,,,OH
su_20220309_1610_M-295,2022-03-09,16:10,-3.17754,35.62845,den Nyuki 3,,M-295,M-508,M-509,,,,OH
su_20220310_0653_A-329,2022-03-10,6:53,-3.14453,35.53145,,,A-329,A-548,A-549,,,,OH+ED
su_20220310_0710_F-222,2022-03-10,7:10,-3.19347,35.49777,,,F-222,F-309,,,,,PN
su_20220310_0810_F-204,2022-03-10,8:10,-3.19639,35.51910,,,F-204,F-316,F-317,,,,PN
su_20220311_0851_A-365,2022-03-11,8:51,-3.13512,35.52204,,,A-365,A-563,,,,,OH+ED
su_20220312_0931_A-302,2022-03-12,9:31,-3.14097,35.53215,den Adam 2,,A-302,A-578,,,,,OH+ED
su_20220312_0931_A-355,2022-03-12,9:31,-3.14097,35.53215,den Adam 2,,A-355,A-575,A-576,,,,OH+ED
su_20220315_0658_A-302,2022-03-15,6:58,-3.14097,35.53215,den Adam 2,,A-302,A-577,A-578,,,,OH+ED
su_20220315_0658_A-355,2022-03-15,6:58,-3.14097,35.53215,den Adam 2,,A-355,A-575,A-576,,,,OH+ED
su_20220315_0658_A-526,2022-03-15,6:58,-3.14097,35.53215,den Adam 2,,A-526,A-580,,,,,OH+ED
su_20220319_1642_A-355,2022-03-19,16:42,-3.14097,35.53215,den Adam 2,,A-355,A-575,A-576,,,,PN
su_20220319_1642_A-381,2022-03-19,16:42,-3.14097,35.53215,den Adam 2,,A-381,A-581,,,,,PN
su_20220319_1642_A-476,2022-03-19,16:42,-3.14097,35.53215,den Adam 2,,A-476,A-574,,,,,PN
su_20220319_1642_A-526,2022-03-19,16:42,-3.14097,35.53215,den Adam 2,,A-526,A-579,A-580,,,,PN
su_20220320_0644_L-429,2022-03-20,6:44,-3.16576,35.56310,den Lestat 2,,L-429,L-548,,,,,OH
su_20220320_0644_L-474,2022-03-20,6:44,-3.16576,35.56310,den Lestat 2,,L-474,L-543,,,,,OH
su_20220320_0644_L-498,2022-03-20,6:44,-3.16576,35.56310,den Lestat 2,,L-498,L-540,L-544,,,,OH
su_20220321_0639_L-329,2022-03-21,6:39,-3.16576,35.56310,den Lestat 2,,L-329,L-541,L-542,,,,OH
su_20220321_0639_L-449,2022-03-21,6:39,-3.16576,35.56310,den Lestat 2,,L-449,L-534,,,,,OH
su_20220321_0639_L-462,2022-03-21,6:39,-3.16576,35.56310,den Lestat 2,,L-462,L-545,,,,,OH
su_20220321_0639_L-474,2022-03-21,6:39,-3.16576,35.56310,den Lestat 2,,L-474,L-543,,,,,OH
su_20220322_0714_S-161,2022-03-22,7:14,-3.21342,35.57624,,,S-161,S-391,,,,,PN
su_20220323_0749_N-244,2022-03-23,7:49,-3.20408,35.60836,,,N-244,N-299,N-300,,,,OH+ED+LB
su_20220324_0702_A-355,2022-03-24,7:02,-3.14713,35.52644,den Argentina 2,,A-355,A-575,A-576,,,,OH+ED
su_20220324_0702_A-409,2022-03-24,7:02,-3.14713,35.52644,den Argentina 2,,A-409,A-570,A-571,,,,OH+ED
su_20220324_0702_A-526,2022-03-24,7:02,-3.14713,35.52644,den Argentina 2,,A-526,A-579,A-580,,,,OH+ED
su_20220326_1539_A-302,2022-03-26,15:39,-3.14713,35.52644,den Argentina 2,,A-302,A-577,A-578,,,,OH+ED
su_20220326_1539_A-355,2022-03-26,15:39,-3.14713,35.52644,den Argentina 2,,A-355,A-575,A-576,,,,OH+ED
su_20220326_1539_A-526,2022-03-26,15:39,-3.14713,35.52644,den Argentina 2,,A-526,A-580,,,,,OH+ED
su_20220329_0922_A-302,2022-03-29,9:22,-3.14629,35.52776,den Anoy,,A-302,A-577,A-578,,,,OH+ED+LB
su_20220329_1034_A-435,2022-03-29,10:34,-3.13220,35.52362,,,A-435,A-561,,,,,OH+ED+LB
su_20220329_1204_A-435,2022-03-29,12:04,-3.13220,35.52362,,,A-435,A-561,,,,,OH+ED+LB
su_20220329_1415_A-341,2022-03-29,14:15,-3.13485,35.52229,,,A-341,A-575,,,,,PN
su_20220331_0739_F-204,2022-03-31,7:39,-3.19468,35.49959,,,F-204,F-316,F-317,,,,PN
su_20220401_0957_A-445,2022-04-01,9:57,-3.15740,35.51474,,,A-445,A-558,A-559,,,,OH+ED+LB
su_20220402_1030_A-262,2022-04-02,10:30,-3.16309,35.51717,,,A-262,A-566,,,,,OH+ED+LB
su_20220404_0759_A-365,2022-04-04,7:59,-3.13205,35.52621,,,A-365,A-563,,,,,PN
su_20220406_0716_A-476,2022-04-06,7:16,-3.14629,35.52776,den Anoy,,A-476,A-574,,,,,OH+ED
su_20220406_0716_A-526,2022-04-06,7:16,-3.14629,35.52776,den Anoy,,A-526,A-579,A-580,,,,OH+ED
su_20220408_0730_A-476,2022-04-08,7:30,-3.14629,35.52776,den Anoy,,A-476,A-574,,,,,OH+ED
su_20220408_0739_A-526,2022-04-08,7:39,-3.14629,35.52776,den Anoy,,A-526,A-579,,,,,OH+ED
su_20220408_0804_A-483,2022-04-08,8:04,-3.14819,35.52559,,,A-483,A-573,,,,,OH+ED
su_20220410_1052_F-159,2022-04-10,10:52,-3.16914,35.50871,,,F-159,F-308,,,,,OH+ED
su_20220410_0843_A-365,2022-04-10,8:43,-3.13267,35.52542,,,A-365,A-563,,,,,OH+ED
su_20220413_1006_A-313,2022-04-13,10:06,-3.14713,35.52644,den Argentina 2,,A-313,A-585,,,,,OH+ED
su_20220414_1618_A-526,2022-04-14,16:18,-3.14713,35.52644,den Argentina 2,,A-526,A-579,A-580,,,,OH+ED
su_20220414_1620_M-451,2022-04-14,16:20,-3.17712,35.62974,den Nyuki 2,,M-451,M-414,,,,,PN
su_20220414_1700_A-355,2022-04-14,17:00,-3.14713,35.52644,den Argentina 2,,A-355,A-579,A-580,,,,OH+ED
su_20220414_1700_A-526,2022-04-14,17:00,-3.14713,35.52644,den Argentina 2,,A-526,A-575,A-576,,,,OH+ED
su_20220415_0904_F-265,2022-04-15,9:04,-3.20151,35.49787,den Festive,,F-265,F-321,,,,,PN
su_20220417_0656_M-451,2022-04-17,6:56,-3.17712,35.62974,den Nyuki 2,,M-451,M-514,,,,,OH+ED
su_20220417_1536_L-428,2022-04-17,15:36,-3.16900,35.55883,den Locki,,L-428,L-547,,,,,OH
su_20220417_1536_L-462,2022-04-17,15:36,-3.16900,35.55883,den Locki,,L-462,L-545,,,,,OH
su_20220417_1718_L-428,2022-04-17,17:18,-3.16900,35.55883,den Locki,,L-428,L-547,,,,,OH
su_20220417_1718_L-429,2022-04-17,17:18,-3.16900,35.55883,den Locki,,L-429,L-548,,,,,OH
su_20220417_1718_L-462,2022-04-17,17:18,-3.16900,35.55883,den Locki,,L-462,L-545,,,,,OH
su_20220418_0727_F-204,2022-04-18,7:27,-3.20151,35.49787,den Festive,,F-204,F-316,,,,,PN
su_20220418_0727_F-240,2022-04-18,7:27,-3.20151,35.49787,den Festive,,F-240,F-315,,,,,PN
su_20220418_0727_F-254,2022-04-18,7:27,-3.20151,35.49787,den Festive,,F-254,F-313,F-314,,,,PN
su_20220419_0718_F-159,2022-04-19,7:18,-3.20151,35.49787,den Festive,,F-159,F-308,,,,,PN
su_20220419_0822_S-286,2022-04-19,8:22,-3.21286,35.57654,,,S-286,S-388,,,,,OH+ED
su_20220419_1530_F-204,2022-04-19,15:30,-3.20151,35.49787,den Festive,,F-204,F-316,,,,,PN
su_20220420_1545_L-462,2022-04-20,15:45,-3.16941,35.55880,den Locki,,L-462,L-545,,,,,PN
su_20220424_0731_E-281,2022-04-24,7:31,-3.12109,35.54019,den Esere,,E-281,E-335,,,,,PN
su_20220426_0724_F-254,2022-04-26,7:24,-3.20224,35.49573,den Floof,,F-254,F-313,F-314,,,,OH+LB
su_20220507_1630_M-451,2022-05-07,16:30,-3.17712,35.62974,den Nyuki 2,,M-451,M-514,M-515,,,,PN
su_20220508_0719_M-451,2022-05-08,7:19,-3.17712,35.62974,den Nyuki 2,,M-451,M-514,M-515,,,,PN
su_20220509_1617_M-451,2022-05-09,16:17,-3.17712,35.62974,den Nyuki 2,,M-451,M-514,M-515,,,,PN
su_20220509_1617_M-481,2022-05-09,16:17,-3.17712,35.62974,den Nyuki 2,,M-481,M-516,,,,,PN
su_20220510_0930_F-161,2022-05-10,9:30,-3.20176,35.49766,,,F-161,F-318,,,,,PN
su_20220510_0930_F-202,2022-05-10,9:30,-3.20176,35.49766,,,F-222,F-309,,,,,PN
su_20220511_0709_M-451,2022-05-11,7:09,-3.17712,35.62974,den Nyuki 2,,M-451,M-514,M-515,,,,PN
su_20220513_0709_M-486,2022-05-13,7:09,-3.17712,35.62974,den Nyuki 2,,M-486,M-517,,,,,PN
su_20220518_1555_M-451,2022-05-18,15:55,-3.17754,35.62844,den Nyuki 3,,M-451,M-515,,,,,PN
su_20220518_1555_M-486,2022-05-18,15:55,-3.17754,35.62844,den Nyuki 3,,M-486,M-517,,,,,PN
su_20220519_0654_M-295,2022-05-19,6:54,-3.17754,35.62844,den Nyuki 3,,M-295,M-508,M-509,,,,PN
su_20220519_0654_M-451,2022-05-19,6:54,-3.17754,35.62844,den Nyuki 3,,M-451,M-515,,,,,PN
su_20220520_0704_M-419,2022-05-20,7:04,-3.17754,35.62844,den Nyuki 3,,M-429,M-504,,,,,PN
su_20220520_0704_M-429,2022-05-20,7:04,-3.17754,35.62844,den Nyuki 3,,M-419,M-505,M-506,,,,PN
su_20220520_0704_M-451,2022-05-20,7:04,-3.17754,35.62844,den Nyuki 3,,M-451,M-515,,,,,PN
su_20220525_1549_M-295,2022-05-25,15:49,-3.17754,35.62844,den Nyuki 3,,M-295,M-508,,,,,PN
su_20220527_1602_M-295,2022-05-27,16:02,-3.17754,35.62844,den Nyuki 3,,M-295,M-508,,,,,PN
su_20220530_0856_L-449,2022-05-30,8:56,-3.15218,35.55965,den Locki,,L-449,L-534,L-535,,,,PN
su_20220530_0935_L-329,2022-05-30,9:35,-3.16941,35.55880,den Locki,,L-329,L-541,L-542,,,,PN
su_20220530_1605_L-429,2022-05-30,16:05,-3.16941,35.55880,den Locki,,L-429,L-548,L-549,,,,PN
su_20220530_1605_L-462,2022-05-30,16:05,-3.16941,35.55880,den Locki,,L-462,L-545,L-546,,,,PN
su_20220530_1605_L-498,2022-05-30,16:05,-3.16941,35.55880,den Locki,,L-498,L-540,L-544,,,,PN
su_20220608_1606_M-381,2022-06-08,16:06,-3.17754,35.62844,den Nyuki 3,,M-381,M-512,M-513,,,,PN
su_20220608_1606_M-430,2022-06-08,16:06,-3.17754,35.62844,den Nyuki 3,,M-430,M-510,,,,,PN
su_20220609_0735_S-226,2022-06-09,7:35,-3.20170,35.58595,,,S-226,S-387,,,,,PN
su_20220609_0812_S-193,2022-06-09,8:12,-3.20706,35.57687,den S-234 nest,,S-193,S-405,S-406,,,,PN
su_20220610_1555_S-234,2022-06-10,15:55,-3.20706,35.57687,den S-234 nest,,S-234,S-408,S-409,,,,PN
su_20220610_1555_S-365,2022-06-10,15:55,-3.20706,35.57687,den S-234 nest,,S-365,S-412,S-413,,,,PN
su_20220611_0714_S-234,2022-06-11,7:14,-3.20706,35.57687,den S-234 nest,,S-234,S-408,S-409,,,,PN
su_20220612_1600_S-234,2022-06-12,16:00,-3.20706,35.57687,den S-234 nest,,S-234,S-408,S-409,,,,PN
su_20220612_1600_S-365,2022-06-12,16:00,-3.20706,35.57687,den S-234 nest,,S-365,S-412,S-413,,,,PN
su_20220616_1602_S-234,2022-06-16,16:02,-3.20706,35.57687,den S-234 nest,,S-234,S-234_cub1,S-234_cub2,,,,PN
su_20220617_0659_L-428,2022-06-17,6:59,-3.16900,35.55883,den Locki,,L-428,L-547,,,,,PN
su_20220617_0659_L-462,2022-06-17,6:59,-3.16900,35.55883,den Locki,L-545 or L-546,L-462,L-545,,,,,PN
su_20220617_0659_L-474,2022-06-17,6:59,-3.16900,35.55883,den Locki,,L-474,L-543,,,,,PN
su_20220619_1555_L-329,2022-06-19,15:55,-3.16900,35.55883,den Locki,,L-329,L-541,L-542,,,,PN
su_20220619_1555_L-428,2022-06-19,15:55,-3.16900,35.55883,den Locki,,L-428,L-547,,,,,PN
su_20220619_1555_L-463,2022-06-19,15:55,-3.16900,35.55883,den Locki,cub run into a DH,L-463,L-550,,,,,PN
su_20220620_0721_L-329,2022-06-20,7:21,-3.17046,35.55737,,,L-329,L-541,L-542,,,,PN
su_20220621_0650_L-428,2022-06-21,6:50,-3.16900,35.55883,den Locki,,L-428,L-547,,,,,PN
su_20220621_0650_L-429,2022-06-21,6:50,-3.16900,35.55883,den Locki,,L-429,L-548,L-549,,,,PN
su_20220621_0650_L-462,2022-06-21,6:50,-3.16900,35.55883,den Locki,,L-462,L-545,L-546,,,,PN
su_20220621_0650_L-463,2022-06-21,6:50,-3.16900,35.55883,den Locki,,L-463,L-550,,,,,PN
su_20220621_0801_L-474,2022-06-21,8:01,-3.15533,35.55752,,,L-474,L-543,,,,,PN
su_20220704_1602_M-381,2022-07-04,16:05,-3.17712,35.62974,den Nyuki 2,,M-381,M-512,M-513,,,,PN
su_20220705_0714_N-236,2022-07-05,7:14,-3.22360,35.59785,,,N-236,N-296,,,,,PN
su_20220705_0752_N-244,2022-07-05,7:52,-3.23722,35.58937,,,N-244,N-299,N-300,,,,PN
su_20220706_0731_N-266,2022-07-06,7:31,-3.23549,35.58602,,,N-266,N-302,,,,,PN
su_20220707_0716_N-244,2022-07-07,7:16,-3.23753,35.58893,,,N-244,N-299,N-300,,,,PN
su_20220707_0716_N-266,2022-07-07,7:16,-3.23753,35.58893,,,N-266,N-302,,,,,PN
su_20220711_0821_N-156,2022-07-11,8:21,-3.23686,35.58322,,,N-156,N-305,,,,,PN
su_20220716_0722_F-159,2022-07-16,7:22,-3.20083,35.49645,den Floof 2,,F-159,F-308,,,,,PN
su_20220716_0722_F-269,2022-07-16,7:22,-3.20083,35.49645,den Floof 2,,F-269,F-322,,,,,PN
su_20220716_0927_F-212,2022-07-16,9:27,-3.20288,35.49901,,,F-212,F-306,F-307,,,,PN
su_20220717_0727_F-159,2022-07-17,7:27,-3.20083,35.49645,den Floof 2,,F-159,F-308,,,,,PN
su_20220717_0747_F-222,2022-07-17,7:47,-3.20563,35.49691,,,F-222,F-309,,,,,PN
su_20220717_0747_F-240,2022-07-17,7:47,-3.20563,35.49691,,,F-240,F-315,,,,,PN
su_20220820_0733_A-381,2022-08-20,7:33,-3.14375,35.52456,,,A-381,A-581,,,,,PN
su_20220821_0657_A-304,2022-08-21,6:57,-3.14629,35.52776,den Annoy,,A-304,A-590,A-591,,,,PN
su_20220821_0657_A-339,2022-08-21,6:57,-3.14629,35.52776,den Annoy,,A-339,A-586,A-587,,,,PN
su_20220821_0657_A-526,2022-08-21,6:57,-3.14629,35.52776,den Annoy,,A-526,A-579,A-580,,,,PN
su_20220822_1540_M-416,2022-08-22,15:40,-3.17754,35.62844,den Nyuki 3,,M-416,M-520,,,,,PN
su_20220822_1540_M-482,2022-08-22,15:40,-3.17754,35.62844,den Nyuki 3,,M-482,M-518,M-519,,,,PN
su_20220823_1600_M-381,2022-08-23,16:00,-3.17394,35.62729,,,M-381,M-512,M-513,,,,PN
su_20220823_1635_M-482,2022-08-23,16:35,-3.17754,35.62844,den Nyuki 3,,M-482,M-518,M-519,,,,PN
su_20220824_0658_A-302,2022-08-24,6:58,-3.14629,35.52776,den Annoy,,A-302,A-577,A-578,,,,PN
su_20220824_0658_A-304,2022-08-24,6:58,-3.14629,35.52776,den Annoy,,A-304,A-590,A-591,,,,PN
su_20220824_0658_A-339,2022-08-24,6:58,-3.14629,35.52776,den Annoy,,A-339,A-586,A-587,,,,PN
su_20220824_0658_A-359,2022-08-24,6:58,-3.14629,35.52776,den Annoy,,A-359,A-589,,,,,PN
su_20220824_0658_A-526,2022-08-24,6:58,-3.14629,35.52776,den Annoy,,A-526,A-579,A-580,,,,PN
su_20220824_1010_A-341,2022-08-24,10:10,-3.13589,35.52893,,,A-341,A-572,,,,,PN
su_20220825_1535_A-359,2022-08-25,15:35,-3.14629,35.52776,den Annoy,,A-359,A-589,,,,,PN
su_20220825_1713_A-517,2022-08-25,17:13,-3.14702,35.52642,den Arge 2,,A-517,A-592,A-593,,,,PN
su_20220826_0742_A-339,2022-08-26,7:42,-3.14629,35.52776,den Annoy,,A-339,A-586,A-587,,,,PN
su_20220826_0742_A-517,2022-08-26,7:42,-3.14629,35.52776,den Annoy,,A-517,A-592,A-593,,,,PN
su_20220826_1027_A-445,2022-08-26,10:27,-3.14702,35.52642,den Arge 2,,A-445,A-594,A-595,,,,PN
su_20220826_1105_A-313,2022-08-26,11:05,-3.14629,35.52776,den Annoy,,A-313,A-585,,,,,PN
su_20220828_1604_S-234,2022-08-28,16:04,-3.20352,35.57531,den Sobai 4,,S-234,S-408,S-409,,,,PN
su_20220829_0652_S-234,2022-08-29,6:52,-3.20352,35.57531,den Sobai 4,,S-234,S-408,S-409,,,,PN
su_20220831_1025_S-234,2022-08-31,10:25,-3.20352,35.57531,den Sobai 4,,S-234,S-408,S-409,,,,PN
su_20220831_1615_S-259,2022-08-31,16:15,-3.20352,35.57531,den Sobai 4,,S-259,S-410,,,,,PN
su_20220831_1615_S-193,2022-08-31,16:15,-3.20352,35.57531,den Sobai 4,,S-193,S-405,S-406,,,,PN
su_20220903_1527_M-414,2022-09-03,15:27,-3.17754,35.62844,den Nyuki 3,,M-414,M-523,,,,,PN
su_20220903_1633_S-234,2022-09-03,16:33,-3.20352,35.57531,den Sobai 4,,S-234,S-408,S-409,,,,PN
su_20220903_1633_S-365,2022-09-03,16:33,-3.20352,35.57531,den Sobai 4,suckling only one cub,S-365,S-412,,,,,PN
su_20220904_1600_M-416,2022-09-04,16:00,-3.17754,35.62844,den Nyuki 3,,M-416,M-520,M-521,,,,PN
su_20220904_1600_M-451,2022-09-04,16:00,-3.17754,35.62844,den Nyuki 3,,M-451,M-515,,,,,PN
su_20220904_1600_M-467,2022-09-04,16:00,-3.17754,35.62844,den Nyuki 3,,M-467,M-522,,,,,PN
su_20220904_1600_M-482,2022-09-04,16:00,-3.17754,35.62844,den Nyuki 3,,M-482,M-518,M-519,,,,PN
su_20220905_0712_L-462,2022-09-05,7:12,-3.16826,35.56379,den Lestat,,L-462,L-545,L-546,,,,PN
su_20220911_1545_M-414,2022-09-11,15:45,-3.17754,35.62844,den Nyuki 3,,M-414,M-523,,,,,PN
su_20220912_0640_M-381,2022-09-12,6:40,-3.16845,35.62690,,,M-381,M-512,M-513,,,,PN
su_20220913_0710_E-283,2022-09-13,7:10,-3.13830,35.54683,den Engitati,,E-283,E-340,,,,,PN
su_20220913_0930_A-521,2022-09-13,9:30,-3.14629,35.52776,den Annoy,,A-521,A-586,,,,,PN
su_20220913_1600_A-329,2022-09-13,16:00,-3.14629,35.52776,den Annoy,,A-329,A-596,,,,,PN
su_20220913_1600_A-521,2022-09-13,16:00,-3.14629,35.52776,den Annoy,,A-521,A-586,,,,,PN
su_20220913_1600_A-526,2022-09-13,16:00,-3.14629,35.52776,den Annoy,,A-526,A-579,A-580,,,,PN
su_20220914_1812_E-283,2022-09-14,18:12,-3.13830,35.54683,den Engitati,,E-283,E-340,,,,,PN
su_20220914_1812_E-284,2022-09-14,18:12,-3.13830,35.54683,den Engitati,,E-284,E-338,,,,,PN
su_20220916_1556_L-498,2022-09-16,15:56,-3.16678,35.55737,,,L-498,L-544,,,,,PN
su_20220916_1645_L-428,2022-09-16,16:45,-3.16941,35.55880,den Locki,,L-428,L-547,,,,,PN
su_20220916_1645_L-462,2022-09-16,16:45,-3.16941,35.55880,den Locki,,L-462,L-545,L-546,,,,PN
su_20220917_0655_L-428,2022-09-17,6:55,-3.16941,35.55880,den Locki,,L-428,L-547,,,,,PN
su_20220917_0655_463,2022-09-17,6:55,-3.16941,35.55880,den Locki,,L-463,L-550,,,,,PN
su_20220918_0807_A-483,2022-09-18,8:07,-3.13608,35.52757,,,A-483,A-573,,,,,PN
su_20220918_0815_A-341,2022-09-18,8:15,-3.13864,35.52964,,,A-341,A-572,,,,,PN
su_20220918_0815_A-476,2022-09-18,8:15,-3.13864,35.52964,,,A-476,A-574,,,,,PN
su_20220918_0833_A-313,2022-09-18,8:33,-3.14629,35.52776,den Annoy,,A-313,A-585,,,,,PN
su_20220918_0833_A-378,2022-09-18,8:33,-3.14629,35.52776,den Annoy,,A-378,A-597,,,,,PN
su_20220918_0833_A-445,2022-09-18,8:33,-3.14629,35.52776,den Annoy,,A-445,A-594,A-595,,,,PN
su_20220920_1720_S-365,2022-09-20,17:20,-3.20340,35.57546,den Sobai 4,,S-365,S-412,,,,,PN
su_20220921_0648_S-259,2022-09-21,6:48,-3.20340,35.57546,den Sobai 4,,S-259,S-410,S-411,,,,PN
su_20220924_1555_A-238,2022-09-24,15:55,-3.14629,35.52776,den Annoy,,A-238,A-582,,,,,PN
su_20220924_1555_A-521,2022-09-24,15:55,-3.14629,35.52776,den Annoy,,A-521,A-586,,,,,PN
su_20220926_0655_E-238,2022-09-26,6:55,-3.13416,35.54772,den Ekalara,,E-238,E-336,E-337,,,,PN
su_20220927_1650_A-359,2022-09-27,16:50,-3.14629,35.52776,den Annoy,,A-359,A-589,,,,,PN
su_20220928_0940_L-462,2022-09-28,9:40,-3.16701,35.55635,,,L-462,L-545,L-546,,,,PN
su_20221009_1631_A-329,2022-10-09,16:31,-3.14629,35.52776,den Annoy,,A-329,A-596,,,,,PN
su_20221010_1555_M-467,2022-10-10,15:55,-3.17754,35.62844,den Nyuki 3,,M-467,M-522,,,,,PN
su_20221012_1605_A-355,2022-10-12,16:05,-3.15875,35.52885,,,A-355,A-575,A-576,,,,PN
su_20221012_1645_A-526,2022-10-12,16:45,-3.14629,35.52776,den Annoy,,A-526,A-579,A-580,,,,PN
su_20221017_0719_S-235,2022-10-17,7:19,-3.20352,35.57531,den Sobai 4,,S-235,S-414,S-415,,,,PN
su_20221018_0715_A-302,2022-10-18,7:15,-3.14629,35.52776,den Annoy,,A-302,A-577,A-578,,,,PN
su_20221019_0702_A-313,2022-10-19,7:02,-3.14629,35.52776,den Annoy,,A-313,A-585,,,,,PN
su_20221019_1102_L-463,2022-10-19,11:02,-3.16715,35.55637,,,L-463,L-550,,,,,PN
su_20221020_0702_L-428,2022-10-20,7:02,-3.16426,35.55626,,,L-428,L-547,,,,,PN
su_20221023_0654_M-467,2022-10-23,6:54,-3.17754,35.62844,den Nyuki 3,,M-467,M-522,,,,,PN
su_20221028_0639_M-414,2022-10-28,6:39,-3.17754,35.62844,den Nyuki 3,,M-414,M-523,,,,,PN
su_20221111_1604_M-414,2022-11-11,16:04,-3.17712,35.62974,,,M-414,M-523,,,,,PN
su_20221113_0635_M-416,2022-11-13,6:35,-3.16741,35.62742,,,M-416,M-520,M-521,,,,PN
su_20221113_0650_M-467,2022-11-13,6:50,-3.17712,35.62974,den Nyuki 2,,M-467,M-522,,,,,PN
su_20221114_1556_M-482,2022-11-14,15:56,-3.17712,35.62974,den Nyuki 2,,M-482,M-518,M-519,,,,PN
su_20221115_1605_M-414,2022-11-15,16:05,-3.17712,35.62974,den Nyuki 2,,M-414,M-523,,,,,PN
su_20221115_1605_M-416,2022-11-15,16:05,-3.17712,35.62974,den Nyuki 2,,M-416,M-520,M-521,,,,PN
su_20221117_0649_S-235,2022-11-17,6:49,-3.20352,35.57531,den Sobai 4,,S-235,S-414,S-415,,,,PN
su_20221117_0649_S-265,2022-11-17,6:49,-3.20352,35.57531,den Sobai 4,,S-265,S-416,S-417,,,,PN
su_20221117_0831_S-365,2022-11-17,8:31,-3.19321,35.57286,den Logozo,,S-365,S-412,,,,,PN
su_20221119_0700_S-365,2022-11-19,7:00,-3.19321,35.57286,den Logozo,,S-365,S-412,,,,,PN
su_20221127_0710_L-428,2022-11-27,7:10,-3.17317,35.55752,,,L-428,L-548,,,,,PN
su_20221201_1602_M-414,2022-12-01,16:02,-3.17712,35.62974,den Nyuki 2,,M-414,M-523,,,,,PN
su_20221203_0712_A-339,2022-12-03,7:12,-3.14629,35.52776,den Annoy,,A-339,A-587,A-588,,,,PN
su_20221203_0712_A-470,2022-12-03,7:12,-3.14629,35.52776,den Annoy,,A-470,A-599,,,,,PN
su_20221204_0729_A-313,2022-12-04,7:29,-3.14629,35.52776,den Annoy,,A-313,A-585,,,,,PN
su_20221204_0729_A-441,2022-12-04,7:29,-3.14629,35.52776,den Annoy,,A-441,A-601,A-602,,,,PN
su_20221204_0729_A-470,2022-12-04,7:29,-3.14629,35.52776,den Annoy,,A-470,A-599,A-600,,,,PN
su_20221206_0715_A-483,2022-12-06,7:15,-3.15773,35.52993,,,A-483,A-573,,,,,PN
su_20221206_0743_A-365,2022-12-06,7:43,-3.14629,35.52776,den Annoy,A-605 or A-606,A-365,cub,,,,,PN
su_20221207_1611_M-414,2022-12-07,16:11,-3.17712,35.62974,den Nyuki 2,,M-414,M-523,,,,,PN
su_20221207_1611_M-416,2022-12-07,16:11,-3.17712,35.62974,den Nyuki 2,,M-416,M-520,M-521,,,,PN
su_20221207_1611_M-467,2022-12-07,16:11,-3.17712,35.62974,den Nyuki 2,,M-467,M-522,,,,,PN
su_20221208_1604_M-414,2022-12-08,16:04,-3.17712,35.62974,den Nyuki 2,,M-414,M-523,,,,,PN
su_20221208_1604_M-467,2022-12-08,16:04,-3.17712,35.62974,den Nyuki 2,,M-467,M-522,,,,,PN
su_20221208_1604_M-487,2022-12-08,16:04,-3.17712,35.62974,den Nyuki 2,,M-487,M-524,M-525,,,,PN
su_20221209_0653_A-517,2022-12-09,6:53,-3.14629,35.52776,den Annoy,,A-517,A-592,A-593,,,,PN
su_20221209_0808_A-329,2022-12-09,8:08,-3.14629,35.52776,den Annoy,,A-329,A-596,,,,,PN
su_20221209_0808_A-378,2022-12-09,8:08,-3.14629,35.52776,den Annoy,,A-378,A-597,,,,,PN
su_20221209_0808_A-441,2022-12-09,8:08,-3.14629,35.52776,den Annoy,,A-441,A-601,A-602,,,,PN
su_20221211_1508_A-238,2022-12-11,15:08,-3.14629,35.52776,den Annoy,A-607 or A-608,A-238,cub,,,A-582,,PN
su_20221211_1508_A-329,2022-12-11,15:08,-3.14629,35.52776,den Annoy,,A-329,A-596,,,,,PN
su_20221211_1508_A-381,2022-12-11,15:08,-3.14629,35.52776,den Annoy,,A-381,A-603,A-604,,,,PN
su_20221212_0735_A-329,2022-12-12,7:35,-3.14629,35.52776,den Annoy,,A-329,A-596,,,,,PN
su_20221213_0719_A-329,2022-12-13,7:19,-3.14629,35.52776,den Annoy,,A-329,A-596,,,,,PN
su_20221224_1555_M-482,2022-12-24,15:55,-3.17712,35.62974,den Nyuki 2,,M-482,M-518,M-519,,,,PN
su_20221224_1555_M-487,2022-12-24,15:55,-3.17712,35.62974,den Nyuki 2,,M-487,M-524,M-525,,,,PN
su_20221225_0750_M-467,2022-12-25,7:50,-3.17712,35.62974,den Nyuki 2,,M-467,M-522,,,,,PN
su_20221229_0833_S-235,2022-12-29,8:33,-3.20340,35.57546,den Sobai 4,,S-235,S-414,S-415,,,,OH+ED
su_20221229_0933_L-462,2022-12-29,9:33,-3.17133,35.55583,,,L-462,L-545,L-546,,,,PN
su_20221229_0949_S-165,2022-12-29,9:49,-3.19350,35.57300,den Logozo,,S-165,S-420,S-421,,,,OH+ED
su_20221231_0643_M-381,2022-12-31,6:43,-3.16874,35.61102,,,M-381,M-512,M-513,,,,PN
su_20221231_0646_S-259,2022-12-31,6:46,-3.20377,35.58161,den Shist,,S-259,S-410,S-411,,,,OH+ED
su_20221231_0646_S-286,2022-12-31,6:46,-3.20377,35.58161,den Shist,,S-286,S-418,S-419,,,,OH+ED
su_20230101_0741_S-165,2023-01-01,7:41,-3.20377,35.58161,den Shist,,S-165,S-420,S-421,,,,OH+ED
su_20230101_1625_M-414,2023-01-01,16:25,-3.17712,35.62974,den Nyuki 2,,M-414,M-523,,,,,PN
su_20230103_0805_S-365,2023-01-03,8:05,-3.20274,35.57605,,den?,S-365,S-412,,,,,OH+ED
su_20230103_0909_S-165,2023-01-03,9:09,-3.20377,35.58161,den Shist,,S-165,S-421,,,,,OH+ED
su_20230103_0847_S-222,2023-01-04,8:47,-3.21806,35.56678,,,S-222,S-422,,,,,OH+ED
su_20230104_0743_M-487,2023-01-04,7:43,-3.17727,35.62994,den Nyuki,,M-487,M-524,M-525,,,,PN
su_20230105_0820_S-286,2023-01-05,8:20,-3.20624,35.57996,den Skol,,S-286,S-418,S-419,,,,OH+ED
su_20230106_0653_A-313,2023-01-06,6:53,-3.14809,35.53309,,,A-313,A-585,,,,,PN
su_20230106_0712_S-286,2023-01-06,7:12,-3.20624,35.57996,den Skol,,S-286,S-418,S-419,,,,OH+ED
su_20230106_0714_A-521,2023-01-06,7:14,-3.14629,35.52776,den Anoy,,A-521,A-586,,,,,PN
su_20230106_0829_S-365,2023-01-06,8:29,-3.20554,35.57826,den Shumli 4,,S-365,S-412,,,,,OH+ED
su_20230106_0902_A-378,2023-01-06,9:02,-3.14629,35.52776,den Anoy,,A-378,A-597,A-598,,,,PN
su_20230108_0726_A-365,2023-01-08,7:26,-3.14629,35.52776,den Anoy,,A-365,A-605,A-606,,,,PN
su_20230108_0726_A-381,2023-01-08,7:26,-3.14629,35.52776,den Anoy,,A-381,A-603,A-604,,,,PN
su_20230108_0726_A-441,2023-01-08,7:26,-3.14629,35.52776,den Anoy,,A-441,A-601,A-602,,,,PN
su_20230108_11:07_A-517,2023-01-08,11:07,-3.14488,35.53073,,,A-517,A-593,,,,,PN
su_20230108_1607_A-329,2023-01-08,16:07,-3.14629,35.52776,den Anoy,,A-329,A-596,,,,,PN
su_20230108_1607_A-365,2023-01-08,16:07,-3.14629,35.52776,den Anoy,,A-365,A-605,A-606,,,,PN
su_20230108_1607_A-381,2023-01-08,16:07,-3.14629,35.52776,den Anoy,,A-381,A-603,A-604,,,,PN
su_20230108_1607_A-441,2023-01-08,16:07,-3.14629,35.52776,den Anoy,,A-441,A-601,A-602,,,,PN
su_20230108_1607_A-445,2023-01-08,16:07,-3.14629,35.52776,den Anoy,,A-445,A-594,A-595,,,,PN
su_20230109_0722_A-313,2023-01-09,7:22,-3.14383,35.53240,,,A-313,A-585,,,,,PN
su_20230109_0730_A-359,2023-01-09,7:30,-3.14629,35.52776,den Anoy,,A-359,A-589,,,,,PN
su_20230109_0730_A-365,2023-01-09,7:30,-3.14629,35.52776,den Anoy,,A-365,A-605,A-606,,,,PN
su_20230109_0730_A-517,2023-01-09,7:30,-3.14629,35.52776,den Anoy,,A-517,A-592,A-593,,,,PN
su_20230109_0730_A-521,2023-01-09,7:30,-3.14629,35.52776,den Anoy,,A-521,A-586,,,,,PN
su_20230109_0738_S-365,2023-01-09,7:38,-3.20554,35.57826,den Shumli 4,,S-365,S-412,,,,,OH+ED
su_20230109_0823_S-365,2023-01-09,8:23,-3.20554,35.57826,den Shumli 4,,S-365,S-412,,,,,OH+ED
su_20230109_0845_S-365,2023-01-09,8:45,-3.20554,35.57826,den Shumli 4,,S-365,S-412,,,,,OH+ED
su_20230109_1548_S-365,2023-01-09,15:48,-3.20554,35.57826,den Shumli 4,,S-365,S-412,,,,,OH+ED
su_20230110_0714_S-286,2023-01-10,7:14,-3.20624,35.57996,den Skol,,S-286,S-418,S-419,,,,OH+ED
su_20230110_0844_S-235,2023-01-10,8:44,-3.20623,35.57362,,,S-235,S-414,S-415,,,,OH+ED
su_20230111_0654_S-365,2023-01-11,6:54,-3.20624,35.57996,den Skol,,S-365,S-412,,,,,OH+ED
su_20230111_0834_A-238,2023-01-11,8:34,-3.14629,35.52776,den Anoy,,A-238,A-607,A-608,,,,PN
su_20230111_0834_A-441,2023-01-11,8:34,-3.14629,35.52776,den Anoy,,A-441,A-601,A-602,,,,PN
su_20230111_0834_A-470,2023-01-11,8:34,-3.14629,35.52776,den Anoy,,A-470,A-599,A-600,,,,PN
su_20230113_0832_S-365,2023-01-13,8:32,-3.20587,35.57886,,,S-365,S-412,,,,,OH+ED
su_20230113_0853_S-365,2023-01-13,8:53,-3.20787,35.57830,,,S-365,S-412,,,,,OH+ED
su_20230118_1710_L-498,2023-01-18,17:10,-3.16576,35.56310,den Lestat 2,L-551 or L-552 SU; one other cub WH in other den hole and one other cub WA around her but not suckling,L-498,cub,,,,,OH
su_20230121_1608_S-173,2023-01-21,16:08,-3.20624,35.57996,den Skol,,S-173,S-424,,,,,OH
su_20230121_1611_S-235,2023-01-21,16:11,-3.20794,35.57869,,,S-235,S-414,S-415,,,,OH
su_20230121_1634_S-165,2023-01-21,16:34,-3.20624,35.57996,den Skol,,S-165,S-421,,,,,OH
su_20230122_0800_F-269,2023-01-22,8:00,-3.19798,35.52117,,,F-269,F-322,,,,,PN
su_20230123_0753_F-269,2023-01-23,7:53,-3.18802,35.51007,,,F-269,F-322,,,,,PN
su_20230123_0850_L-439,2023-01-23,8:50,-3.16576,35.56310,den Lestat 2,,L-439,L-553,,,,,OH+ED
su_20230124_0805_L-498,2023-01-24,8:05,-3.16900,35.55883,den Locki,,L-498,L-551,L-552,,,,OH+ED
su_20230125_0900_L-498,2023-01-25,9:00,-3.16900,35.55883,den Locki,,L-498,L-551,L-552,,,,OH+ED
su_20230126_0909_L-498,2023-01-26,9:09,-3.16900,35.55883,den Locki,,L-498,L-551,L-552,,,,OH+ED
su_20230130_0948_L-449,2023-01-30,09:48,-3.16900,35.55883,den Locki,,L-449,L-554,L-555,,,,OH+ED
su_20230131_0644_L-523,2023-01-31,6:44,-3.15915,35.57206,den Birth L-523,,L-523,L-556,,,,,OH+ED
su_20230205_0801_A-445,2023-02-05,8:01,-3.13786,35.50866,,,A-445,A-594,,,,,PN
su_20230206_0824_A-304,2023-02-06,8:24,-3.15054,35.51596,,,A-304,A-591,,,,,OH+ED
su_20230207_0946_A-521,2023-02-07,9:46,-3.15054,35.51615,,,A-521,A-586,,,,,OH+ED
su_20230208_0709_M-482,2023-02-08,7:09,-3.16711,35.61215,,,M-482,M-518,M-519,,,,OH+ED
su_20230210_0735_A-435,2023-02-10,7:35,-3.14713,35.52644,den Argentina 2,,A-435,A-609,,,,,OH+ED
su_20230210_0734_A-359,2023-02-10,7:34,-3.14560,35.52789,,,A-359,A-589,,,,,OH+ED
su_20230210_0734_A-445,2023-02-10,7:34,-3.14551,35.52795,,,A-445,A-594,A-595,,,,OH+ED
su_20230211_0802_A-517,2023-02-11,8:02,-3.14562,35.52863,,,A-517,A-592,A-593,,,,OH+ED
su_20230211_0807_A-445,2023-02-11,8:07,-3.14629,35.52776,den Anoy,,A-445,A-594,A-595,,,,OH+ED
su_20230211_0817_A-441,2023-02-11,8:17,-3.14713,35.52644,den Argentina 2,,A-441,A-601,A-602,,,,OH+ED
su_20230212_0734_A-329,2023-02-12,7:34,-3.14713,35.52644,den Argentina 2,,A-329,A-596,,,,,OH+ED
su_20230212_0734_A-381,2023-02-12,7:34,-3.14629,35.52776,den Anoy,,A-381,A-603,A-604,,,,OH+ED
su_20230212_0805_A-521,2023-02-12,8:05,-3.14942,35.52522,,,A-521,A-586,,,,,OH+ED
su_20230212_0817_A-517,2023-02-12,8:17,-3.15571,35.52262,,,A-517,A-592,A-593,,,,OH+ED
su_20230212_0923_A-517,2023-02-12,9:23,-3.15571,35.52262,,,A-517,A-592,A-593,,,,OH+ED
su_20230213_0715_A-304,2023-02-13,7:15,-3.16484,35.51445,,,A-304,A-590,A-591,,,,OH+ED
su_20230213_0923_A-238,2023-02-13,9:23,-3.14629,35.52776,den Anoy,,A-238,A-607,A-608,,,,OH+ED
su_20230214_0743_T-194,2023-02-14,7:43,-3.23504,35.55949,,,T-194,T-241,,,,,PN
su_20230216_0743_A-313,2023-02-16,7:43,-3.16166,35.51995,,,A-313,A-585,,,,,OH+ED
su_20230216_0744_A-313,2023-02-16,7:44,-3.16166,35.51995,,,A-313,A-585,,,,,OH+ED
su_20230216_0748_A-313,2023-02-16,7:48,-3.16166,35.51995,,,A-313,A-585,,,,,OH+ED
su_20230216_0821_A-302,2023-02-16,8:21,-3.16347,35.51894,,,A-302,A-578,,,,,OH+ED
su_20230216_0821_A-313,2023-02-16,8:21,-3.16347,35.51894,,,A-313,A-585,,,,,OH+ED
su_20230216_1023_A-483,2023-02-16,10:23,-3.16254,35.51856,,,A-483,A-573,,,,,OH+ED
su_20230216_1030_A-313,2023-02-16,10:30,-3.16447,35.51812,,,A-313,A-585,,,,,OH+ED
su_20230216_0933_A-517,2023-02-17,9:33,-3.15265,35.51483,,,A-517,A-592,A-593,,,,OH+ED
su_20230218_0700_S-286,2023-02-18,7:00,-3.20377,35.58161,den Shist,,S-286,S-418,S-419,,,,OH+ED
su_20230218_0909_L-428,2023-02-18,9:09,-3.16941,35.55880,den Locki,,L-428,L-557,,,,,PN
su_20230218_0909_L-439,2023-02-18,9:09,-3.16941,35.55880,den Locki,,L-439,L-553,,,,,PN
su_20230225_0706_L-449,2023-02-25,7:06,-3.16274,35.57017,,,L-449,L-554,,,,,PN
su_20230304_0953_A-521,2023-03-04,9:53,-3.16950,35.52103,,,A-521,A-586,,,,,PN
su_20230305_0746_A-517,2023-03-05,7:46,-3.16129,35.51957,,,A-517,A-592,A-593,,,,PN
su_20230310_0910_A-304,2023-03-10,9:10,-3.14437,35.53158,,,A-304,A-590,A-591,,,,PN
su_20230311_0736_A-304,2023-03-11,7:36,-3.16775,35.51305,,,A-304,A-590,A-591,,,,PN
su_20230311_0747_A-313,2023-03-11,7:47,-3.16652,35.51773,,,A-313,A-585,,,,,PN
su_20230311_0747_A-521,2023-03-11,7:47,-3.16652,35.51773,,,A-521,A-586,,,,,PN
su_20230312_0711_A-517,2023-03-12,7:11,-3.16294,35.51970,,,A-517,A-585,,,,,PN
su_20230313_1703_A-304,2023-03-13,17:03,-3.15200,35.51343,,,A-304,A-590,A-591,,,,PN
su_20230314_0830_A-238,2023-03-14,8:30,-3.14629,35.52776,den Annoy,,A-238,A-607,A-608,,,,PN
su_20230314_0855_A-313,2023-03-14,8:55,-3.15115,35.51325,,,A-313,A-585,,,,,PN
su_20230314_1610_A-381,2023-03-14,16:10,-3.14629,35.52776,den Annoy,,A-381,A-601,,,,,PN
su_20230328_1615_A-381,2023-03-28,16:15,-3.14629,35.52776,den Annoy,,A-381,A-601,A-602,,,,PN
su_20230403_1649_M-484,2023-04-03,16:49,-3.15609,35.61069,,,M-484,A-526,A-527,,,,PN
su_20230408_1614_M-487,2023-04-08,16:14,-3.16385,35.61295,den Madaraka,,M-487,M-524,M-525,,,,PN
su_20230408_1732_M-421,2023-04-08,17:32,-3.15929,35.61131,den M-421_nest,,M-421,M-532,,,,,PN
su_20230408_1732_M-484,2023-04-08,17:32,-3.15929,35.61131,den M-421_nest,,M-484,M-526,M-527,,,,PN
su_20230409_0715_M-486,2023-04-09,7:15,-3.16385,35.61295,den Madaraka,,M-486,M-534,,,,,PN
su_20230417_1629_T-174,2023-04-17,16:29,-3.23736,35.54529,,no pictures of cubs taken but must be T-244 and T-245 based on shyness and size,T-174,T-244,T-245,,,,PN
su_20230504_0718_M-487,2023-05-04,7:18,-3.16445,35.61142,den Mouse 2,,M-487,M-524,M-525,,,,PN
su_20230507_1610_M-429,2023-05-07,16:10,-3.16445,35.61142,den Mouse 2,,M-429,M-528,M-529,,,,PN
su_20230508_0645_M-295,2023-05-08,6:45,-3.16445,35.61142,den Mouse 2,,M-295,M-530,M-531,,,,PN
su_20230508_0645_M-445,2023-05-08,6:45,-3.16445,35.61142,den Mouse 2,,M-445,M-535,M-536,,,,PN
su_20230515_1550_M-429,2023-05-15,15:50,-3.16445,35.61142,den Mouse 2,,M-429,M-528,M-529,,,,PN
su_20230515_1635_M-295,2023-05-15,16:35,-3.16385,35.61295,den Madaraka,,M-295,M-530,M-531,,,,PN
su_20230522_0655_L-449,2023-05-22,6:55,-3.16309,35.58077,den Leucht,,L-449,L-554,,,,,PN
su_20230526_0655_L-463,2023-05-26,6:55,-3.16309,35.58077,den Leucht,,L-463,L-559,,,,,PN
su_20230607_0731_L-523,2023-06-07,7:31,-3.16576,35.56310,den Lestat 2,,L-523,L-556,,,,,PN
su_20230608_0707_L-439,2023-06-08,7:07,-3.16576,35.56310,den Lestat 2,,L-439,L-553,,,,,PN
su_20230608_0707_L-523,2023-06-08,7:07,-3.16576,35.56310,den Lestat 2,,L-523,L-556,,,,,PN
su_20230608_1628_L-428,2023-06-08,16:28,-3.16576,35.56310,den Lestat 2,,L-428,L-557,L-558,,,,PN
su_20230608_1628_L-498,2023-06-08,16:28,-3.16576,35.56310,den Lestat 2,,L-551,L-552,,,,,PN
su_20230610_1604_L-463,2023-06-10,16:04,-3.16576,35.56310,den Lestat 2,,L-463,L-559,,,,,PN
su_20230611_0705_L-498,2023-06-11,7:05,-3.16576,35.56310,den Lestat 2,,L-498,L-551,L-551,,,,PN
su_20230614_07:00_L-463,2023-06-14,7:00,-3.16576,35.56310,den Lestat 2,,L-463,L-559,,,,,PN
su_20230620_0702_L-463,2023-06-20,7:02,-3.16576,35.56310,den Lestat 2,,L-463,L-559,,,,,PN
su_20230627_0851_S-286,2023-06-27,8:51,-3.20532,35.57372,,,S-286,S-418,,,,,PN
su_20230628_1555_L-523,2023-06-28,15:55,-3.16576,35.56310,den Lestat 2,,L-523,L-556,,,,,PN
su_20230708_0702_L-523,2023-07-08,7:02,-3.16941,35.55880,den Locki,,L-523,L-556,,,,,PN
su_20230708_1635_L-429,2023-07-08,16:35,-3.16941,35.55880,den Locki,,L-429,L-560,,,,,PN
su_20230708_1635_L-463,2023-07-08,16:35,-3.16941,35.55880,den Locki,,L-463,L-559,,,,,PN
su_20230708_1635_L-498,2023-07-08,16:35,-3.16941,35.55880,den Locki,,L-498,L-551,L-552,,,,PN
su_20230708_1635_L-523,2023-07-08,16:35,-3.16941,35.55880,den Locki,,L-523,L-556,,,,,PN
su_20230716_0727_L-498,2023-07-16,7:27,-3.16900,35.55883,den Locki,,L-498,L-551,L-552,,,,OH+ED
su_20230718_0658_L-449,2023-07-18,6:58,-3.16576,35.56310,den Lestat 2,,L-449,L-554,,,,,
su_20230722_0649_L-498,2023-07-22,6:49,-3.16815,35.56478,,,L-498,L-552,,,,,OH+ED
su_20230722_0712_L-498,2023-07-22,7:12,-3.16815,35.56478,,,L-498,L-552,,,,,OH+ED
su_20230722_0750_L-498,2023-07-22,7:50,-3.16815,35.56478,,,L-498,L-552,,,,,OH+ED
su_20230722_0752_L-463,2023-07-22,7:52,-3.16576,35.56310,den Lestat2,,L-463,L-559,,,,,OH+ED
su_20230723_0648_L-523,2023-07-23,6:48,-3.16576,35.56310,den Lestat 2,,L-523,L-556,,,,,OH
su_20230725_0903_L-508,2023-07-25,9:03,-3.16900,35.55883,den Locki,,L-508,L-564,,,,,OH
su_20230725_0941_L-449,2023-07-25,9:41,-3.16576,35.56310,den Lestat 2,,L-449,L-554,,,,,OH
su_20230726_0645_M-295,2023-07-26,6:45,-3.17754,35.62844,den Nyuki 3,,M-295,M-530,M-531,,,,PN
su_20230726_0645_M-414,2023-07-26,6:45,-3.17754,35.62844,den Nyuki 3,,M-414,M-537,,,,,PN
su_20230726_0645_M-484,2023-07-26,6:45,-3.17754,35.62844,den Nyuki 3,,M-526,M-527,,,,,PN
su_20230727_0712_M-467,2023-07-27,7:12,-3.17483,35.62691,,,M-467,M-522,,,,,PN
su_20230727_0725_L-439,2023-07-27,7:25,-3.16576,35.56310,den Lestat2,,L-439,L-553,,,,,OH
su_20230727_0725_L-523,2023-07-27,7:25,-3.16576,35.56310,den Lestat2,,L-523,L-556,,,,,OH
su_20230728_0718_L-449,2023-07-28,7:18,-3.16576,35.56310,den Lestat 2,,L-449,L-554,,,,,PN
su_20230728_0718_L-516,2023-07-28,7:18,-3.16576,35.56310,den Lestat 2,,L-516,L-561,,,,,PN
su_20230728_0718_L-523,2023-07-28,7:18,-3.16576,35.56310,den Lestat 2,,L-523,L-556,,,,,PN
su_20230805_0655_M-484,2023-08-05,6:55,-3.18175,35.62404,,,M-484,M-526,M-527,,,,PN
su_20230805_0835_M-445,2023-08-05,8:35,-3.17712,35.62974,den Nyuki 2,,M-445,M-535,M-536,,,,PN
su_20230805_0835_M-295,2023-08-05,8:35,-3.17712,35.62974,den Nyuki 2,,M-295,M-530,M-531,,,,PN
su_20230809_1741_M-421,2023-08-09,17:41,-3.16750,35.62619,,,M-421,M-532,,,,,PN
su_20230812_0707_M-419,2023-08-12,7:07,-3.17712,35.62974,den Nyuki 2,,M-419,M-533,,,,,PN
su_20230812_0707_M-486,2023-08-12,7:07,-3.17712,35.62974,den Nyuki 2,,M-486,M-534,,,,,PN
su_20230812_1558_M-469,2023-08-13,15:58,-3.17712,35.62974,den Nyuki 2,,M-469,M-539,,,,,PN
su_20230916_0818_L-498,2023-09-16,8:18,-3.16669,35.56660,,,L-551,L-552,,,,,PN
su_20230917_0738_L-498,2023-09-17,7:38,-3.16669,35.56660,,,L-551,L-552,,,,,PN
su_20230921_1700_L-463,2023-09-21,17:00,-3.17950,35.55090,,,L-463,L-559,,,,,PN
su_20230923_0652_M-295,2023-09-23,6:52,-3.17712,35.62974,den Nyuki 2,,M-295,M-530,M-531,,,,PN
su_20230923_0652_M-469,2023-09-23,6:52,-3.17712,35.62974,den Nyuki 2,,M-469,M-539,,,,,PN
su_20230923_0723_M-419,2023-09-23,7:23,-3.17473,35.62568,,,M-419,M-533,,,,,PN
su_20230927_0658_S-365,2023-09-27,6:58,-3.20624,35.57996,den Skol,,S-365,S-433,S-434,,,,PN
su_20230928_1544_S-234,2023-09-28,15:44,-3.20624,35.57996,den Skol,,S-234,S-431,S-432,,,,PN
su_20230929_0856_S-380,2023-09-29,8:56,-3.20624,35.57996,den Skol,,S-380,S-435,,,,,PN
su_20231006_0646_M-486,2023-10-06,6:46,-3.17712,35.62974,den Nyuki 2,,M-486,M-534,,,,,PN
su_20231006_1600_M-414,2023-10-06,16:00,-3.17712,35.62974,den Nyuki 2,,M-414,M-537,,,,,PN
su_20231006_1600_M-482,2023-10-06,16:00,-3.17712,35.62974,den Nyuki 2,,M-482,M-542,M-543,,,,PN
su_20231008_0715_N-236,2023-10-08,7:15,-3.20350,35.60200,den Namba,,N-236,N-320,N-321,,,,PN
su_20231010_1556_M-414,2023-10-10,15:56,-3.17712,35.62974,den Nyuki 2,,M-414,M-537,M-538,,,,PN
su_20231010_1556_M-469,2023-10-10,15:56,-3.17712,35.62974,den Nyuki 2,,M-469,M-539,,,,,PN
su_20231010_1556_M-482,2023-10-10,15:56,-3.17712,35.62974,den Nyuki 2,,M-482,M-542,M-543,,,,PN
su_20231012_0718_N-143,2023-10-12,7:18,-3.20350,35.60200,,,N-143,N-323,,,,,PN
su_20231012_0858_S-259,2023-10-12,8:58,-3.20624,35.57996,den Skol,,S-259,S-436,S-437,,,,PN
su_20231012_0858_S-365,2023-10-12,8:58,-3.20624,35.57996,den Skol,,S-365,S-433,,,,,PN
su_20231014_0654_N-143,2023-10-14,6:54,-3.20350,35.60200,den Namba,,N-143,N-323,,,,,PN
su_20231015_0808_N-289,2023-10-15,8:08,-3.20315,35.60325,,,N-289,N-317,,,,,PN
su_20231017_0740_N-143,2023-10-17,7:40,-3.20350,35.60200,den Namba,,N-143,N-323,,,,,PN
su_20231017_0855_S-259,2023-10-17,8:55,-3.20624,35.57996,den Skol,,S-259,S-436,S-437,,,,PN
su_20231018_1645_N-143,2023-10-18,16:45,-3.20350,35.60200,den Namba,,N-143,N-323,,,,,PN
su_20231026_1555_M-469,2023-10-26,15:55,-3.17712,35.62974,den Nyuki 2,,M-469,M-539,,,,,PN
su_20231028_0645_M-381,2023-10-28,6:45,-3.15828,35.59359,den Messi,,M-381,M-544,,,,,PN
su_20231028_0645_M-414,2023-10-28,6:45,-3.15828,35.59359,den Messi,,M-414,M-538,,,,,PN
su_20231028_0940_M-484,2023-10-28,9:40,-3.15970,35.59669,,,M-484,M-526,M-527,,,,PN
su_20231102_0735_S-286,2023-11-02,7:35,-3.20624,35.57996,den Skol,,S-286,S-430,,,,,PN
su_20231102_0735_S-365,2023-11-02,7:35,-3.20624,35.57996,den Skol,,S-365,S-433,S-434,,,,PN
su_20231102_0735_S-380,2023-11-02,7:35,-3.20624,35.57996,den Skol,,S-380,S-435,,,,,PN
su_20231102_0955_S-234,2023-11-02,9:55,-3.20624,35.57996,den Skol,,S-234,S-431,S-432,,,,PN
su_20231103_0840_S-234,2023-11-03,8:40,-3.20624,35.57996,den Skol,,S-234,S-431,S-432,,,,PN
su_20231106_0741_S-184,2023-11-06,7:41,-3.19321,35.57286,,,S-184,S-429,,,,,PN
su_20231106_0741_S-234,2023-11-06,7:41,-3.19321,35.57286,,,S-234,S-431,S-432,,,,PN
su_20231106_0741_S-380,2023-11-06,7:41,-3.19321,35.57286,,,S-380,S-435,,,,,PN
su_20231106_1010_L-428,2023-11-06,10:10,-3.17333,35.56585,,,L-428,L-557,L-558,,,,ED+OH+MM
su_20231107_0636_M-484,2023-11-07,6:36,-3.16087,35.60732,,,M-484,M-526,M-527,,,,PN
su_20231108_0754_L-498,2023-11-08,7:54,-3.16224,35.57392,,,L-498,L-551,L-552,,,,ED+OH+MM
su_20231109_0955_L-428,2023-11-09,9:55,-3.17745,35.56602,,,L-428,L-557,L-558,,,,ED+OH+MM
su_20231109_1030_L-428,2023-11-09,10:30,-3.18046,35.56235,,,L-428,L-557,L-558,,,,ED+OH+MM
su_20231111_0634_M-419,2023-11-11,6:34,-3.15850,35.60417,,M-533 or M-540,M-419,cub,,,,,ED+OH+MM
su_20231111_0700_M-469,2023-11-11,7:00,-3.15828,35.59359,den Messi,,M-469,M-539,,,,,ED+OH+MM
su_20231112_0634_M-381,2023-11-12,6:34,-3.15800,35.60650,den Mia,,M-381,M-544,,,,,ED+OH+MM
su_20231112_0643_M-486,2023-11-12,6:34,-3.15800,35.60650,den Mia,,M-486,M-534,,,,,ED+OH+MM
su_20231112_0817_M-486,2023-11-12,8:17,-3.15954,35.60623,,,M-486,M-534,,,,,ED+OH+MM
su_20231114_0643_M-414,2023-11-14,6:43,-3.15800,35.60650,den Mia,,M-414,M-537,M-538,,,,ED+OH+MM
su_20231115_1715_M-485,2023-11-15,17:15,-3.15800,35.60650,den Mia,,M-485,M-545,M-546,,,,OH+MM
su_20231118_0730_L-428,2023-11-18,7:30,-3.17343,35.56635,,,L-428,L-557,L-558,,,,ED+OH+MM
su_20231119_0731_M-414,2023-11-19,7:31,-3.15800,35.60650,den Mia,,M-414,M-537,M-538,,,,ED+OH+MM
su_20231119_1642_M-445,2023-11-19,16:42,-3.18308,35.59857,,,M-445,M-536,,,,,ED+OH+MM
su_20231119_1721_M-445,2023-11-19,17:21,-3.18308,35.59857,,,M-445,M-536,,,,,ED+OH+MM
su_20231123_0806_M-482,2023-11-23,8:06,-3.17741,35.60326,den Mozza,,M-482,M-542,M-543,,,,ED+OH+MM
su_20231123_0806_M-416,2023-11-23,8:06,-3.17741,35.60326,den Mozza,,M-416,M-549,,,,,ED+OH+MM
su_20231124_0658_N-236,2023-11-24,6:58,-3.19489,35.60585,,,N-236,N-320,N-321,,,,PN
su_20231125_0646_N-283,2023-11-25,6:46,-3.19489,35.60585,,,N-283,N-319,,,,,PN
su_20231125_0727_L-516,2023-11-25,7:27,-3.16347,35.56809,den Langu,,L-516,L-561,,,,,ED+OH+MM
su_20231126_0753_M-484,2023-11-26,7:53,-3.17966,35.60070,,,M-484,M-526,M-527,,,,ED+OH+MM
su_20231126_0854_M-484,2023-11-26,8:54,-3.17966,35.600701,,,M-484,M-526,M-527,,,,ED+OH+MM
su_20231126_0923_M-484,2023-11-26,9:23,-3.17966,35.60070,,,M-484,M-526,M-527,,,,ED+OH+MM
su_20231126_1642_M-482,2023-11-26,16:42,-3.17741,35.60326,den Mozza,,M-482,M-542,M-543,,,,PN
su_20231127_0703_M-485,2023-11-27,7:03,-3.15800,35.60650,den Mia,,M-485,M-545,M-546,,,,ED+OH+MM
su_20231127_0830_N-283,2023-11-27,8:30,-3.19496,35.60431,,,N-283,N-319,,,,,ED+OH+MM
su_20231128_0704_N-143,2023-11-28,7:04,-3.19489,35.60585,,,N-143,N-323,,,,,PN
su_20231128_0704_N-283,2023-11-28,7:04,-3.19489,35.60585,,,N-283,N-319,,,,,PN
su_20231129_0654_N-283,2023-11-29,6:54,-3.19489,35.60585,,,N-283,N-319,,,,,PN
su_20231130_0641_L-474,2023-11-30,6:41,-3.16347,35.56809,den Langu,,L-474,L-567,,,,,ED+OH+MM
su_20231130_0741_L-428,2023-11-30,7:41,-3.16639,35.57246,,,L-428,L-557,L-558,,,,ED+OH+MM
su_20231130_0855_L-439,2023-11-30,8:55,-3.16848,35.57790,,,L-439,L-553,,,,,ED+OH+MM
su_20231202_0650_L-474,2023-12-02,6:50,-3.16347,35.56809,den Langu,,L-474,L-567,,,,,
su_20231210_1531_M-482,2023-12-10,15:31,-3.18003,35.61048,,,M-482,M-542,,,,,PN
su_20231203_0854_M-430,2023-12-03,8:54,-3.17633,35.59967,den Mzee,suckling cubs one at a time,M-430,M-547,M-548,,,,ED+OH
su_20231209_0655_L-474,2023-12-09,6:55,-3.16275,35.57018,den Love,,L-474,L-567,,,,,MM
su_20231212_0649_M-414,2023-12-12,6:49,-3.17633,35.59967,den Mzee,,M-414,M-537,,,,,ED+OH
su_20231213_0639_M-445,2023-12-13,6:39,-3.17453,35.61629,,,M-445,M-535,M-536,,,,ED+OH
su_20231213_0715_M-414,2023-12-13,7:15,-3.17627,35.61181,,,M-414,M-538,,,,,ED+OH
su_20231217_0658_M-295,2023-12-17,6:58,-3.17487,35.60597,,,M-295,M-530,M-531,,,,ED+OH+DM
su_20231217_0731_M-295,2023-12-17,7:31,-3.17487,35.60597,,,M-295,M-530,M-531,,,,ED+OH+DM
su_20231217_0811_M-482,2023-12-17,8:11,-3.17741,35.60326,,,M-482,M-542,M-543,,,,ED+OH+DM
su_20231218_0706_M-485,2023-12-18,7:06,-3.17741,35.60326,den Mozza,,M-485,M-545,M-546,,,,ED+OH+DM
su_20231218_0808_A-341,2023-12-18,8:08,-3.15390,35.52598,,,A-341,A-613,,,,,PN
su_20231219_0838_L-516,2023-12-19,8:38,-3.16347,35.56809,den Langu,,L-516,L-561,,,,,ED+OH
su_20231220_0742_L-516,2023-12-20,7:24,-3.16319,35.56768,den langu,,L-516,L-561,,,,,MM+DM
su_20231220_0937_A-238,2023-12-20,9:37,-3.15599,35.52475,,,A-238,A-607,A-608,,,,PN
su_20231220_0937_A-521,2023-12-20,9:37,-3.15599,35.52475,,,A-521,A-618,,,,,PN
su_20231220_0937_A-526,2023-12-20,9:37,-3.15599,35.52475,,,A-526,A-610,,,,,PN
su_20231220_1018_A-341,2023-12-20,10:18,-3.15713,35.52145,,,A-341,A-613,,,,,PN
su_20231221_0803_L-474,2023-12-21,8:03,-3.16275,35.57018,den Love ,,L-474,L-567,,,,,MM
su_20231221_0842_L-428,2023-12-21,8:42,-3.16551,35.56985,,,L-428,L-557,L-558,,,,MM
su_20231222_0732_A-521,2023-12-22,7:32,-3.15249,35.51970,den Ajira,,A-521,A-618,,,,,PN+DM
su_20231222_0938_A-359,2023-12-22,9:38,-3.14874,35.51787,,,A-359,A-614,A-615,,,,PN+DM
su_20240106_0725_A-378,2024-01-06,7:25,-3.15318,35.52982,,,A-378,A-597,,,,,PN
su_20240107_0720_A-355,2024-01-07,7:20,-3.15249,35.51970,den Ankara,,A-355,A-622,,,,,PN
su_20240107_0720_A-521,2024-01-07,7:20,-3.15249,35.51970,den Ankara,,A-521,A-618,A-619,,,,PN
su_20240114_1606_A-526,2024-01-14,16:06,-3.14935,35.53269,,,A-526,A-610,A-611,,,,DM+PN+MM
su_20240114_1637_A-238,2024-01-14,16:37,-3.14983,35.53168,,,A-238,A-607,A-608,,,,DM+PN+MM
su_20240115_0847_A-521,2024-01-15,8:47,-3.15692,35.52449,,,A-521,A-618,A-619,,,,PN
su_20240116_0740_L-428,2024-01-16,7:40,-3.18162,35.54967,,,L-428,L-557,L-558,,,,
su_20240122_1603_L-428,2024-01-22,16:03,-3.18110,35.55407,,,L-428,L-557,L-558,,,,DM+MM
su_20240123_0904_A-238,2024-01-23,9:04,-3.15688,35.52057,,,A-238,A-607,A-608,,,,PN
su_20240123_0951_A-378,2024-01-23,9:51,-3.16342,35.51843,,,A-378,A-597,,,,,PN
su_20240125_0721_A-355,2024-01-25,7:21,-3.15249,35.51970,,,A-355,A-622,,,,,DM+PN
su_20240125_0740_A-435,2024-01-25,7:40,-3.15378,35.52032,,,A-435,A-620,,,,,DM+PN
su_20240125_0740_A-521,2024-01-25,7:40,-3.15378,35.52032,,,A-521,A-618,A-619,,,,DM+PN
su_20240126_0848_A-341,2024-01-26,8:48,-3.15788,35.52146,,,A-341,A-613,,,,,DM+PN
su_20240127_1623_A-355,2024-01-27,16:23,-3.15249,35.51970,,,A-355,A-622,,,,,DM+PN
su_20240127_1701_A-518,2024-01-27,17:01,-3.15163,35.51864,,,A-518,A-616,A-617,,,,DM+PN
su_20240201_1600_A-355,2024-02-01,16:00,-3.15249,35.51970,,,A-355,A-622,,,,,DM+PN
su_20240201_1643_A-313,2024-02-01,16:43,-3.15249,35.51970,,,A-313,A-624,,,,,DM+PN
su_20240203_0828_A-381,2024-02-03,8:28,-3.15249,35.51970,,,A-381,A-625,A-626,,,,DM+PN
su_20240220_0715_E-285,2024-02-20,7:15,-3.11694,35.55712,,,E-285,E-348,,,,,DM+PN
su_20240222_0657_E-307,2024-02-22,6:57,-3.13251,35.54506,,,E-307,E-354,,,,,DM+PN
su_20240228_0708_E-307,2024-02-28,7:08,-3.13251,35.54506,,,E-307,E-354,,,,,DM+PN
su_20240304_0701_M-487,2024-03-04,7:01,-3.16385,35.61295,,,M-487,M-550,,,,,DM+PN
su_20240313_0658_M-487,2024-03-13,06:58,-3.16385,35.61295,,,M-487,M-550,,,,,DM+PN
su_20240314_0700_M-419,2024-03-14,7:00,-3.17892,35.60940,,,M-419,M-533,,,,,DM+PN
su_20240315_0632_M-469,2024-03-15,6:32,-3.16800,35.61386,,,M-469,M-539,,,,,DM+PN
su_20240315_0652_M-416,2024-03-15,06:52,-3.16385,35.61295,,,M-416,M-549,,,,,DM+PN
su_20240315_0652_M-485,2024-03-15,06:52,-3.16385,35.61295,,,M-485,M-545,M-546,,,,DM+PN
su_20240318_0703_E-268,2024-03-18,7:03,-3.13251,35.54506,,,E-268,E-356,,,,,DM+PN
su_20240318_0703_E-281,2024-03-18,7:03,-3.13251,35.54506,,,E-281,E-357,,,,,DM+PN
su_20240324_0652_M-469,2024-03-24,6:52,-3.17472,35.61730,,,M-469,M-539,,,,,DM+PN
su_20240325_0652_M-467,2024-03-25,6:52,-3.16385,35.61295,den Madaraka,,M-467,M-551,M-552,,,,DM+PN
su_20240325_0652_M-487,2024-03-25,6:52,-3.16385,35.61295,den Madaraka,,M-487,M-550,,,,,DM+PN
su_20240410_0736_L-516,2024-04-10,7:36,-3.17699,35.55108,,,L-516,L-561,,,,,PN
su_20240415_0657_L-510,2024-04-15,6:57,-3.17173,35.57361,,L-565 or L-566,L-510,cub,,,,,PN
su_20240417_1658_L-429,2024-04-17,16:58,-3.17173,35.57361,den Luchs,,L-429,L-568,L-569,,,,PN
su_20240417_1658_L-350,2024-04-17,16:58,-3.17173,35.57361,den Luchs,,L-350,L-570,,,,,PN
su_20240417_1730_L-508,2024-04-17,17:30,-3.16784,35.57650,,,L-508,L-564,,,,,PN
su_20240418_0701_L-517,2024-04-18,7:01,-3.17275,35.57318,,,L-517,L-563,,,,,PN
su_20240422_0643_M-430,2024-04-22,6:43,-3.18014,35.61014,,,M-430,M-548,,,,,PN
su_20240423_0712_L-517,2024-04-23,7:12,-3.16117,35.58167,,,L-517,L-563,,,,,DM
su_20240427_0643_M-467,2024-04-27,6:43,-3.16385,35.61295,,,M-467,M-551,M-552,,,,DM
su_20240427_0926_L-463,2024-04-27,9:26,-3.18071,35.56064,,,L-463,L-559,,,,,DM
su_20240503_0658_S-259,2024-05-03,6:58,-3.18928,35.58498,den shamba_edge,,S-259,S-436,S-437,,,,PN
su_20240503_0658_S-193,2024-05-03,6:58,-3.18928,35.58498,den shamba_edge,,S-193,S-441,,,,,PN
su_20240504_1612_S-365,2024-05-04,16:12,-3.18928,35.58498,den shamba_edge,,S-365,S-434,,,,,PN
su_20240505_0703_S-365,2024-05-05,7:03,-3.18928,35.58498,den shamba_edge,,S-365,S-433,,,,,PN
su_20240506_0928_S-193,2024-05-06,9:28,-3.18928,35.58498,den shamba_edge,,S-193,S-441,S-442,,,,PN
su_20240508_1612_S-235,2024-05-08,16:12,-3.18928,35.58498,den shamba_edge,,S-235,S-438,,,,,PN
su_20240509_0838_L-428,2024-05-09,8:38,-3.15911,35.57628,den Ethiopia,,L-428,L-557,L-558,,,,PN
su_20240509_0838_L-474,2024-05-09,8:38,-3.15911,35.57628,den Ethiopia,,L-474,L-567,,,,,PN
su_20240509_0906_L-516,2024-05-09,9:06,-3.15736,35.57475,,,L-516,L-561,,,,,PN
su_20240516_0650_S-365,2024-05-16,6:50,-3.18928,35.58498,den shamba_edge,,S-365,S-433,S-434,,,,PN
su_20240518_0658_S-235,2024-05-18,6:58,-3.18928,35.58498,den shamba_edge,GRM,S-235,S-438,,,,,PN
su_20240518_0658_S-365,2024-05-18,6:58,-3.18928,35.58498,den shamba_edge,GRM,S-365,S-433,S-434,,,,PN
su_20240524_0725_L-516,2024-05-24,7:25,-3.16874,35.56778,,,L-516,L-561,,,,,DM
su_20240527_0854_F-222,2024-05-27,8:54,-3.17373,35.50918,,,F-222,F-326,,,,,DM
su_20240527_0919_F-265,2024-05-29,9:19,-3.19201,35.50902,,,F-265,F-333,,,,,DM
su_20240530_0910_S-365,2024-05-30,9:10,-3.19195,35.59720,,,S-365,S-433,S-434,,,,PN
su_20240531_0746_A-238,2024-05-31,7:46,-3.16142,35.52287,,,A-238,A-607,A-608,,,,DM
su_20240613_0637_M-482,2024-06-13,6:38,-3.18115,35.62550,,,M-482,M-543,,,,,OH
su_20240613_0702_E-307,2024-06-13,7:02,-3.11931,35.55812,,,E-307,E-354,,,,,PN
su_20240616_0913_L-439,2024-06-16,9:13,-3.16062,35.58141,,,L-439,L-553,,,,,OH
su_20240620_0750_L-508,2024-06-20,7:50,-3.14938,35.56748,,,L-508,L-564,,,,,OH
su_20240621_0723_L-350,2024-06-21,7:23,-3.16333,35.56769,den Levolosi,,L-350,L-570,,,,,OH
su_20240622_0731_L-508,2024-06-22,7:31,-3.17303,35.57187,,,L-508,L-564,,,,,OH
su_20240622_0809_L-428,2024-06-22,8:09,-3.17493,35.57164,,,L-428,L-557,,,,,OH
su_20240628_0653_L-350,2024-06-28,6:53,-3.15743,35.57083,den Londo,,L-350,L-570,,,,,OH+HM
su_20240628_0653_L-510,2024-06-28,6:53,-3.15743,35.57083,den Londo,,L-510,L-571,,,,,OH+HM
su_20240704_0703_M-421,2024-07-04,7:03,-3.15965,35.60381,,,M-421,M-532,,,,,OH+HM
su_20240704_1005_L-474,2024-07-04,10:05,-3.15780,35.57217,,,L-474,L-567,,,,,OH+HM
su_20240705_0807_L-474,2024-07-05,8:07,-3.15732,35.57211,,,L-474,L-567,,,,,OH
su_20240707_0805_M-482,2024-07-07,8:05,-3.16502,35.60167,,,M-482,M-542,M-543,,,,OH
su_20240616_0737_E-289,2024-06-16,7:37,-3.11373,35.56464,,,E-289,E-347,,,,,PN
su_20240618_0720_E-307,2024-06-18,7:20,-3.11399,35.56512,,,E-307,E-354,,,,,PN
su_20240619_0707_E-307,2024-06-19,7:07,-3.11360,35.56877,,,E-307,E-354,,,,,PN
su_20240903_0950_L-428,2024-09-03,9:50,-3.17815,35.56841,,,L-428,L-557,L-558,,,,PN+HM
su_20240903_0955_L-439,2024-09-03,9:55,-3.17761,35.57019,,,L-439,L-553,,,,,PN+HM
su_20240903_0959_L-474,2024-09-03,9:59,-3.17484,35.56980,,,L-474,L-567,,,,,PN+HM
su_20240910_0827_M-467,2024-09-10,8:27,-3.15867,35.58900,den Burned,,M-467,M-551,,,,,PN+HM
su_20240915_0824_L-474,2024-09-15,8:24,-3.16275,35.57018,den Love,,L-474,L-567,,,,,PN+HM
su_20240918_0752_L-474,2024-09-18,7:52,-3.16627,35.55697,,,L-474,L-567,,,,,PN+HM
su_20240919_0649_L-510,2024-09-19,6:49,-3.16275,35.57018,den Love,,L-510,L-571,,,,,PN+HM
su_20240920_0707_M-508,2024-09-20,7:07,-3.15871,35.58507,den Moldau 2,,M-508,M-555,M-556,,,,PN+HM
su_20240920_0730_M-467,2024-09-20,7:30,-3.15871,35.58507,den Moldau 2,,M-467,M-551,,,,,PN+HM
su_20240920_0851_L-329,2024-09-20,8:51,-3.16900,35.55883,den Locki,,L-329,L-574,,,,,PN+HM
su_20240921_1626_L-439,2024-09-21,16:26,-3.17211,35.57194,,,L-439,L-553,,,,,PN+HM
su_20240921_1640_L-329,2024-09-21,16:40,-3.16900,35.55883,den Locki,,L-329,L-574,,,,,PN+HM
su_20240921_1723_L-429,2024-09-21,17:23,-3.16355,35.56282,,,L-429,L-569,,,,,PN+HM
su_20241006_1722_L-498,2024-10-06,17:22,-3.16900,35.55883,den Locki,,L-498,L-573,,,,,PN+HM
su_20241007_0718_L-439,2024-10-07,7:18,-3.16762,35.57003,,,L-439,L-553,,,,,PN+HM
su_20241011_1649_S-193,2024-10-11,16:49,-3.20002,35.57159,den Simple,,S-193,S-442,,,,,PN+HM
su_20241012_0743_L-449,2024-10-12,7:43,-3.16900,35.55883,den Locki,,L-449,L-572,,,,,MM
su_20241014_0710_L-510,2024-10-14,7:10,-3.16955,35.55913,,,L-510,L-571,,,,,HM+MM
su_20241015_0652_S-193,2024-10-15,6:52,-3.20001,35.57171,den Simple,,S-193,S-442,,,,,PN
su_20241015_0845_S-265,2024-10-15,8:45,-3.19591,35.57582,,,S-265,S-430,,,,,PN
su_20241015_1629_L-449,2024-10-15,16:29,-3.16900,35.55883,den Locki,,L-449,L-572,,,,,HM+MM
su_20241015_1715_M-484,2024-10-15,17:15,-3.15885,35.58514,den Moldau,,M-484,M-554,,,,,HM+MM
su_20241016_0717_L-449,2024-10-16,7:17,-3.16900,35.55883,den Locki,,L-449,L-572,,,,,HM+MM
su_20241017_1719_L-449,2024-10-17,17:19,-3.16900,35.55883,den Locki,,L-449,L-572,,,,,HM+MM
su_20241015_0637_M-484,2024-10-23,6:37,-3.15885,35.58514,den Moldau,,M-484,M-553,,,,,HM+MM
su_20241025_0715_S-265,2024-10-25,7:15,-3.19957,35.58033,,,S-265,S-430,,,,,PN
su_20241025_1627_M-484,2024-10-25,16:27,-3.15885,35.58514,den Moldau,,M-484,M-553,,,,,HM+MM
su_20241025_1544_M-508,2024-10-25,15:44,-3.15885,35.58514,den Moldau,,M-508,M-555,M-556,,,,HM+MM
su_20241026_1629_M-487,2024-10-26,16:29,-3.15885,35.58514,den Moldau,M-559 or M-560,M-487,cub,,,,,HM+MM
su_20241026_1700_M-451,2024-10-26,17:00,-3.15885,35.58514,den Moldau,,M-451,M-557,M-558,,,,HM+MM
su_20241026_1701_M-467,2024-10-26,17:01,-3.15885,35.58514,den Moldau,,M-467,M-551,,,,,HM+MM
su_20241028_0849_M-429,2024-10-28,8:49,-3.15751,35.59274,,,M-429,M-561,,,,,HM+MM
su_20241030_1616_M-484,2024-10-30,16:16,-3.15750,35.59256,den Matata,,M-484,M-553,,,,,PN
su_20241030_1616_M-487,2024-10-30,16:16,-3.15750,35.59256,den Matata,,M-487,M-559,M-560,,,,PN
su_20241103_1630_M-484,2024-11-03,16:30,-3.15750,35.59256,den Matata,,M-484,M-554,,,,,PN
su_20241103_0638_C-089,2024-11-05,6:38,-3.14835,35.64017,,,C-089,C-089_cub,,,,,PN
su_20241105_1007_S-380,2024-11-05,10:07,-3.20340,35.57546,den sobai 4,,S-380,S-380_dark_cub,,,,,PN
su_20241107_0650_L-544,2024-11-07,6:50,-3.16599,35.56317,den Lemon,,L-544,L-575,,,,,MM
su_20241115_0949_M-469,2024-11-15,9:49,-3.19481,35.60302,,,M-469,M-539,,,,,HM+MM
su_20241116_0834_M-487,2024-11-16,8:34,-3.15750,35.59256,den Messi,,M-487,M-559,,,,,HM+MM
su_20241116_1103_S-161,2024-11-16,11:03,-3.20125,35.58120,,,S-161,S-440,,,,,HM+MM
su_20241118_0647_S-222,2024-11-18,6:47,-3.20119,35.57622,,,S-222,S-428,,,,,PN
su_20241119_1600_M-508,2024-11-19,16:00,-3.15750,35.59256,den Messi,,M-508,M-555,M-556,,,,HM+MM
su_20241120_0826_M-451,2024-11-20,08:26,-3.15828,35.59359,den Messi,M-557 or M-558,M-451,cub,,,,,HM+MM
su_20241121_0826_M-487,2024-11-21,07:17,-3.15828,35.59359,den Messi,,M-487,M-559,M-560,,,,HM+MM
su_20241121_0826_M-451,2024-11-21,07:17,-3.15828,35.59359,den Messi,,M-451,M-557,M-558,,,,HM+MM
su_20241122_0808_M-484,2024-11-22,08:08,-3.15828,35.59359,den Messi,,M-484,M-553,,,,,HM+MM
su_20241122_0835_M-487,2024-11-22,08:35,-3.15828,35.59359,den Messi,,M-487,M-559,M-560,,,,HM+MM
su_20241123_0732_S-380,2024-11-23,7:32,-3.20340,35.57546,den Sobai 4,,S-380,S-380_dark_cub1,S-380_dark_cub2,,,,PN
su_20241127_0643_M-487,2024-11-27,6:43,-3.16415,35.61254,den Madaraka,,M-487,M-560,,,,,HM+MM
su_20241126_0659_E-285,2024-11-26,6:59,-3.14700,35.57450,den Empakai,,E-285,E-285_cub1,E-285_cub2,,,,PN
su_20241127_0643_M-487,2024-11-27,6:43,-3.16415,35.61254,den Madaraka,M-559 or M-560,M-487,cub,,,,,HM+MM
su_20241127_0643_M-508,2024-11-27,6:43,-3.16415,35.61254,den Madaraka,,M-508,M-555,M-556,,,,HM+MM
su_20241128_0653_E-281,2024-11-28,6:53,-3.14700,35.57450,den Empakai,,E-281,E-281_cub1,,,,,PN
su_20241128_0653_E-285,2024-11-28,6:53,-3.14700,35.57450,den Empakai,,E-285,E-285_cub1,E-285_cub2,,,,PN
su_20241128_0653_E-322,2024-11-28,6:53,-3.14700,35.57450,den Empakai,,E-322,E-322_cub1,,,,,PN
su_20241129_1618_M-487,2024-11-27,16:18,-3.16415,35.61254,den Madaraka,,M-487,M-559,M-560,,,,HM+MM
su_20241129_1618_M-429,2024-11-27,16:18,-3.16415,35.61254,den Madaraka,,M-429,M-561,M-562,,,,HM+MM
su_20241130_0805_M-467,2024-11-30,8:05,-3.15383,35.59057,,,M-467,M-551,,,,,HM+MM
su_20241130_0904_M-467,2024-11-30,9:04,-3.15336,35.59049,,,M-467,M-551,,,,,HM+MM
su_20241204_0655_S-235,2024-12-04,6:55,-3.14700,35.57450,den Empakai,,S-235,S-notched,,,,,PN
su_20241204_0655_S-286,2024-12-04,6:55,-3.14700,35.57450,den Empakai,,S-286,S-286_cub1,,,,,PN
su_20241204_0655_S-380,2024-12-04,6:55,-3.14700,35.57450,den Empakai,,S-380,S-380_dark_cub1,,,,,PN
su_20241206_1613_M-482,2024-12-06,16:13,-3.16415,35.61254,den Madaraka,,M-482,M-482_cub1,M-482_cub2,,,,HM+MM
su_20241206_1615_M-487,2024-12-06,16:15,-3.16415,35.61254,den Madaraka,,M-487,M-559,M-560,,,,HM+MM
su_20241206_1658_M-484,2024-12-06,16:58,-3.15761,35.59173,,,M-484,M-553,,,,,HM+MM
su_20241207_1119_L-508,2024-12-07,11:19,-3.18247,35.56787,,,L-508,L-564,,,,,MM
su_20241208_0924_A-381,2024-12-08,9:24,-3.15892,35.52140,,,A-381,A-625,A-626,,,,PN+HM
su_20241210_1509_M-429,2024-12-10,15:09,-3.16415,35.61254,den Madaraka,,M-429,M-561,M-562,,,,MM
su_20241210_1545_M-508,2024-12-10,15:45,-3.16415,35.61254,den Madaraka,,M-508,M-555,M-556,,,,MM
su_20241211_0730_M-482,2024-12-11,7:30,-3.15800,35.59150,den Mucki,,M-482,M-482_cub1,M-482_cub2,,,,MM
su_20241211_0749_L-510,2024-12-11,7:49,-3.16333,35.56769,den Levolosi,,L-510,L-571,,,,,MM
su_20241213_1556_M-451,2024-12-13,15:56,-3.16415,35.61254,den Madaraka,,M-451,M-557,M-558,,,,MM+PN+HM
su_20241213_1640_M-484,2024-12-13,16:40,-3.15800,35.59150,den Mucki,,M-484,M-553,,,,,MM+PN+HM
