date,transect,area_covered_in_sqkm,start,stop,WIL_ad,WIL_ju,ZEB_ad,ZEB_ju,GGR_ad,GGR_ju,GTH_ad,GTH_ju,BUF_ad,BUF_ju,KON_ad,KON_ju,WAR_ad,WAR_ju,OST_ad,OST_ju,ELA_ad,ELA_ju,RHI_ad,RHI_ju,HYC_ad,HYC_ju,LIO_ad,LIO_ju,JBB_ad,JBB_ju,JGO_ad,JGO_ju,JSS_ad,SJSS_ju,BEF_ad,BEF_ju,CHE_ad,CHE_ju,KOB_ad,KOB_ju,CRC_ad,CRC_ju,STW_ad,STW_juv,SER_ad,SER_juv,ELE_ad,ELE_juv,HOB_ad,HOB_juv,observer,main_prey,comments
1997-06-30,A1,1.2,,,1,0,0,0,47,1,3,0,0,0,8,2,0,0,0,0,0,0,0,0,0,0,0,0,0,0,0,0,0,0,0,0,0,0,,,,,,,,,,,,,OH+BW,52,
1997-06-30,A2,1.2,,,14,0,104,14,2,0,104,7,0,0,6,0,0,0,0,0,0,0,0,0,0,0,0,0,0,0,6,0,0,0,0,0,0,0,,,,,,,,,,,,,OH+BW,245,
1997-06-30,A3,1.2,,,0,0,0,0,104,4,1,0,0,0,10,0,0,0,0,0,0,0,0,0,0,0,0,0,0,0,0,0,0,0,0,0,0,0,,,,,,,,,,,,,OH+BW,109,
1997-06-30,M1,1.2,,,289,51,21,4,1,0,18,0,0,0,0,0,0,0,0,0,0,0,0,0,0,0,0,0,0,0,1,0,0,0,0,0,0,0,,,,,,,,,,,,,OH+BW,384,
1997-06-30,M2,1.2,,,64,5,5,2,5,0,14,0,2,0,0,0,0,0,0,0,0,0,0,0,0,0,0,0,1,0,0,0,0,0,0,0,0,0,,,,,,,,,,,,,OH+BW,97,
1997-06-30,M3,1.2,,,137,6,0,0,8,1,84,5,0,0,0,0,5,4,2,0,0,0,0,0,1,0,0,0,1,0,0,0,0,0,0,0,0,0,,,,,,,,,,,,,OH+BW,241,
1997-07-01,L1,1.2,,,13,0,431,62,17,0,0,0,0,0,0,0,1,0,0,0,0,0,0,0,0,0,0,0,1,0,0,0,0,0,0,0,0,0,,,,,,,,,,,,,OH+BW,523,
1997-07-01,L2,1.2,,,1,0,0,0,61,3,0,0,0,0,0,0,2,0,4,0,0,0,0,0,0,0,0,0,0,0,0,0,0,0,0,0,0,0,,,,,,,,,,,,,OH+BW,65,
1997-07-01,L3,1.2,,,0,0,0,0,11,0,43,1,0,0,10,2,0,0,0,0,0,0,0,0,0,0,0,0,0,0,0,0,0,0,4,0,0,0,,,,,,,,,,,,,OH+BW,55,
1997-07-14,L1,1.2,,,38,3,104,3,12,0,0,0,0,0,14,0,0,0,3,0,0,0,0,0,0,0,0,0,0,0,0,0,0,0,0,0,0,0,,,,,,,,,,,,,OH+BW,160,
1997-07-14,L2,1.2,,,0,0,0,0,4,0,0,0,0,0,0,0,0,0,0,0,0,0,0,0,0,0,0,0,0,0,0,0,0,0,0,0,0,0,,,,,,,,,,,,,OH+BW,4,
1997-07-14,L3,1.2,,,16,0,0,0,16,1,56,6,0,0,1,0,4,0,0,0,0,0,0,0,0,0,0,0,0,0,0,0,0,0,4,0,0,0,,,,,,,,,,,,,OH+BW,95,
1997-07-14,M1,1.2,,,6,0,5,0,14,1,64,0,2,0,0,0,0,0,1,0,0,0,0,0,0,0,0,0,0,0,0,0,0,0,0,0,0,0,,,,,,,,,,,,,OH+BW,92,
1997-07-14,M2,1.2,,,3,0,8,0,32,0,21,1,0,0,0,0,0,0,2,0,6,0,0,0,0,0,0,0,0,0,0,0,0,0,0,0,0,0,,,,,,,,,,,,,OH+BW,65,
1997-07-14,M3,1.2,,,15,0,0,0,3,0,132,4,0,0,0,0,0,0,0,0,0,0,0,0,7,0,0,0,0,0,2,0,0,0,4,0,0,0,,,,,,,,,,,,,OH+BW,154,
1997-07-15,A1,1.2,,,11,1,6,1,25,2,7,0,0,0,5,0,0,0,0,0,0,0,0,0,0,0,1,0,0,0,0,0,0,0,0,0,0,0,,,,,,,,,,,,,OH+BW,53,
1997-07-15,A2,1.2,,,543,77,59,6,1,0,49,0,0,0,0,0,0,0,0,0,0,0,0,0,0,0,0,0,0,0,6,0,0,0,3,0,0,0,,,,,,,,,,,,,OH+BW,735,
1997-07-15,A3,1.2,,,5,0,0,0,51,5,0,0,0,0,1,0,0,0,0,0,0,0,0,0,5,0,0,0,0,0,0,0,0,0,2,0,0,0,,,,,,,,,,,,,OH+BW,61,
1997-07-26,L1,1.2,,,0,0,0,0,5,0,0,0,0,0,4,0,0,0,0,0,0,0,0,0,0,0,0,0,0,0,0,0,0,0,0,0,0,0,,,,,,,,,,,,,OH+BW,5,
1997-07-26,L2,1.2,,,0,0,0,0,15,1,1,0,0,0,0,0,0,0,0,0,0,0,0,0,0,0,0,0,0,0,0,0,0,0,0,0,0,0,,,,,,,,,,,,,OH+BW,17,
1997-07-26,L3,1.2,,,21,0,0,0,3,0,62,5,0,0,1,0,0,0,0,0,0,0,0,0,2,0,0,0,1,0,0,0,0,0,7,1,0,0,,,,,,,,,,,,,OH+BW,91,
1997-07-26,M1,1.2,,,0,0,0,0,19,2,75,6,0,0,0,0,4,2,0,0,0,0,0,0,0,0,0,0,0,0,0,0,0,0,0,0,0,0,,,,,,,,,,,,,OH+BW,102,
1997-07-26,M2,1.2,,,0,0,0,0,0,0,35,0,0,0,0,0,0,0,0,0,0,0,0,0,0,0,0,0,0,0,0,0,0,0,0,0,0,0,,,,,,,,,,,,,OH+BW,35,
1997-07-26,M3,1.2,,,2,0,0,0,4,0,55,1,0,0,0,0,0,0,0,0,0,0,0,0,5,6,0,0,0,0,2,0,0,0,4,0,0,0,,,,,,,,,,,,,OH+BW,62,
1997-07-27,A1,1.2,,,1,0,0,0,13,0,48,0,0,0,4,0,0,0,0,0,0,0,0,0,0,0,0,0,2,0,0,0,0,0,0,0,0,0,,,,,,,,,,,,,OH+BW,62,
1997-07-27,A2,1.2,,,147,0,2,0,1,0,13,1,0,0,0,0,0,0,0,0,0,0,0,0,0,0,0,0,0,0,3,0,0,0,0,0,0,0,,,,,,,,,,,,,OH+BW,164,
1997-07-27,A3,1.2,,,25,0,13,0,22,0,1,0,0,0,0,0,1,0,0,0,0,0,0,0,11,6,0,0,0,0,0,0,0,0,0,0,0,0,,,,,,,,,,,,,OH+BW,61,
1997-08-11,L1,1.2,,,307,0,189,36,0,0,0,0,0,0,0,0,0,0,0,0,0,0,0,0,0,0,0,0,0,0,0,0,0,0,0,0,0,0,,,,,,,,,,,,,OH+BW,532,
1997-08-11,L2,1.2,,,59,6,205,30,20,0,5,0,0,0,1,0,0,0,2,0,0,0,0,0,0,0,0,0,0,0,0,0,0,0,2,0,0,0,,,,,,,,,,,,,OH+BW,325,
1997-08-11,L3,1.2,,,151,0,2,0,16,0,28,0,0,0,1,0,0,0,0,0,0,0,0,0,2,0,4,1,0,0,0,0,0,0,2,0,0,0,,,,,,,,,,,,,OH+BW,197,
1997-08-11,M1,1.2,,,0,0,0,0,1,0,89,3,0,0,0,0,0,0,0,0,0,0,0,0,0,0,0,0,0,0,0,0,0,0,2,0,0,0,,,,,,,,,,,,,OH+BW,93,
1997-08-11,M2,1.2,,,0,0,0,0,0,0,33,0,1,0,0,0,0,0,0,0,0,0,0,0,0,0,0,0,2,0,0,0,0,0,0,0,0,0,,,,,,,,,,,,,OH+BW,34,
1997-08-11,M3,1.2,,,2,0,7,0,0,0,22,1,0,0,0,0,0,0,1,0,0,0,0,0,13,0,0,0,0,0,0,0,0,0,3,0,0,0,,,,,,,,,,,,,OH+BW,32,
1997-08-12,A1,1.2,,,0,0,16,4,9,0,20,0,0,0,5,0,0,0,0,0,0,0,0,0,0,0,0,0,0,0,0,0,0,0,0,0,0,0,,,,,,,,,,,,,OH+BW,49,
1997-08-12,A2,1.2,,,0,0,3,0,6,0,31,0,0,0,0,0,0,0,1,0,0,0,0,0,0,0,0,0,1,0,0,0,0,0,0,0,0,0,,,,,,,,,,,,,OH+BW,40,
1997-08-12,A3,1.2,,,0,0,0,0,5,0,0,0,0,0,0,0,0,0,0,0,0,0,0,0,2,9,0,0,0,0,0,0,0,0,0,0,0,0,,,,,,,,,,,,,OH+BW,5,
1997-08-25,L1,1.2,,,22,0,0,0,2,0,0,0,0,0,0,0,0,0,0,0,0,0,0,0,0,0,0,0,4,0,0,0,0,0,0,0,0,0,,,,,,,,,,,,,OH+BW,24,
1997-08-25,L2,1.2,,,63,0,1063,92,14,1,6,0,0,0,13,1,0,0,0,0,0,0,0,0,0,0,3,0,1,0,0,0,0,0,3,0,1,0,,,,,,,,,,,,,OH+BW,1239,
1997-08-25,L3,1.2,,,28,0,0,0,10,1,99,0,0,0,0,0,0,0,0,0,0,0,0,0,0,0,0,0,0,0,0,0,0,0,0,0,0,0,,,,,,,,,,,,,OH+BW,138,
1997-08-25,M1,1.2,,,0,0,0,0,3,0,108,5,0,0,0,0,0,0,0,0,0,0,0,0,0,0,0,0,0,0,0,0,0,0,0,0,0,0,,,,,,,,,,,,,OH+BW,116,
1997-08-25,M2,1.2,,,0,0,0,0,1,0,40,0,0,0,0,0,0,0,0,0,0,0,0,0,0,0,0,0,0,0,0,0,0,0,0,0,0,0,,,,,,,,,,,,,OH+BW,41,
1997-08-25,M3,1.2,,,0,0,0,0,0,0,5,0,0,0,0,0,0,0,1,0,0,0,0,0,4,8,0,0,0,0,0,0,0,0,4,0,0,0,,,,,,,,,,,,,OH+BW,5,
1997-08-26,A1,1.2,,,0,0,0,0,2,0,11,0,0,0,0,0,0,0,0,0,0,0,0,0,0,0,1,0,0,0,3,0,0,0,0,0,0,0,,,,,,,,,,,,,OH+BW,13,
1997-08-26,A2,1.2,,,359,37,41,2,0,0,61,0,0,0,0,0,0,0,0,0,0,0,0,0,0,0,1,2,0,0,1,0,0,0,0,0,0,0,,,,,,,,,,,,,OH+BW,500,
1997-08-26,A3,1.2,,,0,0,4,0,0,0,0,0,0,0,4,0,0,0,1,0,0,0,0,0,6,4,0,0,0,0,0,0,0,0,0,0,0,0,,,,,,,,,,,,,OH+BW,4,
1997-09-09,M1,1.2,,,0,0,0,0,1,0,57,4,0,0,0,0,0,0,0,0,0,0,0,0,0,0,0,0,0,0,0,0,0,0,0,0,0,0,,,,,,,,,,,,,OH+BW,62,
1997-09-09,M2,1.2,,,0,0,0,0,0,0,55,5,0,0,0,0,0,0,0,0,0,0,0,0,0,0,0,0,1,0,0,0,0,0,0,0,0,0,,,,,,,,,,,,,OH+BW,60,
1997-09-09,M3,1.2,,,17,0,0,0,0,0,9,1,0,0,0,0,0,0,0,0,0,0,0,0,0,10,0,0,0,0,2,0,0,0,5,0,0,0,,,,,,,,,,,,,OH+BW,27,
1997-09-10,A1,1.2,,,995,281,420,38,0,0,30,0,0,0,4,1,0,0,2,0,0,0,0,0,5,0,0,0,1,0,1,0,0,0,0,0,0,0,,,,,,,,,,,,,OH+BW,1764,
1997-09-10,A2,1.2,,,218,10,78,13,0,0,28,0,0,0,0,0,0,0,0,0,0,0,0,0,0,0,0,1,0,0,1,0,0,0,0,0,0,0,,,,,,,,,,,,,OH+BW,347,
1997-09-10,A3,1.2,,,0,0,0,0,5,0,0,0,0,0,0,0,0,0,0,0,0,0,0,0,3,0,0,0,0,0,0,0,0,0,1,0,0,0,,,,,,,,,,,,,OH+BW,5,
1997-09-10,L1,1.2,,,13,0,22,2,9,0,0,0,0,0,0,0,0,0,0,0,0,0,0,0,0,0,0,0,3,0,0,0,0,0,6,0,0,0,,,,,,,,,,,,,OH+BW,46,
1997-09-10,L2,1.2,,,0,0,52,2,10,0,80,3,0,0,0,0,3,1,1,0,0,0,0,0,0,0,0,0,0,0,0,0,0,0,6,0,0,0,,,,,,,,,,,,,OH+BW,147,
1997-09-10,L3,1.2,,,134,15,45,6,0,0,46,1,0,0,0,0,0,0,0,0,0,0,0,0,1,2,0,0,0,0,2,0,0,0,2,0,0,0,,,,,,,,,,,,,OH+BW,247,
1997-09-28,L1,1.2,,,0,0,0,0,0,0,0,0,0,0,0,0,0,0,0,0,0,0,0,0,0,0,0,0,0,0,0,0,0,0,4,0,0,0,,,,,,,,,,,,,OH+BW,0,
1997-09-28,L2,1.2,,,0,0,73,15,2,0,3,0,0,0,0,0,1,0,1,0,0,0,0,0,0,0,0,0,0,0,0,0,0,0,0,0,0,0,,,,,,,,,,,,,OH+BW,93,
1997-09-28,L3,1.2,,,146,37,8,2,10,0,69,2,0,0,0,0,2,0,0,0,0,0,0,0,1,0,0,0,0,0,0,0,0,0,0,0,0,0,,,,,,,,,,,,,OH+BW,274,
1997-09-28,M1,1.2,,,0,0,0,0,8,0,50,0,0,0,0,0,0,0,0,0,0,0,0,0,0,0,0,0,0,0,0,0,0,0,0,0,0,0,,,,,,,,,,,,,OH+BW,58,
1997-09-28,M2,1.2,,,0,0,0,0,5,0,39,2,0,0,0,0,0,0,1,0,0,0,0,0,0,0,0,0,0,0,0,0,0,0,0,0,0,0,,,,,,,,,,,,,OH+BW,46,
1997-09-28,M3,1.2,,,0,0,0,0,0,0,7,0,0,0,0,0,0,0,1,0,0,0,0,0,4,3,0,0,0,0,0,0,0,0,2,0,0,0,,,,,,,,,,,,,OH+BW,7,
1997-09-29,A1,1.2,,,4066,0,204,18,0,0,22,0,0,0,0,0,0,0,0,0,0,0,0,0,0,0,0,0,0,0,0,0,0,0,0,0,0,0,,,,,,,,,,,,,OH+BW,4310,
1997-09-29,A2,1.2,,,58,0,47,4,2,0,37,0,0,0,0,0,0,0,0,0,0,0,0,0,0,0,0,0,0,0,1,0,0,0,0,0,0,0,,,,,,,,,,,,,OH+BW,148,
1997-09-29,A3,1.2,,,0,0,0,0,2,0,0,0,0,0,0,0,0,0,0,0,0,0,0,0,2,0,0,0,2,0,0,0,0,0,0,0,0,0,,,,,,,,,,,,,OH+BW,2,
1997-10-12,L1,1.2,,,0,0,33,7,3,1,0,0,0,0,0,0,0,0,0,0,0,0,0,0,0,0,0,0,0,0,0,0,0,0,2,2,0,0,,,,,,,,,,,,,OH+BW,44,
1997-10-12,L2,1.2,,,0,0,0,0,0,0,50,0,0,0,0,0,6,0,2,0,0,0,0,0,0,0,0,0,0,0,0,0,0,0,2,0,0,0,,,,,,,,,,,,,OH+BW,50,
1997-10-12,L3,1.2,,,0,0,6,0,16,0,58,4,0,0,10,0,3,0,0,0,0,0,0,0,0,0,0,0,0,0,1,0,0,0,0,0,0,0,,,,,,,,,,,,,OH+BW,84,
1997-10-12,M1,1.2,,,0,0,0,0,11,1,18,1,0,0,0,0,2,0,0,0,0,0,0,0,1,0,0,0,0,0,0,0,0,0,0,0,0,0,,,,,,,,,,,,,OH+BW,31,
1997-10-12,M2,1.2,,,0,0,0,0,0,0,4,0,0,0,0,0,0,0,1,0,0,0,0,0,0,0,0,0,0,0,0,0,0,0,0,0,0,0,,,,,,,,,,,,,OH+BW,4,
1997-10-12,M3,1.2,,,0,0,5,0,13,1,7,0,0,0,0,0,0,0,0,0,0,0,0,0,0,4,0,0,0,0,0,0,0,0,2,0,0,0,,,,,,,,,,,,,OH+BW,26,
1997-10-13,A1,1.2,,,48,0,134,22,0,0,31,0,0,0,0,0,1,1,0,0,0,0,0,0,1,2,0,0,1,0,1,0,0,0,0,0,0,0,,,,,,,,,,,,,OH+BW,235,
1997-10-13,A2,1.2,,,0,0,43,4,0,0,11,0,0,0,0,0,0,0,0,0,0,0,0,0,0,0,0,0,0,0,0,0,0,0,3,0,0,0,,,,,,,,,,,,,OH+BW,58,
1997-10-13,A3,1.2,,,0,0,0,0,12,0,44,0,0,0,3,0,2,1,0,0,0,0,0,0,3,0,0,0,1,0,0,0,0,0,2,0,0,0,,,,,,,,,,,,,OH+BW,56,
1998-01-19,A1,1.2,,,3,0,0,0,0,0,0,0,0,0,0,0,0,0,0,0,0,0,0,0,0,0,0,0,0,0,0,0,0,0,0,0,0,0,,,,,,,,,,,,,OH+BW,3,
1998-01-19,A2,1.2,,,0,0,0,0,25,0,25,0,0,0,0,0,0,0,0,0,0,0,0,0,0,0,0,0,0,0,0,0,0,0,0,0,0,0,,,,,,,,,,,,,OH+BW,50,
1998-01-19,A3,1.2,,,0,0,0,0,0,0,0,0,0,0,0,0,0,0,0,0,0,0,0,0,0,0,0,0,0,0,0,0,0,0,0,0,0,0,,,,,,,,,,,,,OH+BW,0,
1998-01-19,L1,1.2,,,200,0,90,10,0,0,0,0,0,0,0,0,0,0,0,0,0,0,0,0,0,0,0,0,0,0,0,0,0,0,0,0,0,0,,,,,,,,,,,,,OH+BW,300,
1998-01-19,L2,1.2,,,0,0,0,0,0,0,0,0,0,0,0,0,0,0,0,0,0,0,0,0,0,0,0,0,0,0,0,0,0,0,0,0,0,0,,,,,,,,,,,,,OH+BW,0,
1998-01-19,L3,1.2,,,0,0,0,0,20,0,80,0,0,0,0,0,0,0,0,0,0,0,0,0,0,0,0,0,0,0,0,0,0,0,0,0,0,0,,,,,,,,,,,,,OH+BW,100,
1998-01-19,M1,1.2,,,580,0,153,21,5,0,1,0,0,0,0,0,0,0,0,0,0,0,0,0,1,0,2,0,0,0,0,0,0,0,0,0,0,0,,,,,,,,,,,,,OH+BW,760,
1998-01-19,M2,1.2,,,350,0,40,2,1,0,0,0,70,0,0,0,0,0,0,0,1,0,0,0,0,0,0,0,0,0,0,0,0,0,0,0,0,0,,,,,,,,,,,,,OH+BW,463,
1998-01-19,M3,1.2,,,62,0,9,1,0,0,12,0,0,0,0,0,0,0,0,0,0,0,0,0,2,0,0,0,0,0,0,0,0,0,0,0,0,0,,,,,,,,,,,,,OH+BW,84,
1998-02-04,L1,1.2,,,0,0,0,0,2,0,0,0,0,0,0,0,0,0,1,0,0,0,0,0,0,0,0,0,0,0,0,0,0,0,0,0,0,0,,,,,,,,,,,,,OH+BW,2,
1998-02-04,L2,1.2,,,0,0,0,0,2,0,0,0,0,0,0,0,0,0,12,0,0,0,0,0,0,0,0,0,0,0,0,0,0,0,0,0,0,0,,,,,,,,,,,,,OH+BW,2,
1998-02-04,L3,1.2,,,0,0,0,0,20,0,80,0,0,0,0,0,0,0,0,0,0,0,0,0,0,0,0,0,0,0,0,0,0,0,0,0,0,0,,,,,,,,,,,,,OH+BW,100,
1998-02-04,M1,1.2,,,226,0,65,5,4,0,5,0,0,0,0,0,0,0,0,0,0,0,0,0,9,0,0,0,0,0,0,0,0,0,0,0,0,0,,,,,,,,,,,,,OH+BW,305,
1998-02-04,M2,1.2,,,198,0,29,0,1,0,0,0,0,0,0,0,0,0,8,0,0,0,0,0,0,0,0,0,0,0,0,0,0,0,0,0,0,0,,,,,,,,,,,,,OH+BW,228,
1998-02-04,M3,1.2,,,83,0,116,8,29,0,40,0,27,0,0,0,0,0,0,0,0,0,0,0,4,0,0,0,0,0,0,0,0,0,0,0,0,0,,,,,,,,,,,,,OH+BW,303,
1998-02-05,A1,1.2,,,0,0,0,0,20,0,0,0,0,0,0,0,0,0,0,0,0,0,0,0,0,0,0,0,0,0,0,0,0,0,0,0,0,0,,,,,,,,,,,,,OH+BW,20,
1998-02-05,A2,1.2,,,1,0,0,0,0,0,40,0,0,0,0,0,0,0,0,0,0,0,0,0,5,1,0,0,0,0,0,0,0,0,0,0,0,0,,,,,,,,,,,,,OH+BW,41,
1998-02-05,A3,1.2,,,0,0,0,0,0,0,0,0,0,0,0,0,0,0,0,0,0,0,0,0,0,0,0,0,0,0,0,0,0,0,0,0,0,0,,,,,,,,,,,,,OH+BW,0,
1998-02-07,N1,1.5,,,750,0,179,21,15,0,125,1,0,0,0,0,0,0,0,0,0,0,2,0,0,0,0,0,3,0,0,0,0,0,3,1,0,0,,,,,,,,,,,,,OH+BW,1091,
1998-02-07,N2,1.5,,,629,0,31,0,20,2,63,1,0,0,0,0,0,0,0,0,0,0,0,0,0,0,5,0,1,0,0,0,0,0,0,0,0,0,,,,,,,,,,,,,OH+BW,746,
1998-02-07,N3,0.6,,,0,0,0,0,0,0,0,0,0,0,0,0,0,0,0,0,0,0,0,0,0,0,0,0,0,0,0,0,0,0,0,0,0,0,,,,,,,,,,,,,OH+BW,0,
1998-02-18,L1,1.2,,,0,0,0,0,0,0,0,0,0,0,0,0,0,0,0,0,0,0,0,0,0,0,0,0,0,0,0,0,0,0,0,0,0,0,,,,,,,,,,,,,OH+BW,0,
1998-02-18,L2,1.2,,,0,0,0,0,1,0,0,0,0,0,0,0,2,0,0,0,0,0,0,0,0,0,0,0,0,0,0,0,0,0,2,0,0,0,,,,,,,,,,,,,OH+BW,1,
1998-02-18,L3,1.2,,,0,0,0,0,20,0,80,0,0,0,0,0,0,0,0,0,0,0,0,0,0,0,0,0,0,0,0,0,0,0,0,0,0,0,,,,,,,,,,,,,OH+BW,100,
1998-02-18,M1,1.2,,,2293,0,136,11,0,0,8,0,0,0,0,0,0,0,0,0,0,0,0,0,0,1,0,0,7,0,2,0,0,0,0,0,0,0,,,,,,,,,,,,,OH+BW,2448,
1998-02-18,M2,1.2,,,245,0,4,0,8,1,4,0,108,12,0,0,0,0,0,0,0,0,0,0,0,0,0,0,2,0,0,0,0,0,0,0,0,0,,,,,,,,,,,,,OH+BW,382,
1998-02-18,M3,1.2,,,90,0,89,5,9,0,42,1,0,0,0,0,0,0,0,0,0,0,0,0,0,0,0,0,0,0,0,0,0,0,0,0,0,0,,,,,,,,,,,,,OH+BW,236,
1998-02-20,A1,1.2,,,0,0,0,0,20,0,0,0,250,50,0,0,0,0,0,0,0,0,0,0,0,0,0,0,0,0,0,0,0,0,0,0,0,0,,,,,,,,,,,,,OH+BW,320,
1998-02-20,A2,1.2,,,1,0,0,0,0,0,40,0,0,0,0,0,0,0,0,0,0,0,0,0,0,0,0,0,0,0,0,0,0,0,0,0,0,0,,,,,,,,,,,,,OH+BW,41,
1998-02-20,A3,1.2,,,0,0,0,0,0,0,0,0,0,0,0,0,0,0,0,0,0,0,0,0,0,0,0,0,0,0,0,0,0,0,0,0,0,0,,,,,,,,,,,,,OH+BW,0,
1998-02-20,N1,1.5,,,208,0,210,26,3,1,74,2,0,0,0,0,0,0,0,0,0,0,0,0,0,0,0,0,2,0,1,0,0,0,0,0,0,0,,,,,,,,,,,,,OH+BW,524,
1998-02-20,N2,1.5,,,678,0,339,38,10,2,22,0,0,0,0,0,0,0,0,0,0,0,0,0,4,0,0,0,3,0,0,0,0,0,0,0,0,0,,,,,,,,,,,,,OH+BW,1089,
1998-02-20,N3,0.6,,,0,0,0,0,0,0,0,0,0,0,0,0,0,0,0,0,0,0,0,0,0,0,0,0,0,0,0,0,0,0,0,0,0,0,,,,,,,,,,,,,OH+BW,0,
1998-03-03,L1,1.2,,,0,0,0,0,0,0,0,0,0,0,0,0,0,0,0,0,0,0,0,0,0,0,0,0,0,0,0,0,0,0,0,0,0,0,,,,,,,,,,,,,OH+BW,0,
1998-03-03,L2,1.2,,,0,0,0,0,15,0,1,0,80,12,0,0,0,0,0,0,0,0,2,2,0,0,0,0,0,0,0,0,0,0,0,0,0,0,,,,,,,,,,,,,OH+BW,108,
1998-03-03,L3,1.2,,,0,0,0,0,3,0,96,0,0,0,0,0,0,0,0,0,0,0,0,0,0,0,0,0,2,0,0,0,0,0,7,0,0,0,,,,,,,,,,,,,OH+BW,99,
1998-03-03,M1,1.2,,,445,5,86,10,17,3,40,1,0,0,0,0,0,0,0,0,0,0,0,0,2,2,0,0,0,0,0,0,0,0,0,0,0,0,,,,,,,,,,,,,OH+BW,607,
1998-03-03,M2,1.2,,,63,0,2,0,25,2,7,0,0,0,0,0,0,0,3,0,0,0,0,0,1,0,0,0,1,0,0,0,0,0,3,0,1,0,,,,,,,,,,,,,OH+BW,99,
1998-03-03,M3,1.2,,,126,0,31,0,38,3,60,2,0,0,0,0,0,0,0,0,0,0,0,0,0,0,5,0,1,0,3,0,0,0,0,0,0,0,,,,,,,,,,,,,OH+BW,260,
1998-03-04,A1,1.2,,,0,0,0,0,40,1,2,0,212,15,9,0,0,0,0,0,0,0,0,0,0,0,0,0,2,0,0,0,0,0,0,0,0,0,,,,,,,,,,,,,OH+BW,270,
1998-03-04,A2,1.2,,,0,0,0,0,7,0,43,1,252,38,0,0,0,0,0,0,0,0,0,0,0,0,0,0,0,0,0,0,0,0,0,0,0,0,,,,,,,,,,,,,OH+BW,341,
1998-03-04,A3,1.2,,,0,0,0,0,71,0,0,0,0,0,4,1,0,0,0,0,0,0,0,0,0,0,0,0,0,0,0,0,0,0,0,0,0,0,,,,,,,,,,,,,OH+BW,71,
1998-03-06,N1,1.5,,,271,5,75,7,17,3,79,2,0,0,0,0,0,0,0,0,0,0,0,0,0,0,0,0,2,0,0,0,0,0,0,0,0,0,,,,,,,,,,,,,OH+BW,459,
1998-03-06,N2,1.5,,,1138,4,12,1,1,0,193,1,0,0,0,0,0,0,0,0,2,0,0,0,0,0,0,0,4,0,4,0,0,0,0,0,0,0,,,,,,,,,,,,,OH+BW,1350,
1998-03-06,N3,0.6,,,0,0,0,0,1,0,4,0,0,0,0,0,0,0,0,0,0,0,0,0,0,0,0,0,0,0,0,0,0,0,2,0,0,0,,,,,,,,,,,,,OH+BW,5,
1998-03-17,A1,1.2,,,0,0,0,0,21,1,1,0,0,0,22,1,0,0,0,0,0,0,0,0,0,0,3,0,0,0,0,0,0,0,0,0,0,0,,,,,,,,,,,,,OH+BW,23,
1998-03-17,A2,1.2,,,0,0,0,0,31,2,62,0,0,0,10,0,0,0,0,0,0,0,0,0,0,0,0,0,0,0,0,0,0,0,0,0,0,0,,,,,,,,,,,,,OH+BW,95,
1998-03-17,A3,1.2,,,0,0,0,0,0,0,0,0,0,0,0,0,0,0,0,0,0,0,0,0,0,0,0,0,0,0,0,0,0,0,2,0,0,0,,,,,,,,,,,,,OH+BW,0,
1998-03-17,M1,1.2,,,916,123,104,15,5,1,12,0,0,0,0,0,0,0,0,0,7,0,0,0,1,2,0,0,4,0,0,0,0,0,0,0,0,0,,,,,,,,,,,,,OH+BW,1176,
1998-03-17,M2,1.2,,,107,29,12,1,3,0,6,0,0,0,0,0,0,0,0,0,0,0,0,0,1,1,0,0,2,0,0,0,0,0,1,0,0,0,,,,,,,,,,,,,OH+BW,158,
1998-03-17,M3,1.2,,,132,8,176,3,14,0,44,0,0,0,0,0,1,0,0,0,0,0,0,0,0,0,0,0,0,0,0,0,0,0,0,0,0,0,,,,,,,,,,,,,OH+BW,377,
1998-03-18,L1,1.2,,,0,0,0,0,0,0,0,0,0,0,2,0,0,0,0,0,0,0,0,0,0,0,0,0,0,0,0,0,0,0,0,0,0,0,,,,,,,,,,,,,OH+BW,0,
1998-03-18,L2,1.2,,,0,0,0,0,32,0,2,0,0,0,0,0,0,0,5,0,0,0,0,0,0,0,0,0,0,0,0,0,0,0,0,0,0,0,,,,,,,,,,,,,OH+BW,34,
1998-03-18,L3,1.2,,,0,0,0,0,12,1,164,0,0,0,7,0,0,0,0,0,0,0,0,0,0,0,0,0,0,0,0,0,0,0,0,0,0,0,,,,,,,,,,,,,OH+BW,177,
1998-03-18,N1,1.5,,,829,94,304,43,22,2,268,1,8,0,0,0,0,0,0,0,0,0,0,0,1,0,0,0,7,0,3,0,0,0,0,0,0,0,,,,,,,,,,,,,OH+BW,1571,
1998-03-18,N2,1.5,,,755,124,373,46,7,0,207,9,8,0,1,0,0,0,3,0,0,0,0,0,0,0,0,0,2,0,3,0,0,0,0,0,0,0,,,,,,,,,,,,,OH+BW,1529,
1998-03-18,N3,0.6,,,0,0,0,0,0,0,1,0,0,0,0,0,0,0,0,0,0,0,0,0,0,0,0,0,0,0,0,0,0,0,0,0,0,0,,,,,,,,,,,,,OH+BW,1,
1998-03-20,E1,1.5,,,0,0,0,0,9,0,0,0,340,60,6,0,0,0,0,0,0,0,0,0,0,0,0,0,0,0,0,0,0,0,0,0,0,0,,,,,,,,,,,,,OH+BW,409,
1998-03-20,E2,1.2,,,0,0,0,0,1,0,0,0,0,0,7,0,0,0,0,0,0,0,0,0,0,0,0,0,0,0,0,0,0,0,0,0,0,0,,,,,,,,,,,,,OH+BW,1,
1998-03-20,E3,1.2,,,0,0,0,0,0,0,0,0,0,0,0,0,1,0,0,0,0,0,0,0,0,0,0,0,0,0,0,0,0,0,0,0,0,0,,,,,,,,,,,,,OH+BW,0,
1998-03-31,L1,1.2,,,0,0,0,0,4,0,0,0,0,0,16,0,0,0,0,0,0,0,0,0,1,5,0,0,1,0,0,0,0,0,0,0,0,0,,,,,,,,,,,,,OH+BW,4,
1998-03-31,L2,1.2,,,0,0,9,0,12,0,0,0,0,0,12,0,0,0,0,0,0,0,0,0,0,0,0,0,0,0,0,0,0,0,0,0,0,0,,,,,,,,,,,,,OH+BW,21,
1998-03-31,L3,1.2,,,0,0,0,0,8,0,106,0,407,38,0,0,0,0,2,0,0,0,0,0,0,0,0,0,0,0,0,0,0,0,7,0,0,0,,,,,,,,,,,,,OH+BW,559,
1998-03-31,N1,1.5,,,482,128,85,18,9,3,182,5,0,0,0,0,0,0,0,0,4,0,0,0,0,0,0,0,1,0,5,0,0,0,0,0,0,0,,,,,,,,,,,,,OH+BW,912,
1998-03-31,N2,1.5,,,251,82,147,29,13,6,186,4,0,0,0,0,0,0,0,0,0,0,0,0,0,0,0,0,6,0,0,0,0,0,0,0,0,0,,,,,,,,,,,,,OH+BW,718,
1998-03-31,N3,0.6,,,0,0,0,0,0,0,0,0,0,0,0,0,0,0,0,0,0,0,0,0,0,0,0,0,0,0,0,0,0,0,0,0,0,0,,,,,,,,,,,,,OH+BW,0,
1998-04-01,M1,1.2,,,387,93,114,5,31,8,9,0,0,0,0,0,0,0,0,0,0,0,0,0,0,0,0,0,0,0,0,0,0,0,1,0,0,0,,,,,,,,,,,,,OH+BW,647,
1998-04-01,M2,1.2,,,53,14,14,2,0,0,0,0,6,0,0,0,1,0,0,0,0,0,0,0,0,0,0,0,2,0,0,0,0,0,2,0,0,0,,,,,,,,,,,,,OH+BW,89,
1998-04-01,M3,1.2,,,133,12,4,0,55,0,59,3,0,0,0,0,0,0,0,0,0,0,2,0,1,0,0,0,3,0,0,0,0,0,2,0,0,0,,,,,,,,,,,,,OH+BW,266,
1998-04-02,E1,1.5,,,0,0,0,0,6,0,0,0,0,0,2,0,0,0,0,0,0,0,0,0,0,0,0,0,0,0,0,0,0,0,0,0,0,0,,,,,,,,,,,,,OH+BW,6,
1998-04-02,E2,1.2,,,0,0,0,0,1,0,0,0,0,0,5,0,0,0,0,0,0,0,0,0,0,0,0,0,0,0,0,0,0,0,0,0,0,0,,,,,,,,,,,,,OH+BW,1,
1998-04-02,E3,1.2,,,0,0,0,0,0,0,0,0,0,0,0,0,0,0,0,0,0,0,0,0,0,0,0,0,0,0,0,0,0,0,0,0,0,0,,,,,,,,,,,,,OH+BW,0,
1998-04-03,A1,1.2,,,0,0,0,0,19,0,0,0,0,0,1,0,0,0,8,0,0,0,0,0,0,0,0,0,0,0,0,0,0,0,4,0,0,0,,,,,,,,,,,,,OH+BW,19,
1998-04-03,A2,1.2,,,0,0,0,0,1,0,43,0,0,0,0,0,0,0,0,0,0,0,0,0,0,0,0,0,1,0,4,2,0,0,0,0,0,0,,,,,,,,,,,,,OH+BW,44,
1998-04-03,A3,1.2,,,0,0,0,0,4,0,0,0,0,0,0,0,1,0,4,0,0,0,0,0,0,0,0,0,0,0,0,0,0,0,0,0,0,0,,,,,,,,,,,,,OH+BW,4,
1998-04-15,M1,1.2,,,648,237,3,0,0,0,17,0,0,0,0,0,0,0,0,0,0,0,0,0,0,0,0,0,0,0,0,0,0,0,0,0,0,0,,,,,,,,,,,,,OH+BW,905,
1998-04-15,M2,1.2,,,75,19,0,0,0,0,0,0,0,0,0,0,0,0,0,0,0,0,0,0,3,0,0,0,0,0,0,0,0,0,0,0,0,0,,,,,,,,,,,,,OH+BW,94,
1998-04-15,M3,1.2,,,164,18,350,51,17,0,28,1,0,0,0,0,1,0,0,0,0,0,0,0,0,0,0,0,0,0,0,0,0,0,0,0,0,0,,,,,,,,,,,,,OH+BW,629,
1998-04-16,L1,1.2,,,0,0,0,0,2,0,0,0,0,0,0,0,0,0,0,0,0,0,0,0,0,0,0,0,0,0,0,0,0,0,0,0,0,0,,,,,,,,,,,,,OH+BW,2,
1998-04-16,L2,1.2,,,0,0,2,0,2,0,0,0,0,0,0,0,0,0,0,0,0,0,3,0,0,0,0,0,0,0,0,0,0,0,0,0,0,0,,,,,,,,,,,,,OH+BW,4,
1998-04-16,L3,1.2,,,0,0,0,0,20,0,80,0,0,0,0,0,0,0,0,0,0,0,0,0,0,0,0,0,0,0,0,0,0,0,0,0,0,0,,,,,,,,,,,,,OH+BW,100,
1998-04-16,N1,1.5,,,792,154,272,41,0,0,69,0,0,0,0,0,0,0,0,0,0,0,0,0,0,0,0,0,0,0,2,0,0,0,0,0,0,0,,,,,,,,,,,,,OH+BW,1328,
1998-04-16,N2,1.5,,,319,122,127,28,0,0,48,2,0,0,0,0,0,0,3,0,0,0,0,0,0,0,0,0,0,0,0,0,0,0,0,0,0,0,,,,,,,,,,,,,OH+BW,646,
1998-04-16,N3,0.6,,,0,0,0,0,22,0,0,0,0,0,0,0,0,0,0,0,0,0,0,0,0,0,0,0,0,0,0,0,0,0,0,0,0,0,,,,,,,,,,,,,OH+BW,22,
1998-04-17,A1,1.2,,,0,0,0,0,20,0,0,0,0,0,0,0,0,0,0,0,0,0,0,0,0,0,0,0,0,0,0,0,0,0,0,0,0,0,,,,,,,,,,,,,OH+BW,20,
1998-04-17,A2,1.2,,,0,0,0,0,0,0,40,0,0,0,0,0,0,0,0,0,0,0,0,0,0,0,0,0,0,0,0,0,0,0,0,0,0,0,,,,,,,,,,,,,OH+BW,40,
1998-04-17,A3,1.2,,,0,0,0,0,0,0,0,0,0,0,0,0,0,0,0,0,0,0,0,0,0,0,0,0,0,0,0,0,0,0,0,0,0,0,,,,,,,,,,,,,OH+BW,0,
1998-04-17,E1,1.5,,,0,0,0,0,11,0,0,0,0,0,0,0,0,0,0,0,0,0,0,0,0,0,0,0,0,0,0,0,0,0,0,0,0,0,,,,,,,,,,,,,OH+BW,11,
1998-04-17,E2,1.2,,,0,0,0,0,0,0,0,0,0,0,5,0,0,0,0,0,0,0,0,0,0,0,0,0,0,0,0,0,0,0,0,0,0,0,,,,,,,,,,,,,OH+BW,0,
1998-04-17,E3,1.2,,,0,0,0,0,0,0,0,0,0,0,0,0,0,0,0,0,0,0,0,0,0,0,0,0,0,0,0,0,0,0,0,0,0,0,,,,,,,,,,,,,OH+BW,0,
1998-05-04,L1,1.2,,,0,0,0,0,0,0,0,0,0,0,0,0,0,0,0,0,0,0,0,0,1,3,0,0,0,0,0,0,0,0,0,0,0,0,,,,,,,,,,,,,OH+BW,0,
1998-05-04,L2,1.2,,,0,0,0,0,12,0,0,0,0,0,12,0,0,0,6,0,0,0,0,0,0,0,0,0,0,0,0,0,0,0,0,0,0,0,,,,,,,,,,,,,OH+BW,12,
1998-05-04,L3,1.2,,,0,0,0,0,20,0,80,0,0,0,0,0,0,0,0,0,0,0,0,0,0,0,0,0,0,0,0,0,0,0,0,0,0,0,,,,,,,,,,,,,OH+BW,100,
1998-05-04,M1,1.2,,,180,38,48,5,22,1,4,0,0,0,0,0,0,0,0,0,0,0,0,0,9,0,2,0,2,0,0,0,0,0,0,0,0,0,,,,,,,,,,,,,OH+BW,298,
1998-05-04,M2,1.2,,,39,11,94,7,2,2,3,0,0,0,0,0,2,0,3,0,0,0,0,0,0,0,0,0,0,0,0,0,0,0,0,0,0,0,,,,,,,,,,,,,OH+BW,158,
1998-05-04,M3,1.2,,,120,7,48,8,3,0,49,3,117,21,0,0,0,0,0,0,0,0,0,0,0,0,0,0,0,0,0,0,0,0,0,0,0,0,,,,,,,,,,,,,OH+BW,376,
1998-05-05,N1,1.5,,,369,160,28,4,7,0,106,0,0,0,0,0,0,0,0,0,0,0,0,0,0,0,0,0,0,0,1,0,0,0,0,0,0,0,,,,,,,,,,,,,OH+BW,674,
1998-05-05,N2,1.5,,,155,46,4,0,0,0,122,6,10,0,0,0,0,0,0,0,6,0,0,0,1,2,0,0,0,0,2,0,0,0,0,0,0,0,,,,,,,,,,,,,OH+BW,343,
1998-05-05,N3,0.6,,,67,0,20,2,0,0,0,0,0,0,0,0,0,0,0,0,0,0,0,0,0,0,0,0,0,0,0,0,0,0,0,0,0,0,,,,,,,,,,,,,OH+BW,89,
1998-05-06,E1,1.5,,,0,0,0,0,0,0,0,0,0,0,6,0,0,0,0,0,0,0,0,0,0,0,0,0,0,0,0,0,0,0,0,0,0,0,,,,,,,,,,,,,OH+BW,0,
1998-05-06,E2,1.2,,,0,0,0,0,0,0,0,0,0,0,0,0,0,0,10,0,0,0,0,0,0,0,0,0,0,0,0,0,0,0,0,0,0,0,,,,,,,,,,,,,OH+BW,0,
1998-05-06,E3,1.2,,,0,0,0,0,0,0,0,0,0,0,0,0,0,0,0,0,0,0,0,0,0,0,0,0,0,0,0,0,0,0,0,0,0,0,,,,,,,,,,,,,OH+BW,0,
1998-05-07,A1,1.2,,,0,0,0,0,28,0,2,0,0,0,20,0,0,0,0,0,0,0,0,0,0,0,0,0,0,0,0,0,0,0,0,0,0,0,,,,,,,,,,,,,OH+BW,30,
1998-05-07,A2,1.2,,,0,0,0,0,48,3,99,1,0,0,3,0,0,0,0,0,0,0,0,0,0,0,0,0,0,0,2,0,0,0,0,0,0,0,,,,,,,,,,,,,OH+BW,151,
1998-05-07,A3,1.2,,,0,0,0,0,117,0,0,0,254,29,0,0,1,0,0,0,0,0,0,0,0,0,0,0,0,0,0,0,0,0,0,0,0,0,,,,,,,,,,,,,OH+BW,400,
1998-05-18,M1,1.2,,,256,60,30,1,34,1,10,0,3,0,0,0,0,0,0,0,0,0,0,0,1,0,0,0,2,0,0,0,0,0,0,0,0,0,,,,,,,,,,,,,OH+BW,395,
1998-05-18,M2,1.2,,,152,50,86,4,44,2,0,0,250,42,0,0,0,0,0,0,0,0,0,0,0,0,0,0,0,0,0,0,0,0,2,0,0,0,,,,,,,,,,,,,OH+BW,630,
1998-05-18,M3,1.2,,,98,16,5,0,1,0,8,1,0,0,0,0,2,0,0,0,0,0,0,0,0,0,0,0,0,0,2,0,0,0,0,0,0,0,,,,,,,,,,,,,OH+BW,129,
1998-05-18,N1,1.5,,,1388,270,20,0,0,0,36,0,21,0,0,0,0,0,0,0,0,0,0,0,0,0,0,0,1,0,0,0,0,0,0,0,0,0,,,,,,,,,,,,,OH+BW,1735,
1998-05-18,N2,1.5,,,610,195,20,2,0,0,297,6,0,0,0,0,0,0,0,0,0,0,0,0,0,0,0,0,0,0,2,0,0,0,0,0,0,0,,,,,,,,,,,,,OH+BW,1130,
1998-05-18,N3,0.6,,,0,0,0,0,1,0,0,0,0,0,0,0,0,0,0,0,0,0,0,0,0,0,0,0,0,0,0,0,0,0,0,0,0,0,,,,,,,,,,,,,OH+BW,1,
1998-05-20,A1,1.2,,,0,0,0,0,10,0,10,0,0,0,0,0,0,0,0,0,0,0,0,0,0,0,0,0,0,0,0,0,0,0,0,0,0,0,,,,,,,,,,,,,OH+BW,20,
1998-05-20,A2,1.2,,,0,0,0,0,20,0,80,0,0,0,0,0,0,0,0,0,0,0,0,0,0,0,0,0,0,0,0,0,0,0,0,0,0,0,,,,,,,,,,,,,OH+BW,100,
1998-05-20,A3,1.2,,,0,0,0,0,0,0,0,0,0,0,0,0,0,0,0,0,0,0,0,0,0,0,0,0,0,0,0,0,0,0,0,0,0,0,,,,,,,,,,,,,OH+BW,0,
1998-05-20,L1,1.2,,,0,0,0,0,2,0,0,0,0,0,13,0,2,0,0,0,0,0,0,0,1,0,0,0,0,0,0,0,0,0,0,0,0,0,,,,,,,,,,,,,OH+BW,2,
1998-05-20,L2,1.2,,,0,0,0,0,2,0,0,0,0,0,0,0,0,0,12,0,0,0,2,0,0,0,0,0,2,0,0,0,0,0,0,0,0,0,,,,,,,,,,,,,OH+BW,2,
1998-05-20,L3,1.2,,,0,0,0,0,20,0,80,0,0,0,0,0,0,0,0,0,0,0,0,0,0,0,0,0,0,0,0,0,0,0,0,0,0,0,,,,,,,,,,,,,OH+BW,100,
1998-05-21,E1,1.5,,,0,0,0,0,3,0,0,0,0,0,0,0,0,0,16,0,0,0,0,0,0,0,0,0,0,0,0,0,0,0,0,0,0,0,,,,,,,,,,,,,OH+BW,3,
1998-05-21,E2,1.2,,,0,0,0,0,0,0,0,0,0,0,0,0,0,0,0,0,0,0,0,0,0,0,0,0,0,0,0,0,0,0,0,0,0,0,,,,,,,,,,,,,OH+BW,0,
1998-05-21,E3,1.2,,,0,0,0,0,0,0,0,0,0,0,0,0,0,0,0,0,0,0,0,0,0,0,0,0,0,0,0,0,0,0,0,0,0,0,,,,,,,,,,,,,OH+BW,0,
1998-05-31,L1,1.2,,,0,0,0,0,0,0,0,0,0,0,0,0,0,0,0,0,0,0,0,0,0,0,0,0,0,0,0,0,0,0,0,0,0,0,,,,,,,,,,,,,OH+BW,0,
1998-05-31,L2,1.2,,,0,0,0,0,42,0,0,0,4,0,10,0,4,0,3,0,0,0,0,0,0,0,0,0,0,0,1,0,0,0,0,0,0,0,,,,,,,,,,,,,OH+BW,46,
1998-05-31,L3,1.2,,,1,0,0,0,3,1,122,0,0,0,1,0,0,0,0,0,0,0,0,0,0,0,0,0,0,0,0,0,0,0,2,0,0,0,,,,,,,,,,,,,OH+BW,127,
1998-05-31,M1,1.2,,,351,104,42,9,37,2,9,0,3,0,0,0,0,0,0,0,0,0,0,0,5,0,0,0,2,0,0,0,0,0,4,0,0,0,,,,,,,,,,,,,OH+BW,557,
1998-05-31,M2,1.2,,,68,29,0,0,59,1,0,0,1,2,0,0,0,0,0,0,0,0,0,0,0,0,3,0,2,0,0,0,0,0,2,0,0,0,,,,,,,,,,,,,OH+BW,160,
1998-05-31,M3,1.2,,,413,146,13,3,73,5,26,0,0,0,0,0,0,0,0,0,0,0,0,0,0,0,0,0,0,0,0,0,0,0,0,0,0,0,,,,,,,,,,,,,OH+BW,679,
1998-06-01,E1,1.5,,,0,0,0,0,6,0,0,0,2,0,6,0,0,0,15,0,0,0,0,0,0,0,0,0,0,0,0,0,0,0,0,0,0,0,,,,,,,,,,,,,OH+BW,8,
1998-06-01,E2,1.2,,,0,0,0,0,0,0,0,0,1,0,0,0,0,0,8,0,0,0,0,0,0,0,0,0,0,0,0,0,0,0,0,0,0,0,,,,,,,,,,,,,OH+BW,1,
1998-06-01,E3,1.2,,,0,0,0,0,0,0,0,0,0,0,0,0,0,0,0,0,0,0,0,0,0,0,0,0,0,0,0,0,0,0,0,0,0,0,,,,,,,,,,,,,OH+BW,0,
1998-06-01,N1,1.5,,,967,341,79,17,2,0,276,6,8,0,0,0,0,0,2,0,0,0,0,0,0,0,0,0,0,0,1,0,0,0,0,0,0,0,,,,,,,,,,,,,OH+BW,1696,
1998-06-01,N2,1.5,,,606,156,22,2,11,0,278,7,15,0,0,0,0,0,0,0,0,0,0,0,0,0,0,0,3,0,6,0,0,0,0,0,1,2,,,,,,,,,,,,,OH+BW,1097,
1998-06-01,N3,0.6,,,0,0,0,0,0,0,0,0,5,0,0,0,0,0,0,0,0,0,0,0,2,2,0,0,0,0,0,0,0,0,0,0,0,0,,,,,,,,,,,,,OH+BW,5,
1998-06-03,A1,1.2,,,0,0,0,0,20,0,0,0,0,0,0,0,0,0,0,0,0,0,0,0,0,0,0,0,0,0,0,0,0,0,0,0,0,0,,,,,,,,,,,,,OH+BW,20,
1998-06-03,A2,1.2,,,0,0,0,0,0,0,80,0,6,0,0,0,0,0,0,0,0,0,0,0,0,0,0,0,0,0,0,0,0,0,0,0,0,0,,,,,,,,,,,,,OH+BW,86,
1998-06-03,A3,1.2,,,0,0,0,0,0,0,0,0,0,0,0,0,0,0,0,0,0,0,0,0,0,0,0,0,0,0,0,0,0,0,0,0,0,0,,,,,,,,,,,,,OH+BW,0,
1998-06-14,M1,1.2,,,271,81,124,12,43,0,43,1,2,0,0,0,0,0,0,0,0,0,0,0,0,0,0,0,0,0,0,0,0,0,0,0,0,0,,,,,,,,,,,,,OH+BW,577,
1998-06-14,M2,1.2,,,708,260,2,0,17,0,0,0,0,0,0,0,0,0,0,0,0,0,0,0,13,0,3,0,0,0,0,0,0,0,0,0,0,0,,,,,,,,,,,,,OH+BW,987,
1998-06-14,M3,1.2,,,334,80,0,0,14,0,89,0,1,0,0,0,0,0,0,0,0,0,0,0,0,0,0,0,0,0,2,0,0,0,0,0,0,0,,,,,,,,,,,,,OH+BW,518,
1998-06-15,E1,1.5,,,0,0,0,0,3,0,0,0,0,0,0,0,0,0,0,0,0,0,0,0,0,0,0,0,0,0,0,0,0,0,0,0,0,0,,,,,,,,,,,,,OH+BW,3,
1998-06-15,E2,1.2,,,0,0,0,0,1,0,0,0,0,0,0,0,0,0,0,0,0,0,0,0,0,0,0,0,0,0,0,0,0,0,0,0,0,0,,,,,,,,,,,,,OH+BW,1,
1998-06-15,E3,1.2,,,0,0,0,0,0,0,0,0,0,0,0,0,0,0,0,0,0,0,0,0,0,0,0,0,0,0,0,0,0,0,0,0,0,0,,,,,,,,,,,,,OH+BW,0,
1998-06-15,L1,1.2,,,24,0,48,3,4,0,0,0,0,0,0,0,0,0,0,0,0,0,0,0,0,0,0,0,0,0,0,0,0,0,0,0,0,0,,,,,,,,,,,,,OH+BW,79,
1998-06-15,L2,1.2,,,0,0,0,0,0,0,0,0,0,0,0,0,0,0,4,0,0,0,0,0,0,0,0,0,0,0,0,0,0,0,2,0,0,0,,,,,,,,,,,,,OH+BW,0,
1998-06-15,L3,1.2,,,19,0,0,0,11,0,56,0,4,0,0,0,0,0,0,0,0,0,0,0,0,0,0,0,0,0,2,0,0,0,0,0,0,0,,,,,,,,,,,,,OH+BW,90,
1998-06-15,N1,1.5,,,382,108,0,0,0,0,161,0,3,0,0,0,0,0,0,0,0,0,0,0,0,0,0,0,0,0,0,0,0,0,0,0,0,0,,,,,,,,,,,,,OH+BW,654,
1998-06-15,N2,1.5,,,611,188,24,3,0,0,232,2,0,0,0,0,0,0,5,0,14,3,0,0,0,0,0,0,0,0,3,0,0,0,0,0,0,0,,,,,,,,,,,,,OH+BW,1060,
1998-06-15,N3,0.6,,,77,0,254,30,0,0,0,0,0,0,1,0,0,0,0,0,0,0,0,0,0,0,0,0,0,0,0,0,0,0,0,0,0,0,,,,,,,,,,,,,OH+BW,361,
1998-06-16,A1,1.2,,,5,0,0,0,3,0,0,0,0,0,1,0,0,0,0,0,0,0,0,0,0,0,0,0,0,0,0,0,0,0,0,0,0,0,,,,,,,,,,,,,OH+BW,8,
1998-06-16,A2,1.2,,,0,0,0,0,1,0,128,0,0,0,1,0,0,0,0,0,0,0,0,0,0,0,0,0,0,0,1,0,0,0,0,0,0,0,,,,,,,,,,,,,OH+BW,129,
1998-06-16,A3,1.2,,,0,0,0,0,16,0,0,0,0,0,0,0,0,0,0,0,0,0,0,0,0,0,0,0,0,0,0,0,0,0,0,0,0,0,,,,,,,,,,,,,OH+BW,16,
1998-06-29,L1,1.2,,,67,0,1,0,12,0,1,0,0,0,2,0,0,0,0,0,0,0,0,0,2,0,2,0,0,0,0,0,0,0,0,0,0,0,,,,,,,,,,,,,OH+BW,81,
1998-06-29,L2,1.2,,,185,0,512,58,60,2,2,0,0,0,4,0,0,0,6,0,0,0,0,0,0,0,0,0,0,0,0,0,0,0,0,0,0,0,,,,,,,,,,,,,OH+BW,819,
1998-06-29,L3,1.2,,,0,0,0,0,0,0,98,1,11,0,0,0,0,0,0,0,0,0,0,0,1,0,0,0,2,0,0,0,0,0,0,0,0,0,,,,,,,,,,,,,OH+BW,110,
1998-06-29,M1,1.2,,,216,69,0,0,38,0,3,0,0,0,0,0,0,0,1,0,0,0,0,0,0,0,0,0,1,0,0,0,0,0,0,0,0,0,,,,,,,,,,,,,OH+BW,326,
1998-06-29,M2,1.2,,,75,32,0,0,35,0,0,0,1,0,0,0,0,0,0,0,0,0,0,0,0,0,0,0,0,0,0,0,0,0,0,0,0,0,,,,,,,,,,,,,OH+BW,143,
1998-06-29,M3,1.2,,,1192,426,32,3,24,0,178,3,0,0,0,0,0,0,0,0,0,0,0,0,1,0,0,0,0,0,0,0,0,0,0,0,0,0,,,,,,,,,,,,,OH+BW,1858,
1998-06-30,E1,1.5,,,27,0,54,4,2,0,0,0,0,0,6,0,0,0,1,0,7,0,0,0,0,0,0,0,0,0,0,0,0,0,0,0,0,0,,,,,,,,,,,,,OH+BW,87,
1998-06-30,E2,1.2,,,0,0,0,0,8,1,0,0,0,0,0,0,1,0,7,0,0,0,0,0,0,0,0,0,0,0,0,0,0,0,0,0,0,0,,,,,,,,,,,,,OH+BW,9,
1998-06-30,E3,1.2,,,0,0,18,1,0,0,0,0,0,0,0,0,0,0,0,0,0,0,0,0,0,0,0,0,1,0,0,0,0,0,0,0,0,0,,,,,,,,,,,,,OH+BW,19,
1998-06-30,N1,1.5,,,261,53,19,3,0,0,135,3,1,0,0,0,0,0,0,0,0,0,0,0,0,0,0,0,0,0,4,0,0,0,0,0,0,0,,,,,,,,,,,,,OH+BW,475,
1998-06-30,N2,1.5,,,441,121,25,2,9,0,188,3,0,0,0,0,0,0,0,0,0,0,0,0,0,0,0,0,0,0,2,0,0,0,0,0,0,0,,,,,,,,,,,,,OH+BW,789,
1998-06-30,N3,0.6,,,0,0,0,0,0,0,0,0,0,0,0,0,0,0,0,0,0,0,0,0,1,2,0,0,0,0,0,0,0,0,0,0,0,0,,,,,,,,,,,,,OH+BW,0,
1998-07-01,A1,1.2,,,44,0,248,35,26,2,4,0,0,0,1,0,0,0,0,0,0,0,0,0,0,0,0,0,2,0,0,0,0,0,3,0,0,0,,,,,,,,,,,,,OH+BW,359,
1998-07-01,A2,1.2,,,1,0,83,3,1,0,96,1,0,0,0,0,0,0,0,0,0,0,0,0,0,0,0,0,0,0,5,0,0,0,0,0,0,0,,,,,,,,,,,,,OH+BW,185,
1998-07-01,A3,1.2,,,0,0,97,15,21,0,0,0,0,0,1,0,0,0,0,0,0,0,0,0,0,0,0,0,1,0,0,0,0,0,0,0,0,0,,,,,,,,,,,,,OH+BW,133,
1998-07-01,F1,1.8,,,1,0,167,21,17,0,11,0,5,0,2,1,0,0,0,0,0,0,0,0,0,0,0,0,1,0,0,0,0,0,0,0,0,0,,,,,,,,,,,,,OH+BW,222,
1998-07-12,E1,1.5,,,0,0,6,0,0,0,0,0,233,20,2,0,0,0,0,0,5,0,0,0,0,0,0,0,0,0,0,0,0,0,0,0,0,0,,,,,,,,,,,,,OH+BW,259,
1998-07-12,E2,1.2,,,0,0,0,0,0,0,0,0,0,0,0,0,0,0,4,0,0,0,0,0,3,0,0,0,0,0,0,0,0,0,0,0,0,0,,,,,,,,,,,,,OH+BW,0,
1998-07-12,E3,1.2,,,0,0,9,0,1,0,0,0,0,0,0,0,0,0,0,0,0,0,0,0,0,0,0,0,0,0,0,0,0,0,0,0,0,0,,,,,,,,,,,,,OH+BW,10,
1998-07-12,M1,1.2,,,450,143,92,13,9,1,0,0,0,0,0,0,0,0,0,0,0,0,0,0,2,0,0,0,0,0,0,0,0,0,0,0,0,0,,,,,,,,,,,,,OH+BW,708,
1998-07-12,M2,1.2,,,23,0,0,0,11,0,3,0,0,0,0,0,0,0,5,0,0,0,0,0,1,1,0,0,0,0,0,0,0,0,0,0,0,0,,,,,,,,,,,,,OH+BW,37,
1998-07-12,M3,1.2,,,869,276,0,0,3,0,68,0,0,0,0,0,0,0,1,0,0,0,0,0,0,0,1,0,0,0,1,0,0,0,0,0,0,0,,,,,,,,,,,,,OH+BW,1216,
1998-07-13,L1,1.2,,,67,0,13,1,20,0,0,0,0,0,0,0,0,0,0,0,0,0,0,0,0,0,0,0,0,0,0,0,0,0,0,0,0,0,,,,,,,,,,,,,OH+BW,101,
1998-07-13,L2,1.2,,,0,0,0,0,12,0,1,0,3,0,4,1,2,2,0,0,0,0,0,0,0,0,0,0,0,0,0,0,0,0,0,0,0,0,,,,,,,,,,,,,OH+BW,16,
1998-07-13,L3,1.2,,,43,0,12,0,0,0,72,2,14,0,0,0,0,0,0,0,0,0,0,0,3,0,0,0,0,0,0,0,0,0,0,0,0,0,,,,,,,,,,,,,OH+BW,143,
1998-07-13,N1,1.5,,,354,33,160,12,3,1,217,0,0,0,0,0,0,0,0,0,0,0,0,0,0,0,0,0,0,0,1,0,0,0,0,0,0,0,,,,,,,,,,,,,OH+BW,780,
1998-07-13,N2,1.5,,,349,108,13,0,3,0,98,1,0,0,0,0,0,0,2,0,0,0,0,0,0,0,0,0,0,0,2,0,0,0,0,0,0,0,,,,,,,,,,,,,OH+BW,572,
1998-07-13,N3,0.6,,,3,0,0,0,0,0,0,0,0,0,1,0,0,0,1,0,0,0,0,0,0,0,0,0,0,0,0,0,0,0,0,0,0,0,,,,,,,,,,,,,OH+BW,3,
1998-07-14,A1,1.2,,,16,0,0,0,6,0,0,0,0,0,0,0,0,0,0,0,0,0,0,0,0,0,0,0,0,0,0,0,0,0,0,0,0,0,,,,,,,,,,,,,OH+BW,22,
1998-07-14,A2,1.2,,,2,0,0,0,0,0,91,0,0,0,0,0,0,0,0,0,0,0,0,0,0,0,0,0,0,0,0,0,0,0,2,0,0,0,,,,,,,,,,,,,OH+BW,93,
1998-07-14,A3,1.2,,,0,0,0,0,10,0,0,0,0,0,4,0,0,0,0,0,0,0,0,0,0,0,0,0,0,0,0,0,0,0,0,0,0,0,,,,,,,,,,,,,OH+BW,10,
1998-07-14,F1,1.8,,,4,0,17,3,1,0,21,0,0,0,0,0,0,0,0,0,0,0,0,0,0,0,0,0,0,0,0,0,0,0,0,0,0,0,,,,,,,,,,,,,OH+BW,46,
1998-07-14,F2,0.6,,,9,0,100,9,2,0,0,0,163,17,1,0,0,0,0,0,0,0,0,0,0,0,0,0,0,0,0,0,0,0,0,0,0,0,,,,,,,,,,,,,OH+BW,300,
1998-08-07,E1,1.5,,,0,0,6,0,0,0,0,0,0,0,0,0,0,0,0,0,0,0,0,0,0,0,0,0,0,0,0,0,0,0,0,0,0,0,,,,,,,,,,,,,OH+BW,6,
1998-08-07,E2,1.2,,,0,0,0,0,6,0,0,0,0,0,0,0,0,0,0,0,0,0,0,0,0,0,0,0,0,0,0,0,0,0,0,0,0,0,,,,,,,,,,,,,OH+BW,6,
1998-08-07,E3,1.2,,,0,0,0,0,14,0,0,0,1,0,0,0,2,0,0,0,0,0,0,0,0,0,0,0,0,0,0,0,0,0,0,0,0,0,,,,,,,,,,,,,OH+BW,15,
1998-08-07,M1,1.2,,,177,37,6,0,30,0,17,0,0,0,0,0,0,0,0,0,0,0,0,0,0,0,0,0,0,0,0,0,0,0,2,0,0,0,,,,,,,,,,,,,OH+BW,267,
1998-08-07,M2,1.2,,,31,3,0,0,2,0,9,0,0,0,0,0,2,0,1,0,0,0,0,0,3,1,0,0,0,0,0,0,0,0,2,0,0,0,,,,,,,,,,,,,OH+BW,45,
1998-08-07,M3,1.2,,,474,55,12,0,2,0,93,1,0,0,0,0,0,0,0,0,0,0,0,0,1,0,0,0,0,0,1,0,0,0,0,0,0,0,,,,,,,,,,,,,OH+BW,637,
1998-08-08,L1,1.2,,,74,0,0,0,20,0,0,0,0,0,0,0,0,0,0,0,0,0,0,0,0,0,0,0,0,0,0,0,0,0,0,0,0,0,,,,,,,,,,,,,OH+BW,94,
1998-08-08,L2,1.2,,,0,0,0,0,18,0,1,0,10,0,4,1,0,0,0,0,0,0,0,0,0,0,0,0,0,0,0,0,0,0,0,0,0,0,,,,,,,,,,,,,OH+BW,29,
1998-08-08,L3,1.2,,,0,0,0,0,1,0,55,0,0,0,0,0,0,0,0,0,0,0,0,0,0,0,0,0,0,0,0,0,0,0,0,0,0,0,,,,,,,,,,,,,OH+BW,56,
1998-08-08,N1,1.5,,,525,140,54,6,0,0,136,0,0,0,0,0,0,0,1,0,0,0,0,0,0,0,0,0,0,0,0,0,0,0,0,0,0,0,,,,,,,,,,,,,OH+BW,861,
1998-08-08,N2,1.5,,,237,44,38,1,6,0,74,1,0,0,0,0,0,0,0,0,0,0,0,0,0,0,0,0,0,0,1,0,0,0,0,0,0,0,,,,,,,,,,,,,OH+BW,401,
1998-08-08,N3,0.6,,,0,0,0,0,3,0,23,0,0,0,0,0,0,0,0,0,0,0,0,0,0,0,0,0,0,0,0,0,0,0,0,0,0,0,,,,,,,,,,,,,OH+BW,26,
1998-08-10,A1,1.2,,,0,0,0,0,11,0,4,0,0,0,1,0,0,0,0,0,0,0,0,0,0,0,0,0,0,0,0,0,0,0,0,0,0,0,,,,,,,,,,,,,OH+BW,15,
1998-08-10,A2,1.2,,,0,0,0,0,1,0,54,0,0,0,0,0,0,0,0,0,0,0,0,0,0,0,0,0,0,0,1,0,0,0,0,0,0,0,,,,,,,,,,,,,OH+BW,55,
1998-08-10,A3,1.2,,,0,0,0,0,31,0,0,0,0,0,0,0,0,0,0,0,0,0,0,0,0,0,0,0,0,0,0,0,0,0,0,0,0,0,,,,,,,,,,,,,OH+BW,31,
1998-08-15,F1,1.8,,,1376,0,554,52,2,0,7,0,0,0,0,0,0,0,4,0,0,0,0,0,0,0,0,0,2,0,0,0,0,0,0,0,0,0,,,,,,,,,,,,,OH+BW,1991,
1998-08-15,F2,0.6,,,46,0,63,5,52,0,0,0,2,0,0,0,0,0,0,0,0,0,0,0,0,0,0,0,0,0,0,0,0,0,0,0,0,0,,,,,,,,,,,,,OH+BW,168,
1998-08-28,E1,1.5,,,0,0,0,0,0,0,0,0,0,0,0,0,0,0,1,0,0,0,0,0,0,0,0,0,0,0,0,0,0,0,0,0,0,0,,,,,,,,,,,,,OH+BW,0,
1998-08-28,E2,1.2,,,0,0,3,0,7,0,0,0,26,4,0,0,0,0,1,0,0,0,0,0,0,0,0,0,0,0,0,0,0,0,0,0,0,0,,,,,,,,,,,,,OH+BW,40,
1998-08-28,E3,1.2,,,0,0,6,0,0,0,0,0,1,0,0,0,0,0,0,0,0,0,0,0,0,0,2,0,3,0,0,0,0,0,0,0,0,0,,,,,,,,,,,,,OH+BW,7,
1998-08-28,M1,1.2,,,219,0,14,1,33,0,14,1,0,0,0,0,0,0,0,0,0,0,0,0,4,0,0,0,0,0,0,0,0,0,2,0,0,0,,,,,,,,,,,,,OH+BW,282,
1998-08-28,M2,1.2,,,104,0,18,3,0,0,12,0,0,0,0,0,0,0,1,0,0,0,0,0,12,8,0,0,0,0,0,0,0,0,0,0,0,0,,,,,,,,,,,,,OH+BW,137,
1998-08-28,M3,1.2,,,217,0,9,1,6,0,112,0,0,0,0,0,0,0,4,0,0,0,0,0,0,0,0,0,0,0,0,0,0,0,0,0,0,0,,,,,,,,,,,,,OH+BW,345,
1998-08-29,L1,1.2,,,409,0,87,5,20,0,0,0,0,0,0,0,0,0,0,0,0,0,0,0,0,0,0,0,0,0,0,0,0,0,0,0,0,0,,,,,,,,,,,,,OH+BW,521,
1998-08-29,L2,1.2,,,0,0,8,0,1,0,0,0,0,0,3,1,1,0,0,0,0,0,0,0,0,0,0,0,0,0,0,0,0,0,0,0,0,0,,,,,,,,,,,,,OH+BW,9,
1998-08-29,L3,1.2,,,0,0,107,4,4,0,78,0,0,0,0,0,0,0,1,0,0,0,0,0,0,0,0,0,0,0,0,0,0,0,0,0,0,0,,,,,,,,,,,,,OH+BW,193,
1998-08-29,N1,1.5,,,146,0,21,3,3,0,147,3,0,0,0,0,0,0,0,0,0,0,0,0,0,0,0,0,0,0,3,0,0,0,0,0,0,0,,,,,,,,,,,,,OH+BW,323,
1998-08-29,N2,1.5,,,134,0,19,0,55,1,127,0,0,0,0,0,0,0,0,0,0,0,0,0,0,0,4,0,0,0,1,0,0,0,0,0,0,0,,,,,,,,,,,,,OH+BW,336,
1998-08-29,N3,0.6,,,0,0,0,0,3,0,3,0,0,0,0,0,0,0,0,0,0,0,0,0,0,0,0,0,0,0,0,0,0,0,2,0,0,0,,,,,,,,,,,,,OH+BW,6,
1998-08-30,A1,1.2,,,1,0,0,0,1,0,3,0,0,0,0,0,0,0,0,0,0,0,0,0,0,0,0,0,0,0,0,0,0,0,0,0,0,0,,,,,,,,,,,,,OH+BW,5,
1998-08-30,A2,1.2,,,0,0,16,5,15,0,52,0,0,0,0,0,0,0,0,0,0,0,0,0,1,0,0,0,0,0,0,0,0,0,0,0,0,0,,,,,,,,,,,,,OH+BW,88,
1998-08-30,A3,1.2,,,0,0,29,2,5,1,0,0,0,0,0,0,0,0,0,0,0,0,0,0,0,0,0,0,0,0,0,0,0,0,0,0,0,0,,,,,,,,,,,,,OH+BW,37,
1998-08-30,F1,1.8,,,681,0,137,11,17,1,20,0,1,0,0,0,0,0,1,0,0,0,0,0,0,0,0,0,0,0,0,0,0,0,0,0,0,0,,,,,,,,,,,,,OH+BW,868,
1998-08-30,F2,0.6,,,1,0,16,2,6,0,1,0,0,0,0,0,0,0,0,0,0,0,0,0,0,0,0,0,0,0,0,0,0,0,0,0,0,0,,,,,,,,,,,,,OH+BW,26,
1998-08-30,S1,1.2,,,89,0,142,11,0,0,1,0,0,0,1,0,0,0,0,0,0,0,0,0,0,0,2,0,0,0,0,0,0,0,0,0,0,0,,,,,,,,,,,,,OH+BW,243,
1998-09-10,A1,1.2,,,0,0,0,0,2,0,2,0,0,0,0,0,0,0,0,0,0,0,0,0,0,0,0,0,0,0,0,0,0,0,0,0,0,0,,,,,,,,,,,,,OH+BW,4,
1998-09-10,A2,1.2,,,0,0,2,0,15,0,17,0,0,0,0,0,0,0,0,0,0,0,0,0,1,0,0,0,0,0,0,0,0,0,0,0,0,0,,,,,,,,,,,,,OH+BW,34,
1998-09-10,A3,1.2,,,0,0,14,1,24,2,0,0,0,0,3,1,0,0,0,0,0,0,0,0,0,0,0,0,0,0,0,0,0,0,0,0,0,0,,,,,,,,,,,,,OH+BW,41,
1998-09-10,E1,1.5,,,0,0,77,2,21,1,0,0,0,0,0,0,0,0,4,0,5,1,0,0,0,0,0,0,0,0,0,0,0,0,0,0,0,0,,,,,,,,,,,,,OH+BW,101,
1998-09-10,E2,1.2,,,0,0,0,0,2,0,0,0,0,0,1,0,0,0,0,0,0,0,0,0,0,0,0,0,0,0,0,0,0,0,0,0,0,0,,,,,,,,,,,,,OH+BW,2,
1998-09-10,E3,1.2,,,0,0,12,0,2,0,0,0,53,2,0,0,0,0,0,0,0,0,0,0,0,0,0,0,0,0,0,0,0,0,0,0,0,0,,,,,,,,,,,,,OH+BW,69,
1998-09-10,F1,1.8,,,0,0,23,2,0,0,39,0,0,0,0,0,3,3,2,0,0,0,0,0,0,0,0,0,0,0,2,0,0,0,0,0,0,0,,,,,,,,,,,,,OH+BW,64,
1998-09-10,F2,0.6,,,0,0,29,4,33,0,0,0,0,0,0,0,0,0,0,0,0,0,0,0,0,0,0,0,0,0,0,0,0,0,0,0,0,0,,,,,,,,,,,,,OH+BW,66,
1998-09-12,M1,1.2,,,128,0,3,0,0,0,34,1,0,0,0,0,0,0,0,0,0,0,0,0,0,0,0,0,0,0,0,0,0,0,2,0,0,0,,,,,,,,,,,,,OH+BW,166,
1998-09-12,M2,1.2,,,20,0,35,2,0,0,9,0,0,0,0,0,0,0,0,0,0,0,0,0,19,8,0,0,4,0,0,0,0,0,0,0,0,0,,,,,,,,,,,,,OH+BW,66,
1998-09-12,M3,1.2,,,166,0,88,3,0,0,108,1,0,0,0,0,0,0,0,0,0,0,0,0,0,0,0,0,0,0,0,0,0,0,0,0,0,0,,,,,,,,,,,,,OH+BW,366,
1998-09-13,N1,1.5,,,238,0,0,0,1,0,83,0,0,0,0,0,0,0,1,0,0,0,0,0,0,0,0,0,0,0,0,0,0,0,0,0,0,0,,,,,,,,,,,,,OH+BW,322,
1998-09-13,N2,1.5,,,215,0,22,1,0,0,43,2,0,0,0,0,0,0,2,0,0,0,0,0,0,0,0,0,2,0,0,0,0,0,2,0,0,0,,,,,,,,,,,,,OH+BW,283,
1998-09-13,N3,0.6,,,0,0,0,0,7,0,2,0,468,50,0,0,0,0,0,0,0,0,0,0,0,0,0,0,0,0,0,0,0,0,0,0,0,0,,,,,,,,,,,,,OH+BW,527,
1998-09-15,L1,1.2,,,0,0,28,1,31,0,0,0,0,0,0,0,0,0,0,0,0,0,0,0,0,0,0,0,0,0,0,0,0,0,0,0,0,0,,,,,,,,,,,,,OH+BW,60,
1998-09-15,L2,1.2,,,0,0,42,1,8,0,1,0,4,0,3,1,0,0,0,0,0,0,0,0,1,0,0,0,0,0,0,0,0,0,0,0,0,0,,,,,,,,,,,,,OH+BW,56,
1998-09-15,L3,1.2,,,0,0,0,0,0,0,32,0,0,0,0,0,0,0,0,0,0,0,0,0,0,0,0,0,0,0,0,0,0,0,0,0,0,0,,,,,,,,,,,,,OH+BW,32,
1998-09-15,S1,1.2,,,93,0,23,0,9,0,16,0,0,0,6,0,0,0,0,0,0,0,0,0,0,0,0,0,0,0,0,0,0,0,0,0,0,0,,,,,,,,,,,,,OH+BW,141,
1998-10-03,L1,1.2,,,0,0,0,0,19,0,0,0,0,0,0,0,0,0,0,0,0,0,0,0,0,0,0,0,0,0,0,0,0,0,0,0,0,0,,,,,,,,,,,,,OH+BW,19,
1998-10-03,L2,1.2,,,0,0,2,0,16,0,4,0,0,0,0,0,0,0,0,0,0,0,0,0,0,0,0,0,0,0,0,0,0,0,0,0,0,0,,,,,,,,,,,,,OH+BW,22,
1998-10-03,L3,1.2,,,0,0,15,1,1,0,45,0,0,0,0,0,0,0,0,0,0,0,0,0,0,0,0,0,0,0,0,0,0,0,0,0,0,0,,,,,,,,,,,,,OH+BW,62,
1998-10-03,M1,1.2,,,92,0,4,0,23,0,4,0,0,0,0,0,0,0,1,0,0,0,0,0,0,0,0,0,0,0,0,0,0,0,0,0,0,0,,,,,,,,,,,,,OH+BW,123,
1998-10-03,M2,1.2,,,20,0,39,3,5,0,14,0,0,0,0,0,0,0,0,0,0,0,0,0,9,9,0,0,0,0,0,0,0,0,0,0,0,0,,,,,,,,,,,,,OH+BW,81,
1998-10-03,M3,1.2,,,114,0,102,2,0,0,58,0,0,0,0,0,0,0,0,0,0,0,0,0,0,0,0,0,0,0,0,0,0,0,0,0,0,0,,,,,,,,,,,,,OH+BW,276,
1998-10-03,S1,1.2,,,23,0,0,0,0,0,14,0,0,0,0,0,0,0,2,0,0,0,1,0,0,0,0,0,0,0,0,0,0,0,0,0,0,0,,,,,,,,,,,,,OH+BW,37,
1998-10-04,A1,1.2,,,0,0,0,0,0,0,0,0,9,0,1,0,0,0,0,0,0,0,0,0,0,0,0,0,0,0,0,0,0,0,0,0,0,0,,,,,,,,,,,,,OH+BW,9,
1998-10-04,A2,1.2,,,21,0,28,1,1,0,8,0,10,0,7,0,0,0,0,0,0,0,0,0,0,0,0,0,0,0,0,0,0,0,0,0,2,0,,,,,,,,,,,,,OH+BW,69,
1998-10-04,A3,1.2,,,0,0,62,2,19,0,0,0,0,0,7,2,0,0,0,0,0,0,0,0,1,1,0,0,0,0,0,0,0,0,0,0,0,0,,,,,,,,,,,,,OH+BW,83,
1998-10-04,N1,1.5,,,336,0,0,0,1,0,127,3,0,0,0,0,0,0,0,0,0,0,0,0,0,0,0,0,0,0,0,0,0,0,0,0,0,0,,,,,,,,,,,,,OH+BW,467,
1998-10-04,N2,1.5,,,264,0,36,4,10,0,78,3,0,0,0,0,0,0,0,0,0,0,0,0,0,0,0,0,0,0,2,0,0,0,0,0,0,0,,,,,,,,,,,,,OH+BW,395,
1998-10-04,N3,0.6,,,0,0,0,0,0,0,0,0,0,0,0,0,0,0,0,0,0,0,0,0,2,3,0,0,0,0,0,0,0,0,0,0,0,0,,,,,,,,,,,,,OH+BW,0,
1998-10-05,E1,1.5,,,0,0,0,0,4,0,0,0,0,0,0,0,0,0,0,0,0,0,0,0,0,0,0,0,0,0,0,0,0,0,0,0,0,0,,,,,,,,,,,,,OH+BW,4,
1998-10-05,E2,1.2,,,0,0,0,0,2,0,0,0,0,0,0,0,0,0,6,0,0,0,0,0,0,0,0,0,0,0,0,0,0,0,0,0,0,0,,,,,,,,,,,,,OH+BW,2,
1998-10-05,E3,1.2,,,0,0,0,0,0,0,0,0,8,0,11,1,0,0,0,0,0,0,0,0,0,0,0,0,2,0,0,0,0,0,0,0,0,0,,,,,,,,,,,,,OH+BW,8,
1998-10-05,F1,1.8,,,421,0,15,0,1,1,123,0,332,38,0,0,2,2,0,0,0,0,0,0,0,0,0,0,2,3,0,0,0,0,0,0,0,0,,,,,,,,,,,,,OH+BW,931,
1998-10-05,F2,0.6,,,463,0,34,0,18,0,2,0,0,0,0,0,0,0,0,0,1,0,0,0,0,0,0,0,0,0,1,0,0,0,0,0,0,0,,,,,,,,,,,,,OH+BW,517,
1998-10-19,L1,1.2,,,478,0,246,29,7,1,0,0,0,0,0,0,0,0,3,0,0,0,0,0,1,0,0,0,0,0,0,0,0,0,1,0,0,0,,,,,,,,,,,,,OH+BW,761,
1998-10-19,L2,1.2,,,0,0,0,0,6,0,1,0,2,0,0,0,0,0,3,0,0,0,0,0,0,0,0,0,0,0,0,0,0,0,0,0,0,0,,,,,,,,,,,,,OH+BW,9,
1998-10-19,L3,1.2,,,0,0,121,6,4,0,16,0,0,0,0,0,0,0,0,0,0,0,0,0,0,0,0,0,0,0,0,0,0,0,0,0,0,0,,,,,,,,,,,,,OH+BW,147,
1998-10-19,M1,1.2,,,0,0,0,0,18,1,18,0,0,0,0,0,0,0,3,0,0,0,0,0,0,0,0,0,0,0,0,0,0,0,0,0,0,0,,,,,,,,,,,,,OH+BW,37,
1998-10-19,M2,1.2,,,21,0,25,2,0,0,11,0,0,0,0,0,0,0,0,0,0,0,0,0,0,7,0,0,1,0,0,0,0,0,2,0,0,0,,,,,,,,,,,,,OH+BW,59,
1998-10-19,M3,1.2,,,62,0,49,0,5,0,39,0,0,0,0,0,0,0,0,0,0,0,0,0,0,0,0,0,0,0,1,0,0,0,0,0,0,0,,,,,,,,,,,,,OH+BW,155,
1998-10-20,N1,1.5,,,229,0,24,0,0,0,92,2,0,0,0,0,0,0,0,0,0,0,0,0,0,0,0,0,0,0,1,0,0,0,0,0,0,0,,,,,,,,,,,,,OH+BW,347,
1998-10-20,N2,1.5,,,117,0,0,0,2,0,49,2,0,0,0,0,0,0,2,0,0,0,0,0,0,0,0,0,0,0,1,1,0,0,1,0,0,0,,,,,,,,,,,,,OH+BW,170,
1998-10-20,N3,0.6,,,0,0,0,0,0,0,3,0,12,0,0,0,0,0,0,0,0,0,0,0,5,7,0,0,0,0,0,0,0,0,0,0,0,0,,,,,,,,,,,,,OH+BW,15,
1998-10-20,S1,1.2,,,121,0,10,0,0,0,1,0,0,0,0,0,1,0,3,0,0,0,0,0,0,0,0,0,0,0,0,0,0,0,0,0,0,0,,,,,,,,,,,,,OH+BW,132,
1998-10-21,E1,1.5,,,0,0,0,0,1,0,0,0,0,0,0,0,0,0,2,0,0,0,0,0,0,0,0,0,0,0,0,0,0,0,0,0,0,0,,,,,,,,,,,,,OH+BW,1,
1998-10-21,E2,1.2,,,0,0,7,0,5,0,0,0,0,0,0,0,0,0,1,0,0,0,0,0,0,0,0,0,0,0,0,0,0,0,0,0,0,0,,,,,,,,,,,,,OH+BW,12,
1998-10-21,E3,1.2,,,0,0,26,0,0,0,0,0,350,50,11,1,0,0,0,0,0,0,0,0,2,0,0,0,1,0,0,0,0,0,0,0,0,0,,,,,,,,,,,,,OH+BW,426,
1998-10-22,A1,1.2,,,0,0,0,0,1,0,1,0,0,0,0,0,0,0,0,0,0,0,0,0,0,0,0,0,0,0,0,0,0,0,0,0,0,0,,,,,,,,,,,,,OH+BW,2,
1998-10-22,A2,1.2,,,34,0,57,4,0,0,29,0,0,0,3,0,0,0,2,0,0,0,0,0,1,0,0,0,0,0,1,0,0,0,0,0,0,0,,,,,,,,,,,,,OH+BW,124,
1998-10-22,A3,1.2,,,0,0,0,0,18,0,0,0,0,0,7,0,0,0,1,0,0,0,0,0,0,0,0,0,0,0,0,0,0,0,0,0,0,0,,,,,,,,,,,,,OH+BW,18,
1998-10-22,F1,1.8,,,124,0,8,0,0,0,29,0,0,0,0,0,1,4,0,0,0,0,0,0,0,0,0,0,0,3,0,0,0,0,0,0,0,0,,,,,,,,,,,,,OH+BW,161,
1998-10-22,F2,0.6,,,0,0,0,0,68,0,0,0,0,0,0,0,0,0,0,0,2,0,0,0,0,0,0,0,0,0,0,0,0,0,0,0,0,0,,,,,,,,,,,,,OH+BW,68,
1998-11-03,L1,1.2,,,0,0,0,0,14,0,0,0,0,0,0,0,5,0,4,0,0,0,0,0,0,0,0,0,0,0,0,0,0,0,0,0,0,0,,,,,,,,,,,,,OH+BW,14,
1998-11-03,L2,1.2,,,0,0,0,0,1,0,0,0,0,0,0,0,0,0,0,0,0,0,0,0,0,0,0,0,0,0,0,0,0,0,0,0,0,0,,,,,,,,,,,,,OH+BW,1,
1998-11-03,L3,1.2,,,0,0,0,0,0,0,23,0,0,0,0,0,0,0,0,0,0,0,0,0,4,0,0,0,0,0,0,0,0,0,0,0,0,0,,,,,,,,,,,,,OH+BW,23,
1998-11-03,M1,1.2,,,0,0,0,0,4,0,11,0,0,0,0,0,0,0,1,0,0,0,0,0,5,0,0,0,0,0,0,0,0,0,0,0,0,0,,,,,,,,,,,,,OH+BW,15,
1998-11-03,M2,1.2,,,24,0,0,0,1,0,16,0,0,0,0,0,0,0,0,0,0,0,0,0,0,0,0,0,0,0,0,0,0,0,1,0,0,0,,,,,,,,,,,,,OH+BW,41,
1998-11-03,M3,1.2,,,3,0,4,0,0,0,38,0,0,0,0,0,0,0,0,0,0,0,0,0,0,0,0,0,0,0,1,0,0,0,0,0,0,0,,,,,,,,,,,,,OH+BW,45,
1998-11-03,N1,1.5,,,0,0,0,0,7,0,73,1,4,0,0,0,0,0,1,0,0,0,0,0,0,0,5,0,0,0,3,0,0,0,0,0,0,0,,,,,,,,,,,,,OH+BW,85,
1998-11-03,N2,1.5,,,0,0,0,0,15,0,32,0,0,0,0,0,0,0,0,0,0,0,0,0,0,0,0,0,0,0,3,0,0,0,0,0,0,0,,,,,,,,,,,,,OH+BW,47,
1998-11-03,N3,0.6,,,0,0,0,0,0,0,13,0,0,0,4,3,0,0,0,0,0,0,0,0,0,0,0,0,0,0,0,0,0,0,2,0,0,0,,,,,,,,,,,,,OH+BW,13,
1998-11-08,E1,1.5,,,0,0,0,0,6,0,0,0,0,0,1,0,0,0,0,0,0,0,0,0,0,0,0,0,0,0,0,0,0,0,0,0,0,0,,,,,,,,,,,,,OH+BW,6,
1998-11-08,E2,1.2,,,0,0,0,0,0,0,0,0,0,0,0,0,0,0,0,0,0,0,0,0,0,0,0,0,0,0,0,0,0,0,0,0,0,0,,,,,,,,,,,,,OH+BW,0,
1998-11-08,E3,1.2,,,216,0,374,36,7,1,0,0,0,0,0,0,0,0,0,0,0,0,0,0,0,0,0,0,1,0,0,0,0,0,0,0,0,0,,,,,,,,,,,,,OH+BW,634,
1998-11-09,A1,1.2,,,0,0,0,0,0,0,0,0,54,0,2,0,0,0,1,0,0,0,0,0,0,0,0,0,0,0,0,0,0,0,0,0,0,0,,,,,,,,,,,,,OH+BW,54,
1998-11-09,A2,1.2,,,1427,0,127,5,7,1,12,0,0,0,0,0,0,0,0,0,0,0,0,0,0,0,0,0,0,0,3,0,0,0,0,0,0,0,,,,,,,,,,,,,OH+BW,1579,
1998-11-09,A3,1.2,,,0,0,0,0,7,0,0,0,0,0,0,0,0,0,0,0,0,0,0,0,0,0,0,0,0,0,0,0,0,0,0,0,0,0,,,,,,,,,,,,,OH+BW,7,
1998-11-09,F1,1.8,,,768,0,83,10,9,0,55,0,0,0,0,0,0,0,0,0,0,0,0,0,0,0,2,0,0,0,0,0,0,0,0,0,0,0,,,,,,,,,,,,,OH+BW,925,
1998-11-09,F2,0.6,,,0,0,0,0,131,2,1,0,0,0,0,0,0,0,0,0,3,0,0,0,0,0,0,0,0,0,0,0,0,0,0,0,0,0,,,,,,,,,,,,,OH+BW,134,
1998-11-09,S1,1.2,,,462,0,1,0,0,0,0,0,0,0,8,0,0,0,0,0,0,0,0,0,0,0,0,0,0,0,0,0,0,0,0,0,0,0,,,,,,,,,,,,,OH+BW,463,
1998-12-06,L1,1.2,,,3,0,10,0,0,0,2,0,0,0,2,0,0,0,1,0,0,0,0,0,0,0,0,0,0,0,0,0,0,0,2,0,0,0,,,,,,,,,,,,,OH+BW,15,
1998-12-06,L2,1.2,,,0,0,8,1,1,0,0,0,2,0,0,0,5,3,0,0,0,0,0,0,0,0,0,0,0,0,0,0,0,0,0,0,0,0,,,,,,,,,,,,,OH+BW,12,
1998-12-06,L3,1.2,,,814,0,236,20,2,0,124,0,7,0,0,0,0,0,0,0,0,0,0,0,7,0,0,0,1,0,0,0,0,0,0,0,0,0,,,,,,,,,,,,,OH+BW,1203,
1998-12-06,M1,1.2,,,13,0,0,0,5,0,2,0,1,0,0,0,0,0,1,0,0,0,0,0,1,0,0,0,0,0,0,0,0,0,0,0,0,0,,,,,,,,,,,,,OH+BW,21,
1998-12-06,M2,1.2,,,5,0,2,0,0,0,1,0,0,0,0,0,0,0,0,0,0,0,0,0,0,0,0,0,0,0,0,0,0,0,1,2,0,0,,,,,,,,,,,,,OH+BW,8,
1998-12-06,M3,1.2,,,5,0,9,0,1,0,7,0,0,0,0,0,0,0,0,0,0,0,0,0,0,0,0,0,0,0,0,0,0,0,0,0,0,0,,,,,,,,,,,,,OH+BW,22,
1998-12-06,N1,1.5,,,0,0,0,0,4,0,49,0,0,0,0,0,0,0,1,0,0,0,0,0,0,0,0,0,0,0,0,0,0,0,0,0,0,0,,,,,,,,,,,,,OH+BW,53,
1998-12-06,N2,1.5,,,3,0,0,0,20,0,25,0,0,0,0,0,0,0,0,0,0,0,0,0,0,0,0,0,0,0,2,0,0,0,0,0,0,0,,,,,,,,,,,,,OH+BW,48,
1998-12-06,N3,0.6,,,0,0,0,0,0,0,2,0,0,0,0,0,0,0,0,0,0,0,0,0,0,0,0,0,0,0,0,0,0,0,0,0,0,0,,,,,,,,,,,,,OH+BW,2,
1998-12-07,A1,1.2,,,3,0,0,0,5,0,0,0,11,0,1,0,0,0,0,0,0,0,0,0,0,0,0,0,0,0,0,0,0,0,0,0,0,0,,,,,,,,,,,,,OH+BW,19,
1998-12-07,A2,1.2,,,268,0,32,1,5,0,55,0,0,0,0,0,0,0,0,0,0,0,0,0,9,2,0,0,0,0,0,0,0,0,0,0,0,0,,,,,,,,,,,,,OH+BW,361,
1998-12-07,A3,1.2,,,823,0,0,0,8,0,0,0,1,0,0,0,0,0,1,0,0,0,0,0,0,0,0,0,0,0,0,0,0,0,0,0,0,0,,,,,,,,,,,,,OH+BW,832,
1998-12-09,E1,1.5,,,0,0,0,0,17,0,0,0,0,0,1,0,0,0,0,0,0,0,0,0,0,0,0,0,0,0,1,0,0,0,0,0,0,0,,,,,,,,,,,,,OH+BW,17,
1998-12-09,E2,1.2,,,0,0,0,0,0,0,0,0,0,0,0,0,0,0,0,0,0,0,0,0,0,0,0,0,0,0,0,0,0,0,0,0,0,0,,,,,,,,,,,,,OH+BW,0,
1998-12-09,E3,1.2,,,307,0,206,13,13,0,2,0,0,0,0,0,2,0,2,0,0,0,0,0,0,0,0,0,0,0,0,0,0,0,0,0,0,0,,,,,,,,,,,,,OH+BW,541,
1998-12-11,F1,1.8,,,1,0,14,4,12,0,182,2,0,0,0,0,0,0,0,0,0,0,0,0,1,0,0,0,0,0,0,0,0,0,0,0,0,0,,,,,,,,,,,,,OH+BW,215,
1998-12-11,F2,0.6,,,0,0,0,0,0,0,0,0,0,0,0,0,0,0,1,0,2,0,0,0,0,0,0,0,0,0,0,0,0,0,0,0,0,0,,,,,,,,,,,,,OH+BW,0,
1998-12-11,S1,1.2,,,0,0,1,0,0,0,0,0,0,0,0,0,0,0,0,0,0,0,0,0,0,0,0,0,0,0,0,0,0,0,0,0,0,0,,,,,,,,,,,,,OH+BW,1,
1998-12-20,E1,1.5,,,425,0,123,2,65,0,4,0,161,12,0,0,0,0,0,0,0,0,0,0,0,0,0,0,0,0,0,0,0,0,0,0,0,0,,,,,,,,,,,,,OH+BW,792,
1998-12-20,E2,1.2,,,0,0,36,3,0,0,0,0,0,0,0,0,0,0,0,0,0,0,0,0,0,0,0,0,0,0,0,0,0,0,0,0,0,0,,,,,,,,,,,,,OH+BW,39,
1998-12-20,E3,1.2,,,1528,0,185,13,0,0,1,0,6,0,0,0,9,0,0,0,0,0,0,0,0,0,0,0,0,0,0,0,0,0,0,0,0,0,,,,,,,,,,,,,OH+BW,1733,
1998-12-20,L1,1.2,,,0,0,0,0,15,0,0,0,0,0,0,0,0,0,3,0,0,0,0,0,0,0,0,0,0,0,0,0,0,0,0,0,0,0,,,,,,,,,,,,,OH+BW,15,
1998-12-20,L2,1.2,,,0,0,0,0,9,1,0,0,0,0,1,0,3,0,3,0,0,0,0,0,0,0,0,0,0,0,0,0,0,0,0,0,0,0,,,,,,,,,,,,,OH+BW,10,
1998-12-20,L3,1.2,,,0,0,0,0,0,0,129,2,0,0,0,0,0,0,0,0,0,0,0,0,0,0,0,0,0,0,0,0,0,0,0,0,0,0,,,,,,,,,,,,,OH+BW,131,
1998-12-20,M1,1.2,,,0,0,0,0,2,0,2,0,0,0,0,0,0,0,2,0,0,0,0,0,0,0,0,0,0,0,0,0,0,0,0,0,0,0,,,,,,,,,,,,,OH+BW,4,
1998-12-20,M2,1.2,,,0,0,0,0,0,0,6,0,0,0,0,0,0,0,0,0,0,0,0,0,0,0,0,0,0,0,0,0,0,0,2,0,0,0,,,,,,,,,,,,,OH+BW,6,
1998-12-20,M3,1.2,,,0,0,0,0,5,0,23,0,0,0,0,0,0,0,0,0,0,0,0,0,2,0,0,0,0,0,2,0,0,0,0,0,0,0,,,,,,,,,,,,,OH+BW,28,
1998-12-20,N1,1.5,,,0,0,0,0,4,0,42,2,0,0,0,0,0,0,6,0,0,0,0,0,0,0,0,0,0,0,0,0,0,0,0,0,0,0,,,,,,,,,,,,,OH+BW,48,
1998-12-20,N2,1.5,,,0,0,0,0,11,1,10,1,0,0,0,0,0,0,0,0,0,0,0,0,0,0,0,0,0,0,0,0,0,0,0,0,0,0,,,,,,,,,,,,,OH+BW,23,
1998-12-20,N3,0.6,,,0,0,0,0,1,0,1,0,0,0,0,0,0,0,0,0,0,0,0,0,0,0,0,0,0,0,2,0,0,0,3,1,0,0,,,,,,,,,,,,,OH+BW,2,
1998-12-20,S1,1.2,,,0,0,0,0,0,0,0,0,0,0,0,0,0,0,0,0,0,0,0,0,0,0,0,0,0,0,0,0,0,0,2,0,0,0,,,,,,,,,,,,,OH+BW,0,
1998-12-21,A1,1.2,,,361,0,123,11,0,0,1,0,0,0,0,0,0,0,0,0,0,0,0,0,0,0,0,0,0,0,0,0,0,0,0,0,0,0,,,,,,,,,,,,,OH+BW,496,
1998-12-21,A2,1.2,,,0,0,0,0,25,0,47,2,0,0,0,0,0,0,0,0,0,0,0,0,1,0,0,0,0,0,3,0,0,0,0,0,0,0,,,,,,,,,,,,,OH+BW,74,
1998-12-21,A3,1.2,,,0,0,0,0,0,0,0,0,6,0,0,0,0,0,0,0,0,0,0,0,0,0,0,0,0,0,0,0,0,0,0,0,0,0,,,,,,,,,,,,,OH+BW,6,
1998-12-21,F1,1.8,,,0,0,0,0,1,0,199,4,0,0,1,0,0,0,0,0,0,0,0,0,0,0,0,0,3,0,1,0,0,0,0,0,0,0,,,,,,,,,,,,,OH+BW,204,
1998-12-21,F2,0.6,,,0,0,0,0,26,0,0,0,0,0,0,0,0,0,1,0,0,0,0,0,0,0,0,0,0,0,0,0,0,0,0,0,0,0,,,,,,,,,,,,,OH+BW,26,
1999-04-03,L1,1.2,,,3,0,3,0,2,0,17,0,0,0,1,0,9,6,0,0,0,0,0,0,0,2,0,0,0,0,0,0,0,0,0,0,0,0,,,,,,,,,,,,,OH+BW,25,
1999-04-03,L2,1.2,,,6,0,42,0,65,6,71,0,0,0,1,0,0,0,0,0,0,0,0,0,0,0,0,0,0,0,0,0,0,0,0,0,0,0,,,,,,,,,,,,,OH+BW,190,
1999-04-03,L3,1.2,,,4,0,54,3,29,0,84,0,4,0,0,0,1,0,0,0,0,0,4,0,3,0,0,0,0,0,0,0,0,0,0,0,0,0,,,,,,,,,,,,,OH+BW,178,
1999-04-03,M1,1.2,,,184,40,82,7,10,0,3,0,3,0,0,0,0,0,0,0,0,0,0,0,0,0,0,0,1,0,2,0,0,0,0,0,0,0,,,,,,,,,,,,,OH+BW,329,
1999-04-03,M2,1.2,,,236,86,102,9,17,0,1,0,0,0,0,0,0,0,0,0,0,0,0,0,2,0,0,0,0,0,0,0,0,0,0,0,0,0,,,,,,,,,,,,,OH+BW,451,
1999-04-03,M3,1.2,,,158,12,16,1,0,0,4,0,0,0,0,0,0,0,0,0,0,0,0,0,0,0,0,0,0,0,0,0,0,0,0,0,0,0,,,,,,,,,,,,,OH+BW,191,
1999-04-04,E1,1.5,,,0,0,0,0,0,0,0,0,0,0,0,0,0,0,0,0,0,0,0,0,0,0,0,0,0,0,0,0,0,0,0,0,0,0,,,,,,,,,,,,,OH+BW,0,
1999-04-04,E2,1.2,,,0,0,0,0,0,0,0,0,0,0,3,0,0,0,0,0,0,0,0,0,0,0,0,0,0,0,0,0,0,0,0,0,0,0,,,,,,,,,,,,,OH+BW,0,
1999-04-04,E3,1.2,,,0,0,0,0,0,0,0,0,0,0,8,0,5,2,4,0,0,0,0,0,0,0,0,0,0,0,0,0,0,0,0,0,0,0,,,,,,,,,,,,,OH+BW,0,
1999-04-04,N1,1.5,,,167,47,0,0,1,0,6,0,17,0,0,0,0,0,0,0,0,0,0,0,0,0,0,0,0,0,0,0,0,0,0,0,0,0,,,,,,,,,,,,,OH+BW,238,
1999-04-04,N2,1.5,,,202,43,0,0,6,0,57,0,5,0,0,0,0,0,0,0,5,1,0,0,0,0,0,0,0,0,1,0,0,0,0,0,0,0,,,,,,,,,,,,,OH+BW,313,
1999-04-04,N3,0.6,,,4,0,0,0,1,0,0,0,0,0,0,0,2,1,0,0,0,0,0,0,0,0,0,0,0,0,0,0,0,0,0,0,0,0,,,,,,,,,,,,,OH+BW,5,
1999-04-05,A1,1.2,,,0,0,0,0,4,0,0,0,0,0,0,0,0,0,3,0,0,0,0,0,0,0,0,0,0,0,0,0,0,0,0,0,0,0,,,,,,,,,,,,,OH+BW,4,
1999-04-05,A2,1.2,,,0,0,8,0,4,0,58,0,0,0,1,0,0,0,0,0,0,0,0,0,0,0,0,0,0,0,4,0,0,0,0,0,0,0,,,,,,,,,,,,,OH+BW,70,
1999-04-05,A3,1.2,,,0,0,0,0,30,0,0,0,0,0,0,0,0,0,0,0,0,0,0,0,1,0,0,0,0,0,0,0,0,0,0,0,0,0,,,,,,,,,,,,,OH+BW,30,
1999-04-05,F1,1.8,,,0,0,0,0,11,0,13,0,28,0,0,0,0,0,0,0,0,0,0,0,0,0,0,0,0,0,0,0,0,0,1,0,0,0,,,,,,,,,,,,,OH+BW,52,
1999-04-05,F2,0.6,,,0,0,0,0,16,0,0,0,0,0,1,0,0,0,0,0,0,0,0,0,0,0,0,0,0,0,0,0,0,0,0,0,0,0,,,,,,,,,,,,,OH+BW,16,
1999-04-05,S1,1.2,,,0,0,0,0,0,0,0,0,0,0,0,0,0,0,0,0,0,0,0,0,0,0,0,0,0,0,0,0,0,0,0,0,0,0,,,,,,,,,,,,,OH+BW,0,
1999-04-17,M1,1.2,,,396,143,60,5,9,0,14,0,4,0,0,0,0,0,0,0,0,0,0,0,0,0,0,0,3,0,0,0,0,0,0,0,0,0,,,,,,,,,,,,,OH+BW,631,
1999-04-17,M2,1.2,,,454,177,99,7,18,2,1,0,5,0,0,0,0,0,0,0,0,0,0,0,0,2,0,0,0,0,0,0,0,0,0,0,0,0,,,,,,,,,,,,,OH+BW,763,
1999-04-17,M3,1.2,,,185,35,0,0,8,0,2,0,0,0,0,0,0,0,3,0,0,0,0,0,0,0,0,0,0,0,0,0,0,0,0,0,0,0,,,,,,,,,,,,,OH+BW,230,
1999-04-18,E1,1.5,,,0,0,0,0,0,0,0,0,0,0,0,0,0,0,0,0,0,0,0,0,0,0,0,0,0,0,0,0,0,0,0,0,0,0,,,,,,,,,,,,,OH+BW,0,
1999-04-18,E2,1.2,,,0,0,0,0,0,0,0,0,0,0,0,0,0,0,0,0,0,0,0,0,0,0,0,0,0,0,0,0,0,0,0,0,0,0,,,,,,,,,,,,,OH+BW,0,
1999-04-18,E3,1.2,,,0,0,0,0,0,0,0,0,0,0,0,0,0,0,0,0,0,0,0,0,0,0,0,0,0,0,0,0,0,0,0,0,0,0,,,,,,,,,,,,,OH+BW,0,
1999-04-18,L1,1.2,,,8,0,0,0,13,0,0,0,0,0,20,0,1,0,0,0,0,0,0,0,2,0,0,0,0,0,0,0,0,0,0,0,0,0,,,,,,,,,,,,,OH+BW,21,
1999-04-18,L2,1.2,,,0,0,0,0,0,0,1,0,0,0,15,2,2,0,0,0,0,0,0,0,0,0,0,0,2,0,0,0,0,0,0,0,0,0,,,,,,,,,,,,,OH+BW,1,
1999-04-18,L3,1.2,,,0,0,0,0,32,0,115,0,112,0,0,0,0,0,0,0,0,0,1,0,0,0,0,0,0,0,3,0,0,0,0,0,0,0,,,,,,,,,,,,,OH+BW,259,
1999-04-19,N1,1.5,,,184,53,80,7,23,3,34,0,0,0,0,0,0,0,0,0,11,0,0,0,0,0,0,0,4,0,0,0,0,0,0,0,0,0,,,,,,,,,,,,,OH+BW,384,
1999-04-19,N2,1.5,,,186,41,18,1,4,0,113,1,3,0,0,0,0,0,0,0,0,0,0,0,0,0,0,0,0,0,0,0,0,0,0,0,0,0,,,,,,,,,,,,,OH+BW,367,
1999-04-19,N3,0.6,,,0,0,0,0,0,0,0,0,0,0,0,0,0,0,0,0,0,0,0,0,0,0,0,0,0,0,0,0,0,0,0,0,0,0,,,,,,,,,,,,,OH+BW,0,
1999-04-20,A1,1.2,,,0,0,0,0,1,0,1,0,0,0,0,0,0,0,0,0,0,0,0,0,0,0,0,0,2,0,0,0,0,0,0,0,0,0,,,,,,,,,,,,,OH+BW,2,
1999-04-20,A2,1.2,,,0,0,0,0,15,0,60,0,0,0,3,0,0,0,1,0,0,0,0,0,0,0,0,0,0,0,4,2,0,0,0,0,0,0,,,,,,,,,,,,,OH+BW,75,
1999-04-20,A3,1.2,,,0,0,1,0,0,0,0,0,0,0,31,6,0,0,0,0,0,0,0,0,0,0,0,0,2,0,0,0,0,0,0,0,0,0,,,,,,,,,,,,,OH+BW,1,
1999-04-20,F1,1.8,,,0,0,0,0,6,0,26,0,0,0,1,0,0,0,1,0,0,0,0,0,0,0,0,0,0,0,0,0,0,0,0,0,0,0,,,,,,,,,,,,,OH+BW,32,
1999-04-20,F2,0.6,,,0,0,0,0,0,0,0,0,0,0,0,0,0,0,0,0,0,0,0,0,0,0,0,0,0,0,0,0,0,0,0,0,0,0,,,,,,,,,,,,,OH+BW,0,
1999-04-20,S1,1.2,,,0,0,0,0,0,0,0,0,9,0,1,0,0,0,0,0,0,0,0,0,0,0,0,0,0,0,0,0,0,0,0,0,0,0,,,,,,,,,,,,,OH+BW,9,
1999-05-04,L1,1.2,,,3,0,0,0,3,0,3,0,0,0,28,5,1,0,0,0,0,0,0,0,0,0,0,0,0,0,0,0,0,0,0,0,0,0,,,,,,,,,,,,,OH+BW,9,
1999-05-04,L2,1.2,,,0,0,0,0,0,0,0,0,0,0,0,0,1,0,0,0,0,0,0,0,0,0,0,0,0,0,0,0,0,0,0,0,0,0,,,,,,,,,,,,,OH+BW,0,
1999-05-04,L3,1.2,,,0,0,0,0,14,1,75,0,0,0,0,0,2,2,0,0,0,0,1,0,0,0,8,2,0,0,0,0,0,0,0,0,0,0,,,,,,,,,,,,,OH+BW,90,
1999-05-04,M1,1.2,,,605,123,182,24,27,0,46,0,15,0,0,0,0,0,0,0,0,0,0,0,0,0,0,0,0,0,0,0,0,0,0,0,0,0,,,,,,,,,,,,,OH+BW,1022,
1999-05-04,M2,1.2,,,91,22,113,12,35,1,4,0,0,0,0,0,0,0,0,0,0,0,0,0,5,0,0,0,0,0,0,0,0,0,0,0,0,0,,,,,,,,,,,,,OH+BW,278,
1999-05-04,M3,1.2,,,132,33,1,0,29,0,0,0,296,48,0,0,0,0,23,0,0,0,0,0,0,0,0,0,0,0,0,0,0,0,0,0,0,0,,,,,,,,,,,,,OH+BW,539,
1999-05-05,A1,1.2,,,0,0,0,0,36,0,0,0,0,0,14,0,0,0,8,0,0,0,0,0,0,0,0,0,0,0,0,0,0,0,0,0,0,0,,,,,,,,,,,,,OH+BW,36,
1999-05-05,A2,1.2,,,1,0,0,0,42,0,15,0,0,0,15,0,0,0,20,0,0,0,0,0,0,0,0,0,0,0,2,0,0,0,0,0,0,0,,,,,,,,,,,,,OH+BW,58,
1999-05-05,A3,1.2,,,0,0,0,0,0,0,0,0,0,0,0,0,0,0,0,0,0,0,0,0,0,0,0,0,0,0,0,0,0,0,0,0,0,0,,,,,,,,,,,,,OH+BW,0,
1999-05-05,E1,1.5,,,0,0,0,0,0,0,0,0,0,0,0,0,0,0,0,0,0,0,0,0,0,0,0,0,0,0,0,0,0,0,0,0,0,0,,,,,,,,,,,,,OH+BW,0,
1999-05-05,E2,1.2,,,0,0,0,0,0,0,0,0,0,0,0,0,0,0,0,0,0,0,0,0,0,0,0,0,0,0,0,0,0,0,0,0,0,0,,,,,,,,,,,,,OH+BW,0,
1999-05-05,E3,1.2,,,0,0,0,0,0,0,0,0,0,0,0,0,0,0,0,0,0,0,0,0,0,0,0,0,0,0,0,0,0,0,0,0,0,0,,,,,,,,,,,,,OH+BW,0,
1999-05-06,F1,1.8,,,0,0,0,0,20,0,16,0,0,0,0,0,0,0,2,14,0,0,0,0,0,0,0,0,0,0,0,0,0,0,4,0,0,0,,,,,,,,,,,,,OH+BW,36,
1999-05-06,F2,0.6,,,0,0,0,0,0,0,0,0,0,0,0,0,0,0,0,0,0,0,0,0,0,0,0,0,0,0,0,0,0,0,0,0,0,0,,,,,,,,,,,,,OH+BW,0,
1999-05-06,S1,1.2,,,0,0,0,0,0,0,0,0,0,0,0,0,0,0,5,0,0,0,0,0,0,0,0,0,0,0,0,0,0,0,0,0,0,0,,,,,,,,,,,,,OH+BW,0,
1999-05-08,N1,1.5,,,623,156,83,12,18,0,26,0,11,0,0,0,0,0,0,0,0,0,1,0,0,0,0,0,1,0,3,0,0,0,0,0,0,0,,,,,,,,,,,,,OH+BW,929,
1999-05-08,N2,1.5,,,528,110,23,2,47,1,154,0,15,0,0,0,0,0,0,0,4,0,2,0,0,0,0,0,0,0,1,0,0,0,0,0,0,0,,,,,,,,,,,,,OH+BW,880,
1999-05-08,N3,0.6,,,0,0,0,0,3,0,0,0,0,0,1,0,0,0,0,0,0,0,0,0,0,0,0,0,0,0,0,0,0,0,0,0,0,0,,,,,,,,,,,,,OH+BW,3,
1999-05-20,L1,1.2,,,11,0,45,0,0,0,0,0,11,0,0,0,0,0,0,0,0,0,0,0,0,0,0,0,2,0,0,0,0,0,0,0,0,0,,,,,,,,,,,,,OH+BW,67,
1999-05-20,L2,1.2,,,0,0,0,0,11,0,0,0,0,0,0,0,0,0,7,0,0,0,0,0,0,0,0,0,0,0,0,0,0,0,0,0,0,0,,,,,,,,,,,,,OH+BW,11,
1999-05-20,L3,1.2,,,1,0,6,0,37,0,115,0,57,0,5,0,0,0,4,0,0,0,0,0,0,0,0,0,0,0,0,0,0,0,0,0,0,0,,,,,,,,,,,,,OH+BW,216,
1999-05-20,M1,1.2,,,424,66,179,12,3,1,90,1,0,0,0,0,0,0,0,0,0,0,0,0,0,0,0,0,3,0,2,0,0,0,0,0,0,0,,,,,,,,,,,,,OH+BW,776,
1999-05-20,M2,1.2,,,1222,406,239,17,6,0,9,0,3,0,0,0,0,0,0,0,0,0,0,0,2,2,0,0,1,0,0,0,0,0,0,0,0,0,,,,,,,,,,,,,OH+BW,1902,
1999-05-20,M3,1.2,,,141,22,0,0,9,0,0,0,0,0,0,0,1,0,0,0,0,0,0,0,1,0,0,0,0,0,0,0,0,0,0,0,0,0,,,,,,,,,,,,,OH+BW,172,
1999-05-21,N1,1.5,,,707,123,95,11,33,1,30,0,19,0,0,0,0,0,0,0,0,0,0,0,0,0,0,0,0,0,1,0,0,0,0,0,0,0,,,,,,,,,,,,,OH+BW,1019,
1999-05-21,N2,1.5,,,368,84,49,7,15,2,245,0,23,0,2,0,0,0,0,0,6,0,1,0,1,0,0,0,0,0,1,0,0,0,0,0,0,0,,,,,,,,,,,,,OH+BW,793,
1999-05-21,N3,0.6,,,0,0,0,0,0,0,0,0,0,0,0,0,0,0,0,0,0,0,0,0,0,0,0,0,0,0,0,0,0,0,0,0,0,0,,,,,,,,,,,,,OH+BW,0,
1999-05-22,A1,1.2,,,0,0,4,0,6,0,2,0,0,0,1,0,0,0,0,0,0,0,0,0,0,0,0,0,0,0,0,0,0,0,0,0,0,0,,,,,,,,,,,,,OH+BW,12,
1999-05-22,A2,1.2,,,0,0,0,0,34,0,104,1,0,0,0,0,0,0,0,0,0,0,0,0,0,0,0,0,0,0,4,0,0,0,0,0,0,0,,,,,,,,,,,,,OH+BW,139,
1999-05-22,A3,1.2,,,0,0,0,0,31,0,0,0,0,0,5,0,4,0,0,0,0,0,0,0,0,0,0,0,0,0,0,0,0,0,0,0,0,0,,,,,,,,,,,,,OH+BW,31,
1999-05-22,F1,1.8,,,0,0,10,0,50,0,19,0,305,30,0,0,0,0,0,0,0,0,0,0,0,0,0,0,0,0,0,0,0,0,0,0,0,0,,,,,,,,,,,,,OH+BW,414,
1999-05-22,F2,0.6,,,0,0,0,0,0,0,0,0,0,0,0,0,0,0,0,0,0,0,0,0,0,0,0,0,0,0,0,0,0,0,0,0,0,0,,,,,,,,,,,,,OH+BW,0,
1999-05-22,S1,1.2,,,0,0,0,0,0,0,0,0,0,0,0,0,0,0,0,0,0,0,0,0,0,0,0,0,0,0,0,0,0,0,0,0,0,0,,,,,,,,,,,,,OH+BW,0,
1999-05-23,E1,1.5,,,0,0,0,0,0,0,0,0,0,0,3,0,0,0,0,0,0,0,0,0,0,0,0,0,0,0,0,0,0,0,0,0,0,0,,,,,,,,,,,,,OH+BW,0,
1999-05-23,E2,1.2,,,0,0,0,0,0,0,0,0,0,0,0,0,0,0,0,0,0,0,0,0,0,0,0,0,0,0,0,0,0,0,0,0,0,0,,,,,,,,,,,,,OH+BW,0,
1999-05-23,E3,1.2,,,0,0,0,0,0,0,0,0,0,0,0,0,0,0,0,0,0,0,0,0,0,0,0,0,0,0,0,0,0,0,0,0,0,0,,,,,,,,,,,,,OH+BW,0,
1999-06-02,A1,1.2,,,0,0,0,0,9,0,0,0,0,0,12,0,0,0,4,0,0,0,0,0,0,0,0,0,0,0,0,0,0,0,0,0,0,0,,,,,,,,,,,,,OH+BW,9,
1999-06-02,A2,1.2,,,0,0,0,0,47,0,65,0,14,0,3,0,0,0,3,0,0,0,0,0,0,0,0,0,0,0,1,0,0,0,0,0,0,0,,,,,,,,,,,,,OH+BW,126,
1999-06-02,A3,1.2,,,0,0,0,0,0,0,0,0,0,0,0,0,0,0,0,0,0,0,0,0,0,0,0,0,0,0,0,0,0,0,0,0,0,0,,,,,,,,,,,,,OH+BW,0,
1999-06-02,E1,1.5,,,47,0,0,0,0,0,0,0,0,0,0,0,0,0,0,0,0,0,0,0,0,0,0,0,0,0,0,0,0,0,0,0,0,0,,,,,,,,,,,,,OH+BW,47,
1999-06-02,E2,1.2,,,0,0,0,0,0,0,0,0,0,0,0,0,0,0,0,0,0,0,0,0,0,0,0,0,0,0,0,0,0,0,0,0,0,0,,,,,,,,,,,,,OH+BW,0,
1999-06-02,E3,1.2,,,0,0,0,0,0,0,0,0,594,130,0,0,1,0,0,0,0,0,0,0,1,0,0,0,0,0,0,0,0,0,0,0,0,0,,,,,,,,,,,,,OH+BW,724,
1999-06-02,F1,1.8,,,0,0,2,0,13,0,33,0,1,0,0,0,0,0,0,0,0,0,0,0,0,0,0,0,0,0,0,0,0,0,0,0,0,0,,,,,,,,,,,,,OH+BW,49,
1999-06-02,F2,0.6,,,0,0,0,0,0,0,0,0,0,0,0,0,0,0,0,0,0,0,0,0,0,0,0,0,0,0,0,0,0,0,0,0,0,0,,,,,,,,,,,,,OH+BW,0,
1999-06-02,M1,1.2,,,338,97,65,6,23,1,73,2,0,0,0,0,0,0,0,0,0,0,0,0,1,0,0,0,0,0,0,0,0,0,0,0,0,0,,,,,,,,,,,,,OH+BW,605,
1999-06-02,M2,1.2,,,418,92,91,6,1,1,4,0,0,0,0,0,5,0,0,0,0,0,0,0,5,10,0,0,0,0,0,0,0,0,0,0,0,0,,,,,,,,,,,,,OH+BW,613,
1999-06-02,M3,1.2,,,136,35,24,0,27,0,2,0,0,0,0,0,0,0,0,0,0,0,0,0,1,0,0,0,0,0,0,0,0,0,0,0,0,0,,,,,,,,,,,,,OH+BW,224,
1999-06-03,N1,1.5,,,568,82,65,8,75,1,103,0,3,0,0,0,0,0,0,0,0,0,0,0,0,0,0,0,1,0,1,0,0,0,0,0,0,0,,,,,,,,,,,,,OH+BW,905,
1999-06-03,N2,1.5,,,412,97,12,2,24,0,164,0,0,0,0,0,0,0,0,0,0,0,2,0,0,0,1,0,0,0,3,0,0,0,0,0,0,0,,,,,,,,,,,,,OH+BW,711,
1999-06-03,N3,0.6,,,19,0,3,0,0,0,1,0,16,0,0,0,0,0,0,0,0,0,0,0,0,0,0,0,0,0,0,0,0,0,0,0,0,0,,,,,,,,,,,,,OH+BW,39,
1999-06-03,S1,1.2,,,0,0,0,0,0,0,0,0,0,0,0,0,0,0,0,0,0,0,0,0,0,0,0,0,0,0,0,0,0,0,0,0,0,0,,,,,,,,,,,,,OH+BW,0,
1999-06-04,L1,1.2,,,61,0,509,34,0,0,0,0,2,0,2,0,5,0,0,0,0,0,0,0,0,0,0,0,0,0,0,0,0,0,0,0,0,0,,,,,,,,,,,,,OH+BW,606,
1999-06-04,L2,1.2,,,0,0,26,4,1,0,1,0,0,0,0,0,1,0,0,0,0,0,0,0,1,0,0,0,1,0,0,0,0,0,2,0,0,0,,,,,,,,,,,,,OH+BW,32,
1999-06-04,L3,1.2,,,0,0,5,0,12,0,141,0,0,0,0,0,0,0,0,0,0,0,0,0,12,2,0,0,3,0,0,0,0,0,0,0,0,0,,,,,,,,,,,,,OH+BW,158,
1999-11-30,E1,1.5,,,0,0,13,2,42,0,0,0,0,0,0,0,0,0,0,0,0,0,0,0,0,0,0,0,0,0,0,0,0,0,0,0,0,0,,,,,,,,,,,,,OH+BW,57,
1999-11-30,E2,1.2,,,1088,0,86,7,36,0,0,0,0,0,0,0,0,0,1,0,0,0,0,0,1,0,0,0,2,0,0,0,0,0,0,0,0,0,,,,,,,,,,,,,OH+BW,1217,
1999-11-30,E3,1.2,,,29,0,3,0,32,0,42,0,0,0,0,0,0,0,4,0,0,0,0,0,0,0,0,0,2,0,0,0,0,0,2,0,0,0,,,,,,,,,,,,,OH+BW,106,
1999-11-30,L1,1.2,,,0,0,0,0,0,0,0,0,0,0,0,0,2,0,2,0,0,0,0,0,0,0,0,0,0,0,0,0,0,0,0,0,0,0,,,,,,,,,,,,,OH+BW,0,
1999-11-30,L2,1.2,,,0,0,0,0,9,0,1,0,0,0,1,0,5,4,0,0,0,0,0,0,0,0,0,0,2,0,0,0,0,0,0,0,0,0,,,,,,,,,,,,,OH+BW,10,
1999-11-30,L3,1.2,,,0,0,130,8,1,0,154,0,17,0,0,0,2,0,2,0,0,0,0,0,1,0,0,0,0,0,1,0,0,0,0,0,0,0,,,,,,,,,,,,,OH+BW,310,
1999-11-30,M1,1.2,,,42,0,6,1,12,0,0,0,0,0,0,0,0,0,0,0,0,0,0,0,0,0,0,0,0,0,0,0,0,0,0,0,0,0,,,,,,,,,,,,,OH+BW,61,
1999-11-30,M2,1.2,,,5,0,0,0,0,0,6,0,0,0,0,0,0,0,0,0,0,0,0,0,0,0,0,0,0,0,0,0,0,0,0,0,0,0,,,,,,,,,,,,,OH+BW,11,
1999-11-30,M3,1.2,,,12,0,0,0,5,0,1,0,0,0,0,0,0,0,0,0,0,0,0,0,0,0,0,0,0,0,0,0,0,0,0,0,0,0,,,,,,,,,,,,,OH+BW,18,
1999-12-01,F1,1.8,,,1,0,26,2,62,0,56,1,4,0,0,0,5,0,0,0,0,0,0,0,0,0,0,0,0,0,0,0,0,0,0,0,0,0,,,,,,,,,,,,,OH+BW,152,
1999-12-01,F2,0.6,,,0,0,0,0,5,0,0,0,0,0,0,0,1,0,0,0,0,0,0,0,0,0,0,0,0,0,0,0,0,0,0,0,0,0,,,,,,,,,,,,,OH+BW,5,
1999-12-01,N1,1.5,,,51,0,0,0,1,0,9,0,0,0,0,0,0,0,0,0,0,0,0,0,0,0,0,0,0,0,0,0,0,0,0,0,0,0,,,,,,,,,,,,,OH+BW,61,
1999-12-01,N2,1.5,,,67,0,0,0,10,0,23,0,0,0,0,0,0,0,2,0,0,0,0,0,3,0,0,0,0,0,3,0,0,0,0,0,0,0,,,,,,,,,,,,,OH+BW,100,
1999-12-01,N3,0.6,,,0,0,0,0,0,0,3,0,0,0,0,0,0,0,11,0,0,0,0,0,5,4,0,0,0,0,0,0,0,0,2,0,0,0,,,,,,,,,,,,,OH+BW,3,
1999-12-01,S1,1.2,,,0,0,70,5,6,0,0,0,0,0,8,0,0,0,0,0,0,0,0,0,0,0,0,0,0,0,0,0,0,0,0,0,0,0,,,,,,,,,,,,,OH+BW,81,
1999-12-03,A1,1.2,,,0,0,392,37,17,0,61,0,0,0,8,0,0,0,0,0,0,0,0,0,0,0,0,0,0,0,0,0,0,0,0,0,0,0,,,,,,,,,,,,,OH+BW,507,
1999-12-03,A2,1.2,,,0,0,0,0,0,0,78,0,0,0,0,0,0,0,0,0,0,0,0,0,0,0,0,0,0,0,0,0,0,0,0,0,0,0,,,,,,,,,,,,,OH+BW,78,
1999-12-03,A3,1.2,,,0,0,26,1,42,0,0,0,0,0,0,0,0,0,0,0,0,0,0,0,0,0,0,0,0,0,0,0,0,0,0,0,0,0,,,,,,,,,,,,,OH+BW,69,
1999-12-14,E1,1.5,,,326,0,42,1,0,0,0,0,9,0,0,0,0,0,0,0,2,0,0,0,8,6,0,0,0,0,0,0,0,0,0,0,0,0,,,,,,,,,,,,,OH+BW,378,
1999-12-14,E2,1.2,,,1951,0,16,2,0,0,0,0,0,0,0,0,0,0,0,0,0,0,2,0,0,0,0,0,0,0,0,0,0,0,0,0,0,0,,,,,,,,,,,,,OH+BW,1969,
1999-12-14,E3,1.2,,,54,0,66,7,6,0,13,0,0,0,0,0,4,0,2,0,0,0,0,0,2,0,0,0,0,0,0,0,0,0,0,0,0,0,,,,,,,,,,,,,OH+BW,146,
1999-12-14,M1,1.2,,,48,0,2,0,0,0,5,0,0,0,0,0,0,0,0,0,0,0,0,0,0,0,0,0,0,0,0,0,0,0,0,0,0,0,,,,,,,,,,,,,OH+BW,55,
1999-12-14,M2,1.2,,,579,0,13,2,28,0,30,0,0,0,0,0,0,0,0,0,0,0,0,0,1,0,1,0,0,0,1,0,0,0,0,0,0,0,,,,,,,,,,,,,OH+BW,652,
1999-12-14,M3,1.2,,,1,0,0,0,0,0,0,0,0,0,0,0,0,0,1,0,0,0,0,0,0,0,0,0,0,0,0,0,0,0,0,0,0,0,,,,,,,,,,,,,OH+BW,1,
1999-12-15,A1,1.2,,,0,0,9,0,0,0,13,0,0,0,0,0,0,0,0,0,0,0,0,0,0,0,0,0,0,0,0,0,0,0,0,0,0,0,,,,,,,,,,,,,OH+BW,22,
1999-12-15,A2,1.2,,,0,0,0,0,0,0,3,0,0,0,0,0,0,0,0,0,0,0,0,0,0,0,0,0,0,0,0,0,0,0,0,0,0,0,,,,,,,,,,,,,OH+BW,3,
1999-12-15,A3,1.2,,,0,0,30,1,12,0,0,0,0,0,0,0,0,0,0,0,0,0,0,0,0,0,0,0,0,0,0,0,0,0,0,0,0,0,,,,,,,,,,,,,OH+BW,43,
1999-12-15,F1,1.8,,,29,0,554,29,24,0,145,3,14,0,0,0,0,0,0,0,0,0,0,0,1,0,0,0,0,0,2,0,0,0,0,0,0,0,,,,,,,,,,,,,OH+BW,798,
1999-12-15,F2,0.6,,,0,0,0,0,0,0,0,0,0,0,0,0,0,0,0,0,0,0,0,0,0,0,0,0,0,0,0,0,0,0,0,0,0,0,,,,,,,,,,,,,OH+BW,0,
1999-12-15,S1,1.2,,,0,0,7,0,2,1,5,2,8,0,12,0,0,0,0,0,0,0,0,0,0,0,0,0,0,0,0,0,0,0,0,0,0,0,,,,,,,,,,,,,OH+BW,25,
1999-12-17,L1,1.2,,,0,0,0,0,0,0,0,0,0,0,0,0,0,0,17,0,0,0,0,0,0,0,0,0,0,0,0,0,0,0,0,0,0,0,,,,,,,,,,,,,OH+BW,0,
1999-12-17,L2,1.2,,,0,0,18,0,1,0,15,0,0,0,0,0,0,0,0,0,0,0,0,0,0,0,0,0,0,0,0,0,0,0,0,0,0,0,,,,,,,,,,,,,OH+BW,34,
1999-12-17,L3,1.2,,,0,0,58,3,0,0,22,0,0,0,0,0,2,0,0,0,0,0,0,0,0,0,0,0,0,0,0,0,0,0,0,0,0,0,,,,,,,,,,,,,OH+BW,83,
1999-12-18,N1,1.5,,,61,0,0,0,0,0,11,0,0,0,0,0,0,0,3,0,0,0,0,0,0,0,0,0,0,0,0,0,0,0,0,0,0,0,,,,,,,,,,,,,OH+BW,72,
1999-12-18,N2,1.5,,,81,0,0,0,0,0,9,0,0,0,0,0,0,0,0,0,0,0,0,0,0,0,0,0,0,0,0,0,0,0,0,0,0,0,,,,,,,,,,,,,OH+BW,90,
1999-12-18,N3,0.6,,,0,0,0,0,0,0,11,0,0,0,0,0,0,0,7,0,0,0,0,0,6,3,0,0,0,0,0,0,0,0,0,0,0,0,,,,,,,,,,,,,OH+BW,11,
1999-12-28,N1,1.5,,,260,0,16,2,17,0,97,0,6,0,0,0,0,0,0,0,0,0,0,0,0,0,0,0,0,0,0,0,0,0,0,0,0,0,,,,,,,,,,,,,OH+BW,398,
1999-12-28,N2,1.5,,,98,0,0,0,8,0,13,0,0,0,0,0,0,0,0,0,0,0,0,0,0,0,0,0,0,0,0,0,0,0,0,0,0,0,,,,,,,,,,,,,OH+BW,119,
1999-12-28,N3,0.6,,,0,0,0,0,7,0,4,0,1,0,0,0,0,0,0,0,0,0,0,0,5,2,0,0,0,0,0,0,0,0,0,0,0,0,,,,,,,,,,,,,OH+BW,12,
1999-12-28,S1,1.2,,,0,0,53,2,28,0,1,0,0,0,1,0,0,0,0,0,0,0,0,0,0,0,0,0,0,0,0,0,0,0,0,0,0,0,,,,,,,,,,,,,OH+BW,84,
1999-12-29,E1,1.5,,,1011,0,192,18,0,0,0,0,90,11,0,0,0,0,0,0,2,0,0,0,0,0,0,0,0,0,0,0,0,0,0,0,0,0,,,,,,,,,,,,,OH+BW,1322,
1999-12-29,E2,1.2,,,0,0,90,4,0,0,0,0,0,0,0,0,0,0,0,0,0,0,0,0,0,0,0,0,0,0,1,0,0,0,0,0,0,0,,,,,,,,,,,,,OH+BW,94,
1999-12-29,E3,1.2,,,532,0,6,1,0,0,15,1,0,0,0,0,10,5,2,0,0,0,0,0,2,0,0,0,1,0,1,0,0,0,0,0,0,0,,,,,,,,,,,,,OH+BW,555,
1999-12-29,L1,1.2,,,0,0,0,0,3,0,1,0,0,0,0,0,0,0,2,0,0,0,0,0,0,0,0,0,0,0,0,0,0,0,0,0,0,0,,,,,,,,,,,,,OH+BW,4,
1999-12-29,L2,1.2,,,51,0,547,19,6,0,29,0,0,0,1,0,2,0,0,0,0,0,0,0,0,0,0,0,2,0,0,0,0,0,0,0,0,0,,,,,,,,,,,,,OH+BW,652,
1999-12-29,L3,1.2,,,0,0,1,0,9,0,8,0,0,0,0,0,0,0,0,0,0,0,0,0,1,2,0,0,0,0,0,0,0,0,0,0,0,0,,,,,,,,,,,,,OH+BW,18,
1999-12-29,M1,1.2,,,79,0,1,0,4,0,4,0,0,0,0,0,0,0,0,0,0,0,0,0,1,0,0,0,0,0,0,0,0,0,0,0,1,0,,,,,,,,,,,,,OH+BW,88,
1999-12-29,M2,1.2,,,66,0,6,0,0,0,3,0,0,0,0,0,0,0,0,0,0,0,0,0,1,0,0,0,0,0,0,0,0,0,0,0,0,0,,,,,,,,,,,,,OH+BW,75,
1999-12-29,M3,1.2,,,79,0,0,0,37,0,32,0,2,0,0,0,0,0,2,0,0,0,0,0,4,0,0,0,3,0,0,0,0,0,0,0,0,0,,,,,,,,,,,,,OH+BW,150,
1999-12-30,A1,1.2,,,6,0,0,0,1,0,3,0,0,0,0,0,0,0,0,0,0,0,0,0,1,2,0,0,0,0,2,0,0,0,0,0,0,0,,,,,,,,,,,,,OH+BW,10,
1999-12-30,A2,1.2,,,0,0,0,0,0,0,16,1,0,0,0,0,0,0,0,0,0,0,0,0,0,0,0,0,0,0,0,0,0,0,0,0,0,0,,,,,,,,,,,,,OH+BW,17,
1999-12-30,A3,1.2,,,0,0,0,0,0,0,0,0,0,0,0,0,0,0,0,0,0,0,0,0,0,0,0,0,0,0,0,0,0,0,0,0,0,0,,,,,,,,,,,,,OH+BW,0,
1999-12-30,F1,1.8,,,0,0,10,1,24,0,63,0,0,0,0,0,1,0,0,0,0,0,0,0,0,0,0,0,0,0,0,0,0,0,0,0,0,0,,,,,,,,,,,,,OH+BW,98,
1999-12-30,F2,0.6,,,0,0,0,0,0,0,0,0,0,0,0,0,0,0,0,0,0,0,0,0,0,0,0,0,0,0,0,0,0,0,0,0,0,0,,,,,,,,,,,,,OH+BW,0,
2000-01-02,L1,1.2,,,311,0,47,5,11,0,1,0,0,0,0,0,4,4,3,0,0,0,0,0,5,7,0,0,0,0,0,0,0,0,0,0,0,0,,,,,,,,,,,,,OH+BW,375,
2000-01-02,L2,1.2,,,235,0,12,0,6,0,39,0,0,0,0,0,0,0,0,0,0,0,0,0,0,0,0,0,0,0,0,0,0,0,0,0,0,0,,,,,,,,,,,,,OH+BW,292,
2000-01-02,L3,1.2,,,73,0,85,5,0,0,29,0,0,0,0,0,0,0,0,0,0,0,0,0,0,0,0,0,0,0,0,0,0,0,0,0,0,0,,,,,,,,,,,,,OH+BW,192,
2000-01-11,N1,1.5,,,177,0,144,16,17,0,47,0,0,0,0,0,0,0,0,0,0,0,0,0,0,0,0,0,0,0,0,0,0,0,0,0,0,0,,,,,,,,,,,,,OH+BW,401,
2000-01-11,N2,1.5,,,123,0,5,0,32,0,43,0,0,0,0,0,0,0,0,0,0,0,0,0,1,0,0,0,1,0,2,0,0,0,0,0,0,0,,,,,,,,,,,,,OH+BW,203,
2000-01-11,N3,0.6,,,1,0,10,0,2,0,29,0,0,0,0,0,0,0,0,0,0,0,0,0,4,5,0,0,0,0,0,0,0,0,0,0,0,0,,,,,,,,,,,,,OH+BW,42,
2000-01-11,S1,1.2,,,0,0,21,1,25,0,6,0,4,0,1,0,0,0,0,0,0,0,0,0,0,0,0,0,0,0,0,0,0,0,0,0,0,0,,,,,,,,,,,,,OH+BW,57,
2000-01-12,E1,1.5,,,0,0,0,0,0,0,0,0,55,3,0,0,0,0,0,0,0,0,0,0,0,0,0,0,0,0,0,0,0,0,0,0,0,0,,,,,,,,,,,,,OH+BW,58,
2000-01-12,E2,1.2,,,0,0,0,0,0,0,0,0,0,0,0,0,0,0,0,0,0,0,0,0,0,0,0,0,0,0,0,0,0,0,0,0,0,0,,,,,,,,,,,,,OH+BW,0,
2000-01-12,E3,1.2,,,0,0,0,0,0,0,0,0,0,0,0,0,3,0,0,0,0,0,0,0,0,0,0,0,0,0,0,0,0,0,0,0,0,0,,,,,,,,,,,,,OH+BW,0,
2000-01-12,L1,1.2,,,39,0,0,0,7,0,9,0,0,0,0,0,5,2,0,0,0,0,0,0,0,0,0,0,0,0,0,0,0,0,0,0,0,0,,,,,,,,,,,,,OH+BW,55,
2000-01-12,L2,1.2,,,6,0,6,0,0,0,12,0,0,0,0,0,1,0,0,0,0,0,0,0,0,0,0,0,1,0,0,0,0,0,0,0,0,0,,,,,,,,,,,,,OH+BW,24,
2000-01-12,L3,1.2,,,178,0,32,1,16,0,46,0,0,0,0,0,0,0,1,0,0,0,0,0,3,0,0,0,0,0,0,0,0,0,0,0,0,0,,,,,,,,,,,,,OH+BW,273,
2000-01-12,M1,1.2,,,43,0,0,0,22,0,18,0,0,0,0,0,0,0,0,0,0,0,0,0,0,0,0,0,0,0,0,0,0,0,0,0,0,0,,,,,,,,,,,,,OH+BW,83,
2000-01-12,M2,1.2,,,61,0,26,0,32,0,10,0,0,0,0,0,0,0,0,0,0,0,0,0,0,0,0,0,0,0,0,0,0,0,0,0,0,0,,,,,,,,,,,,,OH+BW,129,
2000-01-12,M3,1.2,,,103,47,4,52,0,24,0,0,0,0,0,0,0,0,0,0,0,0,0,0,0,0,0,0,0,0,0,0,0,0,0,0,0,0,,,,,,,,,,,,,OH+BW,230,
2000-01-13,A1,1.2,,,0,0,0,0,15,0,2,0,0,0,0,0,0,0,0,0,0,0,0,0,0,0,5,0,0,0,0,0,0,0,0,0,0,0,,,,,,,,,,,,,OH+BW,17,
2000-01-13,A2,1.2,,,3,0,24,1,0,0,76,0,0,0,0,0,0,0,0,0,0,0,0,0,0,0,0,0,0,0,0,0,0,0,0,0,0,0,,,,,,,,,,,,,OH+BW,104,
2000-01-13,A3,1.2,,,0,0,0,0,3,0,0,0,18,0,7,0,1,0,0,0,0,0,0,0,0,0,0,0,0,0,0,0,0,0,0,0,0,0,,,,,,,,,,,,,OH+BW,21,
2000-01-13,F1,1.8,,,0,0,0,0,0,0,10,0,0,0,0,0,0,0,0,0,0,0,1,1,0,0,0,0,0,0,1,0,0,0,0,0,0,0,,,,,,,,,,,,,OH+BW,10,
2000-01-13,F2,0.6,,,0,0,0,0,0,0,0,0,0,0,0,0,0,0,0,0,0,0,0,0,0,0,0,0,0,0,0,0,0,0,0,0,0,0,,,,,,,,,,,,,OH+BW,0,
2000-01-28,M1,1.2,,,31,0,8,1,1,0,1,0,0,0,0,0,0,0,0,0,0,0,0,0,1,0,0,0,0,0,0,0,0,0,0,0,0,0,,,,,,,,,,,,,OH+BW,42,
2000-01-28,M2,1.2,,,56,0,0,0,0,0,8,0,0,0,0,0,0,0,0,0,0,0,0,0,4,0,0,0,1,0,1,0,0,0,0,0,0,0,,,,,,,,,,,,,OH+BW,64,
2000-01-28,M3,1.2,,,117,0,36,3,1,0,7,0,15,0,0,0,1,0,0,0,0,0,0,0,0,0,0,0,0,0,0,0,0,0,0,0,0,0,,,,,,,,,,,,,OH+BW,179,
2000-01-29,N1,1.5,,,412,2,25,3,1,0,36,0,0,0,0,0,1,0,8,0,0,0,0,0,0,0,0,0,0,0,2,0,0,0,0,0,0,0,,,,,,,,,,,,,OH+BW,479,
2000-01-29,N2,1.5,,,116,0,23,0,105,1,249,1,3,0,0,0,0,0,0,0,0,0,0,0,0,0,0,0,0,0,0,0,0,0,0,0,0,0,,,,,,,,,,,,,OH+BW,498,
2000-01-29,N3,0.6,,,3,0,0,0,2,0,39,0,0,0,0,0,1,0,0,0,0,0,0,0,1,4,0,0,0,0,0,0,0,0,0,0,0,0,,,,,,,,,,,,,OH+BW,44,
2000-01-29,S1,1.2,,,81,0,205,11,11,2,0,0,0,0,5,0,0,0,0,0,0,0,0,0,0,0,0,0,0,0,0,0,0,0,0,0,0,0,,,,,,,,,,,,,OH+BW,310,
2000-01-30,A1,1.2,,,0,0,12,0,0,0,1,0,0,0,0,0,0,0,0,0,0,0,0,0,1,1,0,0,0,0,0,0,0,0,0,0,0,0,,,,,,,,,,,,,OH+BW,13,
2000-01-30,A2,1.2,,,4,0,79,10,6,0,22,0,0,0,1,0,2,3,0,0,0,0,0,0,1,0,0,0,0,0,0,0,0,0,0,0,0,0,,,,,,,,,,,,,OH+BW,121,
2000-01-30,A3,1.2,,,0,0,0,0,13,2,0,0,0,0,0,0,0,0,0,0,0,0,0,0,0,0,0,0,0,0,0,0,0,0,0,0,0,0,,,,,,,,,,,,,OH+BW,15,
2000-01-30,F1,1.8,,,489,0,176,11,20,1,3,0,0,0,0,0,0,0,5,0,0,0,0,0,0,0,0,0,0,0,0,0,0,0,0,0,0,0,,,,,,,,,,,,,OH+BW,700,
2000-01-30,F2,0.6,,,0,0,0,0,10,1,0,0,14,1,0,0,0,0,0,0,0,0,0,0,0,0,0,0,0,0,0,0,0,0,0,0,0,0,,,,,,,,,,,,,OH+BW,26,
2000-01-31,E1,1.5,,,0,0,0,0,4,0,0,0,9,0,0,0,0,0,0,0,0,0,0,0,0,0,0,0,0,0,0,0,0,0,0,0,0,0,,,,,,,,,,,,,OH+BW,13,
2000-01-31,E2,1.2,,,0,0,0,0,0,0,0,0,0,0,0,0,0,0,0,0,0,0,0,0,0,0,0,0,0,0,0,0,0,0,0,0,0,0,,,,,,,,,,,,,OH+BW,0,
2000-01-31,E3,1.2,,,199,0,0,0,4,0,2,0,9,0,0,0,4,8,3,0,0,0,0,0,0,0,0,0,0,0,0,0,0,0,0,0,0,0,,,,,,,,,,,,,OH+BW,214,
2000-02-10,E1,1.5,,,0,0,0,0,2,0,0,0,14,0,0,0,0,0,0,0,8,0,0,0,0,0,0,0,0,0,0,0,0,0,0,0,0,0,,,,,,,,,,,,,OH+BW,16,
2000-02-10,E2,1.2,,,0,0,0,0,0,0,0,0,0,0,0,0,0,0,6,0,0,0,0,0,0,0,0,0,0,0,0,0,0,0,0,0,0,0,,,,,,,,,,,,,OH+BW,0,
2000-02-10,E3,1.2,,,0,0,0,0,5,0,0,0,3,0,0,0,4,5,2,0,0,0,0,0,1,1,0,0,0,0,0,0,0,0,0,0,0,0,,,,,,,,,,,,,OH+BW,8,
2000-02-10,L1,1.2,,,151,0,17,0,16,0,0,0,0,0,0,0,3,0,0,0,0,0,0,0,3,5,0,0,0,0,0,0,0,0,0,0,0,0,,,,,,,,,,,,,OH+BW,184,
2000-02-10,L2,1.2,,,182,2,1,0,16,0,3,0,0,0,0,0,2,0,0,0,0,0,0,0,0,0,0,0,0,0,0,0,0,0,2,0,0,0,,,,,,,,,,,,,OH+BW,204,
2000-02-10,L3,1.2,,,49,0,91,3,6,0,120,1,0,0,0,0,0,0,0,0,0,0,0,0,0,0,0,0,2,0,0,0,0,0,0,0,0,0,,,,,,,,,,,,,OH+BW,270,
2000-02-10,N1,1.5,,,270,4,61,2,15,0,38,0,0,0,0,0,0,0,0,0,0,0,0,0,1,0,0,0,0,0,1,0,0,0,0,0,0,0,,,,,,,,,,,,,OH+BW,390,
2000-02-10,N2,1.5,,,122,0,16,3,11,3,23,1,0,0,0,0,0,0,0,0,0,0,0,0,0,0,0,0,0,0,0,0,0,0,0,0,0,0,,,,,,,,,,,,,OH+BW,179,
2000-02-10,N3,0.6,,,1,0,0,0,11,0,24,0,0,0,0,0,1,0,0,0,0,0,0,0,0,0,0,0,0,0,0,0,0,0,0,0,0,0,,,,,,,,,,,,,OH+BW,36,
2000-02-11,M1,1.2,,,60,4,0,0,0,0,8,0,0,0,0,0,0,0,0,0,0,0,0,0,0,0,0,0,0,0,0,0,0,0,0,0,0,0,,,,,,,,,,,,,OH+BW,72,
2000-02-11,M2,1.2,,,66,0,0,0,30,3,3,0,0,0,0,0,0,0,0,0,0,0,0,0,4,0,0,0,0,0,0,0,0,0,0,0,0,0,,,,,,,,,,,,,OH+BW,102,
2000-02-11,M3,1.2,,,130,3,0,0,17,1,22,1,21,0,0,0,0,0,0,0,0,0,0,0,0,0,0,0,0,0,0,0,0,0,0,0,0,0,,,,,,,,,,,,,OH+BW,195,
2000-02-11,S1,1.2,,,0,0,19,1,34,3,0,0,0,0,1,0,0,0,0,0,0,0,0,0,1,0,0,0,0,0,0,0,0,0,0,0,0,0,,,,,,,,,,,,,OH+BW,57,
2000-02-12,A1,1.2,,,45,0,684,45,11,0,4,0,0,0,0,0,0,0,0,0,0,0,0,0,0,0,4,0,0,0,0,0,0,0,0,0,0,0,,,,,,,,,,,,,OH+BW,789,
2000-02-12,A2,1.2,,,0,0,22,3,16,0,114,3,0,0,0,0,3,3,0,0,0,0,0,0,0,0,0,0,0,0,0,0,0,0,0,0,0,0,,,,,,,,,,,,,OH+BW,158,
2000-02-12,A3,1.2,,,0,0,45,5,7,1,0,0,0,0,0,0,0,0,1,0,0,0,0,0,0,0,0,0,0,0,0,0,0,0,0,0,0,0,,,,,,,,,,,,,OH+BW,58,
2000-02-12,F1,1.8,,,0,0,4,0,39,1,2,0,4,0,0,0,9,3,0,0,0,0,0,0,0,0,0,0,0,0,0,0,0,0,0,0,0,0,,,,,,,,,,,,,OH+BW,50,
2000-02-12,F2,0.6,,,0,0,0,0,0,0,0,0,0,0,0,0,0,0,0,0,0,0,0,0,0,0,0,0,0,0,0,0,0,0,0,0,0,0,,,,,,,,,,,,,OH+BW,0,
2000-02-24,L1,1.2,,,336,0,54,2,0,0,16,0,0,0,0,0,4,0,7,0,0,0,0,0,0,1,0,0,0,0,0,0,0,0,0,0,0,0,,,,,,,,,,,,,OH+BW,408,
2000-02-24,L2,1.2,,,90,0,97,5,23,2,11,1,0,0,5,0,7,3,0,0,0,0,0,0,0,0,0,0,0,0,0,0,0,0,0,0,0,0,,,,,,,,,,,,,OH+BW,229,
2000-02-24,L3,1.2,,,127,0,134,8,5,0,126,1,0,0,0,0,0,0,0,0,0,0,0,0,0,0,0,0,0,0,0,0,0,0,0,0,0,0,,,,,,,,,,,,,OH+BW,401,
2000-02-24,M1,1.2,,,14,0,0,0,3,0,3,0,4,0,0,0,0,0,0,0,0,0,0,0,1,0,0,0,0,0,0,0,0,0,0,0,0,0,,,,,,,,,,,,,OH+BW,24,
2000-02-24,M2,1.2,,,11,0,5,1,0,0,0,0,0,0,0,0,0,0,0,0,0,0,0,0,0,0,0,0,0,0,0,0,0,0,0,0,0,0,,,,,,,,,,,,,OH+BW,17,
2000-02-24,M3,1.2,,,59,4,8,0,107,0,106,0,12,0,0,0,0,0,0,0,0,0,0,0,1,0,0,0,0,0,0,0,0,0,0,0,0,0,,,,,,,,,,,,,OH+BW,296,
2000-02-25,N1,1.5,,,92,22,2,0,3,0,50,1,0,0,0,0,0,0,0,0,0,0,0,0,0,0,0,0,0,0,0,0,0,0,0,0,0,0,,,,,,,,,,,,,OH+BW,170,
2000-02-25,N2,1.5,,,50,15,9,1,69,5,115,3,4,0,0,0,0,0,0,0,0,0,0,0,0,0,0,0,0,0,2,0,0,0,0,0,0,0,,,,,,,,,,,,,OH+BW,271,
2000-02-25,N3,0.6,,,6,0,2,0,0,0,7,0,0,0,0,0,0,0,0,0,0,0,0,0,0,0,0,0,0,0,0,0,0,0,0,0,0,0,,,,,,,,,,,,,OH+BW,15,
2000-02-25,S1,1.2,,,259,58,6,1,14,1,4,0,0,0,1,0,4,0,0,0,0,0,0,0,0,0,0,0,0,0,0,0,0,0,0,0,0,0,,,,,,,,,,,,,OH+BW,343,
2000-02-26,A1,1.2,,,0,0,77,4,0,0,2,0,0,0,0,0,0,0,3,0,0,0,0,0,0,0,0,0,0,0,0,0,0,0,0,0,0,0,,,,,,,,,,,,,OH+BW,83,
2000-02-26,A2,1.2,,,14,0,16,0,13,9,21,0,0,0,0,0,0,0,0,0,0,0,0,0,0,0,0,0,0,0,1,0,0,0,0,0,0,0,,,,,,,,,,,,,OH+BW,73,
2000-02-26,A3,1.2,,,0,0,4,0,1,0,0,0,0,0,0,0,0,0,0,0,0,0,0,0,0,0,0,0,0,0,0,0,0,0,0,0,0,0,,,,,,,,,,,,,OH+BW,5,
2000-02-26,F1,1.8,,,289,64,94,8,41,9,8,0,0,0,0,0,2,5,0,0,0,0,0,0,0,0,0,0,0,0,2,0,0,0,0,0,0,0,,,,,,,,,,,,,OH+BW,513,
2000-02-26,F2,0.6,,,146,55,5,0,10,0,0,0,0,0,0,0,0,0,0,0,0,0,0,0,0,0,0,0,0,0,0,0,0,0,0,0,0,0,,,,,,,,,,,,,OH+BW,216,
2000-02-27,E1,1.5,,,0,0,0,0,7,0,0,0,0,0,0,0,0,0,0,0,1,0,0,0,0,0,0,0,0,0,0,0,0,0,0,0,0,0,,,,,,,,,,,,,OH+BW,7,
2000-02-27,E2,1.2,,,0,0,0,0,0,0,0,0,313,47,0,0,0,0,0,0,0,0,0,0,0,0,0,0,0,0,0,0,0,0,0,0,0,0,,,,,,,,,,,,,OH+BW,360,
2000-02-27,E3,1.2,,,0,0,0,0,2,0,1,0,6,0,0,0,2,0,0,0,0,0,0,0,5,0,0,0,0,0,0,0,0,0,0,0,0,0,,,,,,,,,,,,,OH+BW,9,
2000-03-12,E1,1.5,,,0,0,0,0,0,0,0,0,2,0,0,0,0,0,0,0,21,2,0,0,0,0,0,0,0,0,0,0,0,0,0,0,0,0,,,,,,,,,,,,,OH+BW,2,
2000-03-12,E2,1.2,,,0,0,0,0,0,0,0,0,0,0,0,0,0,0,7,0,0,0,0,0,0,0,0,0,0,0,0,0,0,0,0,0,0,0,,,,,,,,,,,,,OH+BW,0,
2000-03-12,E3,1.2,,,0,0,0,0,0,0,1,0,3,0,0,0,4,3,7,0,0,0,0,0,0,0,0,0,0,0,0,0,0,0,0,0,0,0,,,,,,,,,,,,,OH+BW,4,
2000-03-12,L1,1.2,,,162,4,56,4,26,0,5,0,0,0,0,0,7,2,0,0,0,0,0,0,4,7,0,0,0,0,0,0,0,0,0,0,0,0,,,,,,,,,,,,,OH+BW,257,
2000-03-12,L2,1.2,,,45,0,119,5,16,5,4,0,0,0,10,2,3,6,2,0,0,0,0,0,0,0,0,0,0,0,0,0,0,0,0,0,0,0,,,,,,,,,,,,,OH+BW,194,
2000-03-12,L3,1.2,,,73,0,65,7,23,1,137,4,0,0,0,0,0,0,2,0,0,0,0,0,0,0,0,0,0,0,0,0,0,0,0,0,0,0,,,,,,,,,,,,,OH+BW,310,
2000-03-12,M1,1.2,,,94,16,34,1,78,2,36,0,0,0,0,0,0,0,0,0,0,0,0,0,0,0,0,0,0,0,0,0,0,0,0,0,0,0,,,,,,,,,,,,,OH+BW,261,
2000-03-12,M2,1.2,,,45,0,59,3,0,0,0,0,2,0,0,0,0,0,0,0,0,0,0,0,0,0,0,0,0,0,0,0,0,0,0,0,0,0,,,,,,,,,,,,,OH+BW,109,
2000-03-12,M3,1.2,,,97,11,11,3,77,0,31,0,3,0,0,0,0,0,0,0,0,0,0,0,0,0,0,0,0,0,0,0,0,0,0,0,0,0,,,,,,,,,,,,,OH+BW,233,
2000-03-13,A1,1.2,,,0,0,0,0,4,0,4,0,0,0,0,0,0,0,0,0,0,0,0,0,0,0,0,0,0,0,2,0,0,0,0,0,0,0,,,,,,,,,,,,,OH+BW,8,
2000-03-13,A2,1.2,,,0,0,1,0,0,0,39,0,0,0,0,0,3,4,0,0,0,0,0,0,0,0,0,0,0,0,0,0,0,0,0,0,0,0,,,,,,,,,,,,,OH+BW,40,
2000-03-13,A3,1.2,,,0,0,7,3,2,0,0,0,0,0,0,0,0,0,0,0,0,0,0,0,0,0,0,0,0,0,0,0,0,0,0,0,0,0,,,,,,,,,,,,,OH+BW,12,
2000-03-14,N1,1.5,,,597,148,125,15,43,1,118,0,3,0,0,0,0,0,0,0,0,0,0,0,1,0,0,0,0,0,3,0,0,0,0,0,0,0,,,,,,,,,,,,,OH+BW,1050,
2000-03-14,N2,1.5,,,393,76,53,10,54,2,49,1,31,1,0,0,2,2,0,0,0,0,0,0,1,0,0,0,0,0,1,0,0,0,0,0,0,0,,,,,,,,,,,,,OH+BW,670,
2000-03-14,N3,0.6,,,50,3,60,2,0,0,8,0,4,0,0,0,0,0,0,0,0,0,0,0,2,0,0,0,0,0,1,0,0,0,3,0,0,0,,,,,,,,,,,,,OH+BW,127,
2000-03-14,S1,1.2,,,1,0,0,0,14,0,2,0,0,0,5,1,0,0,0,0,0,0,0,0,0,0,4,11,0,0,2,0,0,0,0,0,0,0,,,,,,,,,,,,,OH+BW,17,
2000-03-15,F1,1.8,,,0,0,4,0,2,0,0,0,0,0,0,0,3,0,0,0,0,0,0,0,0,0,0,0,0,0,0,0,0,0,0,0,0,0,,,,,,,,,,,,,OH+BW,6,
2000-03-15,F2,0.6,,,0,0,0,0,0,0,0,0,0,0,0,0,5,0,0,0,0,0,0,0,0,0,0,0,0,0,0,0,0,0,0,0,0,0,,,,,,,,,,,,,OH+BW,0,
2000-09-04,L1,1.2,,,0,0,0,0,15,2,0,0,0,0,0,0,4,1,0,0,0,0,0,0,0,0,0,0,0,0,0,0,0,0,0,0,0,0,,,,,,,,,,,,,OH+BW,17,
2000-09-04,L2,1.2,,,52,0,0,0,0,0,0,0,0,0,0,0,3,0,0,0,0,0,0,0,0,0,0,0,0,0,0,0,0,0,0,0,0,0,,,,,,,,,,,,,OH+BW,52,
2000-09-04,L3,1.2,,,74,0,36,0,1,0,48,1,4,0,0,0,0,0,0,0,0,0,1,0,1,1,0,0,0,0,0,0,0,0,0,0,0,0,,,,,,,,,,,,,OH+BW,164,
2000-09-04,M1,1.2,,,4,0,67,4,11,0,3,0,0,0,0,0,0,0,1,0,0,0,0,0,0,0,0,0,0,0,0,0,0,0,0,0,0,0,,,,,,,,,,,,,OH+BW,89,
2000-09-04,M2,1.2,,,0,0,8,0,0,0,3,0,0,0,0,0,0,0,6,0,0,0,0,0,8,0,0,0,0,0,0,0,0,0,0,0,0,0,,,,,,,,,,,,,OH+BW,11,
2000-09-04,M3,1.2,,,272,0,19,2,7,0,4,0,0,0,0,0,0,0,0,0,0,0,0,0,0,0,0,0,0,0,0,0,0,0,0,0,0,0,,,,,,,,,,,,,OH+BW,304,
2000-09-04,S1,1.2,,,16,0,0,0,0,0,0,0,0,0,0,0,0,0,0,0,0,0,0,0,0,0,0,0,0,0,0,0,0,0,0,0,0,0,,,,,,,,,,,,,OH+BW,16,
2000-09-05,E1,1.5,,,0,0,7,0,5,0,0,0,29,4,0,0,0,0,1,0,0,0,0,0,0,0,0,0,0,0,0,0,0,0,0,0,0,0,,,,,,,,,,,,,OH+BW,45,
2000-09-05,E2,1.2,,,0,0,4,0,0,0,0,0,2,0,0,0,0,0,0,0,0,0,0,0,0,0,0,0,0,0,0,0,0,0,0,0,0,0,,,,,,,,,,,,,OH+BW,6,
2000-09-05,E3,1.2,,,2,0,53,3,4,0,0,0,12,1,0,0,1,4,0,0,0,0,0,0,0,0,0,0,0,0,0,0,0,0,0,0,0,0,,,,,,,,,,,,,OH+BW,75,
2000-09-05,N1,1.5,,,207,0,42,6,1,0,29,0,0,0,0,0,0,0,0,0,0,0,0,0,0,0,0,0,0,0,0,0,0,0,0,0,0,0,,,,,,,,,,,,,OH+BW,285,
2000-09-05,N2,1.5,,,58,0,9,0,6,0,60,1,0,0,0,0,0,0,0,0,0,0,0,0,0,0,0,0,1,0,1,0,0,0,0,0,0,0,,,,,,,,,,,,,OH+BW,134,
2000-09-05,N3,0.6,,,0,0,3,0,0,0,1,0,0,0,0,0,5,0,0,0,0,0,0,0,0,0,0,0,0,0,0,0,0,0,0,0,0,0,,,,,,,,,,,,,OH+BW,4,
2000-09-06,A1,1.2,,,0,0,5,0,0,0,0,0,0,0,0,0,0,0,0,0,0,0,0,0,2,0,0,0,2,0,2,0,0,0,0,0,0,0,,,,,,,,,,,,,OH+BW,5,
2000-09-06,A2,1.2,,,266,0,11,0,2,0,15,0,0,0,0,0,0,0,0,0,0,0,0,0,0,0,0,0,0,0,1,0,0,0,0,0,0,0,,,,,,,,,,,,,OH+BW,294,
2000-09-06,A3,1.2,,,2,0,24,0,0,0,0,0,0,0,0,0,8,0,0,0,0,0,0,0,0,0,0,0,0,0,0,0,0,0,0,0,0,0,,,,,,,,,,,,,OH+BW,26,
2000-09-06,F1,1.8,,,1713,0,11,0,27,0,108,1,0,0,0,0,1,0,0,0,0,0,0,0,1,0,0,0,0,0,0,0,0,0,0,0,0,0,,,,,,,,,,,,,OH+BW,1860,
2000-09-06,F2,0.6,,,0,0,0,0,0,0,0,0,0,0,0,0,0,0,0,0,0,0,0,0,0,0,0,0,0,0,0,0,0,0,0,0,0,0,,,,,,,,,,,,,OH+BW,0,
2000-09-18,L1,1.2,,,2,0,0,0,8,0,2,0,0,0,4,0,5,4,0,0,0,0,0,0,0,0,0,0,0,0,0,0,0,0,0,0,0,0,,,,,,,,,,,,,OH+BW,12,
2000-09-18,L2,1.2,,,1,0,0,0,8,0,25,1,0,0,0,0,2,0,2,0,0,0,0,0,0,0,0,0,0,0,0,0,0,0,0,0,0,0,,,,,,,,,,,,,OH+BW,35,
2000-09-18,L3,1.2,,,0,0,0,0,3,0,35,0,0,0,0,0,5,1,0,0,0,0,0,0,0,0,0,0,0,0,0,0,0,0,0,0,0,0,,,,,,,,,,,,,OH+BW,38,
2000-09-18,M1,1.2,,,9,0,11,1,2,0,1,0,0,0,0,0,0,0,0,0,0,0,0,0,0,0,0,0,0,0,0,0,0,0,0,0,0,0,,,,,,,,,,,,,OH+BW,24,
2000-09-18,M2,1.2,,,9,0,0,0,0,0,0,0,0,0,0,0,0,0,0,0,0,0,0,0,0,0,0,0,0,0,0,0,0,0,0,0,0,0,,,,,,,,,,,,,OH+BW,9,
2000-09-18,M3,1.2,,,24,0,0,0,7,0,1,0,11,2,0,0,0,0,0,0,0,0,0,0,0,0,0,0,0,0,0,0,0,0,0,0,0,0,,,,,,,,,,,,,OH+BW,45,
2000-09-18,S1,1.2,,,0,0,8,0,0,0,0,0,0,0,0,0,0,0,0,0,0,0,0,0,0,0,0,0,0,0,0,0,0,0,0,0,0,0,,,,,,,,,,,,,OH+BW,8,
2000-09-19,N1,1.5,,,37,0,149,6,0,0,4,0,0,0,0,0,0,0,1,0,0,0,0,0,0,0,0,0,0,0,0,0,0,0,0,0,0,0,,,,,,,,,,,,,OH+BW,196,
2000-09-19,N2,1.5,,,55,0,28,2,3,0,26,0,0,0,0,0,0,0,0,0,0,0,0,0,0,0,0,0,0,0,0,0,0,0,0,0,0,0,,,,,,,,,,,,,OH+BW,114,
2000-09-19,N3,0.6,,,0,0,0,0,0,0,8,0,0,0,0,0,0,0,0,0,0,0,0,0,0,0,0,0,0,0,0,0,0,0,0,0,0,0,,,,,,,,,,,,,OH+BW,8,
2000-09-20,A1,1.2,,,406,0,0,0,0,0,0,0,1,0,0,0,0,0,0,0,0,0,0,0,0,0,0,0,0,0,0,0,0,0,0,0,0,0,,,,,,,,,,,,,OH+BW,407,
2000-09-20,A2,1.2,,,0,0,0,0,6,0,21,0,0,0,0,0,0,0,0,0,0,0,0,0,0,0,0,0,0,0,0,0,0,0,0,0,0,0,,,,,,,,,,,,,OH+BW,27,
2000-09-20,A3,1.2,,,0,0,8,0,0,0,0,0,0,0,0,0,0,0,0,0,0,0,0,0,3,0,0,0,0,0,0,0,0,0,0,0,0,0,,,,,,,,,,,,,OH+BW,8,
2000-09-20,F1,1.8,,,1,0,23,5,36,0,146,3,0,0,0,0,1,0,0,0,0,0,0,0,0,0,0,0,0,0,1,0,0,0,0,0,0,0,,,,,,,,,,,,,OH+BW,214,
2000-09-20,F2,0.6,,,0,0,0,0,0,0,0,0,0,0,0,0,0,0,0,0,0,0,0,0,0,0,0,0,0,0,0,0,0,0,0,0,0,0,,,,,,,,,,,,,OH+BW,0,
2000-09-21,E1,1.5,,,0,0,46,1,5,0,0,0,22,0,0,0,0,0,0,0,1,0,0,0,0,0,0,0,0,0,0,0,0,0,0,0,0,0,,,,,,,,,,,,,OH+BW,74,
2000-09-21,E2,1.2,,,0,0,64,0,0,0,0,0,0,0,0,0,0,0,0,0,0,0,0,0,0,0,0,0,0,0,0,0,0,0,0,0,0,0,,,,,,,,,,,,,OH+BW,64,
2000-09-21,E3,1.2,,,39,0,20,0,0,0,0,0,89,4,0,0,0,0,1,0,0,0,0,0,8,6,0,0,0,0,0,0,0,0,0,0,0,0,,,,,,,,,,,,,OH+BW,152,
2000-10-02,L1,1.2,,,0,0,8,0,7,0,0,0,1,0,0,0,3,4,0,0,0,0,0,0,1,0,0,0,0,0,0,0,0,0,0,0,0,0,,,,,,,,,,,,,OH+BW,16,
2000-10-02,L2,1.2,,,41,0,29,0,0,0,21,0,5,0,0,0,0,0,0,0,0,0,0,0,1,0,0,0,0,0,0,0,0,0,0,0,0,0,,,,,,,,,,,,,OH+BW,96,
2000-10-02,L3,1.2,,,0,0,9,1,4,0,0,0,0,0,0,0,5,7,0,0,0,0,0,0,1,0,0,0,0,0,0,0,0,0,0,0,0,0,,,,,,,,,,,,,OH+BW,14,
2000-10-02,M1,1.2,,,284,0,15,0,0,0,0,0,0,0,0,0,0,0,0,0,0,0,0,0,0,0,0,0,0,0,2,0,0,0,0,0,0,0,,,,,,,,,,,,,OH+BW,299,
2000-10-02,M2,1.2,,,963,0,50,1,0,0,4,0,0,0,0,0,0,0,0,0,0,0,0,0,0,0,0,0,0,0,0,0,0,0,0,0,0,0,,,,,,,,,,,,,OH+BW,1018,
2000-10-02,M3,1.2,,,265,0,14,0,3,0,0,0,0,0,0,0,0,0,0,0,0,0,0,0,0,0,0,0,0,0,0,0,0,0,0,0,0,0,,,,,,,,,,,,,OH+BW,282,
2000-10-03,E3,1.2,,,0,0,8,0,0,0,0,0,0,0,0,0,0,0,2,0,0,0,0,0,0,0,0,0,0,0,0,0,0,0,0,0,0,0,,,,,,,,,,,,,OH+BW,8,
2000-10-03,A1,1.2,,,0,0,35,0,0,0,1,0,22,2,0,0,4,0,0,0,0,0,0,0,0,0,0,0,0,0,0,0,0,0,0,0,0,0,,,,,,,,,,,,,OH+BW,60,
2000-10-03,A2,1.2,,,0,0,25,0,4,0,53,0,0,0,0,0,1,0,0,0,0,0,0,0,0,0,0,0,0,0,0,0,0,0,0,0,0,0,,,,,,,,,,,,,OH+BW,82,
2000-10-03,A3,1.2,,,0,0,7,0,0,0,0,0,0,0,0,0,2,0,0,0,0,0,0,0,6,5,0,0,0,0,0,0,0,0,0,0,0,0,,,,,,,,,,,,,OH+BW,7,
2000-10-03,E1,1.5,,,0,0,146,0,1,0,0,0,39,0,0,0,0,0,3,0,0,0,0,0,0,0,0,0,0,0,0,0,0,0,0,0,0,0,,,,,,,,,,,,,OH+BW,186,
2000-10-03,E2,1.2,,,0,0,44,0,0,0,0,0,23,2,0,0,0,0,0,0,0,0,0,0,0,0,0,0,0,0,0,0,0,0,0,0,0,0,,,,,,,,,,,,,OH+BW,69,
2000-10-03,F1,1.8,,,0,0,74,5,22,0,142,2,0,0,0,0,3,3,0,0,0,0,0,0,0,0,0,0,0,0,0,0,0,0,0,0,0,0,,,,,,,,,,,,,OH+BW,245,
2000-10-03,F2,0.6,,,0,0,0,0,13,0,0,0,6,0,0,0,0,0,0,0,0,0,0,0,0,0,0,0,0,0,0,0,0,0,0,0,0,0,,,,,,,,,,,,,OH+BW,19,
2000-10-04,N1,1.5,,,0,0,2,0,6,0,24,0,0,0,0,0,0,0,4,0,0,0,0,0,0,0,0,0,0,0,0,0,0,0,0,0,0,0,,,,,,,,,,,,,OH+BW,32,
2000-10-04,N2,1.5,,,0,0,0,0,11,0,43,0,0,0,0,0,0,0,0,0,0,0,0,0,0,0,0,0,0,0,0,0,0,0,0,0,0,0,,,,,,,,,,,,,OH+BW,54,
2000-10-04,N3,0.6,,,0,0,0,0,0,0,5,0,0,0,0,0,0,0,0,0,0,0,0,0,2,0,0,0,0,0,0,0,0,0,0,0,0,0,,,,,,,,,,,,,OH+BW,5,
2000-10-04,S1,1.2,,,0,0,20,1,0,0,0,0,0,0,1,0,0,0,0,0,0,0,0,0,0,0,0,0,0,0,0,0,0,0,0,0,0,0,,,,,,,,,,,,,OH+BW,21,
2000-10-16,E1,1.5,,,2546,0,91,1,8,0,0,0,18,2,0,0,0,0,3,0,0,0,0,0,0,0,0,0,1,0,0,0,0,0,0,0,0,0,,,,,,,,,,,,,OH+BW,2666,
2000-10-16,E2,1.2,,,0,0,39,0,3,0,0,0,3,0,0,0,0,0,4,0,0,0,0,0,0,0,0,0,0,0,0,0,0,0,0,0,0,0,,,,,,,,,,,,,OH+BW,45,
2000-10-16,E3,1.2,,,0,0,5,0,2,0,15,1,6,0,0,0,3,3,8,0,0,0,0,0,1,0,0,0,0,0,0,0,0,0,0,0,0,0,,,,,,,,,,,,,OH+BW,29,
2000-10-16,M1,1.2,,,0,0,2,0,0,0,3,0,0,0,0,0,0,0,0,0,0,0,0,0,0,0,0,0,0,0,0,0,0,0,0,0,0,0,,,,,,,,,,,,,OH+BW,5,
2000-10-16,M2,1.2,,,0,0,0,0,0,0,2,0,0,0,0,0,0,0,0,0,0,0,0,0,0,0,0,0,0,0,0,0,0,0,0,0,0,0,,,,,,,,,,,,,OH+BW,2,
2000-10-16,M3,1.2,,,10,0,37,0,17,0,3,0,0,0,0,0,0,0,1,0,0,0,0,0,0,0,0,0,0,0,0,0,0,0,0,0,0,0,,,,,,,,,,,,,OH+BW,67,
2000-10-17,L1,1.2,,,0,0,15,2,0,0,0,0,0,0,0,0,4,0,0,0,0,0,0,0,0,0,3,1,1,0,1,0,0,0,0,0,0,0,,,,,,,,,,,,,OH+BW,17,
2000-10-17,L2,1.2,,,8,0,0,0,6,0,2,0,0,0,0,0,4,3,0,0,0,0,0,0,0,0,0,0,0,0,0,0,0,0,0,0,0,0,,,,,,,,,,,,,OH+BW,16,
2000-10-17,L3,1.2,,,22,0,41,3,0,0,25,0,9,0,0,0,3,3,0,0,0,0,0,0,0,0,0,0,0,0,0,0,0,0,0,0,0,0,,,,,,,,,,,,,OH+BW,100,
2000-10-17,N1,1.5,,,0,0,5,0,0,0,4,0,0,0,0,0,0,0,2,0,0,0,0,0,0,0,0,0,0,0,0,0,0,0,0,0,0,0,,,,,,,,,,,,,OH+BW,9,
2000-10-17,N2,1.5,,,0,0,0,0,1,0,7,0,0,0,0,0,0,0,2,0,0,0,0,0,0,0,0,0,0,0,2,0,0,0,0,0,0,0,,,,,,,,,,,,,OH+BW,8,
2000-10-17,N3,0.6,,,0,0,0,0,0,0,0,0,0,0,0,0,1,4,0,0,0,0,0,0,0,0,0,0,0,0,0,0,0,0,0,0,0,0,,,,,,,,,,,,,OH+BW,0,
2000-10-17,S1,1.2,,,0,0,11,0,0,0,3,0,1,0,0,0,3,3,0,0,0,0,0,0,0,0,0,0,0,0,0,0,0,0,0,0,0,0,,,,,,,,,,,,,OH+BW,15,
2000-10-18,A1,1.2,,,0,0,34,1,0,0,6,0,0,0,0,0,0,0,1,0,0,0,0,0,0,0,0,0,0,0,0,0,0,0,0,0,0,0,,,,,,,,,,,,,OH+BW,41,
2000-10-18,A2,1.2,,,93,0,12,1,1,0,55,0,0,0,0,0,0,0,0,0,0,0,0,0,0,0,0,0,0,0,2,0,0,0,0,0,0,0,,,,,,,,,,,,,OH+BW,162,
2000-10-18,A3,1.2,,,1,0,88,2,0,0,0,0,0,0,1,0,2,0,0,0,0,0,0,0,2,0,0,0,0,0,0,0,0,0,0,0,0,0,,,,,,,,,,,,,OH+BW,91,
2000-10-18,F1,1.8,,,38,0,87,6,34,0,142,3,0,0,0,0,8,1,0,0,0,0,0,0,0,0,0,0,0,0,0,0,0,0,0,0,0,0,,,,,,,,,,,,,OH+BW,310,
2000-10-18,F2,0.6,,,684,0,45,2,20,0,0,0,0,0,0,0,0,0,0,0,0,0,0,0,0,0,0,0,0,0,0,0,0,0,0,0,0,0,,,,,,,,,,,,,OH+BW,751,
2000-11-01,L1,1.2,,,178,0,43,5,7,0,0,0,0,0,7,0,7,0,0,0,0,0,0,0,2,0,0,0,0,0,0,0,0,0,0,0,0,0,,,,,,,,,,,,,OH+BW,233,
2000-11-01,L2,1.2,,,0,0,2,0,0,0,1,0,4,0,0,0,1,0,0,0,0,0,0,0,0,0,0,0,0,0,0,0,0,0,0,0,0,0,,,,,,,,,,,,,OH+BW,7,
2000-11-01,L3,1.2,,,88,0,24,1,2,0,60,1,2,0,0,0,0,0,0,0,0,0,0,0,0,0,0,0,0,0,0,0,0,0,0,0,0,0,,,,,,,,,,,,,OH+BW,178,
2000-11-01,M1,1.2,,,0,0,0,0,0,0,2,0,0,0,0,0,0,0,0,0,0,0,0,0,0,0,0,0,0,0,0,0,0,0,0,0,0,0,,,,,,,,,,,,,OH+BW,2,
2000-11-01,M2,1.2,,,0,0,0,0,0,0,2,0,0,0,0,0,0,0,1,0,0,0,0,0,0,0,0,0,0,0,0,0,0,0,0,0,0,0,,,,,,,,,,,,,OH+BW,2,
2000-11-01,M3,1.2,,,0,0,10,0,0,0,1,0,0,0,0,0,2,0,0,0,0,0,0,0,0,0,0,0,0,0,0,0,0,0,0,0,0,0,,,,,,,,,,,,,OH+BW,11,
2000-11-02,N1,1.5,,,0,0,5,0,9,0,9,0,0,0,0,0,0,0,0,0,0,0,0,0,0,0,0,0,0,0,2,0,0,0,0,0,0,0,,,,,,,,,,,,,OH+BW,23,
2000-11-02,N2,1.5,,,0,0,0,0,3,1,7,0,0,0,0,0,0,0,0,0,0,0,0,0,0,0,0,0,0,0,2,0,0,0,0,0,0,0,,,,,,,,,,,,,OH+BW,11,
2000-11-02,N3,0.6,,,0,0,0,0,5,0,9,0,0,0,0,0,1,4,0,0,0,0,0,0,0,0,0,0,0,0,0,0,0,0,0,0,0,0,,,,,,,,,,,,,OH+BW,14,
2000-11-02,S1,1.2,,,0,0,114,5,0,0,0,0,0,0,0,0,0,0,0,0,0,0,0,0,0,0,0,0,0,0,0,0,0,0,0,0,0,0,,,,,,,,,,,,,OH+BW,119,
2000-11-03,E1,1.5,,,961,0,2,0,5,0,0,0,0,0,0,0,0,0,3,0,0,0,0,0,2,0,0,0,0,0,0,0,0,0,0,0,0,0,,,,,,,,,,,,,OH+BW,968,
2000-11-03,E2,1.2,,,72,0,19,0,0,0,0,0,0,0,0,0,0,0,1,0,0,0,0,0,0,0,0,0,0,0,0,0,0,0,0,0,0,0,,,,,,,,,,,,,OH+BW,91,
2000-11-03,E3,1.2,,,30,0,58,0,5,0,11,0,0,0,5,1,12,0,1,0,0,0,0,0,5,1,0,0,0,0,0,0,0,0,0,0,0,0,,,,,,,,,,,,,OH+BW,104,
2000-11-04,A1,1.2,,,0,0,94,3,0,0,0,0,0,0,0,0,0,0,0,0,0,0,0,0,0,0,0,0,0,0,2,0,0,0,0,0,0,0,,,,,,,,,,,,,OH+BW,97,
2000-11-04,A2,1.2,,,0,0,0,0,0,0,43,0,0,0,0,0,2,4,0,0,0,0,0,0,0,0,0,0,0,0,0,0,0,0,0,0,0,0,,,,,,,,,,,,,OH+BW,43,
2000-11-04,A3,1.2,,,115,0,107,1,0,0,0,0,0,0,0,0,0,0,0,0,0,0,0,0,5,7,0,0,0,0,0,0,0,0,0,0,0,0,,,,,,,,,,,,,OH+BW,223,
2000-11-04,F1,1.8,,,2,0,45,2,20,0,32,0,0,0,0,0,8,2,0,0,0,0,0,0,0,0,0,0,0,0,0,0,0,0,0,0,0,0,,,,,,,,,,,,,OH+BW,101,
2000-11-04,F2,0.6,,,0,0,0,0,0,0,0,0,0,0,0,0,0,0,0,0,0,0,0,0,0,0,0,0,0,0,0,0,0,0,0,0,0,0,,,,,,,,,,,,,OH+BW,0,
2000-11-19,M1,1.2,,,6,0,0,0,1,0,0,0,0,0,0,0,0,0,0,0,0,0,0,0,0,0,0,0,0,0,0,0,0,0,0,0,0,0,,,,,,,,,,,,,OH+BW,7,
2000-11-19,M2,1.2,,,64,0,20,0,18,0,5,0,2,0,0,0,0,0,0,0,0,0,0,0,0,0,6,1,0,0,0,0,0,0,0,0,0,0,,,,,,,,,,,,,OH+BW,109,
2000-11-19,M3,1.2,,,18,0,0,0,3,0,1,0,0,0,0,0,0,0,0,0,0,0,0,0,0,0,0,0,0,0,0,0,0,0,0,0,0,0,,,,,,,,,,,,,OH+BW,22,
2000-11-20,E1,1.5,,,95,0,108,1,5,0,0,0,25,1,0,0,0,0,0,0,0,0,0,0,0,0,0,0,0,0,0,0,0,0,0,0,0,0,,,,,,,,,,,,,OH+BW,235,
2000-11-20,E2,1.2,,,0,0,38,3,1,0,0,0,0,0,0,0,0,0,0,0,0,0,0,0,0,0,0,0,0,0,0,0,0,0,0,0,0,0,,,,,,,,,,,,,OH+BW,42,
2000-11-20,E3,1.2,,,108,0,226,8,5,0,0,0,26,0,0,0,1,3,3,0,0,0,0,0,3,0,0,0,0,0,0,0,0,0,0,0,0,0,,,,,,,,,,,,,OH+BW,373,
2000-11-20,L1,1.2,,,0,0,0,0,22,0,15,0,0,0,0,0,5,3,2,0,0,0,0,0,0,0,0,0,0,0,0,0,0,0,0,0,0,0,,,,,,,,,,,,,OH+BW,37,
2000-11-20,L2,1.2,,,0,0,0,0,0,0,18,0,0,0,0,0,7,4,0,0,0,0,0,0,0,0,0,0,0,0,0,0,0,0,0,0,0,0,,,,,,,,,,,,,OH+BW,18,
2000-11-20,L3,1.2,,,7,0,81,0,0,0,132,1,0,0,0,0,0,0,1,0,0,0,0,0,1,0,0,0,0,0,0,0,0,0,0,0,0,0,,,,,,,,,,,,,OH+BW,221,
2000-11-20,N1,1.5,,,22,0,0,0,0,0,2,0,0,0,0,0,0,0,1,0,0,0,0,0,0,0,0,0,0,0,0,0,0,0,0,0,0,0,,,,,,,,,,,,,OH+BW,24,
2000-11-20,N2,1.5,,,28,0,0,0,0,0,0,0,0,0,1,0,0,0,3,0,0,0,0,0,0,0,0,0,0,0,2,0,0,0,0,0,0,0,,,,,,,,,,,,,OH+BW,28,
2000-11-20,N3,0.6,,,0,0,0,0,0,0,1,0,0,0,0,0,0,0,0,0,0,0,0,0,0,0,0,0,0,0,0,0,0,0,0,0,0,0,,,,,,,,,,,,,OH+BW,1,
2000-11-20,S1,1.2,,,0,0,4,0,0,0,0,0,0,0,0,0,0,0,0,0,0,0,0,0,0,0,0,0,0,0,0,0,0,0,0,0,0,0,,,,,,,,,,,,,OH+BW,4,
2000-11-21,A1,1.2,,,0,0,0,0,1,0,0,0,0,0,0,0,0,0,0,0,0,0,0,0,14,1,0,0,0,0,0,0,0,0,0,0,0,0,,,,,,,,,,,,,OH+BW,1,
2000-11-21,A2,1.2,,,0,0,0,0,1,0,156,1,0,0,0,0,0,0,0,0,0,0,0,0,0,0,0,0,0,0,0,0,0,0,0,0,0,0,,,,,,,,,,,,,OH+BW,158,
2000-11-21,A3,1.2,,,0,0,0,0,0,0,0,0,0,0,7,0,4,4,0,0,0,0,0,0,0,0,0,0,0,0,0,0,0,0,0,0,0,0,,,,,,,,,,,,,OH+BW,0,
2000-11-21,F1,1.8,,,0,0,0,0,0,0,5,0,0,0,0,0,0,0,0,0,0,0,0,0,0,0,0,0,0,0,0,0,0,0,0,0,0,0,,,,,,,,,,,,,OH+BW,5,
2000-11-21,F2,0.6,,,0,0,0,0,0,0,0,0,0,0,0,0,0,0,0,0,0,0,0,0,0,0,0,0,0,0,0,0,0,0,0,0,0,0,,,,,,,,,,,,,OH+BW,0,
2000-12-02,E1,1.5,,,0,0,5,0,0,0,0,0,7,0,0,0,0,0,0,0,2,0,0,0,0,0,0,0,0,0,0,0,0,0,0,0,0,0,,,,,,,,,,,,,OH+BW,12,
2000-12-02,E2,1.2,,,0,0,0,0,0,0,0,0,0,0,0,0,0,0,3,0,0,0,0,0,0,0,0,0,0,0,0,0,0,0,0,0,0,0,,,,,,,,,,,,,OH+BW,0,
2000-12-02,E3,1.2,,,0,0,65,0,0,0,0,0,2,0,0,0,3,0,2,0,0,0,0,0,0,0,0,0,0,0,0,0,0,0,0,0,0,0,,,,,,,,,,,,,OH+BW,67,
2000-12-02,M1,1.2,,,93,0,3,0,19,0,2,0,0,0,0,0,0,0,0,0,0,0,0,0,0,0,0,0,1,0,1,0,0,0,0,0,0,0,,,,,,,,,,,,,OH+BW,117,
2000-12-02,M2,1.2,,,482,0,28,0,4,0,1,0,0,0,0,0,0,0,0,0,0,0,0,0,0,0,0,0,0,0,0,0,0,0,0,0,0,0,,,,,,,,,,,,,OH+BW,515,
2000-12-02,M3,1.2,,,175,0,0,0,37,0,2,0,0,0,0,0,0,0,12,0,0,0,0,0,0,0,0,0,0,0,0,0,0,0,0,0,0,0,,,,,,,,,,,,,OH+BW,214,
2000-12-02,S1,1.2,,,0,0,77,0,87,0,0,0,0,0,7,0,0,0,2,0,0,0,0,0,0,0,0,0,0,0,0,0,0,0,0,0,0,0,,,,,,,,,,,,,OH+BW,164,
2000-12-03,L1,1.2,,,0,0,74,3,18,0,20,0,0,0,0,0,7,4,0,0,0,0,0,0,0,0,0,0,0,0,0,0,0,0,0,0,0,0,,,,,,,,,,,,,OH+BW,115,
2000-12-03,L2,1.2,,,179,0,60,1,18,0,8,0,0,0,0,0,6,2,0,0,0,0,1,0,2,0,0,0,0,0,0,0,0,0,2,0,0,0,,,,,,,,,,,,,OH+BW,266,
2000-12-03,L3,1.2,,,8,0,8,0,0,0,40,0,14,0,0,0,0,0,0,0,0,0,0,0,2,0,0,0,0,0,0,0,0,0,0,0,0,0,,,,,,,,,,,,,OH+BW,70,
2000-12-03,N1,1.5,,,250,0,0,0,18,0,44,0,0,0,0,0,0,0,0,0,0,0,0,0,0,0,0,0,0,0,0,0,0,0,0,0,0,0,,,,,,,,,,,,,OH+BW,312,
2000-12-03,N2,1.5,,,73,0,31,0,14,0,72,0,0,0,0,0,0,0,0,0,0,0,0,0,0,0,0,0,0,0,3,0,0,0,0,0,0,0,,,,,,,,,,,,,OH+BW,190,
2000-12-03,N3,0.6,,,0,0,0,0,17,0,26,2,0,0,0,0,0,0,0,0,0,0,0,0,0,0,0,0,0,0,0,0,0,0,0,0,0,0,,,,,,,,,,,,,OH+BW,45,
2000-12-04,A1,1.2,,,0,0,0,0,23,0,3,0,0,0,0,0,0,0,0,0,0,0,0,0,0,0,0,0,0,0,0,0,0,0,0,0,0,0,,,,,,,,,,,,,OH+BW,26,
2000-12-04,A2,1.2,,,0,0,7,1,1,0,117,0,0,0,0,0,0,0,0,0,0,0,0,0,0,0,0,0,0,0,0,0,0,0,0,0,0,0,,,,,,,,,,,,,OH+BW,126,
2000-12-04,A3,1.2,,,0,0,0,0,0,0,0,0,0,0,1,0,3,0,1,0,0,0,0,0,4,1,0,0,0,0,0,0,0,0,0,0,0,0,,,,,,,,,,,,,OH+BW,0,
2000-12-04,F1,1.8,,,0,0,49,1,0,0,6,0,0,0,0,0,1,4,3,0,0,0,0,0,0,0,7,3,0,0,0,0,0,0,0,0,0,0,,,,,,,,,,,,,OH+BW,56,
2000-12-04,F2,0.6,,,0,0,0,0,0,0,0,0,0,0,0,0,0,0,0,0,0,0,0,0,0,0,0,0,0,0,0,0,0,0,0,0,0,0,,,,,,,,,,,,,OH+BW,0,
2001-07-18,L1,1.2,,,0,0,0,0,0,0,0,0,0,0,0,0,0,0,0,0,0,0,0,0,0,0,0,0,0,0,0,0,0,0,0,0,0,0,,,,,,,,,,,,,OH+BW,0,
2001-07-18,L2,1.2,,,0,0,0,0,0,0,0,0,0,0,0,0,0,0,1,0,0,0,0,0,0,0,0,0,0,0,0,0,0,0,0,0,0,0,,,,,,,,,,,,,OH+BW,0,
2001-07-18,L3,1.2,,,66,3,17,1,12,0,41,0,0,0,0,0,1,0,0,0,0,0,0,0,2,0,0,0,0,0,1,0,0,0,3,0,0,0,,,,,,,,,,,,,OH+BW,140,
2001-07-18,M1,1.2,,,0,0,0,0,28,0,51,0,0,0,0,0,0,0,0,0,0,0,0,0,1,2,1,0,1,0,0,0,0,0,0,0,0,0,,,,,,,,,,,,,OH+BW,79,
2001-07-18,M2,1.2,,,0,0,0,0,9,0,6,0,0,0,0,0,5,0,0,0,0,0,0,0,0,0,0,0,1,0,0,0,0,0,0,0,0,0,,,,,,,,,,,,,OH+BW,15,
2001-07-18,M3,1.2,,,0,0,0,0,8,0,11,0,0,0,0,0,0,0,1,0,0,0,0,0,0,0,0,0,0,0,0,0,0,0,0,0,0,0,,,,,,,,,,,,,OH+BW,19,
2001-07-19,F1,1.8,,,0,0,0,0,31,0,47,1,0,0,0,0,2,0,0,0,0,0,0,0,0,0,0,0,0,0,0,0,0,0,0,0,0,0,,,,,,,,,,,,,OH+BW,79,
2001-07-19,F2,0.6,,,0,0,0,0,0,0,0,0,2,0,0,0,0,0,0,0,3,0,0,0,0,0,0,0,0,0,0,0,0,0,0,0,0,0,,,,,,,,,,,,,OH+BW,2,
2001-07-20,E1,1.5,,,0,0,0,0,12,0,0,0,0,0,0,0,0,0,2,0,2,0,0,0,0,0,0,0,0,0,0,0,0,0,0,0,0,0,,,,,,,,,,,,,OH+BW,12,
2001-07-20,E2,1.2,,,0,0,0,0,3,0,0,0,15,0,0,0,0,0,1,0,0,0,0,0,0,0,0,0,0,0,0,0,0,0,0,0,0,0,,,,,,,,,,,,,OH+BW,18,
2001-07-20,E3,1.2,,,107,0,141,9,0,0,0,0,4,0,0,0,2,2,1,0,0,0,0,0,0,0,0,0,0,0,0,0,0,0,1,0,0,0,,,,,,,,,,,,,OH+BW,261,
2001-07-20,N1,1.5,,,0,0,0,0,24,0,81,0,0,0,0,0,0,0,5,0,0,0,0,0,0,0,0,0,0,0,0,0,0,0,0,0,0,0,,,,,,,,,,,,,OH+BW,105,
2001-07-20,N2,1.5,,,0,0,0,0,16,0,121,0,0,0,0,0,0,0,0,0,0,0,0,0,0,0,0,0,0,0,1,0,0,0,0,0,0,0,,,,,,,,,,,,,OH+BW,137,
2001-07-20,N3,0.6,,,0,0,0,0,0,0,0,0,0,0,0,0,0,0,1,0,0,0,0,0,0,0,0,0,0,0,0,0,0,0,0,0,0,0,,,,,,,,,,,,,OH+BW,0,
2001-07-20,S1,1.2,,,0,0,0,0,1,0,0,0,0,0,0,0,0,0,1,0,0,0,0,0,0,0,0,0,0,0,0,0,0,0,0,0,0,0,,,,,,,,,,,,,OH+BW,1,
2001-07-21,A1,1.2,,,1576,122,114,8,5,0,25,0,0,0,0,0,0,0,0,0,0,0,0,0,4,0,0,0,0,0,0,0,0,0,0,0,0,0,,,,,,,,,,,,,OH+BW,1850,
2001-07-21,A2,1.2,,,16,0,63,1,5,0,66,0,0,0,0,0,1,0,0,0,0,0,0,0,4,0,0,0,0,0,2,0,0,0,0,0,0,0,,,,,,,,,,,,,OH+BW,151,
2001-07-21,A3,1.2,,,0,0,14,2,10,0,0,0,0,0,0,0,0,0,0,0,0,0,0,0,0,0,0,0,0,0,0,0,0,0,0,0,0,0,,,,,,,,,,,,,OH+BW,26,
2001-08-06,E1,1.5,,,0,0,0,0,18,0,0,0,0,0,0,0,0,0,1,0,0,0,0,0,0,0,0,0,0,0,0,0,0,0,0,0,0,0,,,,,,,,,,,,,OH+BW,18,
2001-08-06,E2,1.2,,,9,0,0,0,0,0,0,0,0,0,0,0,0,0,0,0,0,0,0,0,0,0,0,0,0,0,0,0,0,0,0,0,0,0,,,,,,,,,,,,,OH+BW,9,
2001-08-06,E3,1.2,,,955,0,50,3,0,0,0,0,0,0,0,0,0,0,2,0,0,0,0,0,0,0,0,0,0,0,0,0,0,0,0,0,0,0,,,,,,,,,,,,,OH+BW,1008,
2001-08-06,L1,1.2,,,0,0,0,0,0,0,0,0,0,0,0,0,0,0,0,0,0,0,0,0,0,0,0,0,0,0,0,0,0,0,0,0,0,0,,,,,,,,,,,,,OH+BW,0,
2001-08-06,L2,1.2,,,0,0,0,0,0,0,0,0,0,0,0,0,0,0,0,0,0,0,0,0,0,0,0,0,0,0,0,0,0,0,0,0,0,0,,,,,,,,,,,,,OH+BW,0,
2001-08-06,L3,1.2,,,434,0,16,0,1,0,26,0,0,0,1,0,0,0,0,0,0,0,0,0,5,4,0,0,0,0,0,0,0,0,0,0,0,0,,,,,,,,,,,,,OH+BW,477,
2001-08-06,M1,1.2,,,18,0,0,0,45,0,28,0,0,0,0,0,0,0,0,0,0,0,0,0,0,2,0,0,2,0,0,0,0,0,0,0,0,0,,,,,,,,,,,,,OH+BW,91,
2001-08-06,M2,1.2,,,13,0,0,0,22,0,12,0,0,0,0,0,0,0,8,0,0,0,0,0,0,0,0,0,2,0,0,0,0,0,0,0,0,0,,,,,,,,,,,,,OH+BW,47,
2001-08-06,M3,1.2,,,0,0,0,0,17,0,3,0,0,0,0,0,0,0,0,0,0,0,0,0,0,0,0,0,0,0,0,0,0,0,0,0,0,0,,,,,,,,,,,,,OH+BW,20,
2001-08-07,F1,1.8,,,0,0,0,0,2,0,14,0,0,0,0,0,0,0,0,0,0,0,0,0,0,0,0,0,0,0,0,0,0,0,0,0,0,0,,,,,,,,,,,,,OH+BW,16,
2001-08-07,F2,0.6,,,0,0,0,0,0,0,0,0,0,0,0,0,0,0,2,0,0,0,0,0,0,0,0,0,0,0,0,0,0,0,0,0,0,0,,,,,,,,,,,,,OH+BW,0,
2001-08-07,N1,1.5,,,0,0,0,0,8,0,109,0,0,0,0,0,3,0,0,0,0,0,0,0,0,0,0,0,0,0,0,0,0,0,0,0,0,0,,,,,,,,,,,,,OH+BW,117,
2001-08-07,N2,1.5,,,0,0,0,0,35,1,64,0,0,0,0,0,2,0,0,0,0,0,0,0,0,0,0,0,0,0,0,0,0,0,0,0,0,0,,,,,,,,,,,,,OH+BW,100,
2001-08-07,N3,0.6,,,29,0,0,0,0,0,0,0,0,0,0,0,0,0,0,0,0,0,0,0,0,0,0,0,0,0,0,0,0,0,0,0,0,0,,,,,,,,,,,,,OH+BW,29,
2001-08-07,S1,1.2,,,13,0,0,0,0,0,0,0,0,0,0,0,0,0,0,0,0,0,0,0,0,0,0,0,0,0,0,0,0,0,0,0,0,0,,,,,,,,,,,,,OH+BW,13,
2001-08-08,A1,1.2,,,4,0,172,13,1,0,55,0,0,0,1,0,0,0,0,0,0,0,0,0,1,0,0,0,0,0,0,0,0,0,0,0,0,0,,,,,,,,,,,,,OH+BW,245,
2001-08-08,A2,1.2,,,0,0,7,0,0,0,42,0,0,0,0,0,0,0,0,0,0,0,0,0,0,0,0,0,0,0,0,0,0,0,0,0,0,0,,,,,,,,,,,,,OH+BW,49,
2001-08-08,A3,1.2,,,2,0,85,5,2,1,0,0,0,0,0,0,0,0,0,0,0,0,0,0,0,0,0,0,0,0,0,0,0,0,0,0,0,0,,,,,,,,,,,,,OH+BW,95,
2001-08-19,E1,1.5,,,123,0,8,0,15,0,0,0,0,0,0,0,0,0,7,0,0,0,0,0,0,0,0,0,0,0,0,0,0,0,0,0,0,0,,,,,,,,,,,,,OH+BW,146,
2001-08-19,E2,1.2,,,267,0,41,1,12,0,0,0,0,0,0,0,0,0,0,0,0,0,0,0,0,0,0,0,0,0,0,0,0,0,0,0,0,0,,,,,,,,,,,,,OH+BW,321,
2001-08-19,E3,1.2,,,660,0,35,0,0,0,0,0,2,0,0,0,3,4,1,0,0,0,0,0,0,0,0,0,0,0,0,0,0,0,0,0,0,0,,,,,,,,,,,,,OH+BW,697,
2001-08-19,L1,1.2,,,0,0,0,0,0,0,0,0,0,0,0,0,0,0,0,0,0,0,0,0,0,0,0,0,0,0,0,0,0,0,0,0,0,0,,,,,,,,,,,,,OH+BW,0,
2001-08-19,L2,1.2,,,0,0,0,0,0,0,2,0,0,0,0,0,0,0,0,0,0,0,0,0,0,0,0,0,0,0,0,0,0,0,0,0,0,0,,,,,,,,,,,,,OH+BW,2,
2001-08-19,L3,1.2,,,22,0,0,0,1,0,24,0,0,0,0,0,0,0,1,0,0,0,0,0,0,0,0,0,0,0,0,0,0,0,0,0,0,0,,,,,,,,,,,,,OH+BW,47,
2001-08-19,M1,1.2,,,3,0,0,0,28,0,23,0,0,0,0,0,0,0,0,0,0,0,0,0,0,0,0,0,0,0,0,0,0,0,0,0,0,0,,,,,,,,,,,,,OH+BW,54,
2001-08-19,M2,1.2,,,16,0,0,0,4,0,11,0,140,2,0,0,0,0,0,0,0,0,0,0,0,0,0,0,0,0,0,0,0,0,0,0,0,0,,,,,,,,,,,,,OH+BW,173,
2001-08-19,M3,1.2,,,0,0,0,0,7,0,0,0,0,0,0,0,0,0,0,0,0,0,0,0,0,0,0,0,0,0,0,0,0,0,0,0,0,0,,,,,,,,,,,,,OH+BW,7,
2001-08-20,A1,1.2,,,0,0,5,0,21,0,39,0,0,0,0,0,0,0,0,0,0,0,0,0,0,0,0,0,0,0,0,0,0,0,0,0,0,0,,,,,,,,,,,,,OH+BW,65,
2001-08-20,A2,1.2,,,2,0,0,0,21,0,27,0,0,0,0,0,0,0,0,0,0,0,0,0,0,0,0,0,0,0,0,0,0,0,0,0,0,0,,,,,,,,,,,,,OH+BW,50,
2001-08-20,A3,1.2,,,15,0,5,0,5,0,0,0,0,0,0,0,0,0,0,0,0,0,0,0,0,0,0,0,0,0,0,0,0,0,0,0,0,0,,,,,,,,,,,,,OH+BW,25,
2001-08-20,F1,1.8,,,0,0,0,0,3,0,23,0,0,0,0,0,0,0,0,0,0,0,0,0,0,0,0,0,0,0,0,0,0,0,0,0,0,0,,,,,,,,,,,,,OH+BW,26,
2001-08-20,F2,0.6,,,0,0,0,0,0,0,0,0,122,1,0,0,0,0,0,0,0,0,0,0,0,0,0,0,0,0,0,0,0,0,0,0,0,0,,,,,,,,,,,,,OH+BW,123,
2001-08-21,N1,1.5,,,31,0,7,0,9,0,101,0,0,0,0,0,0,0,0,0,0,0,0,0,2,0,0,0,0,0,0,0,0,0,0,0,0,0,,,,,,,,,,,,,OH+BW,148,
2001-08-21,N2,1.5,,,0,0,0,0,11,0,45,0,0,0,0,0,0,0,0,0,0,0,0,0,0,0,0,0,0,0,0,0,0,0,0,0,0,0,,,,,,,,,,,,,OH+BW,56,
2001-08-21,N3,0.6,,,0,0,0,0,0,0,0,0,0,0,0,0,0,0,3,0,0,0,0,0,0,0,0,0,0,0,0,0,0,0,0,0,0,0,,,,,,,,,,,,,OH+BW,0,
2001-08-22,S1,1.2,,,0,0,0,0,0,0,0,0,0,0,0,0,0,0,0,0,0,0,0,0,0,0,0,0,0,0,0,0,0,0,0,0,0,0,,,,,,,,,,,,,OH+BW,0,
2006-10-03,T1,0.6,,,0,0,12,0,0,0,15,0,2,0,0,0,0,0,0,0,0,0,0,0,0,0,0,0,0,0,0,0,0,0,0,0,0,0,,,,,,,,,,,,,OH+BW,29,
2006-10-03,T2,1.8,,,29,0,128,0,5,0,4,0,0,0,0,0,5,0,0,0,0,0,0,0,0,0,0,0,1,0,0,0,0,0,0,0,0,0,,,,,,,,,,,,,OH+BW,166,
2006-10-26,T1,0.6,,,0,0,6,0,1,0,34,0,6,0,7,0,0,0,0,0,0,0,0,0,0,0,0,0,0,0,0,0,0,0,0,0,0,0,,,,,,,,,,,,,OH+BW,47,
2006-10-26,T2,1.8,,,11,0,5,0,2,0,22,0,0,0,3,0,0,0,0,0,0,0,0,0,0,0,0,0,0,0,2,0,0,0,0,0,0,0,,,,,,,,,,,,,OH+BW,40,
2018-12-12,M1,1.2,7:00,7:24,0,0,36,0,2,0,0,0,0,0,0,0,0,0,0,0,0,0,0,0,0,0,0,0,0,0,0,0,0,0,0,0,0,0,0,0,0,0,0,0,,,,,,,OH+PN,38,
2018-12-12,M3,1.2,7:30,7:48,5,0,0,0,11,1,4,0,0,0,0,0,1,0,0,0,0,0,0,0,0,0,0,0,0,0,0,0,0,0,5,0,0,0,4,0,2,0,16,0,,,,,,,OH+PN,21,
2018-12-12,M2,1.2,8:04,8:14,0,0,0,0,0,0,0,0,0,0,0,0,0,0,3,0,0,0,0,0,0,0,0,0,0,0,0,0,0,0,0,0,0,0,0,0,0,0,7,0,,,,,,,OH+PN,0,
2018-12-12,E1,1.5,8:23,8:34,0,0,23,0,0,0,0,0,3,0,0,0,0,0,0,0,0,0,0,0,0,0,0,0,0,0,0,0,0,0,0,0,0,0,0,0,0,0,0,0,,,,,,,OH+PN,26,
2018-12-12,E2,1.2,8:39,8:45,0,0,0,0,0,0,0,0,0,0,0,0,0,0,0,0,0,0,0,0,0,0,0,0,0,0,0,0,0,0,0,0,0,0,0,0,0,0,0,0,,,,,,,OH+PN,0,
2018-12-12,E3,1.2,9:00,9:15,11,0,0,0,0,0,3,0,0,0,0,0,0,0,0,0,0,0,0,0,0,0,0,0,2,0,0,0,0,0,0,0,0,0,0,0,0,0,0,0,,,,,,,OH+PN,14,
2018-12-12,L3,1.2,10:00,10:35,81,0,65,0,2,1,48,5,0,0,0,0,1,0,0,0,0,0,0,0,0,0,0,0,0,0,0,0,0,0,0,0,0,0,0,0,0,0,0,0,,,,,,,OH+PN,202,
2018-12-12,L2,1.2,10:44,11:20,17,0,0,0,0,0,76,3,0,0,0,0,3,4,1,0,0,0,0,0,8,2,0,0,0,0,1,0,0,0,0,0,0,0,4,0,0,0,0,0,,,,,,,OH+PN,96,
2018-12-12,L1,1.2,12:09,12:40,3,0,0,0,62,0,19,0,0,0,0,0,0,0,1,0,0,0,0,0,3,0,0,0,0,0,0,0,0,0,0,0,0,0,0,0,0,0,0,0,,,,,,,OH+PN,84,
2018-12-12,S1,1.2,11:35,11:55,56,0,2,0,6,0,25,0,0,0,0,0,0,0,0,0,0,0,0,0,1,0,0,0,0,0,1,0,0,0,0,0,0,0,0,0,32,0,0,0,,,,,,,OH+PN,89,
2018-12-12,N3,0.6,12:54,12:58,1,0,0,0,0,0,0,0,0,0,0,0,0,0,0,0,0,0,0,0,0,0,0,0,0,0,0,0,0,0,0,0,0,0,1,0,0,0,0,0,,,,,,,OH+PN,1,
2018-12-12,N1,1.5,13:02,13:12,0,0,0,0,0,0,0,0,0,0,0,0,0,0,2,0,0,0,0,0,0,0,0,0,0,0,0,0,0,0,0,0,0,0,1,0,0,0,0,0,,,,,,,OH+PN,0,
2018-12-12,N2,1.5,13:17,13:31,0,0,0,0,0,0,0,0,30,0,0,0,0,0,0,0,0,0,0,0,0,0,0,0,0,0,0,0,0,0,0,0,0,0,0,0,0,0,0,0,,,,,,,OH+PN,30,
2018-12-14,A1,1.2,7:06,7:39,55,0,0,0,4,0,53,1,0,0,0,0,0,0,0,0,6,0,0,0,0,0,0,0,0,0,4,0,0,0,0,0,0,0,0,0,0,0,0,0,,,,,,,OH+PN,113,
2018-12-14,A3,1.2,7:49,8:19,121,0,0,0,34,0,77,0,0,0,0,0,4,0,0,0,0,0,0,0,0,0,0,0,0,0,0,0,0,0,0,0,0,0,0,0,0,0,0,0,,,,,,,OH+PN,232,
2018-12-14,A2,1.2,8:56,9:49,49,0,33,0,3,0,53,2,0,0,0,0,0,0,0,0,0,0,0,0,6,0,0,0,0,0,4,0,0,0,0,0,0,0,2,0,0,0,0,0,,,,,,,OH+PN,140,
2018-12-14,F1,1.8,10:12,10:46,308,0,13,0,2,0,63,0,0,0,0,0,20,0,1,0,0,0,0,0,4,0,0,0,0,0,2,0,0,0,0,0,0,0,2,0,0,0,0,0,,,,,,,OH+PN,386,
2018-12-14,F2,0.6,10:56,11:09,48,0,1,0,27,1,0,0,1,0,0,0,1,0,0,0,0,0,0,0,0,0,0,0,0,0,0,0,0,0,0,0,0,0,0,0,0,0,0,0,,,,,,,OH+PN,78,
2018-12-14,T1,0.6,11:25,11:43,120,0,126,2,47,0,0,0,65,9,0,0,0,0,0,0,0,0,0,0,0,0,0,0,0,0,0,0,0,0,0,0,0,0,0,0,0,0,0,0,,,,,,,OH+PN,369,
2018-12-14,T2,1.8,11:46,12:26,206,0,110,1,15,0,42,2,19,0,0,0,0,0,0,0,0,0,0,0,4,0,0,0,0,0,1,0,0,0,0,0,0,0,0,0,4,0,0,0,,,,,,,OH+PN,395,
2018-12-15,T3,1.2,7:20,8:00,148,0,0,0,0,0,100,0,4,0,0,0,0,0,0,0,0,0,0,0,0,0,0,0,0,0,0,0,0,0,0,0,0,0,0,0,0,2,0,0,,,,,,,PN,252,
2019-01-19,M1,1.2,6:39,6:54,4,0,0,0,2,0,0,0,0,0,0,0,0,0,0,0,0,0,0,0,0,0,0,0,0,0,0,0,0,0,0,0,0,0,0,0,0,0,0,0,,,,,,,PN+AD,6,
2019-01-19,M2,1.2,7:49,8:02,0,0,0,0,7,0,0,0,12,0,0,0,0,0,0,0,1,0,0,0,0,0,0,0,0,0,0,0,0,0,0,0,0,0,0,0,0,0,0,0,,,,,,,PN+AD,19,
2019-01-19,M3,1.2,7:09,7:29,2,0,37,1,34,1,0,0,8,0,1,0,0,0,0,0,0,0,0,0,0,0,0,0,0,0,0,0,0,0,0,0,0,0,0,0,0,0,0,0,,,,,,,PN+AD,83,
2019-01-19,E1,1.5,8:12,8:22,0,0,0,0,0,0,0,0,0,0,0,0,0,0,0,0,0,0,0,0,0,0,0,0,0,0,0,0,0,0,0,0,0,0,0,0,0,0,0,0,,,,,,,PN+AD,0,
2019-01-19,E2,1.2,8:28,8:35,0,0,0,0,0,0,0,0,0,0,0,0,0,0,0,0,0,0,0,0,0,0,0,0,0,0,0,0,0,0,0,0,0,0,0,0,0,0,0,0,,,,,,,PN+AD,0,
2019-01-19,E3,1.2,8:48,9:06,5,0,0,0,0,0,0,0,0,0,0,0,0,0,0,0,0,0,0,0,0,0,0,0,0,0,0,0,0,0,0,0,0,0,0,0,73,0,0,0,,,,,,,PN+AD,5,
2019-01-19,L1,1.2,9:29,10:01,4,0,178,9,21,0,1,0,0,0,0,0,0,0,0,0,0,0,0,0,0,0,0,0,0,0,0,0,0,0,0,0,0,0,0,0,0,0,0,0,,,,,,,PN+AD,213,
2019-01-19,L3,1.2,10:18,10:47,153,0,152,1,11,0,133,0,0,0,0,0,2,0,0,0,0,0,0,0,0,0,0,0,0,0,0,0,0,0,0,0,0,0,0,0,0,0,0,0,,,,,,,PN+AD,450,
2019-01-19,L2,1.2,10:56,11:13,63,0,0,0,0,0,39,0,18,0,0,0,0,0,0,0,0,0,0,0,0,0,0,0,0,0,0,1,0,0,0,0,0,0,0,0,0,0,0,0,,,,,,,PN+AD,120,
2019-01-19,S1,1.2,11:33,11:55,155,0,6,0,1,0,25,0,0,0,0,0,0,0,0,0,0,0,0,0,0,0,0,0,0,0,0,0,0,0,0,0,0,0,0,0,4,0,0,0,,,,,,,PN+AD,187,
2019-01-19,N3,0.6,12:12,12:20,0,0,0,0,0,0,0,0,0,0,0,0,1,0,0,0,0,0,0,0,0,0,0,0,0,0,0,0,0,0,0,0,0,0,0,0,2,0,0,0,,,,,,,PN+AD,0,
2019-01-19,N1,1.5,12:25,12:41,0,0,0,0,0,0,0,0,0,0,0,0,1,0,0,0,0,0,0,0,0,0,0,0,0,0,0,0,0,0,2,0,0,0,0,0,0,0,0,0,,,,,,,PN+AD,0,
2019-01-19,N2,1.5,12:47,13:02,0,0,0,0,0,0,6,0,0,0,0,0,0,0,0,0,0,0,0,0,0,0,0,0,0,0,0,0,0,0,0,0,0,0,0,0,0,0,0,0,,,,,,,PN+AD,6,
2019-01-20,A1,1.2,7:05,7:38,73,0,48,0,0,0,32,0,51,0,0,0,0,0,0,0,1,0,0,0,0,0,0,0,0,0,0,0,0,0,0,0,0,0,0,0,0,0,0,0,,,,,,,PN ,204,
2019-01-20,A3,1.2,7:46,8:10,62,0,0,0,26,2,0,0,0,0,0,0,7,0,0,0,0,0,0,0,0,0,0,0,0,0,0,0,0,0,0,0,0,0,0,0,0,0,0,0,,,,,,,PN ,90,
2019-01-20,A2,1.2,8:27,8:56,38,0,28,0,0,0,139,3,0,0,0,0,0,0,0,0,0,0,0,0,0,0,0,0,0,0,2,0,0,0,0,0,0,0,0,0,0,0,0,0,,,,,,,PN ,208,
2019-01-20,F1,1.8,9:16,10:06,302,0,77,5,12,0,48,0,12,0,0,0,6,0,0,0,0,0,0,0,1,0,0,0,0,0,0,0,0,0,0,0,0,0,0,0,0,0,0,0,,,,,,,PN ,456,
2019-01-20,F2,0.6,10:13,10:27,14,0,46,4,2,0,0,0,0,0,0,0,4,3,0,0,0,0,0,0,0,0,0,0,0,0,0,0,0,0,0,0,0,0,0,0,0,0,0,0,,,,,,,PN ,66,
2019-01-20,T1,0.6,11:59,12:10,1,0,11,0,12,0,0,0,0,0,0,0,1,0,0,0,0,0,0,0,0,0,0,0,0,0,0,0,0,0,0,0,0,0,0,0,0,0,0,0,,,,,,,PN ,24,
2019-01-20,T2,1.8,12:12,12:56,206,1,74,4,2,0,24,0,116,15,0,0,0,0,0,0,0,0,0,0,0,0,0,0,0,0,1,0,0,0,0,0,0,0,0,0,8,0,0,0,,,,,,,PN ,442,
2019-01-30,T3,1.2,8:00,8:39,87,6,32,1,5,0,70,0,13,0,0,0,3,0,0,0,0,0,0,0,4,0,0,0,0,0,0,0,0,0,0,0,0,0,0,0,0,0,0,0,,,,,,,PN ,214,
2019-02-21,M1,1.2,6:41,7:05,1,0,17,0,7,0,0,0,26,0,1,0,0,0,0,0,0,0,0,0,2,0,0,0,0,0,0,0,0,0,0,0,0,0,0,0,0,0,0,0,,,,,,,PN,51,
2019-02-21,M3,1.2,7:15,7:29,7,0,0,0,0,0,0,0,0,0,0,0,0,0,0,0,0,0,0,0,0,0,0,0,0,0,0,0,0,0,0,0,0,0,0,0,4,0,0,0,,,,,,,PN,7,
2019-02-21,M2,1.2,7:48,8:02,0,0,0,0,1,1,0,0,0,0,0,0,0,0,0,0,0,0,0,0,2,0,0,0,0,0,0,0,0,0,0,0,0,0,0,0,0,0,0,0,,,,,,,PN,2,
2019-02-21,E1,1.5,8:25,8:38,0,0,0,0,0,0,0,0,0,0,0,0,0,0,2,0,0,0,0,0,0,0,0,0,0,0,0,0,0,0,0,0,0,0,0,0,0,0,0,0,,,,,,,PN,0,
2019-02-21,E2,1.2,8:47,8:57,0,0,0,0,0,0,0,0,0,0,0,0,0,0,3,0,0,0,0,0,0,0,0,0,0,0,0,0,0,0,0,0,0,0,0,0,0,0,0,0,,,,,,,PN,0,
2019-02-21,E3,1.2,9:09,9:25,0,0,0,0,0,0,1,0,0,0,0,0,5,0,6,0,0,0,0,1,0,0,0,0,0,0,0,0,0,0,0,0,0,0,0,0,0,0,0,0,,,,,,,PN,1,
2019-02-21,L3,1.2,9:58,10:41,56,11,198,13,13,0,115,0,0,0,0,0,0,0,0,0,0,0,0,0,2,0,0,0,0,0,0,0,0,0,0,0,0,0,0,0,0,0,0,0,,,,,,,PN,406,
2019-02-21,L1,1.2,10:57,11:25,227,16,64,0,0,1,9,0,0,0,0,0,0,0,1,0,0,0,0,0,0,0,0,0,0,0,0,0,0,0,0,0,0,0,0,0,0,0,0,0,,,,,,,PN,317,
2019-02-21,L2,1.2,11:43,12:14,53,7,13,1,11,1,134,2,0,0,0,0,0,0,0,0,0,0,0,0,0,0,0,0,0,0,0,0,0,0,0,0,0,0,0,0,0,0,0,0,,,,,,,PN,222,
2019-02-21,S1,1.2,12:33,13:03,389,57,6,0,3,0,45,0,5,0,0,0,1,0,0,0,0,0,0,0,0,0,0,0,0,0,0,0,0,0,0,0,0,0,0,0,0,0,0,0,,,,,,,PN,505,
2019-02-21,T3,1.2,13:16,13:49,105,15,46,2,27,0,109,0,11,0,0,0,5,2,0,0,0,0,0,0,0,0,0,0,0,0,0,0,0,0,0,0,0,0,0,0,0,0,0,0,,,,,,,PN,315,
2019-02-21,T1,0.6,16:03,16:15,0,0,13,0,1,0,0,0,0,0,0,0,3,0,0,0,0,0,0,0,0,0,0,0,0,0,0,0,0,0,0,0,0,0,0,0,0,0,0,0,,,,,,,PN,14,
2019-02-21,T2,1.8,16:21,17:12,170,36,94,4,48,0,36,0,174,11,0,0,5,0,0,0,0,0,0,0,10,0,0,0,0,0,0,0,0,0,0,0,0,0,0,0,2,0,0,0,,,,,,,PN,573,
2019-02-22,N2,1.5,9:18,9:38,0,0,0,0,0,0,0,0,4,0,0,0,0,0,0,0,0,0,0,0,0,0,0,0,0,0,0,0,0,0,0,0,0,0,0,0,0,0,0,0,,,,,,,PN,4,
2019-02-22,N1,1.5,9:53,10:14,0,0,0,0,0,0,0,0,135,6,0,0,1,0,0,0,0,0,0,0,0,0,0,0,0,0,0,0,0,0,0,0,0,0,0,0,0,0,0,0,,,,,,,PN,141,
2019-02-22,N3,0.6,10:30,10:42,0,0,23,1,19,0,0,0,9,0,0,0,0,0,0,0,15,0,0,0,0,0,0,0,0,0,0,0,0,0,0,0,0,0,0,0,0,0,0,0,,,,,,,PN,52,
2019-02-22,A1,1.2,11:16,11:42,114,1,117,4,2,0,31,1,0,0,0,0,0,0,0,0,0,0,0,0,0,0,0,0,0,0,2,2,0,0,0,0,0,0,0,0,4,0,0,0,,,,,,,PN,270,
2019-02-22,A3,1.2,11:49,12:14,2,0,146,0,3,0,0,0,0,0,0,0,0,0,0,0,0,0,0,0,0,0,0,0,0,0,0,0,0,0,0,0,0,0,0,0,0,0,0,0,,,,,,,PN,151,
2019-02-22,A2,1.2,12:39,13:07,40,3,68,3,21,1,125,9,0,0,0,0,0,0,1,0,0,0,0,0,2,0,0,0,0,0,2,2,0,0,0,0,0,0,0,0,0,0,0,0,,,,,,,PN,270,
2019-02-22,F1,1.8,13:23,13:53,55,18,8,0,64,0,73,10,18,0,0,0,10,4,0,0,1,0,0,0,2,0,1,0,0,0,0,0,0,0,0,0,0,0,0,0,0,0,0,0,,,,,,,PN,246,
2019-02-22,F2,0.6,14:04,14:12,3,0,7,2,0,0,0,0,0,0,0,0,17,2,0,0,0,0,0,0,0,0,0,0,0,0,0,0,0,0,0,0,0,0,0,0,0,0,0,0,,,,,,,PN,12,
2019-03-30,M1,1.2,6:35,7:03,2,0,74,1,4,0,0,0,27,0,0,0,1,0,0,0,0,0,0,0,0,0,0,0,0,0,0,0,0,0,0,0,0,0,0,0,0,0,0,0,,,,,,,PN,108,
2019-03-30,M3,1.2,7:15,7:27,18,0,33,0,5,0,3,0,0,0,0,0,0,0,0,0,0,0,0,0,0,0,0,0,0,0,0,0,0,0,0,0,0,0,0,0,0,0,0,0,,,,,,,PN,59,
2019-03-30,M2,1.2,7:46,8:06,0,0,20,0,0,0,0,0,247,13,0,0,0,0,0,0,0,0,0,0,0,0,0,0,0,0,0,0,0,0,0,0,0,0,0,0,0,0,0,0,,,,,,,PN,280,
2019-03-30,E1,1.5,8:21,8:35,0,0,0,0,0,0,0,0,0,0,2,0,0,0,4,0,0,0,1,0,0,0,0,0,0,0,0,0,0,0,0,0,0,0,0,0,0,0,0,0,,,,,,,PN,0,
2019-03-30,E2,1.2,8:45,8:54,0,0,0,0,0,0,0,0,0,0,0,0,0,0,3,0,0,0,0,0,0,0,0,0,0,0,0,0,0,0,0,0,0,0,0,0,0,0,0,0,,,,,,,PN,0,
2019-03-30,E3,1.2,9:08,9:21,0,0,0,0,0,0,0,0,0,0,0,0,6,0,6,0,0,0,0,0,0,0,0,0,0,0,0,0,0,0,0,0,0,0,0,0,0,0,0,0,,,,,,,PN,0,
2019-03-30,L3,1.2,10:03,10:42,168,16,122,9,6,0,92,3,401,27,0,0,1,0,0,0,0,0,0,0,1,0,0,0,0,0,0,0,0,0,0,0,0,0,0,0,0,0,0,0,,,,,,,PN,844,
2019-03-30,L1,1.2,10:53,11:06,30,3,4,0,20,3,5,0,0,0,0,0,0,0,0,0,0,0,0,0,0,0,0,0,0,0,0,0,0,0,0,0,0,0,3,0,0,0,0,0,,,,,,,PN,65,
2019-03-30,L2,1.2,11:21,10:43,103,19,11,1,18,0,106,36,0,0,0,0,7,0,0,0,7,0,0,0,0,0,0,0,0,0,0,0,0,0,0,0,0,0,0,0,0,0,0,0,,,,,,,PN,294,
2019-03-30,S1,1.2,12:04,12:31,262,56,79,7,6,0,25,0,0,0,0,0,0,0,0,0,0,0,0,0,0,0,0,0,0,0,0,0,0,0,0,0,0,0,0,0,0,0,0,0,,,,,,,PN,435,
2019-03-30,T3,1.2,12:45,13:15,163,51,102,11,0,0,65,4,6,0,0,0,2,0,0,0,0,0,0,0,0,0,0,0,0,0,0,0,0,0,0,0,0,0,0,0,0,0,0,0,,,,,,,PN,402,
2019-03-30,T2,1.8,15:34,16:10,91,22,60,11,27,3,45,0,136,27,0,0,8,0,0,0,0,0,0,0,4,0,0,0,0,0,1,0,0,0,0,0,0,0,0,0,6,0,0,0,,,,,,,PN,422,
2019-03-30,T1,0.6,16:22,16:28,1,0,5,0,5,0,0,0,0,0,0,0,0,0,0,0,0,0,0,0,0,0,0,0,0,0,0,0,0,0,0,0,0,0,0,0,0,0,0,0,,,,,,,PN,11,
2019-03-31,A1,1.2,7:05,7:32,116,7,56,0,3,0,27,1,0,0,0,0,1,0,0,0,0,0,0,0,0,0,0,0,0,0,0,0,0,0,0,0,0,0,0,0,0,0,0,0,,,,,,,PN,210,
2019-03-31,A3,1.2,7:42,8:02,31,0,0,0,56,0,1,0,0,0,0,0,6,0,0,0,0,0,0,0,0,0,0,0,0,0,0,0,0,0,0,0,0,0,0,0,0,0,0,0,,,,,,,PN,88,
2019-03-31,A2,1.2,8:29,8:52,76,8,0,0,0,0,170,2,0,0,0,0,1,0,0,0,0,0,0,0,3,0,0,0,0,0,2,0,0,0,0,0,0,0,0,0,0,0,0,0,,,,,,,PN,256,
2019-03-31,F1,1.8,9:00,9:33,193,37,110,7,25,0,22,0,3,0,0,0,6,0,0,0,0,0,0,0,0,0,0,0,2,0,1,0,0,0,0,0,0,0,0,0,0,0,0,0,,,,,,,PN,397,
2019-03-31,F2,0.6,9:42,9:52,3,0,25,0,0,0,0,0,149,21,0,0,0,3,0,0,0,0,0,0,0,0,0,0,0,0,0,0,0,0,0,0,0,0,0,0,0,0,0,0,,,,,,,PN,198,
2019-03-31,N2,1.5,11:13,11:30,0,0,120,3,0,0,0,0,3,0,11,0,0,0,7,0,0,0,0,0,0,0,0,0,0,0,0,0,0,0,0,0,0,0,0,0,0,0,0,0,,,,,,,PN,126,
2019-03-31,N1,1.5,10:48,11:06,0,0,2,0,0,0,0,0,0,0,0,0,0,0,5,0,0,0,0,0,0,0,0,0,0,0,0,0,0,0,0,0,0,0,0,0,0,0,0,0,,,,,,,PN,2,
2019-03-31,N3,0.6,10:22,10:33,2,0,0,0,0,0,0,0,0,0,0,0,0,0,0,0,0,0,0,0,0,0,0,0,0,0,0,0,0,0,0,0,0,0,0,0,4,0,0,0,,,,,,,PN,2,
2019-04-26,M1,1.2,6:44,6:59,1,0,8,0,1,0,0,0,0,0,0,0,0,0,0,0,0,0,0,0,0,0,0,0,0,0,0,0,0,0,0,0,0,0,0,0,0,0,0,0,,,,,,,PN,10,
2019-04-26,M3,1.2,7:07,7:20,0,0,94,8,0,0,0,0,0,0,0,0,0,0,0,0,0,0,0,0,0,0,0,0,0,0,0,0,0,0,0,0,0,0,0,0,0,0,0,0,,,,,,,PN,102,
2019-04-26,M2,1.2,7:48,8:01,0,0,0,0,0,0,0,0,3,0,0,0,0,0,0,0,0,0,0,0,0,0,0,0,0,0,0,0,0,0,0,0,0,0,0,0,0,0,0,0,,,,,,,PN,3,
2019-04-26,E1,1.5,8:17,8:31,0,0,0,0,0,0,0,0,0,0,0,0,0,0,0,0,0,0,0,0,0,0,0,0,0,0,0,0,0,0,0,0,0,0,0,0,0,0,0,0,,,,,,,PN,0,
2019-04-26,E2,1.2,8:37,8:48,0,0,0,0,0,0,0,0,102,8,0,0,0,0,0,0,0,0,0,0,0,0,0,0,0,0,0,0,0,0,0,0,0,0,0,0,0,0,0,0,,,,,,,PN,110,
2019-04-26,E3,1.2,9:05,9:17,0,0,0,0,0,0,0,0,0,0,0,0,0,0,7,0,0,0,0,0,0,0,0,0,0,0,0,0,0,0,0,0,0,0,0,0,0,0,0,0,,,,,,,PN,0,
2019-04-26,L3,1.2,9:27,9:46,8,0,0,0,1,0,152,0,0,0,0,0,0,0,0,0,0,0,0,0,0,0,0,0,0,0,2,0,0,0,0,0,0,0,0,0,0,0,0,0,,,,,,,PN,161,
2019-04-26,L1,1.2,9:56,10:16,82,0,43,0,24,0,2,0,67,0,0,0,0,0,0,0,0,1,0,0,0,0,0,0,0,0,0,0,0,0,0,0,0,0,0,0,0,0,0,0,,,,,,,PN,218,
2019-04-26,L2,1.2,10:29,10:50,97,4,5,2,0,0,55,3,3,0,0,0,4,0,0,0,0,0,0,0,0,0,0,0,0,0,0,0,0,0,0,0,0,0,0,0,0,0,0,0,,,,,,,PN,169,
2019-04-26,S1,1.2,11:07,11:24,114,2,0,0,12,0,4,0,3,0,0,0,0,0,0,0,0,0,0,0,3,0,0,0,0,0,0,0,0,0,0,0,0,0,0,0,0,0,0,0,,,,,,,PN,135,
2019-04-26,N3,0.6,11:46,11:54,14,1,0,0,26,0,0,0,4,0,0,0,0,0,0,0,0,0,0,0,0,0,0,0,0,0,0,0,0,0,0,0,0,0,0,0,0,0,0,0,,,,,,,PN,45,
2019-04-26,N1,1.5,11:58,12:15,0,0,0,0,0,0,0,0,0,0,0,0,0,0,0,0,0,0,0,0,0,0,0,0,0,0,0,0,0,0,0,0,0,0,0,0,2,0,0,0,,,,,,,PN,0,
2019-04-26,N2,1.5,12:25,12:43,0,0,0,0,1,0,0,0,8,0,10,2,0,0,0,0,0,0,0,0,0,0,0,0,0,0,0,0,0,0,0,0,0,0,0,0,0,0,0,0,,,,,,,PN,9,
2019-04-27,A1,1.2,7:06,7:44,179,4,88,0,1,0,21,0,1,0,0,0,0,0,0,0,0,0,0,0,0,0,0,0,0,0,0,0,0,0,0,0,0,0,0,0,0,0,0,0,,,,,,,PN,294,
2019-04-27,A3,1.2,7:55,8:21,51,0,97,3,31,3,1,0,0,0,0,0,3,0,0,0,0,0,0,0,0,1,0,0,0,0,0,0,0,0,0,0,0,0,0,0,0,0,0,0,,,,,,,PN,186,
2019-04-27,A2,1.2,8:38,9:08,54,4,79,7,0,0,27,1,47,4,0,0,6,0,0,0,2,0,0,0,1,0,2,0,0,0,4,0,0,0,0,0,0,0,0,0,0,0,0,0,,,,,,,PN,223,
2019-04-27,F1,1.8,9:55,10:31,191,35,0,0,23,0,139,1,26,0,0,0,12,0,0,0,0,0,0,0,4,0,2,0,0,0,0,0,0,0,0,0,0,0,0,0,0,0,0,0,,,,,,,PN,415,
2019-04-27,F2,0.6,10:39,10:47,4,0,21,0,6,0,0,0,0,0,0,0,2,0,0,0,0,0,0,0,0,0,0,0,0,0,0,0,0,0,0,0,0,0,0,0,0,0,0,0,,,,,,,PN,31,
2019-04-27,T1,0.6,11:13,11:27,1,0,0,0,0,0,5,2,86,11,0,0,0,0,0,0,0,0,0,0,0,0,0,0,0,0,0,0,0,0,0,0,0,0,0,0,0,0,0,0,,,,,,,PN,105,
2019-04-27,T2,1.8,11:34,12:07,201,41,23,2,29,0,31,1,14,0,0,0,3,0,0,0,0,0,0,0,21,1,0,0,0,0,0,0,0,0,0,0,0,0,0,0,0,0,0,0,,,,,,,PN,342,
2019-04-27,T3,1.2,14:00,14:41,191,23,49,6,38,11,122,7,32,4,0,0,6,0,0,0,1,0,1,1,0,0,0,0,4,0,2,0,0,0,0,0,0,0,0,0,0,0,0,0,,,,,,,PN,483,
2019-05-30,M1,1.2,6:39,6:59,2,0,5,0,8,0,0,0,12,0,0,0,0,0,0,0,0,0,0,0,0,0,0,0,0,0,0,0,0,0,0,0,0,0,0,0,0,0,0,0,,,,,,,PN,27,
2019-05-30,M3,1.2,7:08,7:24,1,0,3,0,8,0,0,0,0,0,0,0,0,0,0,0,0,0,0,0,0,0,0,0,0,0,0,0,0,0,0,0,0,0,0,0,0,0,0,0,,,,,,,PN,12,
2019-05-30,M2,1.2,8:13,8:36,0,0,25,0,2,0,0,0,258,22,0,0,0,0,2,0,0,0,0,0,0,0,0,0,0,0,0,0,0,0,0,0,0,0,0,0,0,0,0,0,,,,,,,PN,307,
2019-05-30,E1,1.5,8:47,9:00,0,0,0,0,0,0,0,0,0,0,0,0,0,0,0,0,0,0,0,0,0,0,0,0,0,0,0,0,0,0,0,0,0,0,0,0,0,0,0,0,,,,,,,PN,0,
2019-05-30,E2,1.2,9:06,9:15,0,0,0,0,0,0,0,0,0,0,0,0,0,0,0,0,0,0,0,0,0,0,0,0,0,0,0,0,0,0,0,0,0,0,0,0,0,0,0,0,,,,,,,PN,0,
2019-05-30,E3,1.2,9:30,9:42,0,0,0,0,0,0,0,0,0,3,0,0,0,0,0,0,0,0,1,1,0,0,0,0,0,0,0,0,0,0,0,0,0,0,0,0,0,0,0,0,,,,,,,PN,3,
2019-05-30,L3,1.2,10:44,11:06,22,0,9,0,14,1,88,0,0,0,0,0,5,0,5,0,0,0,0,0,0,0,0,0,0,0,2,0,0,0,0,0,0,0,0,0,0,0,0,0,,,,,,,PN,134,
2019-05-30,L1,1.2,11:23,11:33,0,0,0,0,0,0,0,0,3,0,0,0,0,0,1,0,0,0,0,0,0,0,0,0,0,0,0,0,0,0,0,0,0,0,0,0,0,0,0,0,,,,,,,PN,3,
2019-05-30,L2,1.2,11:45,12:08,82,2,51,4,0,0,30,0,4,0,6,0,0,0,0,0,0,0,0,0,0,0,0,0,0,0,0,0,0,0,0,0,0,0,0,0,0,0,0,0,,,,,,,PN,173,
2019-05-30,S1,1.2,12:20,12:54,337,26,163,8,40,0,21,0,0,0,0,0,0,0,0,0,0,0,0,0,0,0,0,0,0,0,0,0,0,0,0,0,0,0,0,0,0,0,0,0,,,,,,,PN,595,
2019-05-30,F1,1.8,16:15,17:04,297,27,24,0,89,5,68,0,5,0,0,0,10,0,0,0,0,0,0,0,0,0,0,0,0,0,0,0,0,0,0,0,0,0,0,0,0,0,0,0,,,,,,,PN,515,
2019-05-30,F2,0.6,17:13,17:21,3,0,0,0,15,0,0,0,0,0,0,0,8,0,0,0,0,0,0,0,0,0,0,0,0,0,0,0,0,0,0,0,0,0,0,0,0,0,0,0,,,,,,,PN,18,
2019-05-31,A1,1.2,7:30,8:07,320,7,108,0,4,0,20,0,0,0,0,0,0,0,0,0,0,0,0,0,0,0,0,0,0,0,0,0,0,0,0,0,0,0,0,0,0,0,0,0,,,,,,,PN,459,
2019-05-31,A3,1.2,8:15,8:54,320,0,610,25,85,1,0,0,6,0,0,0,0,0,0,0,7,0,0,0,0,0,0,0,0,0,0,0,0,0,0,0,0,0,0,0,0,0,0,0,,,,,,,PN,1047,
2019-05-31,A2,1.2,9:16,9:39,62,0,2,0,4,1,85,2,0,0,0,0,1,0,0,0,1,0,0,0,12,1,0,0,0,0,0,0,0,0,0,0,0,0,0,0,0,0,0,0,,,,,,,PN,156,
2019-05-31,T1,0.6,10:03,10:18,1,0,34,0,36,6,0,0,2,0,0,0,4,0,0,0,0,0,0,0,0,0,0,0,0,0,0,0,0,0,0,0,0,0,0,0,0,0,0,0,,,,,,,PN,79,
2019-05-31,T2,1.8,10:22,10:57,203,28,58,9,40,4,41,1,84,6,0,0,4,0,0,0,0,0,0,0,4,0,0,0,0,0,0,0,0,0,0,0,0,0,0,0,0,0,0,0,,,,,,,PN,474,
2019-05-31,T3,1.2,11:22,11:37,169,15,14,3,0,0,30,0,4,0,0,0,0,0,0,0,0,0,0,0,0,0,0,0,0,0,0,0,0,0,0,0,0,0,0,0,0,0,0,0,,,,,,,PN,235,
2019-05-31,N3,0.6,11:56,12:04,0,0,0,0,0,0,0,0,0,0,0,0,0,0,0,0,0,0,0,0,1,0,0,0,0,0,0,0,0,0,0,0,0,0,0,0,0,0,0,0,,,,,,,PN,0,
2019-05-31,N1,1.5,12:08,12:31,0,0,79,3,0,0,0,0,0,0,0,0,0,0,0,0,0,0,0,0,0,0,0,0,0,0,0,0,0,0,0,0,0,0,0,0,0,0,0,0,,,,,,,PN,82,
2019-05-31,N2,1.5,12:39,12:55,1,0,12,0,6,0,0,0,0,0,7,3,0,0,0,0,1,0,0,0,0,0,0,0,0,0,0,0,0,0,0,0,0,0,0,0,0,0,0,0,,,,,,,PN,19,
2019-06-29,M1,1.2,6:45,7:08,4,0,38,0,7,0,0,0,18,0,0,0,0,0,4,0,0,0,0,0,1,0,0,0,0,0,0,0,0,0,0,0,0,0,0,0,0,0,0,0,,,,,,,PN,67,
2019-06-29,M3,1.2,7:20,7:32,0,0,0,0,0,0,0,0,0,0,1,0,0,0,0,0,0,0,0,0,0,0,0,0,0,0,0,0,0,0,0,0,0,0,0,0,0,0,0,0,,,,,,,PN,0,
2019-06-29,M2,1.2,7:54,8:19,1,0,99,5,3,0,0,0,51,2,0,0,1,0,0,0,0,0,0,0,0,0,0,0,0,0,0,0,0,0,0,0,0,0,0,0,0,0,0,0,,,,,,,pN,161,
2019-06-29,E1,1.5,8:32,8:47,0,0,9,0,0,0,0,0,0,0,0,0,0,0,0,0,0,0,0,0,0,0,0,0,0,0,0,0,0,0,0,0,0,0,0,0,0,0,0,0,,,,,,,PN,9,
2019-06-29,E2,1.2,8:55,9:06,0,0,0,0,0,0,0,0,32,0,0,0,0,0,0,0,0,0,0,0,0,0,0,0,0,0,0,0,0,0,0,0,0,0,0,0,0,0,0,0,,,,,,,PN,32,
2019-06-29,E3,1.2,9:21,9:35,0,0,0,0,0,0,0,0,0,0,0,0,4,0,0,0,0,0,0,0,0,0,0,0,0,0,0,0,0,0,0,0,0,0,0,0,0,0,0,0,,,,,,,PN,0,
2019-06-29,L3,1.2,9:56,10:23,72,0,38,1,23,1,71,0,0,0,0,0,0,0,0,0,0,0,0,0,0,0,0,0,0,0,0,0,0,0,0,0,0,0,0,0,0,0,0,0,,,,,,,PN,206,
2019-06-29,L1,1.2,10:35,10:50,50,0,0,0,23,2,3,0,0,0,3,0,0,0,2,0,0,0,0,0,0,0,0,0,0,0,0,0,0,0,0,0,0,0,0,0,0,0,0,0,,,,,,,PN,78,
2019-06-29,L2,1.2,10:54,11:10,51,0,7,0,0,0,17,0,0,0,0,0,3,0,0,0,0,0,0,0,0,0,0,0,0,0,0,0,0,0,0,0,0,0,0,0,0,0,0,0,,,,,,,PN,75,
2019-06-29,N3,0.6,11:30,11:37,0,0,0,0,0,0,0,0,6,0,0,0,0,0,3,0,0,0,0,0,0,0,0,0,0,0,0,0,0,0,0,0,0,0,0,0,0,0,0,0,,,,,,,PN,6,
2019-06-29,N1,1.5,11:42,12:05,0,0,23,0,0,0,0,0,0,0,0,0,2,0,0,0,0,0,0,0,0,0,0,0,0,0,0,0,0,0,0,0,0,0,0,0,0,0,0,0,,,,,,,PN,23,
2019-06-29,N2,1.5,12:12,12:32,0,0,54,0,7,0,0,0,0,0,0,0,0,0,0,0,0,0,0,0,0,0,0,0,0,0,0,0,0,0,0,0,0,0,0,0,0,0,0,0,,,,,,,PN,61,
2019-06-30,A1,1.2,7:09,7:28,63,0,15,0,4,0,54,2,0,0,0,0,0,0,0,0,0,0,0,0,0,0,2,0,0,0,1,0,0,0,0,0,0,0,0,0,0,0,0,0,,,,,,,PN+OH,138,
2019-06-30,A3,1.2,7:34,7:56,209,0,69,0,19,0,0,0,0,0,0,0,1,0,0,0,0,0,0,0,2,0,0,0,0,0,0,0,0,0,0,0,0,0,0,0,0,0,0,0,,,,,,,PN+OH,297,
2019-06-30,A2,1.2,8:12,8:27,216,0,0,0,0,0,156,3,0,0,0,0,4,0,0,0,0,0,0,0,0,0,0,0,0,0,1,0,0,0,0,0,0,0,0,0,0,0,0,0,,,,,,,PN+OH,375,
2019-06-30,F1,1.8,9:10,9:37,336,1,15,0,117,0,127,0,0,0,0,0,8,0,0,0,2,0,0,0,4,0,0,0,0,0,1,0,0,0,0,0,0,0,0,0,0,0,0,0,,,,,,,PN+OH,596,
2019-06-30,F2,0.6,9:45,9:51,2,0,0,0,28,0,0,0,0,0,0,0,0,0,0,0,0,0,0,0,0,0,0,0,0,0,0,0,0,0,0,0,0,0,0,0,0,0,0,0,,,,,,,PN+OH,30,
2019-06-30,T1,0.6,10:43,10:57,31,0,46,2,16,0,21,0,0,0,0,0,0,0,0,0,0,0,0,0,0,0,0,0,0,0,0,0,0,0,0,0,0,0,0,0,0,0,0,0,,,,,,,PN,116,
2019-06-30,T2,1.8,11:00,11:38,282,20,90,0,22,4,47,3,145,23,6,0,2,0,0,0,0,0,0,0,0,0,0,0,0,0,0,0,0,0,0,0,0,0,0,0,0,0,0,0,,,,,,,PN,636,
2019-06-30,T3,1.2,12:16,12:37,310,5,29,0,11,0,40,0,4,0,0,0,3,0,0,0,0,0,0,0,0,0,0,0,0,0,0,0,0,0,0,0,0,0,0,0,0,0,0,0,,,,,,,PN,399,
2019-06-30,S1,1.2,12:51,13:07,61,0,0,0,11,0,33,0,0,0,0,0,4,0,0,0,0,0,0,0,0,0,0,0,0,0,0,0,0,0,0,0,0,0,0,0,0,0,0,0,,,,,,,PN,105,
2019-07-30,M1,1.2,6:41,6:58,1,0,20,0,2,0,0,0,0,0,0,0,0,0,5,0,0,0,0,0,2,0,0,0,0,0,0,0,0,0,0,0,0,0,0,0,0,0,0,0,,,,,,,PN,23,
2019-07-30,M3,1.2,7:07,7:25,79,0,101,5,0,0,0,0,0,0,0,0,0,0,0,0,0,0,0,0,0,0,1,0,0,0,0,0,0,0,0,0,0,0,0,0,0,0,0,0,,,,,,,PN,185,
2019-07-30,M2,1.2,7:41,7:52,0,0,10,0,0,0,0,0,0,0,0,0,0,0,0,0,0,0,0,0,0,0,0,0,0,0,0,0,0,0,0,0,0,0,0,0,0,0,0,0,,,,,,,PN,10,
2019-07-30,E1,1.5,8:05,8:21,0,0,21,1,0,0,0,0,0,0,3,0,0,0,2,0,0,0,0,0,0,0,0,0,0,0,0,0,0,0,0,0,0,0,0,0,0,0,0,0,,,,,,,PN,22,
2019-07-30,E2,1.2,8:28,8:36,0,0,0,0,0,0,0,0,0,0,0,0,0,0,0,0,0,0,0,0,0,0,0,0,0,0,0,0,0,0,0,0,0,0,0,0,0,0,0,0,,,,,,,PN,0,
2019-07-30,E3,1.2,8:52,9:17,0,0,217,1,14,0,0,0,0,0,0,0,2,0,0,0,0,0,0,0,0,0,0,0,0,0,0,0,0,0,0,0,0,0,0,0,0,0,0,0,,,,,,,PN,232,
2019-07-30,L3,1.2,9:41,10:06,157,0,322,0,0,0,21,0,0,0,0,0,0,0,0,0,0,0,0,0,0,0,0,0,0,0,1,0,0,0,0,0,0,0,0,0,0,0,0,0,,,,,,,PN,500,
2019-07-30,L1,1.2,10:18,10:29,0,0,7,0,0,0,0,0,29,0,0,0,0,0,0,0,0,0,0,0,0,0,0,0,0,0,0,0,0,0,0,0,0,0,0,0,0,0,0,0,,,,,,,PN,36,
2019-07-30,L2,1.2,10:35,10:54,37,0,0,0,0,0,4,0,0,0,0,0,5,0,0,0,0,0,0,0,0,0,0,0,2,0,0,0,0,0,0,0,0,0,0,0,0,0,0,0,,,,,,,PN,41,
2019-07-30,S1,1.2,11:07,11:30,229,0,33,4,5,0,14,1,0,0,0,0,0,0,0,0,0,0,0,0,0,0,0,0,0,0,0,0,0,0,0,0,0,0,0,0,0,0,0,0,,,,,,,PN,286,
2019-07-30,T3,1.2,11:38,11:55,25,0,3,2,1,0,59,3,6,0,0,0,0,0,0,0,0,0,0,0,0,0,0,0,0,0,1,0,0,0,0,0,0,0,0,0,0,0,0,0,,,,,,,PN,99,
2019-07-30,T1,0.6,12:10,12:21,23,0,327,7,0,0,0,0,0,0,0,0,3,0,1,0,0,0,0,0,0,0,0,0,0,0,0,0,0,0,0,0,0,0,0,0,0,0,0,0,,,,,,,PN,357,
2019-07-30,T2,1.8,12:26,12:46,116,0,21,0,11,0,10,0,0,0,0,0,2,0,0,0,0,0,0,0,12,2,3,0,0,0,0,0,0,0,0,0,0,0,0,0,0,0,0,0,,,,,,,PN,158,
2019-07-31,A1,1.2,7:34,7:49,104,0,8,0,0,0,28,0,0,0,0,0,0,0,0,0,0,0,0,0,0,0,0,0,0,0,0,0,0,0,0,0,0,0,0,0,0,0,0,0,,,,,,,PN,140,
2019-07-31,A3,1.2,7:55,8:22,82,0,30,0,31,0,0,0,0,0,0,0,0,0,0,0,0,0,0,0,0,0,1,0,0,0,0,0,0,0,0,0,0,0,0,0,0,0,0,0,,,,,,,PN,143,
2019-07-31,A2,1.2,9:06,9:28,495,1,3,0,3,0,41,0,0,0,0,0,0,0,0,0,0,0,0,0,0,0,0,0,0,0,0,0,0,0,0,0,0,0,0,0,0,0,0,0,,,,,,,PN,543,
2019-07-31,F1,1.8,9:42,10:16,178,0,0,0,24,0,119,0,0,0,0,0,6,0,0,0,0,0,0,0,0,0,6,0,0,0,0,0,0,0,0,0,0,0,0,0,0,0,0,0,,,,,,,PN,321,
2019-07-31,F2,0.6,10:27,10:40,2,0,21,0,12,0,0,0,0,0,0,0,0,0,0,0,0,0,0,0,0,0,0,0,0,0,0,0,0,0,0,0,0,0,0,0,0,0,0,0,,,,,,,PN,35,
2019-07-31,N3,0.6,11:20,11:32,39,0,11,0,0,0,0,0,0,0,0,0,0,0,0,0,0,0,0,0,0,0,0,0,0,0,0,0,0,0,0,0,0,0,0,0,0,0,0,0,,,,,,,PN,50,
2019-07-31,N1,1.5,11:39,12:02,12,0,0,0,11,0,0,0,0,0,0,0,0,0,0,0,0,0,0,0,0,0,0,0,0,0,0,0,0,0,0,0,0,0,0,0,0,0,0,0,,,,,,,PN,23,
2019-07-31,N2,1.5,12:02,12:26,0,0,10,0,8,0,0,0,0,0,0,0,0,0,2,0,0,0,0,0,0,0,0,0,0,0,0,0,0,0,0,0,0,0,0,0,0,0,0,0,,,,,,,PN,18,
2019-08-30,M1,1.2,6:39,6:56,0,0,13,2,1,0,0,0,0,0,0,0,0,0,2,0,0,0,0,0,0,0,0,0,0,0,0,0,0,0,0,0,0,0,0,0,0,0,0,0,,,,,,,PN,16,
2019-08-30,M3,1.2,7:06,7:23,559,0,554,0,0,0,0,0,0,0,0,0,0,0,0,0,0,0,0,0,0,0,0,0,0,0,0,0,0,0,0,0,0,0,0,0,0,0,0,0,,,,,,,PN,1113,
2019-08-30,M2,1.2,7:44,7:57,0,0,10,0,0,0,0,0,0,0,0,0,0,0,1,0,0,0,0,0,0,0,0,0,0,0,0,0,0,0,0,0,0,0,0,0,0,0,0,0,,,,,,,PN,10,
2019-08-30,E1,1.5,8:12,8:34,0,0,14,0,0,0,0,0,0,0,0,0,0,0,2,0,23,12,0,0,0,0,0,0,0,0,0,0,0,0,0,0,0,0,0,0,0,0,0,0,,,,,,,PN,14,
2019-08-30,E2,1.2,8:43,8:57,0,0,21,0,4,0,0,0,12,0,0,0,0,0,0,0,0,0,0,0,0,0,0,0,0,0,0,0,0,0,0,0,0,0,0,0,0,0,0,0,,,,,,,PN,37,
2019-08-30,E3,1.2,9:09,9:23,0,0,9,0,10,0,3,0,0,0,0,0,0,0,0,0,0,0,0,0,0,0,0,0,0,0,0,0,0,0,0,0,0,0,0,0,0,0,0,0,,,,,,,PN,22,
2019-08-30,L3,1.2,10:25,10:41,64,0,70,0,5,0,8,0,0,0,0,0,3,0,0,0,0,0,0,0,0,0,0,0,0,0,0,0,0,0,0,0,0,0,0,0,0,0,0,0,,,,,,,PN,147,
2019-08-30,L1,1.2,10:48,11:00,112,0,9,0,0,0,0,0,0,0,0,0,2,0,0,0,0,0,0,0,0,0,0,0,0,0,0,0,0,0,0,0,0,0,0,0,0,0,0,0,,,,,,,PN,121,
2019-08-30,L2,1.2,11:05,11:17,685,0,0,0,1,0,7,0,2,0,0,0,0,0,0,0,0,0,0,0,0,0,0,0,0,0,0,0,0,0,0,0,0,0,0,0,0,0,0,0,,,,,,,PN,695,
2019-08-30,N3,0.6,11:42,11:48,0,0,10,0,0,0,0,0,0,0,0,0,0,0,0,0,0,0,0,0,0,0,0,0,0,0,0,0,0,0,0,0,0,0,0,0,0,0,0,0,,,,,,,PN,10,
2019-08-30,N1,1.5,11:54,12:14,0,0,0,0,9,0,0,0,0,0,0,0,0,0,2,0,0,0,0,0,0,0,0,0,0,0,0,0,0,0,0,0,0,0,0,0,0,0,0,0,,,,,,,PN,9,
2019-08-30,N2,1.5,12:22,12:46,0,0,0,0,11,0,0,0,0,0,0,0,0,0,0,0,0,0,0,0,0,0,0,0,0,0,0,0,0,0,0,0,0,0,0,0,0,0,0,0,,,,,,,PN,11,
2019-08-31,A1,1.2,6:57,7:14,361,1,0,0,0,0,8,0,0,0,0,0,0,0,0,0,0,0,0,0,0,0,0,0,0,0,0,0,0,0,0,0,0,0,0,0,0,0,0,0,,,,,,,PN,370,
2019-08-31,A3,1.2,7:21,7:39,93,0,11,0,13,2,0,0,0,0,0,0,1,0,0,0,0,0,0,0,0,0,0,0,0,0,0,0,0,0,0,0,0,0,0,0,0,0,0,0,,,,,,,PN,119,
2019-08-31,A2,1.2,7:51,8:13,85,0,9,0,4,0,82,0,0,0,0,0,0,0,0,0,0,0,0,0,0,0,0,0,0,0,2,0,0,0,0,0,0,0,0,0,0,0,0,0,,,,,,,PN,180,
2019-08-31,F1,1.8,8:22,9:00,355,0,8,0,28,0,194,0,0,0,0,0,3,0,0,0,0,0,0,0,0,0,0,0,0,0,10,0,0,0,0,0,0,0,0,0,0,0,0,0,,,,,,,PN,585,
2019-08-31,F2,0.6,9:11,9:20,62,0,5,0,20,0,0,0,0,0,0,0,0,0,0,0,0,0,0,0,0,0,0,0,0,0,0,0,0,0,0,0,0,0,0,0,0,0,0,0,,,,,,,PN,87,
2019-08-31,T1,0.6,9:38,9:54,18,0,90,0,30,2,6,0,0,0,0,0,3,0,0,0,0,0,0,0,0,0,0,0,0,0,0,0,0,0,0,0,0,0,0,0,0,0,0,0,,,,,,,PN,146,
2019-08-31,T2,1.8,9:58,10:19,139,0,22,0,8,0,25,0,0,0,0,0,5,0,0,0,0,0,0,0,0,0,0,0,0,0,0,0,0,0,0,0,0,0,0,0,0,0,0,0,,,,,,,PN,194,
2019-08-31,T3,1.2,10:39,10:59,124,0,50,0,0,0,127,3,0,0,0,0,0,0,0,0,0,0,0,0,0,0,0,0,0,0,0,2,0,0,0,0,0,0,0,0,0,0,0,0,,,,,,,PN,304,
2019-08-31,S1,1.2,11:10,11:48,61,0,16,0,18,0,12,0,0,0,0,0,0,0,2,0,0,0,0,0,0,0,0,0,0,0,0,0,0,0,0,0,0,0,0,0,0,0,0,0,,,,,,,PN,107,
2019-09-29,M1,1.2,6:27,6:47,23,0,10,0,0,0,3,0,182,19,0,0,0,0,3,0,0,0,0,0,1,0,0,0,0,0,0,0,0,0,0,0,0,0,0,0,0,0,0,0,,,,,,,PN,237,
2019-09-29,M3,1.2,6:56,7:16,162,0,266,0,0,0,2,0,0,0,0,0,0,0,0,0,0,0,0,0,3,0,0,0,0,0,0,0,0,0,0,0,0,0,0,0,0,0,0,0,,,,,,,PN,430,
2019-09-29,M2,1.2,7:34,7:47,0,0,2,0,10,0,0,0,0,0,1,0,0,0,5,0,0,0,0,0,0,0,0,0,0,0,0,0,0,0,0,0,0,0,0,0,0,0,0,0,,,,,,,PN,12,
2019-09-29,E1,1.5,8:04,8:22,0,0,13,0,1,0,0,0,37,0,1,0,0,0,0,0,0,0,0,0,0,0,0,0,0,0,0,0,0,0,0,0,0,0,0,0,0,0,0,0,,,,,,,PN,51,
2019-09-29,E2,1.2,8:30,8:42,0,0,134,0,0,0,0,0,0,0,0,0,0,0,2,0,0,0,0,0,0,0,0,0,0,0,0,0,0,0,0,0,0,0,0,0,0,0,0,0,,,,,,,PN,134,
2019-09-29,E3,1.2,8:56,9:11,0,0,4,0,11,0,8,0,0,0,0,0,0,0,2,0,0,0,0,0,0,0,0,0,0,0,0,0,0,0,0,0,0,0,0,0,0,0,0,0,,,,,,,PN,23,
2019-09-29,L3,1.2,9:53,10:09,0,0,6,0,1,0,37,0,0,0,0,0,0,0,0,0,0,0,0,0,0,0,0,0,0,0,0,0,0,0,0,0,0,0,0,0,0,0,0,0,,,,,,,PN,44,
2019-09-29,L1,1.2,10:19,10:35,148,0,67,0,20,0,4,0,0,0,0,0,0,0,0,0,0,0,0,0,0,0,0,0,0,0,0,0,0,0,0,0,0,0,0,0,0,0,0,0,,,,,,,PN,239,
2019-09-29,L2,1.2,10:42,10:53,26,0,0,0,0,0,24,0,0,0,0,0,0,0,0,0,0,0,0,0,0,0,0,0,0,0,0,0,0,0,0,0,0,0,0,0,0,0,0,0,,,,,,,PN,50,
2019-09-29,S1,1.2,11:04,11:24,153,0,91,0,3,0,4,0,0,0,0,0,0,0,1,0,0,0,0,0,0,0,0,0,0,0,0,0,0,0,0,0,0,0,0,0,0,0,0,0,,,,,,,PN,251,
2019-09-29,N3,0.6,11:33,11:40,0,0,0,0,0,0,0,0,38,0,0,0,0,0,0,0,0,0,0,0,0,0,0,0,0,0,0,0,0,0,0,0,0,0,0,0,0,0,0,0,,,,,,,PN,38,
2019-09-29,N1,1.5,11:43,12:02,0,0,0,0,0,0,0,0,0,0,0,0,3,0,1,0,0,0,0,0,0,0,0,0,0,0,0,0,0,0,0,0,0,0,0,0,0,0,0,0,,,,,,,PN,0,
2019-09-29,N2,1.5,12:08,12:23,28,0,0,0,0,0,0,0,0,0,0,0,0,0,0,0,0,0,0,0,0,0,0,0,0,0,0,0,0,0,0,0,0,0,0,0,0,0,0,0,,,,,,,PN,28,
2019-09-30,A1,1.2,7:04,7:18,274,14,104,4,19,0,93,0,0,0,0,0,5,0,0,0,0,0,0,0,0,0,0,0,0,0,4,0,0,0,6,0,0,0,0,0,0,0,0,0,,,,,,,PN,508,
2019-09-30,A3,1.2,7:27,7:42,89,0,221,11,63,0,6,0,3,0,0,0,8,0,2,0,0,0,0,0,0,0,0,0,0,0,2,0,0,0,0,0,0,0,0,0,0,0,0,0,,,,,,,PN,393,
2019-09-30,A2,1.2,7:55,8:16,111,0,66,1,13,0,133,0,0,0,0,0,0,0,0,0,0,0,0,0,0,0,0,0,0,4,1,0,0,0,0,0,0,0,0,0,0,0,0,0,,,,,,,PN,324,
2019-09-30,F1,1.8,8:33,8:55,71,0,12,0,16,0,57,0,8,0,0,0,6,0,0,0,0,0,0,0,2,0,0,0,0,0,2,0,0,0,0,0,0,0,0,0,0,0,0,0,,,,,,,PN,164,
2019-09-30,F2,0.6,9:08,9:17,7,0,16,0,9,0,0,0,3,0,0,0,11,3,0,0,0,0,0,0,0,0,0,0,0,0,0,0,0,0,0,0,0,0,0,0,0,0,0,0,,,,,,,PN,35,
2019-09-30,T1,0.6,9:34,9:49,27,0,84,0,33,0,4,0,8,0,0,0,0,0,0,0,0,0,0,0,0,0,0,0,0,0,0,0,0,0,0,0,0,0,0,0,0,0,0,0,,,,,,,PN,156,
2019-09-30,T2,1.8,9:54,10:22,167,4,19,0,9,0,83,0,201,18,0,0,7,2,0,0,0,0,0,0,0,0,0,0,0,0,0,0,0,0,0,0,0,0,0,0,0,0,0,0,,,,,,,PN,501,
2019-09-30,T3,1.2,10:57,11:20,43,0,8,0,14,0,51,0,13,0,0,0,2,0,0,0,0,0,0,0,0,0,0,0,0,0,0,0,0,0,0,0,0,0,0,0,0,0,0,0,,,,,,,PN,129,
2019-12-06,M1,1.2,6:51,7:03,0,0,9,1,0,0,0,0,34,0,0,0,0,0,0,0,2,0,0,0,0,0,0,0,0,0,0,0,0,0,0,0,0,0,0,0,0,0,0,0,,,,,,,PN,44,
2019-12-06,M3,1.2,7:10,7:19,0,0,14,0,0,0,0,0,91,9,0,0,0,0,1,0,0,0,0,0,2,0,0,0,0,0,0,0,0,0,0,0,0,0,0,0,0,0,0,0,,,,,,,PN,114,
2019-12-06,M2,1.2,7:32,7:44,0,0,30,3,3,0,0,0,102,6,0,0,0,0,2,0,0,0,0,0,0,0,0,0,0,0,0,0,0,0,0,0,0,0,0,0,0,0,0,0,,,,,,,PN,144,
2019-12-06,E1,1.5,7:53,8:02,0,0,0,0,0,0,0,0,0,0,0,0,0,0,0,0,0,0,0,0,0,0,0,0,0,0,0,0,0,0,0,0,0,0,0,0,0,0,0,0,,,,,,,PN,0,
2019-12-06,E2,1.2,8:11,8:17,0,0,0,0,0,0,0,0,0,0,0,0,0,0,0,0,0,0,0,0,0,0,0,0,0,0,0,0,0,0,0,0,0,0,0,0,0,0,0,0,,,,,,,PN,0,
2019-12-06,E3,1.2,8:29,8:42,0,0,10,1,0,0,0,0,0,0,0,0,2,0,0,0,0,0,0,0,0,0,0,0,0,0,0,0,0,0,0,0,0,0,0,0,0,0,0,0,,,,,,,PN,11,
2019-12-06,L3,1.2,8:51,9:16,76,0,41,2,3,0,56,0,497,49,0,0,1,0,0,0,0,0,0,0,10,0,0,0,0,0,0,0,0,0,0,0,0,0,0,0,0,0,0,0,,,,,,,PN,724,
2019-12-06,L1,1.2,9:25,9:35,0,0,0,0,45,0,0,0,0,0,0,0,0,0,1,0,0,0,0,0,0,0,0,0,0,0,0,0,0,0,0,0,0,0,0,0,0,0,0,0,,,,,,,PN,45,
2019-12-06,L2,1.2,9:42,10:04,82,0,95,0,16,0,135,6,8,0,0,0,3,0,0,0,0,0,0,0,0,0,0,0,0,0,0,0,0,0,0,0,0,0,0,0,0,0,0,0,,,,,,,PN,342,
2019-12-06,S1,1.2,10:13,10:29,183,6,11,0,0,0,21,0,410,16,0,0,0,0,0,0,0,0,0,0,0,0,0,0,0,0,0,0,0,0,0,0,0,0,0,0,0,0,0,0,,,,,,,PN,647,
2019-12-06,N3,0.6,10:39,10:48,0,0,61,0,0,0,0,0,0,0,0,0,0,0,0,0,0,0,0,0,0,0,0,0,0,0,0,0,0,0,0,0,0,0,0,0,0,0,0,0,,,,,,,PN,61,
2019-12-06,N1,1.5,10:54,11:18,181,0,2,0,76,1,24,1,380,26,13,3,0,0,0,0,30,3,0,0,0,0,0,0,0,0,0,0,0,0,0,0,0,0,0,0,0,0,0,0,,,,,,,PN,691,
2019-12-06,N2,1.5,11:31,11:44,0,0,0,0,0,0,0,0,0,0,0,0,0,0,0,0,0,0,0,0,0,0,0,0,0,0,0,0,0,0,0,0,0,0,0,0,0,0,0,0,,,,,,,PN,0,
2019-12-07,A1,1.2,7:00,7:24,91,0,129,1,10,0,92,0,0,0,0,0,0,0,0,0,0,0,0,0,0,0,4,0,0,0,0,0,0,0,0,0,0,0,0,0,0,0,0,0,,,,,,,PN,323,
2019-12-07,A3,1.2,7:29,7:52,151,0,30,1,155,0,18,0,190,9,0,0,5,0,0,0,0,0,0,0,0,0,0,0,0,0,0,0,0,0,0,0,0,0,0,0,0,0,0,0,,,,,,,PN,554,
2019-12-07,A2,1.2,8:11,8:35,51,0,397,2,0,0,101,0,50,4,0,0,0,0,0,0,0,0,0,0,0,0,0,0,0,0,0,0,0,0,0,0,0,0,0,0,0,0,0,0,,,,,,,PN,605,
2019-12-07,F1,1.8,8:43,9:08,218,0,140,4,0,55,1,0,53,3,0,0,5,0,0,0,0,0,0,0,0,0,0,0,0,0,0,0,0,0,0,0,0,0,0,0,0,0,0,0,,,,,,,PN,474,
2019-12-07,F2,0.6,9:19,9:28,39,0,3,0,87,0,0,0,5,0,0,0,2,0,0,0,26,19,0,0,0,0,0,0,0,0,0,0,0,0,0,0,0,0,0,0,0,0,0,0,,,,,,,PN,134,
2019-12-07,T3,1.2,9:46,10:05,390,0,72,0,25,0,54,2,202,31,0,0,0,0,0,0,0,0,2,0,0,0,0,0,0,0,0,0,0,0,0,0,0,0,0,0,0,0,0,0,,,,,,,PN,776,
2019-12-07,T1,0.6,10:11,10:21,112,0,0,0,1,0,0,0,46,0,0,0,4,0,0,0,0,0,0,0,0,0,0,0,0,0,0,0,0,0,0,0,0,0,0,0,0,0,0,0,,,,,,,PN,159,
2019-12-07,T2,1.8,10:24,10:46,195,0,26,0,61,0,65,0,24,0,0,0,2,3,0,0,0,0,0,0,0,0,2,0,0,0,0,0,0,0,0,0,0,0,0,0,0,0,0,0,,,,,,,PN,371,
2019-12-23,M1,1.2,6:41,6:52,0,0,21,3,0,0,0,0,0,0,0,0,0,0,0,0,0,0,0,0,0,0,0,0,0,0,0,0,0,0,0,0,0,0,0,0,0,0,0,0,,,,,,,PN,24,
2019-12-23,M3,1.2,6:58,7:03,0,0,0,0,0,0,0,0,0,0,0,0,0,0,0,0,0,0,0,0,0,0,0,0,0,0,0,0,0,0,0,0,0,0,0,0,0,0,0,0,,,,,,,PN,0,
2019-12-23,M2,1.2,7:09,7:19,0,0,0,0,0,0,0,0,0,0,0,0,0,0,2,0,0,0,0,0,0,0,0,0,0,0,0,0,0,0,0,0,0,0,0,0,0,0,0,0,,,,,,,PN,0,
2019-12-23,E1,1.5,7:32,7:44,0,0,0,0,0,0,0,0,0,0,1,0,0,0,0,0,0,0,0,0,0,0,0,0,0,0,0,0,0,0,0,0,0,0,0,0,0,0,0,0,,,,,,,PN,0,
2019-12-23,E2,1.2,7:50,7:57,0,0,0,0,0,0,0,0,0,0,0,0,0,0,3,0,0,0,0,0,0,0,0,0,0,0,0,0,0,0,0,0,0,0,0,0,0,0,0,0,,,,,,,PN,0,
2019-12-23,E3,1.2,8:14,8:23,0,0,0,0,0,0,0,0,0,0,0,0,0,0,0,0,0,0,0,0,0,0,0,0,0,0,0,0,0,0,0,0,0,0,0,0,0,0,0,0,,,,,,,PN,0,
2019-12-23,L3,1.2,9:05,9:33,74,0,179,1,85,0,115,0,0,0,0,0,0,0,0,0,8,0,0,0,0,0,0,0,0,0,2,0,0,0,0,0,0,0,0,0,0,0,0,0,,,,,,,PN,454,
2019-12-23,L1,1.2,9:41,9:48,0,0,0,0,0,0,0,0,0,0,0,0,0,0,0,0,0,0,0,0,0,0,0,0,0,0,0,0,0,0,0,0,0,0,0,0,0,0,0,0,,,,,,,PN,0,
2019-12-23,L2,1.2,9:52,10:07,83,0,11,0,1,0,62,0,0,0,0,0,0,0,0,0,0,0,0,0,2,1,0,0,0,0,0,0,0,0,0,0,0,0,0,0,0,0,0,0,,,,,,,PN,157,
2019-12-23,S1,1.2,10:18,10:32,155,0,0,0,2,0,57,0,0,0,0,0,0,0,0,0,0,0,0,0,0,0,1,0,0,0,0,0,0,0,0,0,0,0,0,0,0,0,0,0,,,,,,,PN,214,
2019-12-23,N3,0.6,10:42,10:49,1,0,0,0,26,0,0,0,23,0,11,0,0,0,0,0,0,0,0,0,0,0,0,0,0,0,0,0,0,0,0,0,0,0,0,0,0,0,0,0,,,,,,,PN,50,
2019-12-23,N1,1.5,10:51,11:08,36,0,165,1,0,0,31,0,2,0,0,0,0,0,0,0,7,0,0,0,0,0,0,0,0,0,0,0,0,0,0,0,0,0,0,0,0,0,0,0,,,,,,,PN,235,
2019-12-23,N2,1.5,11:14,11:25,18,0,2,0,0,0,0,0,11,0,0,0,0,0,0,0,0,0,0,0,0,0,0,0,0,0,0,0,0,0,0,0,0,0,0,0,0,0,0,0,,,,,,,PN,31,
2019-12-24,A1,1.2,7:06,7:32,111,0,185,0,4,0,83,0,478,22,0,0,1,0,1,0,5,0,0,0,0,0,0,0,0,0,0,0,0,0,0,0,0,0,0,0,0,0,0,0,,,,,,,PN,883,
2019-12-24,A3,1.2,7:38,7:58,48,0,59,0,102,0,1,0,2,0,7,1,2,0,0,0,0,0,0,0,1,0,0,0,0,0,0,,0,0,0,0,0,0,0,0,0,0,0,0,,,,,,,PN,212,
2019-12-24,A2,1.2,8:11,8:34,51,0,161,3,1,0,108,0,18,0,0,0,0,0,0,0,9,0,0,0,0,0,0,0,0,0,0,0,0,0,0,0,0,0,0,0,0,0,0,0,,,,,,,PN,342,
2019-12-24,F1,1.8,8:45,9:23,487,0,95,3,12,0,109,2,11,0,0,0,6,0,0,0,0,0,0,0,0,0,2,0,0,0,0,0,0,0,0,0,0,0,0,0,0,0,0,0,,,,,,,PN,719,
2019-12-24,F2,0.6,9:34,9:45,121,0,14,0,62,0,0,0,39,4,0,0,8,1,2,0,0,0,0,0,0,0,0,0,0,0,0,0,0,0,0,0,0,0,0,0,0,0,0,0,,,,,,,PN,240,
2019-12-24,T1,0.6,10:06,10:14,11,0,4,0,4,0,1,0,5,0,0,0,0,0,0,0,0,0,0,0,0,0,0,0,0,0,0,0,0,0,0,0,0,0,0,0,0,0,0,0,,,,,,,PN,25,
2019-12-24,T2,1.8,10:20,10:46,384,0,54,0,12,0,52,0,100,11,0,0,0,0,0,0,0,0,0,0,4,0,0,0,0,0,0,0,0,0,0,0,0,0,0,0,0,0,0,0,,,,,,,PN,613,
2019-12-24,T3,1.2,11:16,11:30,203,0,51,0,7,0,78,0,15,0,0,0,0,0,0,0,0,0,3,1,0,0,0,0,0,0,0,0,0,0,0,0,0,0,0,0,0,0,0,0,,,,,,,PN,354,
2020-02-10,M1,1.2,6:56,7:08,0,0,0,0,0,0,0,0,0,0,0,0,0,0,0,0,0,0,0,0,0,0,0,0,0,0,0,0,0,0,0,0,0,0,0,0,0,0,0,0,,,,,,,PN,0,
2020-02-10,M3,1.2,7:15,7:22,0,0,0,0,0,0,0,0,0,0,0,0,0,0,0,0,0,0,0,0,0,0,0,0,0,0,0,0,0,0,0,0,0,0,0,0,0,0,0,0,,,,,,,PN,0,
2020-02-10,M2,1.2,7:37,7:48,0,0,0,0,0,0,0,0,0,0,0,0,0,0,0,0,0,0,0,0,0,0,0,0,0,0,0,0,0,0,0,0,0,0,0,0,0,0,0,0,,,,,,,PN,0,
2020-02-10,E1,1.5,8:01,8:11,0,0,0,0,0,0,0,0,0,0,0,0,0,0,0,0,0,0,0,0,0,0,0,0,0,0,0,0,0,0,0,0,0,0,0,0,0,0,0,0,,,,,,,PN,0,
2020-02-10,E2,1.2,8:13,8:22,0,0,0,0,0,0,0,0,0,0,0,0,0,0,3,0,0,0,0,0,0,0,0,0,0,0,0,0,0,0,0,0,0,0,0,0,0,0,0,0,,,,,,,PN,0,
2020-02-10,E3,1.2,8:32,8:45,0,0,0,0,0,0,0,0,0,0,0,0,0,0,0,0,0,0,1,1,0,0,0,0,0,0,0,0,0,0,0,0,0,0,0,0,0,0,0,0,,,,,,,PN,0,
2020-02-10,L3,1.2,9:04,9:30,11,0,24,3,17,0,118,3,43,4,1,0,3,0,0,0,0,0,1,0,0,0,0,0,0,0,0,0,0,0,0,0,0,0,0,0,0,0,0,0,,,,,,,PN,223,
2020-02-10,L1,1.2,9:40,9:51,0,0,0,0,17,0,0,0,0,0,0,0,0,0,0,0,0,0,0,0,0,0,0,0,0,0,0,0,0,0,0,0,0,0,0,0,0,0,0,0,,,,,,,PN,17,
2020-02-10,L2,1.2,9:56,10:12,83,7,15,0,2,0,22,0,0,0,0,0,2,0,0,0,0,0,0,0,0,0,0,0,0,0,2,0,0,0,0,0,0,0,0,0,0,0,0,0,,,,,,,PN,129,
2020-02-10,S1,1.2,10:18,10:27,4,0,1,0,46,0,14,0,9,0,0,0,0,0,0,0,0,0,0,0,0,0,2,0,0,0,0,0,0,0,0,0,0,0,0,0,0,0,0,0,,,,,,,PN,74,
2020-02-10,T3,1.2,11:08,11:24,130,13,84,6,0,0,91,0,20,3,0,0,5,4,0,0,0,0,1,0,3,0,0,0,0,0,0,0,0,0,0,0,0,0,0,0,0,0,0,0,,,,,,,PN,347,
2020-02-10,T1,0.6,11:36,11:43,15,1,0,0,0,0,2,0,7,0,0,0,2,0,0,0,0,0,0,0,0,0,0,0,1,0,0,0,0,0,0,0,0,0,0,0,0,0,0,0,,,,,,,PN,25,
2020-02-10,T2,1.8,11:47,12:05,38,0,23,0,6,0,38,0,218,13,0,0,4,1,0,0,0,0,0,0,0,0,0,0,0,0,0,0,0,0,0,0,0,0,0,0,0,0,0,0,,,,,,,PN,336,
2020-02-11,A1,1.2,7:07,7:38,111,12,70,7,7,0,115,0,45,4,0,0,0,0,0,0,0,0,0,0,0,0,0,0,0,0,4,1,0,0,0,0,0,0,0,0,0,0,0,0,,,,,,,PN,371,
2020-02-11,A3,1.2,7:42,8:06,344,34,24,3,31,4,11,0,21,2,0,0,7,0,0,0,0,0,0,0,6,0,0,0,0,0,3,0,0,0,0,0,0,0,0,0,0,0,0,0,,,,,,,PN,474,
2020-02-11,A2,1.2,8:25,8:51,101,5,121,4,4,0,102,0,0,0,0,0,0,0,0,0,0,0,0,0,0,0,0,0,0,0,4,0,0,0,0,0,0,0,0,0,0,0,0,0,,,,,,,PN,337,
2020-02-11,F1,1.8,9:11,9:58,275,48,50,6,105,0,124,0,4,0,0,0,11,2,0,0,0,0,0,0,0,0,0,0,0,0,0,0,0,0,0,0,0,0,0,0,0,0,0,0,,,,,,,PN,612,
2020-02-11,F2,0.6,10:15,10:28,22,6,0,0,2,0,0,0,0,0,0,0,0,0,0,0,0,0,0,0,0,0,0,0,0,0,2,0,0,0,0,0,0,0,0,0,0,0,0,0,,,,,,,PN,30,
2020-02-11,N3,0.6,11:32,11:39,1,0,0,0,0,0,0,0,12,0,0,0,0,0,0,0,0,0,0,0,0,0,0,0,0,0,0,0,0,0,0,0,0,0,0,0,0,0,0,0,,,,,,,PN,13,
2020-02-11,N1,1.5,11:43,11:55,0,0,0,0,0,0,0,0,0,0,0,0,0,0,0,0,0,0,0,0,0,0,0,0,0,0,0,0,0,0,0,0,0,0,0,0,0,0,0,0,,,,,,,PN,0,
2020-02-11,N2,1.5,12:05,12:12,0,0,0,0,0,0,0,0,0,0,5,0,0,0,0,0,0,0,0,0,0,0,0,0,0,0,0,0,0,0,0,0,0,0,0,0,0,0,0,0,,,,,,,PN,0,
2020-02-28,A1,1.2,7:19,7:50,107,11,391,50,1,0,89,0,0,0,0,0,0,0,0,0,0,0,0,0,0,0,2,0,0,0,0,0,0,0,0,0,0,0,0,0,0,0,0,0,,,,,,,PN,649,
2020-02-28,A3,1.2,7:54,8:21,488,20,218,2,33,0,8,0,0,0,1,0,0,0,0,0,0,0,0,0,0,0,0,0,0,0,0,0,0,0,0,0,0,0,0,0,0,0,0,0,,,,,,,PN,769,
2020-02-28,A2,1.2,8:35,8:56,104,15,121,14,0,0,78,3,389,30,0,0,0,0,0,0,5,0,0,0,3,0,0,0,0,0,0,0,0,0,0,0,0,0,0,0,0,0,0,0,,,,,,,PN,754,
2020-02-28,F1,1.8,9:06,9:36,263,68,114,11,54,0,89,0,0,0,0,0,6,0,0,0,0,0,0,0,0,0,0,0,0,0,0,0,0,0,0,0,0,0,0,0,0,0,0,0,,,,,,,PN,599,
2020-02-28,F2,0.6,9:44,9:50,3,0,0,0,0,0,0,0,0,0,0,0,3,0,0,0,0,0,0,0,0,0,0,0,0,0,0,0,0,0,0,0,0,0,0,0,0,0,0,0,,,,,,,PN,3,
2020-02-28,T3,1.2,10:11,10:27,99,24,15,0,4,0,134,0,2,0,0,0,0,0,0,0,0,0,0,0,4,0,0,0,0,0,0,0,0,0,0,0,0,0,0,0,0,0,0,0,,,,,,,PN,278,
2020-02-28,T1,0.6,10:35,10:41,4,0,2,0,0,0,0,0,3,0,0,0,0,0,0,0,0,0,0,0,0,0,0,0,0,0,0,0,0,0,0,0,0,0,0,0,0,0,0,0,,,,,,,PN,9,
2020-02-28,T2,1.8,10:46,11:12,83,3,32,0,4,0,40,0,348,27,0,0,4,1,7,0,0,0,0,0,0,0,0,0,0,0,0,0,0,0,0,0,0,0,0,0,0,0,0,0,,,,,,,PN,537,
2020-02-29,M1,1.2,6:39,6:55,0,0,28,0,0,0,0,0,236,0,0,0,0,0,0,0,0,0,0,0,0,0,0,0,0,0,0,0,0,0,0,0,0,0,0,0,0,0,0,0,,,,,,,PN,264,
2020-02-29,M3,1.2,7:00,7:10,0,0,0,0,0,0,0,0,0,0,0,0,0,0,0,0,0,0,0,0,0,0,0,0,0,0,0,0,0,0,0,0,0,0,0,0,0,0,0,0,,,,,,,PN,0,
2020-02-29,M2,1.2,7:16,7:25,0,0,3,0,0,0,0,0,0,0,0,0,0,0,0,0,0,0,0,0,0,0,0,0,0,0,0,0,0,0,0,0,0,0,0,0,0,0,0,0,,,,,,,PN,3,
2020-02-29,E1,1.5,7:33,7:40,0,0,0,0,0,0,0,0,0,0,0,0,0,0,0,0,0,0,0,0,0,0,0,0,0,0,0,0,0,0,0,0,0,0,0,0,0,0,0,0,,,,,,,PN,0,
2020-02-29,E2,1.2,7:45,7:52,0,0,0,0,0,0,0,0,0,0,0,0,0,0,2,0,0,0,0,0,0,0,0,0,0,0,0,0,0,0,0,0,0,0,0,0,0,0,0,0,,,,,,,PN,0,
2020-02-29,E3,1.2,8:00,8:13,0,0,0,0,0,0,0,0,0,0,0,0,1,0,0,0,0,0,0,0,0,0,0,0,0,0,0,0,0,0,0,0,0,0,0,0,0,0,0,0,,,,,,,PN,0,
2020-02-29,L3,1.2,8:22,8:34,5,0,0,0,12,0,61,0,0,0,0,0,0,0,0,0,0,0,0,0,0,0,0,0,0,0,3,0,0,0,0,0,0,0,0,0,0,0,0,0,,,,,,,PN,78,
2020-02-29,L1,1.2,8:40,8:50,0,0,0,0,6,0,0,0,0,0,0,0,1,0,0,0,0,0,0,0,0,0,0,0,0,0,0,0,0,0,0,0,0,0,0,0,0,0,0,0,,,,,,,PN,6,
2020-02-29,L2,1.2,8:54,9:38,42,2,0,0,4,0,85,0,11,0,0,0,0,0,0,0,0,0,0,0,3,0,0,0,0,0,0,0,0,0,0,0,0,0,0,0,0,0,0,0,,,,,,,PN,144,
2020-02-29,S1,1.2,9:46,9:58,4,0,0,0,15,2,29,0,0,0,0,0,0,0,2,0,0,0,0,0,0,0,0,0,0,0,0,0,0,0,0,0,0,0,0,0,0,0,0,0,,,,,,,PN,50,
2020-02-29,N3,0.6,10:35,10:41,0,0,0,0,0,0,0,0,7,0,0,0,0,0,0,0,0,0,0,0,0,0,0,0,0,0,0,0,0,0,0,0,0,0,0,0,0,0,0,0,,,,,,,PN,7,
2020-02-29,N1,1.5,10:46,11:00,0,0,0,0,0,0,0,0,0,0,0,0,0,0,0,0,0,0,0,0,0,0,0,0,0,0,0,0,0,0,0,0,0,0,0,0,0,0,0,0,,,,,,,PN,0,
2020-02-29,N2,1.5,11:07,11:20,0,0,0,0,0,0,0,0,35,0,0,0,0,0,0,0,0,0,0,0,0,0,0,0,0,0,0,0,0,0,0,0,0,0,0,0,0,0,0,0,,,,,,,PN,35,
2020-03-31,M1,1.2,7:00,7:11,2,0,63,0,0,0,0,0,0,0,0,0,0,0,0,0,1,0,0,0,0,0,0,0,0,0,0,0,0,0,0,0,0,0,0,0,0,0,0,0,,,,,,,PN,65,
2020-03-31,M2,1.2,7:15,7:24,0,0,3,0,0,0,0,0,0,0,0,0,0,0,0,0,0,0,0,0,0,0,0,0,0,0,0,0,0,0,0,0,0,0,0,0,0,0,0,0,,,,,,,PN,3,
2020-03-31,M3,1.2,7:40,7:51,0,0,0,0,0,0,0,0,0,0,0,0,0,0,0,0,0,0,0,0,0,0,0,0,0,0,0,0,0,0,0,0,0,0,0,0,0,0,0,0,,,,,,,PN,0,
2020-03-31,L3,1.2,8:04,8:13,0,0,0,0,0,0,20,0,0,0,0,0,0,0,0,0,0,0,0,0,0,0,0,0,0,0,0,0,0,0,0,0,0,0,0,0,0,0,0,0,,,,,,,PN,20,
2020-03-31,L1,1.2,8:24,8:34,0,0,0,0,0,0,0,0,14,0,0,0,0,0,0,0,0,0,0,0,0,0,0,0,0,0,0,0,0,0,0,0,0,0,0,0,0,0,0,0,,,,,,,PN,14,
2020-03-31,L2,1.2,8:39,8:54,8,0,0,0,28,0,33,0,24,0,0,0,0,0,0,0,0,0,0,0,0,0,0,0,0,0,0,0,0,0,0,0,0,0,0,0,0,0,0,0,,,,,,,PN,93,
2020-03-31,S1,1.2,9:09,9:20,3,0,0,0,4,1,25,0,1,0,0,0,0,0,0,0,0,0,0,0,0,0,0,0,0,0,0,0,0,0,0,0,0,0,0,0,0,0,0,0,,,,,,,PN,34,
2020-03-31,N3,0.6,9:32,9:38,0,0,0,0,0,0,0,0,0,0,0,0,0,0,0,0,0,0,0,0,0,0,0,0,0,0,0,0,0,0,0,0,0,0,0,0,0,0,0,0,,,,,,,PN,0,
2020-03-31,N1,1.5,9:42,9:58,2,0,0,0,3,0,2,0,0,0,8,0,0,0,0,0,0,0,0,0,0,0,0,0,0,0,0,0,0,0,0,0,0,0,0,0,0,0,0,0,,,,,,,PN,7,
2020-03-31,N2,1.5,10:06,11:20,1,0,0,0,0,0,0,0,1,0,0,0,0,0,2,0,0,0,0,0,1,0,0,0,0,0,0,0,0,0,0,0,0,0,0,0,0,0,0,0,,,,,,,PN,2,
2020-04-01,E3,1.2,7:00,7:08,0,0,0,0,2,0,0,0,0,0,0,0,0,0,9,0,0,0,0,0,0,0,0,0,0,0,0,0,0,0,0,0,0,0,0,0,0,0,0,0,,,,,,,PN,2,
2020-04-01,E2,1.2,7:12,7:15,0,0,0,0,0,0,0,0,0,0,0,0,0,0,0,0,0,0,0,0,0,0,0,0,0,0,0,0,0,0,0,0,0,0,0,0,0,0,0,0,,,,,,,PN,0,
2020-04-01,E1,1.5,7:17,7:25,0,0,0,0,0,0,0,0,0,0,0,0,0,0,0,0,0,0,0,0,0,0,0,0,0,0,0,0,0,0,0,0,0,0,0,0,0,0,0,0,,,,,,,PN,0,
2020-04-01,A1,1.2,7:48,8:10,87,4,65,12,7,0,141,6,2,0,0,0,0,0,6,0,3,0,0,0,0,0,2,0,0,0,0,0,0,0,0,0,0,0,0,0,0,0,0,0,,,,,,,PN,324,
2020-04-01,A3,1.2,8:22,8:45,164,8,76,5,44,0,1,0,54,10,0,0,4,0,0,0,0,0,0,0,0,0,0,0,0,0,0,0,0,0,0,0,0,0,0,0,0,0,0,0,,,,,,,PN,362,
2020-04-01,A2,1.2,9:01,9:21,120,12,22,3,0,0,137,5,5,0,0,0,0,0,0,0,5,0,0,0,0,0,0,0,0,0,0,0,0,0,0,0,0,0,0,0,0,0,0,0,,,,,,,PN,304,
2020-04-01,F1,1.8,9:32,10:04,214,20,69,10,75,0,85,0,0,0,0,0,14,1,0,0,0,0,0,0,0,0,0,0,0,0,0,0,0,0,0,0,0,0,0,0,0,0,0,0,,,,,,,PN,473,
2020-04-01,F2,0.6,10:15,10:23,8,0,28,0,0,0,0,0,113,14,0,0,3,0,0,0,0,0,0,0,0,0,0,0,0,0,0,0,0,0,0,0,0,0,0,0,0,0,0,0,,,,,,,PN,163,
2020-04-01,T1,0.6,10:41,10:48,3,1,0,0,0,0,2,0,0,0,0,0,3,3,0,0,0,0,0,0,0,0,0,0,0,0,0,0,0,0,0,0,0,0,0,0,0,0,0,0,,,,,,,PN,6,
2020-04-01,T2,1.8,10:50,11:12,91,8,135,8,10,0,36,0,224,33,0,0,3,0,0,0,0,0,0,0,0,0,0,0,0,0,0,0,0,0,0,0,0,0,0,0,0,0,0,0,,,,,,,PN,545,
2020-04-01,T3,1.2,11:28,11:48,84,6,130,10,12,0,116,0,2,0,0,0,3,0,0,0,0,0,2,0,0,0,0,0,0,0,0,0,0,0,0,0,0,0,0,0,0,0,0,0,,,,,,,PN,360,
2020-05-30,M1,1.2,6:40,6:56,19,0,50,5,14,0,0,0,1,0,0,0,0,0,4,0,0,0,0,0,0,0,0,0,0,0,0,0,0,0,0,0,0,0,0,0,0,0,0,0,,,,,,,PN,89,
2020-05-30,M3,1.2,7:03,7:12,0,0,0,0,0,0,0,0,0,0,0,0,0,0,3,0,0,0,0,0,0,0,0,0,0,0,0,0,0,0,0,0,0,0,0,0,0,0,0,0,,,,,,,PN,0,
2020-05-30,M2,1.2,7:33,7:47,16,0,25,2,0,0,0,0,118,11,0,0,0,0,0,0,0,0,0,0,0,0,0,0,0,0,0,0,0,0,0,0,0,0,0,0,0,0,0,0,,,,,,,PN,172,
2020-05-30,E1,1.5,8:02,8:14,1,0,95,0,0,0,0,0,0,0,0,0,0,0,0,0,1,0,0,0,0,0,0,0,0,0,0,0,0,0,0,0,0,0,0,0,0,0,0,0,,,,,,,PN,96,
2020-05-30,E2,1.2,8:25,8:34,1,0,0,0,0,0,0,0,0,0,0,0,0,0,0,0,0,0,0,0,0,0,0,0,0,0,0,0,0,0,0,0,0,0,0,0,0,0,0,0,,,,,,,PN,1,
2020-05-30,E3,1.2,8:50,8:57,1,0,0,0,0,0,0,0,0,0,0,0,4,0,0,0,0,0,0,0,0,0,0,0,0,0,0,0,0,0,0,0,0,0,0,0,0,0,0,0,,,,,,,PN,1,
2020-05-30,L3,1.2,9:06,9:23,3,0,0,0,0,0,57,0,0,0,0,0,0,0,0,0,0,0,0,0,0,0,0,0,0,0,2,0,0,0,0,0,0,0,0,0,0,0,0,0,,,,,,,PN,60,
2020-05-30,L1,1.2,9:34,9:45,0,0,0,0,0,0,0,0,0,0,0,0,0,0,0,0,0,0,0,0,0,0,0,0,0,0,0,0,0,0,0,0,0,0,0,0,0,0,0,0,,,,,,,PN,0,
2020-05-30,L2,1.2,9:51,10:10,22,0,16,0,67,0,127,3,0,0,0,0,0,0,3,0,0,0,0,0,0,0,0,0,0,0,0,0,0,0,0,0,0,0,0,0,0,0,0,0,,,,,,,PN,235,
2020-05-30,S1,1.2,10:40,10:59,31,4,98,9,50,0,103,0,0,0,0,0,0,0,0,0,0,0,0,0,0,0,0,0,0,0,0,0,0,0,0,0,0,0,0,0,0,0,0,0,,,,,,,PN,295,
2020-05-30,N3,0.6,11:09,11:14,0,0,0,0,0,0,0,0,0,0,0,0,0,0,0,0,0,0,0,0,0,0,0,0,0,0,0,0,0,0,0,0,0,0,0,0,0,0,0,0,,,,,,,PN,0,
2020-05-30,N1,1.5,11:18,11:39,197,9,46,0,8,0,0,0,264,41,0,0,3,0,0,0,0,0,0,0,0,0,0,0,0,0,0,0,0,0,0,0,0,0,0,0,0,0,0,0,,,,,,,PN,565,
2020-05-30,N2,1.5,11:45,12:02,18,0,13,1,0,0,0,0,0,0,10,0,0,0,3,0,0,0,0,0,0,0,0,0,0,0,0,0,0,0,0,0,0,0,0,0,0,0,0,0,,,,,,,PN,32,
2020-05-31,A1,1.2,7:39,7:57,97,0,1,0,11,0,41,0,19,0,0,0,0,0,1,0,0,0,0,0,0,0,0,0,0,0,1,0,0,0,0,0,0,0,0,0,4,0,0,0,,,,,,,PN,169,
2020-05-31,A3,1.2,8:04,8:17,46,0,3,0,15,0,0,0,0,0,0,0,1,0,15,0,3,0,0,0,0,0,0,0,0,0,0,0,0,0,0,0,0,0,0,0,0,0,0,0,,,,,,,PN,64,
2020-05-31,A2,1.2,9:56,10:15,61,3,13,0,0,0,123,0,1,0,0,0,1,0,0,0,1,0,0,0,0,0,0,0,0,0,0,0,0,0,0,0,0,0,0,0,0,0,0,0,,,,,,,PN,201,
2020-06-01,F1,1.8,7:55,8:36,284,10,6,0,49,0,88,4,8,0,0,0,9,6,0,0,3,0,0,0,0,0,0,0,0,0,0,0,0,0,0,0,0,0,0,0,0,0,0,0,,,,,,,PN,449,
2020-06-01,F2,0.6,8:47,8:57,16,0,20,0,18,0,0,0,71,14,0,0,7,3,0,0,18,3,0,0,0,0,0,0,0,0,0,0,0,0,0,0,0,0,0,0,0,0,0,0,,,,,,,PN,139,
2020-06-01,T1,0.6,9:12,9:22,1,0,0,0,3,0,3,0,0,0,0,0,1,0,0,0,0,0,0,0,0,0,0,0,0,0,0,0,0,0,0,0,0,0,0,0,5,0,0,0,,,,,,,PN,7,
2020-06-01,T2,1.8,9:26,9:56,231,37,17,0,31,0,54,1,49,17,0,0,2,0,0,0,0,0,0,0,1,0,0,0,0,0,0,0,0,0,0,0,0,0,0,0,0,0,0,0,,,,,,,PN,437,
2020-06-01,T3,1.2,10:16,10:35,62,0,8,1,11,0,99,1,8,0,0,0,6,3,0,0,0,0,0,0,0,0,0,0,5,0,0,0,0,0,0,0,0,0,0,0,2,0,0,0,,,,,,,PN,190,
2020-06-27,M1,1.2,6:36,7:03,141,0,227,6,2,0,0,0,0,0,0,0,0,0,1,0,0,0,0,0,1,0,0,0,0,0,0,0,0,0,0,0,0,0,0,0,0,0,0,0,,,,,,,PN,376,
2020-06-27,M3,1.2,7:12,7:18,0,0,0,0,0,0,0,0,0,0,0,0,0,0,2,0,0,0,0,0,0,0,0,0,0,0,0,0,0,0,0,0,0,0,0,0,0,0,0,0,,,,,,,PN,0,
2020-06-27,M2,1.2,7:32,7:47,1,0,22,0,0,0,0,0,99,8,0,0,0,0,0,0,0,0,0,0,0,0,0,0,0,0,0,0,0,0,0,0,0,0,0,0,0,0,0,0,,,,,,,PN,130,
2020-06-27,E1,1.5,8:00,8:21,0,0,7,1,0,0,0,0,0,0,0,0,0,0,0,0,5,0,0,0,0,0,0,0,0,0,0,0,0,0,0,0,0,0,0,0,0,0,0,0,,,,,,,PN,8,
2020-06-27,E2,1.2,8:28,8:37,0,0,0,0,0,0,0,0,0,0,0,0,0,0,3,0,0,0,0,0,0,0,0,0,0,0,0,0,0,0,0,0,0,0,0,0,0,0,0,0,,,,,,,PN,0,
2020-06-27,E3,1.2,8:50,9:02,0,0,0,0,0,0,0,0,0,0,0,0,5,2,0,0,0,0,0,0,0,0,0,0,0,0,0,0,0,0,0,0,0,0,0,0,0,0,0,0,,,,,,,PN,0,
2020-06-27,L3,1.2,9:19,9:35,0,0,22,0,0,0,12,1,3,0,0,0,0,0,0,0,0,0,0,0,0,0,0,0,0,0,0,0,0,0,0,0,0,0,0,0,0,0,0,0,,,,,,,PN,38,
2020-06-27,L1,1.2,9:44,9:56,0,0,0,0,14,0,0,0,5,0,0,0,0,0,0,0,0,0,0,0,0,0,0,0,0,0,0,0,0,0,0,0,0,0,0,0,0,0,0,0,,,,,,,PN,19,
2020-06-27,L2,1.2,10:02,10:33,259,14,9,0,21,0,219,0,0,0,0,0,0,0,0,0,0,0,0,0,0,0,0,0,0,0,2,0,0,0,0,0,0,0,0,0,5,0,0,0,,,,,,,PN,522,
2020-06-27,S1,1.2,10:46,11:09,131,13,22,0,29,1,91,0,0,0,0,0,0,0,0,0,0,0,0,0,0,0,0,0,0,0,2,0,0,0,0,0,0,0,0,0,0,0,0,0,,,,,,,PN,287,
2020-06-27,N3,0.6,11:18,11:28,7,0,0,0,0,0,0,0,0,0,0,0,0,0,0,0,0,0,1,0,0,0,0,0,0,0,0,0,0,0,0,0,0,0,0,0,0,0,0,0,,,,,,,PN,7,
2020-06-27,N1,1.5,11:34,11:54,422,39,48,0,0,0,6,0,12,0,0,0,0,0,0,0,0,0,0,0,0,0,0,0,1,0,0,0,0,0,0,0,0,0,0,0,0,0,0,0,,,,,,,PN,527,
2020-06-27,N2,1.5,12:00,12:24,175,0,31,0,23,0,0,0,207,18,11,0,0,0,0,0,0,0,0,0,0,0,0,0,0,0,0,0,0,0,0,0,0,0,0,0,0,0,0,0,,,,,,,PN,454,
2020-06-28,A1,1.2,7:07,7:22,9,0,0,0,2,0,5,0,0,0,0,0,1,0,0,0,0,0,0,0,0,0,0,0,0,0,0,0,0,0,0,0,0,0,0,0,0,0,0,0,,,,,,,PN,16,
2020-06-28,A3,1.2,7:29,7:42,0,0,0,0,6,0,0,0,0,0,0,0,0,0,0,0,0,0,0,0,0,0,0,0,0,0,0,0,0,0,0,0,0,0,0,0,0,0,0,0,,,,,,,PN,6,
2020-06-28,A2,1.2,8:03,8:19,29,0,0,0,0,0,53,0,0,0,0,0,0,0,0,0,0,0,0,0,0,0,0,0,0,0,0,0,0,0,0,0,0,0,0,0,3,1,0,0,,,,,,,PN,82,
2020-06-28,F1,1.8,8:29,8:57,86,6,0,0,48,0,46,2,3,0,0,0,2,4,1,0,0,0,0,0,0,0,0,0,1,0,0,0,0,0,0,0,0,0,0,0,4,0,0,0,,,,,,,PN,191,
2020-06-28,F2,0.6,9:07,9:14,3,0,0,0,24,6,0,0,0,0,0,0,3,4,0,0,0,0,0,0,0,0,0,0,0,0,0,0,0,0,0,0,0,0,0,0,0,0,0,0,,,,,,,PN,33,
2020-06-28,T1,0.6,9:33,9:44,0,0,3,0,1,0,4,0,0,0,0,0,2,1,0,0,0,0,0,0,3,2,0,0,1,0,0,0,0,0,0,0,0,0,0,0,0,0,0,0,,,,,,,PN,8,
2020-06-28,T2,1.8,10:08,10:33,124,4,38,1,30,2,33,1,9,0,1,0,2,0,3,0,0,0,0,0,0,0,0,0,0,0,0,0,0,0,0,0,0,0,0,0,0,0,0,0,,,,,,,PN,242,
2020-06-28,T3,1.2,11:00,11:18,46,0,24,0,4,0,77,2,11,0,0,0,0,0,0,0,0,0,0,0,0,0,0,0,0,0,0,0,0,0,0,0,0,0,0,0,0,0,0,0,,,,,,,PN,164,
2020-07-30,M1,1.2,6:45,7:02,141,3,50,1,4,0,0,0,0,0,0,0,0,0,4,0,0,0,0,0,0,0,0,0,1,0,0,0,0,0,0,0,0,0,0,0,0,0,0,0,,,,,,,PN,199,
2020-07-30,M3,1.2,7:14,7:34,147,0,205,8,0,0,0,0,0,0,0,0,0,0,1,0,0,0,0,0,0,0,0,0,0,0,0,0,0,0,0,0,0,0,0,0,0,0,0,0,,,,,,,PN,360,
2020-07-30,M2,1.2,8:00,8:22,4,0,221,0,0,0,1,0,0,0,0,0,0,0,1,0,0,0,0,0,0,0,0,0,0,0,0,0,0,0,0,0,0,0,0,0,0,0,0,0,,,,,,,PN,226,
2020-07-30,E1,1.5,8:34,8:50,0,0,0,0,2,0,0,0,0,0,0,0,0,0,1,0,0,0,0,0,0,0,0,0,0,0,0,0,0,0,0,0,0,0,0,0,0,0,0,0,,,,,,,PN,2,
2020-07-30,E2,1.2,8:57,9:07,0,0,6,0,9,0,0,0,0,0,0,0,0,0,3,0,0,0,0,0,0,0,0,0,0,0,0,0,0,0,0,0,0,0,0,0,0,0,0,0,,,,,,,PN,15,
2020-07-30,E3,1.2,9:23,9:34,0,0,0,0,2,0,0,0,0,0,3,0,1,3,0,0,0,0,0,0,0,0,0,0,0,0,0,0,0,0,0,0,0,0,0,0,0,0,0,0,,,,,,,PN,2,
2020-07-30,L3,1.2,9:53,10:44,0,0,60,3,2,0,17,0,6,0,0,0,0,0,0,0,0,0,0,0,2,1,0,0,0,0,2,1,0,0,0,0,0,0,0,0,0,0,0,0,,,,,,,PN,88,
2020-07-30,L1,1.2,10:57,11:11,0,0,0,0,16,0,0,0,0,0,0,0,0,0,0,0,0,0,0,0,0,0,0,0,0,0,0,0,0,0,0,0,0,0,0,0,0,0,0,0,,,,,,,PN,16,
2020-07-30,L2,1.2,11:17,11:57,767,49,29,1,0,0,127,7,0,0,0,0,0,0,1,0,0,0,0,0,7,0,0,0,0,0,1,0,0,0,0,0,0,0,0,0,0,0,0,0,,,,,,,PN,980,
2020-07-30,N3,0.6,12:17,12:30,0,0,331,13,1,0,0,0,32,0,0,0,1,0,0,0,0,0,0,0,0,0,0,0,0,0,0,0,0,0,0,0,0,0,0,0,0,0,0,0,,,,,,,PN,377,
2020-07-30,N1,1.5,12:37,13:04,292,0,31,0,25,0,35,1,0,0,0,0,0,0,1,0,0,0,0,0,0,0,0,0,0,0,0,0,0,0,0,0,0,0,0,0,0,0,0,0,,,,,,,PN,384,
2020-07-30,N2,1.5,13:13,13:30,14,0,4,0,0,0,0,0,0,0,0,0,0,0,0,0,0,0,0,0,0,0,0,0,0,0,0,0,0,0,0,0,0,0,0,0,0,0,0,0,,,,,,,PN,18,
2020-07-31,A1,1.2,7:04,7:15,1,0,0,0,0,0,1,0,0,0,0,0,0,0,0,0,0,0,0,0,0,0,0,0,0,0,0,0,0,0,0,0,0,0,0,0,0,0,0,0,,,,,,,PN,2,
2020-07-31,A3,1.2,7:22,7:36,0,0,0,0,16,1,0,0,45,0,0,0,0,0,0,0,0,0,0,0,0,0,0,0,0,0,2,0,0,0,0,0,0,0,0,0,0,0,0,0,,,,,,,PN,62,
2020-07-31,A2,1.2,8:07,8:21,0,0,0,0,1,0,4,0,0,0,0,0,0,0,0,0,0,0,0,0,0,0,0,0,0,0,0,0,0,0,0,0,0,0,0,0,0,0,0,0,,,,,,,PN,5,
2020-07-31,F1,1.8,8:32,8:59,64,9,0,0,4,0,27,0,0,0,0,0,7,4,3,0,0,0,0,0,2,0,0,0,0,0,0,0,0,0,0,0,0,0,0,0,3,0,0,0,,,,,,,PN,104,
2020-07-31,F2,0.6,9:14,9:31,65,18,86,4,25,0,9,0,0,0,0,0,2,2,0,0,22,15,0,0,0,0,0,0,0,0,0,0,0,0,0,0,0,0,0,0,0,0,0,0,,,,,,,PN,207,
2020-07-31,T1,0.6,9:51,9:59,1,0,25,0,0,0,4,0,0,0,0,0,1,0,0,0,0,0,0,0,0,0,0,0,0,0,0,0,0,0,0,0,0,0,0,0,0,0,0,0,,,,,,,PN,30,
2020-07-31,T2,1.8,10:02,10:27,202,29,167,16,24,1,36,0,3,0,0,0,1,0,0,0,0,0,0,0,1,0,1,0,0,0,0,0,0,0,0,0,0,0,0,0,0,0,0,0,,,,,,,PN,478,
2020-07-31,T3,1.2,10:48,11:16,106,0,48,0,25,0,88,0,1,0,0,0,3,0,0,0,0,0,0,0,0,0,0,0,0,0,0,0,0,0,0,0,0,0,0,0,0,0,0,0,,,,,,,PN,268,
2020-07-31,S1,1.2,11:30,12:07,1070,113,89,4,27,0,65,0,0,0,0,0,0,0,0,0,0,0,0,0,0,0,0,0,0,0,0,0,0,0,0,0,0,0,0,0,0,0,0,0,,,,,,,PN,1368,
2020-08-30,M1,1.2,6:28,6:42,21,0,68,0,0,0,0,0,0,0,0,0,0,0,3,0,0,0,0,0,0,0,0,0,0,0,0,0,0,0,0,0,0,0,0,0,0,0,0,0,,,,,,,PN,89,
2020-08-30,M3,1.2,6:51,7:05,839,109,23,1,0,0,0,0,0,0,0,0,0,0,0,0,0,0,0,0,0,0,0,0,0,0,0,0,0,0,0,0,0,0,0,0,0,0,0,0,,,,,,,PN,972,
2020-08-30,M2,1.2,7:30,7:43,166,17,12,0,0,0,1,0,0,0,0,0,0,0,0,0,0,0,0,0,0,0,0,0,0,0,0,0,0,0,0,0,0,0,0,0,0,0,0,0,,,,,,,PN,196,
2020-08-30,E1,1.5,7:53,8:06,0,0,0,0,9,0,0,0,0,0,1,0,0,0,1,0,0,0,0,0,0,0,0,0,0,0,0,0,0,0,0,0,0,0,0,0,0,0,0,0,,,,,,,PN,9,
2020-08-30,E2,1.2,8:12,8:20,0,0,0,0,4,0,0,0,0,0,0,0,0,0,0,0,0,0,0,0,0,0,0,0,0,0,0,0,0,0,0,0,0,0,0,0,0,0,0,0,,,,,,,PN,4,
2020-08-30,E3,1.2,8:38,8:49,0,0,0,0,6,0,0,0,0,0,3,0,3,0,0,0,0,0,0,0,0,0,0,0,1,0,0,0,0,0,0,0,0,0,0,0,0,0,0,0,,,,,,,PN,6,
2020-08-30,L3,1.2,9:05,9:25,192,0,859,49,0,0,20,0,0,0,0,0,0,0,1,0,0,0,0,0,0,0,0,0,0,0,0,0,0,0,0,0,0,0,0,0,0,0,0,0,,,,,,,PN,1120,
2020-08-30,L1,1.2,9:36,9:46,0,0,0,0,10,0,0,0,0,0,0,0,0,0,1,0,0,0,0,0,0,0,0,0,0,0,0,0,0,0,0,0,0,0,0,0,0,0,0,0,,,,,,,PN,10,
2020-08-30,L2,1.2,10:07,10:29,103,0,4,0,0,0,140,1,0,0,0,0,2,0,0,0,0,0,0,0,3,0,0,0,0,0,0,0,0,0,0,0,0,0,0,0,0,0,0,0,,,,,,,PN,248,
2020-08-30,S1,1.2,10:38,10:54,15,0,7,0,25,0,171,0,0,0,0,0,0,0,0,0,0,0,0,0,0,0,0,0,0,0,0,0,0,0,0,0,0,0,0,0,0,0,0,0,,,,,,,PN,218,
2020-08-30,N3,0.6,11:02,11:08,0,0,26,2,0,0,0,0,0,0,0,0,0,0,3,0,0,0,0,0,0,0,0,0,0,0,0,0,0,0,0,0,0,0,0,0,0,0,0,0,,,,,,,PN,28,
2020-08-30,N1,1.5,11:12,11:29,2,0,9,1,12,0,55,1,0,0,0,0,0,0,0,0,0,0,0,0,0,0,0,0,0,0,0,0,0,0,0,0,0,0,0,0,0,0,0,0,,,,,,,PN,80,
2020-08-30,N2,1.5,11:36,11:50,6,0,0,0,3,2,6,0,0,0,1,0,0,0,0,0,0,0,0,0,0,0,0,0,0,0,0,0,0,0,0,0,0,0,0,0,0,0,0,0,,,,,,,PN,17,
2020-08-31,A1,1.2,6:42,6:57,69,0,0,0,3,0,1,0,56,8,0,0,2,0,0,0,0,0,0,0,0,0,0,0,2,0,0,0,0,0,0,0,0,0,0,0,0,0,0,0,,,,,,,PN,137,
2020-08-31,A3,1.2,7:05,7:18,0,0,0,0,17,0,0,0,0,0,0,0,0,0,0,0,0,0,0,0,0,0,0,0,0,0,0,0,0,0,0,0,0,0,0,0,0,0,0,0,,,,,,,PN,17,
2020-08-31,A2,1.2,7:46,8:00,22,0,0,0,1,0,6,0,0,0,0,0,7,0,0,0,0,0,0,0,0,0,0,0,0,0,0,0,0,0,0,0,0,0,0,0,0,0,0,0,,,,,,,PN,29,
2020-08-31,F1,1.8,8:29,9:12,126,3,0,0,46,0,28,0,167,17,0,0,14,0,0,0,0,0,0,0,3,3,0,0,0,0,0,0,0,0,0,0,0,0,0,0,0,0,0,0,,,,,,,PN,387,
2020-08-31,F2,0.6,9:23,9:33,51,0,25,2,56,7,4,0,0,0,0,0,3,0,0,0,0,0,0,0,0,0,0,0,0,0,0,0,0,0,0,0,0,0,0,0,0,0,0,0,,,,,,,PN,145,
2020-08-31,T1,0.6,9:47,10:01,8,0,76,3,49,0,33,0,0,0,0,0,0,0,0,0,32,5,0,0,0,0,0,0,0,0,0,0,0,0,0,0,0,0,0,0,0,0,0,0,,,,,,,PN,169,
2020-08-31,T2,1.8,10:05,10:36,115,11,306,29,33,6,101,0,3,0,0,0,2,1,0,0,0,0,0,0,0,0,0,0,0,0,0,0,0,0,0,0,0,0,0,0,0,0,0,0,,,,,,,PN,604,
2020-08-31,T3,1.2,11:06,11:18,60,0,18,3,10,0,38,1,0,0,0,0,2,0,0,0,0,0,0,0,0,0,0,0,0,0,0,0,0,0,0,0,0,0,0,0,0,0,0,0,,,,,,,PN,130,
2020-09-29,M1,1.2,6:42,6:57,74,0,66,0,0,0,0,0,0,0,0,0,0,0,0,0,0,0,0,0,1,0,0,0,0,0,0,0,0,0,0,0,0,0,0,0,0,0,0,0,,,,,,,PN,140,
2020-09-29,M3,1.2,7:04,7:14,2,0,0,0,0,0,0,0,0,0,0,0,0,0,0,0,0,0,0,0,0,0,0,0,0,0,0,0,0,0,0,0,0,0,0,0,0,0,0,0,,,,,,,PN,2,
2020-09-29,M2,1.2,7:25,7:34,0,0,0,0,0,0,0,0,0,0,0,0,0,0,2,0,0,0,0,0,0,0,0,0,3,0,0,0,0,0,0,0,0,0,0,0,0,0,0,0,,,,,,,PN,0,
2020-09-29,E1,1.5,7:45,8:00,0,0,0,0,7,0,0,0,0,0,4,0,0,0,1,0,0,0,0,0,0,0,0,0,0,0,0,0,0,0,0,0,0,0,0,0,0,0,0,0,,,,,,,PN,7,
2020-09-29,E2,1.2,8:05,8:13,0,0,0,0,0,0,0,0,0,0,0,0,0,0,3,0,0,0,0,0,0,0,0,0,0,0,0,0,0,0,0,0,0,0,0,0,0,0,0,0,,,,,,,PN,0,
2020-09-29,E3,1.2,8:30,8:39,15,0,0,0,0,0,0,0,0,0,0,0,9,0,0,0,0,0,0,0,0,0,0,0,0,0,0,0,0,0,0,0,0,0,0,0,0,0,0,0,,,,,,,PN,15,
2020-09-29,L3,1.2,8:55,9:19,70,0,257,9,6,0,48,0,13,0,0,0,2,0,0,0,0,0,0,0,0,0,0,0,0,0,0,0,0,0,0,0,0,0,0,0,0,0,0,0,,,,,,,PN,403,
2020-09-29,L1,1.2,9:27,9:34,0,0,0,0,0,0,0,0,0,0,0,0,0,0,0,0,0,0,0,0,0,0,0,0,0,0,0,0,0,0,0,0,0,0,0,0,0,0,0,0,,,,,,,PN,0,
2020-09-29,L2,1.2,9:42,9:57,324,26,23,0,4,0,61,0,0,0,0,0,2,0,0,0,0,0,0,0,4,0,0,0,0,0,0,0,0,0,0,0,0,0,0,0,0,0,0,0,,,,,,,PN,438,
2020-09-29,S1,1.2,10:08,10:25,234,7,86,4,8,0,95,2,0,0,0,0,0,0,0,0,0,0,0,0,1,0,0,0,0,0,0,0,0,0,0,0,0,0,0,0,0,0,0,0,,,,,,,PN,436,
2020-09-29,N3,0.6,10:32,10:40,0,0,0,0,0,0,0,0,0,0,0,0,0,0,0,0,0,0,0,0,0,0,0,0,0,0,0,0,0,0,0,0,0,0,0,0,0,0,0,0,,,,,,,PN,0,
2020-09-29,N1,1.5,10:45,10:58,0,0,0,0,19,0,9,0,0,0,0,0,0,0,0,0,0,0,0,0,0,0,0,0,0,0,0,0,0,0,0,0,0,0,0,0,0,0,0,0,,,,,,,PN,28,
2020-09-29,N2,1.5,11:08,11:20,0,0,0,0,17,0,0,0,0,0,0,0,0,0,0,0,0,0,0,0,0,0,0,0,0,0,0,0,0,0,0,0,0,0,0,0,0,0,0,0,,,,,,,PN,17,
2020-09-30,A1,1.2,6:55,7:11,31,0,0,0,2,0,11,0,9,0,0,0,0,0,0,0,0,0,0,0,2,0,0,0,0,0,0,0,0,0,0,0,0,0,0,0,0,0,0,0,,,,,,,PN,53,
2020-09-30,A3,1.2,7:17,7:29,0,0,1,0,22,1,0,0,0,0,0,0,0,0,0,0,0,0,0,0,1,2,0,0,0,0,0,0,0,0,0,0,0,0,0,0,0,0,0,0,,,,,,,PN,24,
2020-09-30,A2,1.2,7:59,8:12,247,0,0,0,22,5,10,0,0,0,0,0,1,0,1,0,0,0,0,0,0,0,0,0,0,0,0,0,0,0,0,0,0,0,0,0,0,0,0,0,,,,,,,PN,284,
2020-09-30,F1,1.8,8:30,8:47,334,0,20,0,27,0,19,0,0,0,0,0,7,0,0,0,1,0,0,0,0,0,0,0,0,0,0,0,0,0,0,0,0,0,0,0,0,0,0,0,,,,,,,PN,400,
2020-09-30,F2,0.6,9:07,9:19,28,0,20,3,75,0,12,0,0,0,0,0,2,1,0,0,0,0,0,0,0,0,0,0,0,0,0,0,0,0,0,0,0,0,0,0,0,0,0,0,,,,,,,PN,138,
2020-09-30,T1,0.6,9:34,9:46,105,6,186,0,23,0,34,0,0,0,0,0,0,0,0,0,0,0,0,0,0,0,0,0,0,0,0,0,0,0,0,0,0,0,0,0,0,0,0,0,,,,,,,PN,354,
2020-09-30,T2,1.8,9:51,10:10,111,0,240,0,41,1,71,0,38,7,0,0,0,0,0,0,0,0,0,0,1,0,0,0,0,0,0,0,0,0,0,0,0,0,0,0,0,0,0,0,,,,,,,PN,509,
2020-09-30,T3,1.2,11:07,11:20,76,0,19,0,11,2,23,0,1,0,0,0,0,0,0,0,0,0,0,0,0,0,0,0,0,0,0,0,0,0,0,0,0,0,0,0,0,0,0,0,,,,,,,PN,132,
2020-12-05,M1,1.2,6:36,6:45,0,0,0,0,6,0,0,0,3,0,1,0,0,0,2,0,0,0,0,0,0,0,0,0,2,0,0,0,0,0,0,0,0,0,0,0,0,0,0,0,,,,,,,PN,9,
2020-12-05,M3,1.2,6:52,7:00,0,0,0,0,51,0,0,0,0,0,0,0,0,0,0,0,0,0,0,0,0,0,0,0,0,0,0,0,0,0,0,0,0,0,0,0,0,0,0,0,,,,,,,PN,51,
2020-12-05,M2,1.2,7:19,7:27,0,0,4,0,0,0,0,0,0,0,4,0,0,0,0,0,0,0,0,0,0,0,0,0,0,0,0,0,0,0,0,0,0,0,0,0,0,0,0,0,,,,,,,PN,4,
2020-12-05,E1,1.5,7:35,7:47,0,0,0,0,0,0,0,0,0,0,0,0,0,0,0,0,0,0,0,0,0,0,0,0,0,0,2,0,0,0,0,0,0,0,0,0,0,0,0,0,,,,,,,PN,0,
2020-12-05,E2,1.2,7:53,8:15,766,118,180,22,13,0,0,0,471,48,0,0,0,0,0,0,0,0,0,0,5,0,0,0,0,0,0,0,0,0,0,0,0,0,0,0,0,0,0,0,,,,,,,PN,1618,
2020-12-05,E3,1.2,8:25,8:35,275,16,0,0,7,0,0,0,34,0,0,0,0,0,0,0,0,0,0,0,0,0,0,0,0,0,0,0,0,0,0,0,0,0,0,0,0,0,0,0,,,,,,,PN,332,
2020-12-05,L3,1.2,8:50,9:04,45,0,22,0,7,0,85,0,15,0,0,0,0,0,0,0,0,0,0,0,0,0,0,0,0,0,0,0,0,0,0,0,0,0,0,0,0,0,0,0,,,,,,,PN,174,
2020-12-05,L1,1.2,9:11,9:23,16,0,0,0,38,0,0,0,223,12,0,0,0,0,3,0,0,0,0,0,0,0,0,0,0,0,0,0,0,0,0,0,0,0,0,0,0,0,0,0,,,,,,,PN,289,
2020-12-05,L2,1.2,9:30,9:45,45,0,18,0,64,0,44,0,9,0,0,0,2,0,2,0,0,0,0,0,0,0,0,0,0,0,0,0,0,0,0,0,0,0,0,0,0,0,0,0,,,,,,,PN,180,
2020-12-05,S1,1.2,9:52,10:10,117,0,39,2,61,3,33,0,2,0,0,0,0,0,1,0,0,0,0,0,0,0,0,0,0,0,0,0,0,0,0,0,0,0,0,0,0,0,0,0,,,,,,,PN,257,
2020-12-05,N3,0.6,10:25,10:32,0,0,0,0,0,0,0,0,0,0,0,0,0,0,0,0,0,0,0,0,0,0,0,0,0,0,0,0,0,0,0,0,0,0,0,0,0,0,0,0,,,,,,,PN,0,
2020-12-05,N1,1.5,10:35,10:50,0,0,0,0,1,0,0,0,1,0,7,4,0,0,0,0,3,1,1,0,0,0,0,0,0,0,0,0,0,0,0,0,0,0,0,0,0,0,0,0,,,,,,,PN,2,
2020-12-05,N2,1.5,11:00,11:15,0,0,0,0,0,0,0,0,0,0,0,0,0,0,0,0,0,0,0,0,0,0,0,0,0,0,0,0,0,0,0,0,0,0,0,0,0,0,0,0,,,,,,,PN,0,
2020-12-06,A1,1.2,6:58,7:19,40,0,145,8,17,0,125,0,11,0,0,0,0,0,0,0,0,0,0,0,1,2,0,0,0,0,2,0,0,0,0,0,0,0,0,0,0,0,0,0,,,,,,,PN,346,
2020-12-06,A3,1.2,7:24,7:35,0,0,23,0,37,0,0,0,0,0,0,0,2,0,0,0,0,0,0,0,0,0,0,0,0,0,0,0,0,0,0,0,0,0,0,0,0,0,0,0,,,,,,,PN,60,
2020-12-06,A2,1.2,8:11,8:35,38,3,111,3,0,0,126,6,0,0,0,0,1,0,0,0,0,0,0,0,7,4,0,0,0,0,1,0,0,0,0,0,0,0,0,0,0,0,0,0,,,,,,,PN,287,
2020-12-06,F1,1.8,8:49,9:07,99,1,0,0,13,0,61,2,10,0,0,0,15,0,0,0,0,0,0,0,5,0,0,0,0,0,1,0,0,0,0,0,0,0,0,0,0,0,0,0,,,,,,,PN,186,
2020-12-06,F2,0.6,9:19,9:26,16,0,0,0,9,0,0,0,0,0,0,0,13,4,0,0,0,0,0,0,0,0,0,0,0,0,0,0,0,0,0,0,0,0,0,0,0,0,0,0,,,,,,,PN,25,
2020-12-06,T3,1.2,9:53,10:09,107,0,0,0,3,0,92,0,11,0,0,0,0,0,2,0,0,0,2,1,0,0,0,0,0,0,0,0,0,0,0,0,0,0,0,0,0,0,0,0,,,,,,,PN,213,
2020-12-06,T1,0.6,10:16,10:24,39,5,8,0,4,0,0,0,40,8,0,0,3,0,0,0,0,0,0,0,0,0,0,0,0,0,0,0,0,0,0,0,0,0,0,0,0,0,0,0,,,,,,,PN,104,
2020-12-06,T2,1.8,10:27,10:55,174,4,100,8,16,1,99,0,215,23,0,0,5,0,1,0,0,0,0,0,0,0,0,0,0,0,2,0,0,0,0,0,0,0,0,0,0,0,0,0,,,,,,,PN,640,
2021-01-07,A1,1.2,7:04,7:24,42,0,55,3,2,0,62,4,68,5,0,0,0,0,0,0,2,0,0,0,1,1,0,0,0,0,3,0,0,0,0,0,0,0,0,0,0,0,0,0,,,,,,,PN,241,
2021-01-07,A3,1.2,7:30,7:48,13,0,8,0,38,1,0,0,235,22,0,0,1,0,0,0,0,0,0,0,0,0,0,0,0,0,0,0,0,0,0,0,0,0,0,0,0,0,0,0,,,,,,,PN,317,
2021-01-07,A2,1.2,8:07,8:24,84,2,25,4,0,0,35,3,9,0,0,0,0,0,0,0,0,0,0,0,1,2,0,0,0,0,2,0,0,0,0,0,0,0,0,0,0,0,0,0,,,,,,,PN,162,
2021-01-07,F1,1.8,8:33,9:10,175,2,231,26,27,1,89,0,143,14,0,0,5,1,0,0,4,0,0,0,0,0,0,0,0,0,1,0,0,0,0,0,0,0,0,0,0,0,0,0,,,,,,,PN,708,
2021-01-07,F2,0.6,9:22,9:38,39,0,177,14,20,2,0,0,0,0,0,0,8,5,0,0,0,0,0,0,0,0,0,0,0,0,0,0,0,0,0,0,0,0,0,0,0,0,0,0,,,,,,,PN,252,
2021-01-07,T3,1.2,9:53,10:23,95,3,8,0,115,0,0,0,5,0,0,0,4,0,0,0,0,0,8,0,0,0,0,0,0,0,0,0,0,0,0,0,0,0,0,0,0,0,0,0,,,,,,,PN,226,
2021-01-07,T1,0.6,10:29,10:37,1,0,6,0,0,0,0,0,0,0,0,0,6,0,0,0,0,0,0,0,0,0,0,0,0,0,0,0,0,0,0,0,0,0,0,0,0,0,0,0,,,,,,,PN,7,
2021-01-07,T2,1.8,10:38,11:01,64,0,12,0,44,6,82,0,200,16,0,0,4,2,2,0,0,0,0,0,4,0,0,0,0,0,0,0,0,0,0,0,0,0,0,0,0,0,0,0,,,,,,,PN,424,
2021-01-08,M1,1.2,6:34,6:44,11,3,33,6,8,1,0,0,87,9,4,1,5,2,4,0,0,0,0,0,0,0,0,0,2,0,0,0,0,0,0,0,0,0,0,0,0,0,0,0,,,,,,,PN,158,
2021-01-08,M3,1.2,6:51,7:06,25,5,173,16,39,0,0,0,51,4,0,0,3,0,2,0,0,0,0,0,0,0,0,0,0,0,0,0,0,0,0,0,0,0,0,0,0,0,0,0,,,,,,,PN,313,
2021-01-08,M2,1.2,7:14,7:24,9,0,14,5,2,0,6,0,6,0,0,0,1,0,6,0,0,0,0,0,0,0,0,0,4,0,2,1,0,0,0,0,0,0,1,0,0,0,0,0,,,,,,,PN,42,
2021-01-08,E1,1.5,7:41,7:54,0,0,2,0,0,0,0,0,0,0,0,0,0,0,2,0,17,3,1,0,0,0,0,0,0,0,0,0,0,0,0,0,0,0,0,0,0,0,0,0,,,,,,,PN,2,
2021-01-08,E2,1.2,8:01,8:12,104,31,42,7,4,0,13,2,283,21,0,0,5,1,3,0,1,0,0,0,0,0,0,0,0,0,0,0,0,0,0,0,0,0,0,0,0,0,0,0,,,,,,,PN,507,
2021-01-08,E3,1.2,8:23,8:36,18,0,92,6,0,0,68,9,0,0,0,0,8,4,0,0,0,0,0,0,0,0,0,0,0,0,4,1,0,0,0,0,0,0,0,0,0,0,0,0,,,,,,,PN,193,
2021-01-08,L3,1.2,8:55,9:10,55,0,83,6,0,0,113,17,8,2,0,0,0,0,0,0,0,0,0,0,0,0,0,0,0,0,0,0,0,0,0,0,0,0,0,0,0,0,0,0,,,,,,,PN,284,
2021-01-08,L1,1.2,9:18,9:30,0,0,0,0,24,4,0,0,9,0,0,0,0,0,0,0,0,0,0,0,0,0,0,0,0,0,0,0,0,0,0,0,0,0,0,0,0,0,0,0,,,,,,,PN,37,
2021-01-08,L2,1.2,9:35,9:51,59,12,91,2,18,1,44,8,14,3,0,0,0,0,4,0,0,0,1,1,0,0,0,0,0,0,0,0,0,0,0,0,0,0,0,0,0,0,0,0,,,,,,,PN,252,
2021-01-08,S1,1.2,9:58,10:08,242,9,2,0,6,0,56,12,0,0,0,0,4,2,0,0,0,0,0,0,0,0,0,0,0,0,0,0,0,0,0,0,0,0,0,0,0,0,0,0,,,,,,,PN,327,
2021-01-08,N3,0.6,10:22,10:32,0,0,0,0,4,0,0,0,18,0,0,0,0,0,2,0,0,0,0,0,0,0,0,0,0,0,0,0,0,0,0,0,0,0,0,0,0,0,0,0,,,,,,,PN,22,
2021-01-08,N1,1.5,10:38,10:58,10,3,4,1,12,0,28,0,72,9,0,0,0,0,0,0,0,0,0,0,0,0,0,0,0,0,0,0,0,0,0,0,0,0,0,0,0,0,0,0,,,,,,,PN,139,
2021-01-08,N2,1.5,11:06,11:24,1,0,0,0,4,0,7,2,6,0,0,0,0,0,1,0,0,0,1,0,0,0,0,0,0,0,0,0,0,0,0,0,0,0,0,0,0,0,0,0,,,,,,,PN,20,
2021-01-30,M1,1.2,6:41,6:59,3,0,0,0,14,0,0,0,128,11,0,0,0,0,0,0,0,0,0,0,0,0,0,0,0,0,0,0,0,0,0,0,0,0,0,0,0,0,0,0,,,,,,,PN,156,
2021-01-30,M3,1.2,7:08,7:16,0,0,0,0,6,0,0,0,0,0,0,0,0,0,1,0,0,0,0,0,0,0,0,0,0,0,0,0,0,0,0,0,0,0,0,0,0,0,0,0,,,,,,,PN,6,
2021-01-30,M2,1.2,7:36,7:46,0,0,0,0,0,0,0,0,70,7,0,0,0,0,0,0,0,0,0,0,0,0,0,0,0,0,0,0,0,0,0,0,0,0,0,0,0,0,0,0,,,,,,,PN,77,
2021-01-30,E1,1.5,7:55,8:05,0,0,0,0,0,0,0,0,0,0,0,0,0,0,0,0,0,0,0,0,0,0,0,0,2,0,0,0,0,0,0,0,0,0,0,0,0,0,0,0,,,,,,,PN,0,
2021-01-30,E2,1.2,8:10,8:20,0,0,0,0,2,0,0,0,0,0,0,0,0,0,2,0,0,0,0,0,0,0,0,0,0,0,0,0,0,0,0,0,0,0,0,0,0,0,0,0,,,,,,,PN,2,
2021-01-30,E3,1.2,8:32,8:45,0,0,0,0,1,0,0,0,0,0,0,0,10,0,0,0,0,0,0,0,0,0,0,0,0,0,0,0,0,0,0,0,0,0,0,0,0,0,0,0,,,,,,,PN,1,
2021-01-30,L3,1.2,8:55,9:17,27,0,164,9,5,0,140,13,15,0,0,0,0,0,0,0,2,0,0,0,0,0,0,0,0,0,0,0,0,0,0,0,0,0,0,0,0,0,0,0,,,,,,,PN,373,
2021-01-30,L1,1.2,9:25,9:37,0,0,0,0,0,0,0,0,0,0,0,0,0,0,0,0,0,0,0,0,0,0,0,0,0,0,0,0,0,0,0,0,0,0,0,0,0,0,0,0,,,,,,,PN,0,
2021-01-30,L2,1.2,9:42,9:53,57,0,13,1,0,0,10,0,0,0,0,0,2,0,0,0,0,0,0,0,3,2,0,0,0,0,0,0,0,0,0,0,0,0,0,0,0,0,0,0,,,,,,,PN,81,
2021-01-30,S1,1.2,10:03,10:26,122,2,314,33,15,0,5,0,9,0,0,0,0,0,0,0,32,0,3,0,0,0,0,0,0,0,0,0,0,0,0,0,0,0,0,0,0,0,0,0,,,,,,,PN,500,
2021-01-30,N3,0.6,10:40,10:44,0,0,0,0,0,0,0,0,0,0,0,0,0,0,0,0,0,0,0,0,0,0,0,0,0,0,0,0,0,0,0,0,0,0,0,0,0,0,0,0,,,,,,,PN,0,
2021-01-30,N1,1.5,10:49,11:06,4,0,0,0,0,0,1,1,0,0,0,0,0,0,3,0,0,0,0,0,0,0,0,0,0,0,0,0,0,0,0,0,0,0,0,0,0,0,0,0,,,,,,,PN,6,
2021-01-30,N2,1.5,11:12,11:25,0,0,0,0,3,0,0,0,11,1,16,1,0,0,0,0,0,0,0,0,0,0,0,0,0,0,0,0,0,0,0,0,0,0,0,0,0,0,0,0,,,,,,,PN,15,
2021-01-31,A1,1.2,7:12,7:36,64,8,285,42,6,0,71,3,10,0,0,0,0,0,0,0,2,0,0,0,1,0,0,0,0,0,0,0,0,0,0,0,0,0,0,0,0,0,0,0,,,,,,,PN,489,
2021-01-31,A3,1.2,7:43,8:01,221,4,20,2,20,2,0,0,0,0,0,0,2,0,0,0,2,0,0,0,1,0,0,0,0,0,0,0,0,0,0,0,0,0,0,0,0,0,0,0,,,,,,,PN,269,
2021-01-31,A2,1.2,8:27,8:49,169,16,180,24,9,0,45,0,3,0,0,0,0,0,0,0,0,0,0,0,10,0,0,0,0,0,3,0,0,0,0,0,0,0,0,0,0,0,0,0,,,,,,,PN,446,
2021-01-31,F1,1.8,9:00,9:26,408,54,39,2,57,0,64,8,71,12,0,0,11,0,0,0,0,0,0,0,0,0,0,0,0,0,0,0,0,0,0,0,0,0,0,0,0,0,0,0,,,,,,,PN,715,
2021-01-31,F2,0.6,9:38,9:43,2,0,0,0,0,0,0,0,0,0,0,0,2,1,0,0,0,0,0,0,0,0,0,0,0,0,0,0,0,0,0,0,0,0,0,0,0,0,0,0,,,,,,,PN,2,
2021-01-31,T1,0.6,10:01,10:10,2,0,19,2,11,0,0,0,1,0,0,0,2,0,0,0,0,0,0,0,0,0,0,0,0,0,0,0,0,0,0,0,0,0,0,0,0,0,0,0,,,,,,,PN,35,
2021-01-31,T2,1.8,10:13,10:43,111,12,165,9,28,2,66,0,398,49,0,0,0,0,6,0,0,0,2,0,0,0,0,0,0,0,0,0,0,0,0,0,0,0,0,0,0,0,0,0,,,,,,,PN,840,
2021-01-31,T3,1.2,11:18,11:26,66,14,18,4,8,0,36,4,51,7,0,0,5,1,0,0,0,0,6,0,0,0,1,0,3,0,4,0,0,0,0,0,0,0,0,0,0,0,0,0,,,,,,,PN,208,
2021-02-28,M1,1.2,6:50,7:05,3,0,203,17,6,1,0,0,6,0,0,0,0,0,0,0,0,0,0,0,0,0,0,0,0,0,0,0,0,0,0,0,0,0,0,0,0,0,0,0,,,,,,,PN,236,
2021-02-28,M3,1.2,7:12,7:25,0,0,0,0,0,0,0,0,2,0,0,0,0,0,0,0,0,0,0,0,0,0,0,0,1,0,0,0,0,0,0,0,0,0,0,0,0,0,0,0,,,,,,,PN,2,
2021-02-28,M2,1.2,7:35,7:45,0,0,26,2,1,0,0,0,95,15,0,0,0,0,0,0,0,0,0,0,0,0,0,0,0,0,0,0,0,0,0,0,0,0,0,0,0,0,0,0,,,,,,,PN,139,
2021-02-28,E1,1.5,7:59,8:11,0,0,0,0,0,0,0,0,0,0,0,0,0,0,0,0,0,0,0,0,0,0,0,0,0,0,0,0,0,0,0,0,0,0,0,0,0,0,0,0,,,,,,,PN,0,
2021-02-28,E2,1.2,8:16,8:22,0,0,0,0,0,0,0,0,0,0,0,0,0,0,0,0,0,0,0,0,0,0,0,0,0,0,0,0,0,0,0,0,0,0,0,0,0,0,0,0,,,,,,,PN,0,
2021-02-28,E3,1.2,8:37,8:49,0,0,0,0,0,0,0,0,0,0,0,0,1,0,0,0,0,0,0,0,0,0,0,0,0,0,0,0,0,0,0,0,0,0,0,0,0,0,0,0,,,,,,,PN,0,
2021-02-28,L3,1.2,9:05,9:20,3,0,7,0,17,0,189,0,18,0,0,0,2,0,0,0,0,0,0,0,0,0,0,0,0,0,0,0,0,0,0,0,0,0,0,0,0,0,0,0,,,,,,,PN,234,
2021-02-28,L1,1.2,9:27,9:36,0,0,0,0,0,0,0,0,0,0,0,0,0,0,0,0,0,0,0,0,0,0,0,0,0,0,0,0,0,0,0,0,0,0,0,0,0,0,0,0,,,,,,,PN,0,
2021-02-28,L2,1.2,9:46,10:04,32,0,2,0,16,0,20,0,17,0,0,0,0,0,0,0,0,0,0,0,0,0,0,0,0,0,1,0,0,0,0,0,0,0,0,0,0,0,0,0,,,,,,,PN,87,
2021-02-28,S1,1.2,10:12,10:32,104,4,195,24,78,0,3,0,0,0,0,0,0,0,2,0,0,0,1,1,0,0,0,0,0,0,0,0,0,0,0,0,0,0,0,0,0,0,0,0,,,,,,,PN,408,
2021-02-28,N3,0.6,10:43,10:48,0,0,0,0,0,0,0,0,0,0,0,0,0,0,0,0,0,0,0,0,0,0,0,0,0,0,0,0,0,0,0,0,0,0,0,0,0,0,0,0,,,,,,,PN,0,
2021-02-28,N1,1.5,10:50,11:07,0,0,0,0,0,0,0,0,0,0,4,0,0,0,0,0,0,0,0,0,0,0,0,0,0,0,0,0,0,0,0,0,0,0,0,0,0,0,0,0,,,,,,,PN,0,
2021-02-28,N2,1.5,11:15,11:30,0,0,0,0,0,0,0,0,0,0,0,0,0,0,0,0,0,0,1,0,0,0,0,0,0,0,0,0,0,0,0,0,0,0,0,0,0,0,0,0,,,,,,,PN,0,
2021-03-01,A1,1.2,7:02,7:23,107,10,74,10,12,12,62,0,0,0,0,0,0,0,0,0,0,0,0,0,0,0,0,0,0,0,2,0,0,0,0,0,0,0,0,0,0,0,0,0,,,,,,,PN,287,
2021-03-01,A3,1.2,7:31,7:50,11,0,2,0,36,4,3,0,0,0,0,0,5,2,0,0,0,0,0,0,1,0,0,0,0,0,0,0,0,0,0,0,0,0,0,0,0,0,0,0,,,,,,,PN,56,
2021-03-01,A2,1.2,8:07,8:27,66,7,46,6,32,9,152,13,6,0,0,0,0,0,0,0,5,0,0,0,0,0,0,0,0,0,1,3,0,0,0,0,0,0,0,0,0,0,0,0,,,,,,,PN,337,
2021-03-01,F1,1.8,8:43,9:15,329,56,18,0,60,2,106,3,185,11,0,0,15,0,0,0,0,0,0,0,0,0,0,0,4,0,3,0,0,0,0,0,0,0,0,0,0,0,0,0,,,,,,,PN,770,
2021-03-01,F2,0.6,9:24,9:30,0,0,0,0,0,0,0,0,0,0,0,0,0,0,0,0,0,0,0,0,0,0,0,0,0,0,0,0,0,0,0,0,0,0,0,0,0,0,0,0,,,,,,,PN,0,
2021-03-01,T1,0.6,9:50,10:05,2,0,34,0,0,0,0,0,409,61,0,0,7,2,0,0,0,0,0,0,3,1,0,0,0,0,0,0,0,0,0,0,0,0,0,0,0,0,0,0,,,,,,,PN,506,
2021-03-01,T2,1.8,11:20,11:42,81,14,26,1,78,7,55,0,254,18,0,0,5,0,0,0,0,0,0,0,0,0,0,0,3,1,0,0,0,0,0,0,0,0,0,0,0,0,0,0,,,,,,,PN,534,
2021-03-01,T3,1.2,12:23,12:40,103,18,93,17,16,0,91,10,6,0,0,0,5,0,0,0,0,0,1,0,0,0,0,0,0,0,0,0,0,0,0,0,0,0,0,0,0,0,0,0,,,,,,,PN,354,
2021-03-30,M1,1.2,6:47,7:08,1,0,135,10,18,0,0,0,7,0,0,0,0,0,8,0,17,4,0,0,0,0,0,0,0,0,0,0,0,0,0,0,0,0,0,0,0,0,0,0,,,,,,,PN,171,
2021-03-30,M3,1.2,7:15,7:22,0,0,0,0,0,0,0,0,0,0,1,0,0,0,1,0,0,0,0,0,0,0,0,0,0,0,0,0,0,0,0,0,0,0,0,0,0,0,0,0,,,,,,,PN,0,
2021-03-30,M2,1.2,7:35,7:49,0,0,29,0,3,0,0,0,214,25,1,1,0,0,2,0,0,0,0,0,0,0,0,0,0,0,0,0,0,0,0,0,0,0,0,0,0,0,0,0,,,,,,,PN,271,
2021-03-30,E1,1.5,8:01,8:17,0,0,0,0,0,0,0,0,0,0,0,0,0,0,0,0,0,0,0,0,0,0,0,0,0,0,0,0,0,0,0,0,0,0,0,0,0,0,0,0,,,,,,,PN,0,
2021-03-30,E2,1.2,8:20,8:23,0,0,0,0,0,0,0,0,0,0,0,0,0,0,0,0,0,0,0,0,0,0,0,0,0,0,0,0,0,0,0,0,0,0,0,0,0,0,0,0,,,,,,,PN,0,
2021-03-30,E3,1.2,8:32,8:43,0,0,0,0,15,2,0,0,0,0,0,0,0,0,0,0,0,0,0,0,0,0,0,0,0,0,0,0,0,0,0,0,0,0,0,0,0,0,0,0,,,,,,,PN,17,
2021-03-30,L3,1.2,9:22,9:43,5,0,37,2,3,0,89,1,0,0,0,0,1,0,0,0,1,0,2,0,19,0,0,0,0,0,0,0,0,0,0,0,0,0,0,0,0,0,0,0,,,,,,,PN,137,
2021-03-30,L1,1.2,9:51,10:00,0,0,0,0,0,0,0,0,0,0,0,0,0,0,0,0,0,0,0,0,0,0,0,0,0,0,0,0,0,0,0,0,0,0,0,0,0,0,0,0,,,,,,,PN,0,
2021-03-30,L2,1.2,10:06,10:23,101,0,56,0,73,0,62,0,0,0,0,0,3,0,6,0,0,0,0,0,1,0,0,0,0,0,2,0,0,0,0,0,0,0,0,0,0,0,0,0,,,,,,,PN,292,
2021-03-30,S1,1.2,10:32,10:47,142,0,92,17,28,0,46,0,0,0,0,0,3,0,0,0,0,0,0,0,1,0,0,0,0,0,0,0,0,0,0,0,0,0,0,0,0,0,0,0,,,,,,,PN,325,
2021-03-30,N3,0.6,10:55,11:01,0,0,0,0,0,0,0,0,0,0,0,0,0,0,0,0,0,0,0,0,0,0,0,0,0,0,0,0,0,0,0,0,0,0,0,0,0,0,0,0,,,,,,,PN,0,
2021-03-30,N1,1.5,10:05,11:22,0,0,112,0,0,0,0,0,0,0,0,0,0,0,0,0,0,0,0,0,0,0,0,0,0,0,0,0,0,0,0,0,0,0,0,0,0,0,0,0,,,,,,,PN,112,
2021-03-30,N2,1.5,11:27,11:40,0,0,0,0,0,0,0,0,0,0,16,2,0,0,0,0,0,0,0,0,0,0,0,0,0,0,0,0,0,0,0,0,0,0,0,0,0,0,0,0,,,,,,,PN,0,
2021-03-31,A1,1.2,7:15,7:32,131,8,0,0,0,0,29,2,6,0,0,0,0,0,0,0,0,0,0,0,1,0,0,0,0,0,0,0,0,0,0,0,0,0,0,0,0,0,0,0,,,,,,,PN,176,
2021-03-31,A3,1.2,7:39,7:55,68,6,14,2,6,0,8,0,0,0,0,0,1,0,0,0,0,0,0,0,0,0,0,0,1,0,0,0,0,0,0,0,0,0,0,0,0,0,0,0,,,,,,,PN,104,
2021-03-31,A2,1.2,8:11,8:30,104,7,27,0,0,0,52,0,3,0,0,0,0,0,0,0,6,0,0,0,0,0,0,0,0,0,0,0,0,0,0,0,0,0,0,0,0,0,0,0,,,,,,,PN,193,
2021-03-31,F1,1.8,8:42,9:08,116,33,43,5,56,0,35,0,12,0,0,0,6,0,0,0,1,0,0,0,0,0,0,0,0,0,0,0,0,0,0,0,0,0,0,0,0,0,0,0,,,,,,,PN,300,
2021-03-31,F2,0.6,9:19,9:26,0,0,0,0,0,0,0,0,0,0,0,0,1,0,0,0,0,0,0,0,0,0,0,0,0,0,0,0,0,0,0,0,0,0,0,0,0,0,0,0,,,,,,,PN,0,
2021-03-31,T1,0.6,9:47,9:55,3,0,79,9,0,0,0,0,0,0,0,0,4,3,0,0,0,0,0,0,0,0,0,0,0,0,0,0,0,0,0,0,0,0,0,0,0,0,0,0,,,,,,,PN,91,
2021-03-31,T2,1.8,9:57,10:37,148,18,272,21,54,4,93,0,484,79,0,0,0,0,0,0,0,0,0,0,6,0,0,0,0,0,0,0,0,0,0,0,0,0,0,0,0,0,0,0,,,,,,,PN,1173,
2021-03-31,T3,1.2,11:09,11:31,106,19,53,6,28,4,72,5,6,0,0,0,0,0,0,0,0,0,4,1,0,0,0,0,0,0,0,0,0,0,0,0,0,0,0,0,0,0,0,0,,,,,,,PN,299,
2021-04-26,M1,1.2,6:42,6:53,0,0,10,0,3,0,0,0,0,0,0,0,0,0,2,0,0,0,0,0,0,0,0,0,0,0,0,0,0,0,0,0,0,0,0,0,0,0,0,0,,,,,,,PN,13,
2021-04-26,M3,1.2,7:00,7:10,0,0,0,0,0,0,0,0,0,0,0,0,0,0,0,0,0,0,0,0,0,0,0,0,1,0,0,0,0,0,0,0,0,0,0,0,0,0,0,0,,,,,,,PN,0,
2021-04-26,M2,1.2,7:24,7:33,0,0,0,0,0,0,0,0,0,0,0,0,0,0,0,0,0,0,0,0,0,0,0,0,0,0,0,0,0,0,0,0,0,0,0,0,0,0,0,0,,,,,,,PN,0,
2021-04-26,E1,1.5,7:46,8:06,0,0,0,0,0,0,0,0,0,0,0,0,0,0,0,0,0,0,0,0,0,0,0,0,0,0,0,0,0,0,0,0,0,0,0,0,0,0,0,0,,,,,,,PN,0,
2021-04-26,E2,1.2,8:07,8:12,0,0,0,0,0,0,0,0,0,0,0,0,0,0,0,0,0,0,0,0,0,0,0,0,0,0,0,0,0,0,0,0,0,0,0,0,0,0,0,0,,,,,,,PN,0,
2021-04-26,E3,1.2,8:21,8:32,0,0,0,0,4,0,0,0,0,0,0,0,3,0,0,0,0,0,0,0,0,0,0,0,0,0,0,0,0,0,0,0,0,0,0,0,0,0,0,0,,,,,,,PN,4,
2021-04-26,L3,1.2,8:46,9:00,1,0,0,0,14,0,122,0,3,0,0,0,0,0,0,0,0,0,0,0,4,0,0,0,4,0,0,0,0,0,0,0,0,0,0,0,0,0,0,0,,,,,,,PN,140,
2021-04-26,L1,1.2,9:09,9:19,0,0,0,0,0,0,0,0,0,0,0,0,0,0,2,0,0,0,0,0,0,0,0,0,0,0,0,0,0,0,0,0,0,0,0,0,0,0,0,0,,,,,,,PN,0,
2021-04-26,L2,1.2,9:24,9:46,85,6,133,6,33,0,33,0,0,0,0,0,5,0,0,0,25,2,0,0,0,0,0,0,0,0,0,0,0,0,0,0,0,0,0,0,0,0,0,0,,,,,,,PN,296,
2021-04-26,S1,1.2,9:52,10:17,159,14,20,2,0,0,29,0,4,0,0,0,0,0,0,0,0,0,0,0,0,0,0,0,0,0,0,0,0,0,0,0,0,0,0,0,0,0,0,0,,,,,,,PN,228,
2021-04-26,N3,0.6,10:34,10:43,0,0,0,0,0,0,0,0,6,0,0,0,0,0,0,0,0,0,0,0,0,0,0,0,0,0,0,0,0,0,0,0,0,0,0,0,0,0,0,0,,,,,,,PN,6,
2021-04-26,N1,1.5,10:54,11:14,44,2,0,0,0,0,0,0,411,16,0,0,0,0,0,0,0,0,0,0,2,0,0,0,0,0,0,0,0,0,0,0,0,0,0,0,0,0,0,0,,,,,,,PN,473,
2021-04-26,N2,1.5,11:36,11:53,9,0,16,0,16,0,0,0,488,31,13,0,0,0,0,0,0,0,0,0,0,0,0,0,0,0,0,0,0,0,0,0,0,0,0,0,0,0,0,0,,,,,,,PN,560,
2021-04-27,A1,1.2,6:40,7:01,128,18,2,0,0,0,40,3,5,0,0,0,0,0,0,0,0,0,0,0,0,0,0,0,0,0,0,0,0,0,0,0,0,0,0,0,13,0,0,0,,,,,,,PN,196,
2021-04-27,A3,1.2,7:10,7:35,143,6,23,3,23,0,1,0,0,0,0,0,3,0,0,0,0,0,0,0,0,0,3,0,0,0,0,0,0,0,0,0,0,0,0,0,0,0,0,0,,,,,,,PN,199,
2021-04-27,A2,1.2,7:50,8:17,110,10,115,14,0,0,148,1,0,0,0,0,0,0,0,0,1,0,0,0,2,0,0,0,0,0,0,0,0,0,0,0,0,0,0,0,0,0,0,0,,,,,,,PN,398,
2021-04-27,F1,1.8,8:35,9:03,79,5,52,6,57,0,48,1,19,0,0,0,4,0,0,0,1,0,1,0,0,0,0,0,0,0,0,0,0,0,0,0,0,0,0,0,0,0,0,0,,,,,,,PN,267,
2021-04-27,F2,0.6,9:13,9:19,2,0,0,0,0,0,0,0,0,0,0,0,2,3,0,0,0,0,0,0,0,0,0,0,0,0,0,0,0,0,0,0,0,0,0,0,0,0,0,0,,,,,,,PN,2,
2021-04-27,T1,0.6,9:34,9:46,2,0,87,3,3,0,0,0,284,31,0,0,4,1,0,0,0,0,0,0,0,0,0,0,2,0,0,0,0,0,0,0,0,0,0,0,0,0,0,0,,,,,,,PN,410,
2021-04-27,T2,1.8,9:49,10:30,153,24,96,10,73,2,63,2,17,0,0,0,2,0,2,0,0,0,0,0,6,0,0,0,0,0,5,0,0,0,0,0,0,0,0,0,0,0,0,0,,,,,,,PN,440,
2021-04-27,T3,1.2,11:08,11:25,89,8,7,0,20,0,66,0,12,0,0,0,0,0,0,0,1,0,0,0,0,0,0,0,0,0,0,0,0,0,0,0,0,0,0,0,0,0,0,0,,,,,,,PN,202,
2021-06-09,M1,1.2,6:40,6:58,6,2,46,4,17,0,1,0,3,0,0,0,0,0,3,0,0,0,0,0,0,0,0,0,0,0,0,0,0,0,0,0,0,0,0,0,0,0,0,0,,,,,,,PN,79,
2021-06-09,M3,1.2,7:10,7:17,0,0,0,0,0,0,0,0,0,0,3,0,0,0,0,0,0,0,0,0,0,0,0,0,0,0,0,0,0,0,0,0,0,0,0,0,0,0,0,0,,,,,,,PN,0,
2021-06-09,M2,1.2,7:35,7:53,0,0,57,7,6,0,0,0,0,0,0,0,0,0,0,0,0,0,0,0,0,0,0,0,0,0,0,0,0,0,0,0,0,0,0,0,0,0,0,0,,,,,,,PN,70,
2021-06-09,E1,1.5,8:11,8:25,0,0,0,0,0,0,0,0,0,0,0,0,0,0,0,0,0,0,0,0,0,0,0,0,0,0,0,0,0,0,0,0,0,0,0,0,0,0,0,0,,,,,,,PN,0,
2021-06-09,E2,1.2,8:50,9:00,0,0,0,0,0,0,0,0,0,0,0,0,0,0,0,0,0,0,0,0,0,0,0,0,0,0,0,0,0,0,0,0,0,0,0,0,0,0,0,0,,,,,,,PN,0,
2021-06-09,E3,1.2,9:06,9:23,0,0,3,0,5,0,0,0,0,0,0,0,4,0,1,0,0,0,0,0,2,0,0,0,0,0,0,0,0,0,0,0,0,0,0,0,0,0,0,0,,,,,,,PN,8,
2021-06-09,L3,1.2,9:41,9:58,9,0,140,6,0,0,7,0,17,0,0,0,0,0,0,0,0,0,0,0,0,0,0,0,0,0,1,0,0,0,0,0,0,0,0,0,0,0,0,0,,,,,,,PN,179,
2021-06-09,L1,1.2,10:10,10:24,0,0,0,0,0,0,0,0,0,0,0,0,0,0,0,0,0,0,0,0,0,0,0,0,0,0,0,0,0,0,0,0,0,0,0,0,0,0,0,0,,,,,,,PN,0,
2021-06-09,L2,1.2,10:31,10:59,211,28,3,0,34,0,24,0,0,0,0,0,0,0,1,0,0,0,0,0,2,2,0,0,0,0,0,0,0,0,0,0,0,0,0,0,0,0,0,0,,,,,,,PN,300,
2021-06-09,S1,1.2,11:09,11:25,253,40,11,0,11,0,31,0,0,0,0,0,0,0,0,0,0,0,0,0,0,0,0,0,0,0,1,0,0,0,0,0,0,0,0,0,0,0,0,0,,,,,,,PN,346,
2021-06-09,N3,0.6,11:36,11:42,0,0,0,0,0,0,0,0,0,0,0,0,0,0,0,0,0,0,0,0,0,0,0,0,0,0,0,0,0,0,0,0,0,0,0,0,0,0,0,0,,,,,,,PN,0,
2021-06-09,N1,1.5,11:47,12:06,102,6,11,1,7,0,0,0,4,0,0,0,0,0,0,0,0,0,0,0,0,0,0,0,0,0,0,0,0,0,0,0,0,0,0,0,0,0,0,0,,,,,,,PN,131,
2021-06-09,N2,1.5,12:14,12:37,9,0,29,4,0,0,0,0,1,0,26,2,1,0,0,0,0,0,0,0,0,0,0,0,0,0,0,0,0,0,0,0,0,0,0,0,0,0,0,0,,,,,,,PN,43,
2021-06-10,A1,1.2,7:00,7:20,60,11,41,1,0,0,27,0,2,0,0,0,0,0,0,0,0,0,0,0,0,0,0,0,0,0,1,0,0,0,0,0,0,0,0,0,0,0,0,0,,,,,,,PN,142,
2021-06-10,A3,1.2,7:28,7:55,42,5,47,2,60,3,0,0,0,0,0,0,1,0,0,0,0,0,0,0,0,0,0,0,0,0,0,0,0,0,0,0,0,0,0,0,0,0,0,0,,,,,,,PN,159,
2021-06-10,A2,1.2,8:13,8:38,106,4,60,4,11,0,66,4,0,0,0,0,0,0,0,0,0,0,0,0,0,0,0,0,0,0,0,0,0,0,0,0,0,0,0,0,0,0,0,0,,,,,,,PN,255,
2021-06-10,F1,1.8,9:07,9:35,24,1,10,2,9,1,86,3,8,0,0,0,1,0,0,0,0,0,0,0,1,0,0,0,0,0,2,0,0,0,0,0,0,0,0,0,0,0,0,0,,,,,,,PN,144,
2021-06-10,F2,0.6,9:51,9:59,0,0,0,0,0,0,0,0,0,0,0,0,0,0,0,0,0,0,0,0,0,0,0,0,0,0,0,0,0,0,0,0,0,0,0,0,0,0,0,0,,,,,,,PN,0,
2021-06-10,T1,0.6,10:17,10:29,1,0,70,6,4,0,5,0,0,0,0,0,5,0,0,0,0,0,0,0,0,0,0,0,0,0,0,0,0,0,0,0,0,0,0,0,0,0,0,0,,,,,,,PN,86,
2021-06-10,T2,1.8,10:34,11:01,183,29,37,5,12,1,124,0,6,0,0,0,4,0,1,0,0,0,0,0,0,0,0,0,0,0,0,0,0,0,0,0,0,0,0,0,0,0,0,0,,,,,,,PN,397,
2021-06-10,T3,1.2,12:10,12:27,42,6,30,6,24,1,65,1,7,0,0,0,5,0,0,0,0,0,0,0,0,0,0,0,0,0,0,0,0,0,0,0,0,0,0,0,0,0,0,0,,,,,,,PN,182,
2021-07-30,M1,1.2,6:35,6:49,4,2,46,2,0,0,0,0,1,0,0,0,0,0,0,0,0,0,0,0,0,0,0,0,0,0,0,0,0,0,0,0,0,0,0,0,0,0,0,0,,,,,,,PN,55,
2021-07-30,M3,1.2,6:59,7:13,296,6,39,0,0,0,0,0,0,0,0,0,0,0,0,0,0,0,0,0,0,0,0,0,0,0,0,0,0,0,0,0,0,0,0,0,0,0,0,0,,,,,,,PN,341,
2021-07-30,M2,1.2,7:33,7:43,0,0,0,0,4,1,0,0,0,0,0,0,0,0,0,0,0,0,0,0,0,0,0,0,0,0,0,0,0,0,0,0,0,0,0,0,0,0,0,0,,,,,,,PN,5,
2021-07-30,E1,1.5,7:56,8:14,91,0,0,0,6,0,0,0,0,0,2,1,0,0,2,0,5,0,0,0,0,0,0,0,0,0,0,0,0,0,0,0,0,0,0,0,0,0,0,0,,,,,,,PN,97,
2021-07-30,E2,1.2,8:21,8:28,0,0,0,0,4,0,0,0,0,0,0,0,1,0,0,0,0,0,0,0,0,0,0,0,0,0,0,0,0,0,0,0,0,0,0,0,0,0,0,0,,,,,,,PN,4,
2021-07-30,E3,1.2,8:42,9:11,185,9,189,4,9,0,49,2,31,1,0,0,6,0,0,0,0,0,0,0,0,0,0,0,0,0,1,0,0,0,0,0,0,0,0,0,0,0,0,0,,,,,,,PN,479,
2021-07-30,L3,1.2,9:28,9:49,209,19,203,9,0,0,0,0,9,0,0,0,2,0,0,0,0,0,0,0,0,0,0,0,0,0,0,0,0,0,0,0,0,0,0,0,0,0,0,0,,,,,,,PN,449,
2021-07-30,L1,1.2,9:57,10:08,0,0,0,0,0,0,0,0,1,0,0,0,0,0,1,0,0,0,0,0,0,0,0,0,0,0,0,0,0,0,0,0,0,0,0,0,0,0,0,0,,,,,,,PN,1,
2021-07-30,L2,1.2,10:12,10:25,19,0,0,0,0,0,6,0,2,0,0,0,0,0,0,0,0,0,0,0,1,2,0,0,0,0,0,0,0,0,0,0,0,0,0,0,0,0,0,0,,,,,,,PN,27,
2021-07-30,S1,1.2,11:16,11:24,11,0,0,0,6,0,4,0,1,0,0,0,0,0,1,0,0,0,0,0,0,0,0,0,0,0,0,0,0,0,0,0,0,0,0,0,0,0,0,0,,,,,,,PN,22,
2021-07-30,N3,0.6,11:32,11:40,0,0,0,0,0,0,0,0,0,0,0,0,0,0,0,0,0,0,0,0,0,0,0,0,0,0,0,0,0,0,0,0,0,0,0,0,0,0,0,0,,,,,,,PN,0,
2021-07-30,N1,1.5,11:43,12:04,515,51,0,0,0,0,22,0,0,0,0,0,0,0,0,0,0,0,0,0,1,0,0,0,0,0,0,0,0,0,0,0,0,0,0,0,0,0,0,0,,,,,,,PN,588,
2021-07-30,N2,1.5,12:10,12:31,82,17,0,0,22,1,0,0,0,0,9,1,0,0,0,0,0,0,0,0,0,0,0,0,1,0,0,0,0,0,0,0,0,0,0,0,0,0,0,0,,,,,,,PN,122,
2021-07-31,A1,1.2,7:10,7:22,32,0,0,0,1,0,8,0,0,0,0,0,0,0,0,0,0,0,0,0,0,0,0,0,0,0,0,0,0,0,0,0,0,0,0,0,0,0,0,0,,,,,,,PN,41,
2021-07-31,A3,1.2,7:28,7:44,31,0,34,1,30,0,0,0,0,0,0,0,0,0,0,0,0,0,0,0,0,0,0,0,0,0,0,0,0,0,0,0,0,0,0,0,0,0,0,0,,,,,,,PN,96,
2021-07-31,A2,1.2,8:01,8:13,62,3,0,0,17,3,12,0,0,0,0,0,0,0,0,0,0,0,0,0,0,0,0,0,0,0,0,0,0,0,0,0,0,0,0,0,0,0,0,0,,,,,,,PN,97,
2021-07-31,F1,1.8,8:27,8:50,53,7,1,0,54,4,67,3,0,0,0,0,4,0,0,0,0,0,0,0,0,0,0,0,0,0,2,0,0,0,0,0,0,0,0,0,44,0,0,0,,,,,,,PN,189,
2021-07-31,F2,0.6,9:01,9:11,0,0,0,0,0,0,0,0,0,0,0,0,0,0,0,0,0,0,0,0,0,0,2,0,0,0,0,0,0,0,0,0,0,0,0,0,0,0,0,0,,,,,,,PN,0,
2021-07-31,T1,0.6,9:28,9:39,2,0,42,8,0,24,0,0,211,22,0,0,1,0,0,0,0,0,0,0,0,0,0,0,0,0,0,0,0,0,0,0,0,0,0,0,0,0,0,0,,,,,,,PN,309,
2021-07-31,T2,1.8,9:42,10:02,75,0,63,4,12,4,47,0,15,0,0,0,0,0,0,0,0,0,0,0,8,7,0,0,0,0,0,0,0,0,0,0,0,0,0,0,0,0,0,0,,,,,,,PN,220,
2021-07-31,T3,1.2,11:39,11:53,28,0,0,0,19,0,42,2,3,0,0,0,0,0,0,0,0,0,0,0,0,0,0,0,0,0,0,0,0,0,0,0,0,0,0,0,0,0,0,0,,,,,,,PN,94,
2021-08-30,M1,1.2,6:39,6:48,8,2,0,0,0,0,0,0,0,0,0,0,0,0,2,0,0,0,0,0,0,0,0,0,0,0,0,0,0,0,0,0,0,0,0,0,0,0,0,0,0,0,,,,,PN,10,
2021-08-30,M3,1.2,6:57,7:06,0,0,0,0,5,0,0,0,0,0,0,0,0,0,0,0,0,0,0,0,0,0,0,0,0,0,0,0,0,0,0,0,0,0,0,0,0,0,0,0,0,0,,,,,PN,5,
2021-08-30,M2,1.2,7:25,7:35,3,0,0,0,3,2,0,0,0,0,0,0,0,0,0,0,0,0,0,0,0,0,0,0,1,0,0,0,0,0,0,0,0,0,0,0,0,0,0,0,0,0,,,,,PN,8,
2021-08-30,E1,1.5,7:46,8:02,0,0,0,0,10,1,0,0,0,0,1,0,0,0,0,0,2,0,0,0,0,0,0,0,0,0,0,0,0,0,0,0,0,0,0,0,0,0,0,0,0,0,,,,,PN,11,
2021-08-30,E2,1.2,8:09,8:16,0,0,0,0,9,0,0,0,0,0,0,0,0,0,0,0,0,0,0,0,0,0,0,0,0,0,0,0,0,0,0,0,0,0,0,0,0,0,0,0,0,0,,,,,PN,9,
2021-08-30,E3,1.2,8:32,8:52,34,0,280,16,0,0,15,0,0,0,0,0,9,0,0,0,0,0,0,0,5,0,0,0,0,0,0,0,0,0,0,0,0,0,0,0,0,0,0,0,0,0,,,,,PN,345,
2021-08-30,L3,1.2,9:08,9:29,235,21,52,4,5,0,24,0,34,4,0,0,0,0,0,0,0,0,0,0,1,0,0,0,0,0,0,0,0,0,0,0,0,0,0,0,0,0,0,0,0,0,,,,,PN,379,
2021-08-30,L1,1.2,9:36,9:48,0,0,0,0,0,0,0,0,0,0,0,0,0,0,0,0,0,0,0,0,0,0,0,0,0,0,0,0,0,0,0,0,0,0,0,0,0,0,0,0,0,0,,,,,PN,0,
2021-08-30,L2,1.2,9:53,10:10,18,0,0,0,0,0,8,0,0,0,0,0,0,0,1,0,0,0,0,0,0,0,0,0,0,0,0,0,0,0,0,0,0,0,0,0,0,0,0,0,0,0,,,,,PN,26,
2021-08-30,S1,1.2,10:23,10:41,12,0,7,0,13,1,2,0,11,0,0,0,0,0,0,0,0,0,0,0,0,0,0,0,0,0,0,0,0,0,0,0,0,0,0,0,0,0,0,0,0,0,,,,,PN,46,
2021-08-30,N3,0.6,10:57,11:02,0,0,0,0,0,0,0,0,0,0,0,0,0,0,0,0,0,0,0,0,0,0,0,0,0,0,0,0,0,0,0,0,0,0,0,0,0,0,0,0,0,0,,,,,PN,0,
2021-08-30,N1,1.5,11:06,11:20,0,0,0,0,4,0,6,0,0,0,0,0,0,0,0,0,0,0,0,0,0,0,0,0,0,0,0,0,0,0,0,0,0,0,0,0,0,0,0,0,0,0,,,,,PN,10,
2021-08-30,N2,1.5,11:29,11:45,0,0,0,8,0,0,0,0,5,0,0,0,0,0,1,0,1,0,0,0,0,0,0,0,0,0,0,0,0,0,0,0,0,0,0,0,0,0,0,0,0,0,,,,,PN,13,
2021-08-31,A1,1.2,6:53,7:18,147,0,72,2,22,0,6,0,68,8,0,0,0,0,0,0,0,0,0,0,8,0,1,0,2,0,0,0,0,0,0,0,0,0,0,0,0,0,0,0,0,0,,,,,PN,325,
2021-08-31,A3,1.2,7:24,7:39,15,0,57,1,26,1,0,0,0,0,0,0,9,0,0,0,0,0,0,0,0,0,0,0,0,0,0,0,0,0,0,0,0,0,0,0,0,0,0,0,0,0,,,,,PN,100,
2021-08-31,A2,1.2,7:55,8:12,395,17,18,2,0,0,46,0,0,0,0,0,0,0,0,0,0,0,0,0,0,0,0,0,0,0,0,0,0,0,0,0,0,0,0,0,0,0,0,0,0,0,,,,,PN,478,
2021-08-31,F1,1.8,8:21,8:44,160,7,13,1,28,2,22,0,2,0,0,0,15,0,0,0,0,0,0,0,0,0,0,0,0,0,0,0,0,0,0,0,0,0,0,0,0,0,0,0,0,0,,,,,PN,235,
2021-08-31,F2,0.6,8:57,9:03,0,0,7,0,2,0,0,0,0,0,0,0,1,0,0,0,0,0,0,0,0,0,0,0,0,0,0,0,0,0,0,0,0,0,0,0,0,0,0,0,0,0,,,,,PN,9,
2021-08-31,T1,0.6,9:30,9:37,5,0,0,0,3,0,0,0,40,5,0,0,1,0,0,0,0,0,0,0,0,0,0,0,0,0,0,0,0,0,0,0,0,0,0,0,0,0,0,0,0,0,,,,,PN,53,
2021-08-31,T2,1.8,9:40,10:08,91,3,143,7,39,3,118,0,7,0,0,0,3,0,0,0,3,0,0,0,0,0,0,0,0,0,4,1,0,0,0,0,0,0,0,0,0,0,0,0,0,0,,,,,PN,411,
2021-08-31,T3,1.2,,,,,,,,,,,,,,,,,,,,,,,,,,,,,,,,,,,,,,,,,,,,,,,,,PN,,Transect not done due to inaccessibility
2021-09-18,M1,1.2,6:20,6:34,9,0,13,0,9,0,0,0,0,0,2,0,0,0,0,0,0,0,0,0,0,0,0,0,0,0,0,0,0,0,0,0,0,0,0,0,0,0,0,0,0,0,,,,,PN+LB,31,
2021-09-18,M3,1.2,6:41,6:56,0,0,27,0,13,0,1,0,0,0,0,0,0,0,1,0,0,0,0,0,2,0,0,0,0,0,0,1,0,0,0,0,0,0,0,0,0,0,0,0,0,0,,,,,PN+LB,41,
2021-09-18,M2,1.2,7:16,7:34,0,0,13,1,2,1,0,0,0,0,0,0,0,0,0,0,0,0,0,0,0,0,0,0,0,0,0,0,0,0,1,0,0,0,0,0,0,0,0,0,0,0,,,,,PN+LB,17,
2021-09-18,E1,1.5,7:45,8:06,0,0,0,0,4,1,0,0,0,0,0,0,0,0,0,0,7,4,0,0,0,0,0,0,0,0,0,0,0,0,0,0,0,0,1,0,0,0,0,0,1,1,,,,,PN+LB,5,
2021-09-18,E2,1.2,8:13,8:21,0,0,0,0,0,0,0,0,0,0,0,0,0,0,2,0,0,0,0,0,0,0,0,0,0,0,0,0,0,0,0,0,0,0,0,0,0,0,0,0,0,0,,,,,PN+LB,0,
2021-09-18,E3,1.2,8:34,9:13,415,49,168,5,26,1,14,1,0,0,0,0,1,0,1,0,0,0,0,0,0,0,0,0,0,0,1,0,0,0,0,0,0,0,0,0,8,0,0,0,0,0,,,,,PN+LB,679,
2021-09-18,L3,1.2,9:35,9:55,20,1,8,1,7,1,40,0,4,0,0,0,5,0,0,0,0,0,0,0,13,0,0,0,0,0,2,0,0,0,0,0,0,0,0,0,0,0,0,0,0,0,,,,,PN+LB,82,
2021-09-18,L1,1.2,10:04,10:15,0,0,0,0,4,0,0,0,0,0,0,0,0,0,0,0,0,0,0,0,0,0,0,0,0,0,0,0,0,0,0,0,0,0,0,0,0,0,0,0,0,0,,,,,PN+LB,4,
2021-09-18,L2,1.2,10:20,10:39,9,0,0,0,0,0,13,0,3,0,0,0,1,0,0,0,0,0,0,0,1,0,0,0,0,0,0,0,0,0,0,0,0,0,0,0,70,0,0,0,0,0,,,,,PN+LB,25,
2021-09-18,S1,1.2,10:45,11:08,34,0,165,2,23,1,20,0,0,0,0,0,0,0,2,0,0,0,0,0,0,0,0,0,0,0,0,0,0,0,0,0,0,0,0,0,0,0,0,0,0,0,,,,,PN+LB,245,
2021-09-18,N3,0.6,11:21,11:29,0,0,0,0,0,0,0,0,0,0,0,0,0,0,0,0,0,0,0,0,0,0,0,0,0,0,0,0,0,0,0,0,0,0,0,0,0,0,0,0,0,0,,,,,PN+LB,0,
2021-09-18,N1,1.5,11:34,11:51,0,0,0,0,7,0,2,0,0,0,0,0,0,0,0,0,0,0,0,0,0,0,0,0,0,0,0,0,0,0,0,0,0,0,0,0,0,0,0,0,0,0,,,,,PN+LB,9,
2021-09-18,N2,1.5,11:56,12:12,0,0,0,0,6,0,0,0,2,0,0,0,0,0,0,0,0,0,0,0,0,0,0,0,0,0,0,0,0,0,0,0,0,0,0,0,0,0,0,0,0,0,,,,,PN+LB,8,
2021-09-19,A1,1.2,6:44,7:09,245,4,9,0,2,1,16,0,0,0,0,0,1,0,0,0,0,0,0,0,0,0,0,0,0,0,0,0,0,0,0,0,0,0,1,0,0,0,0,0,0,0,,,,,PN+LB,277,
2021-09-19,A3,1.2,7:14,7:35,59,0,71,5,31,0,1,0,0,0,0,0,3,4,0,0,0,0,0,0,0,0,0,0,0,0,0,0,0,0,0,0,0,0,0,0,0,0,0,0,0,0,,,,,PN+LB,167,
2021-09-19,A2,1.2,7:50,8:20,282,9,0,0,0,0,15,1,0,0,0,0,0,0,0,0,0,0,0,0,4,0,0,0,0,0,2,0,0,0,0,0,0,0,0,0,0,0,0,0,0,0,,,,,PN+LB,307,
2021-09-19,F1,1.8,8:32,9:18,165,15,43,4,119,8,77,3,0,0,0,0,3,2,0,0,0,0,0,0,0,0,0,0,0,0,0,0,0,0,0,0,0,0,1,0,0,0,0,0,0,0,,,,,PN+LB,434,
2021-09-19,F2,0.6,10:19,10:26,0,0,0,0,2,0,0,0,0,0,0,0,3,9,0,0,0,0,0,0,0,0,0,0,0,0,0,0,0,0,0,0,0,0,0,0,0,0,0,0,0,0,,,,,PN+LB,2,
2021-09-19,T1,0.6,11:08,11:54,84,2,222,16,35,1,71,0,6,0,0,0,0,0,0,0,0,0,0,0,4,0,0,0,0,0,0,0,0,0,0,0,0,0,0,0,2,0,0,0,0,0,,,,,PN+LB,437,
2021-09-19,T2,1.8,12:05,12:24,66,6,31,3,40,0,22,0,28,6,0,0,3,1,0,0,0,0,0,0,0,0,0,0,0,0,0,0,0,0,0,0,0,0,0,0,0,0,0,0,0,0,,,,,PN+LB,202,
2021-09-19,T3,1.2,,,,,,,,,,,,,,,,,,,,,,,,,,,,,,,,,,,,,,,,,,,,,,,,,PN+LB,,Transect not done due to inaccessibility
2021-09-26,N4,,8:43,9:07,38,11,0,0,0,0,4,0,0,0,0,0,0,0,0,0,0,0,0,0,1,0,0,0,0,0,0,0,2,1,0,0,0,0,0,0,0,0,0,0,0,0,,,,,PN+LB,53,
2021-10-27,M1,1.2,6:31,6:40,7,2,0,0,2,0,0,0,0,0,0,0,0,0,0,0,0,0,0,0,0,0,0,0,0,0,0,0,0,0,3,0,0,0,0,0,0,0,0,0,0,0,,,,,PN,11,
2021-10-27,M3,1.2,6:49,6:58,0,0,12,0,0,0,0,0,0,0,0,0,0,0,2,0,0,0,0,0,0,0,0,0,0,0,0,0,0,0,0,0,0,0,0,0,0,0,0,0,0,0,,,,,PN,12,
2021-10-27,M2,1.2,7:18,7:32,0,0,51,5,8,0,2,0,0,0,0,0,0,0,0,0,0,0,0,0,0,0,0,0,0,0,0,0,0,0,0,0,0,0,0,0,0,0,0,0,0,0,,,,,PN,66,
2021-10-27,E1,1.5,7:41,7:57,0,0,3,0,10,1,0,0,0,0,0,0,0,0,2,0,0,0,0,0,0,0,0,0,0,0,0,0,0,0,0,0,0,0,0,0,0,0,0,0,0,0,,,,,PN,14,
2021-10-27,E2,1.2,8:04,8:21,0,0,70,6,14,0,89,4,390,24,0,0,0,0,0,0,0,0,0,0,0,0,0,0,0,0,0,0,0,0,0,0,0,0,0,0,2,0,0,0,0,0,,,,,PN,597,
2021-10-27,E3,1.2,8:32,8:46,67,6,84,0,1,0,0,0,0,0,0,0,3,0,0,0,0,0,2,0,0,0,0,0,0,0,0,0,2,0,0,0,0,0,0,0,0,0,0,0,0,0,,,,,PN,158,
2021-10-27,L3,1.2,9:08,9:25,0,0,43,4,9,0,118,2,7,0,0,0,1,0,0,0,0,0,0,0,9,0,0,0,0,0,1,0,0,0,0,0,0,0,0,0,0,0,0,0,0,0,,,,,PN,183,
2021-10-27,L1,1.2,9:34,9:43,0,0,0,0,0,0,0,0,0,0,0,0,0,0,0,0,0,0,0,0,0,0,0,0,0,0,0,0,0,0,0,0,0,0,0,0,0,0,0,0,0,0,,,,,PN,0,
2021-10-27,L2,1.2,9:48,9:59,14,0,0,0,0,0,5,0,14,0,0,0,0,0,0,0,0,0,0,0,0,0,0,0,0,0,0,0,0,0,0,0,0,0,0,0,0,0,0,0,0,0,,,,,PN,33,
2021-10-27,S1,1.2,10:07,10:18,126,6,29,0,0,0,1,0,6,0,0,0,0,0,0,0,0,0,0,0,0,0,0,0,0,0,0,0,0,0,0,0,0,0,0,0,0,0,0,0,0,0,,,,,PN,168,
2021-10-27,N3,0.6,10:23,10:33,0,0,0,0,0,0,0,0,0,0,0,0,0,0,0,0,0,0,0,0,0,0,0,0,0,0,0,0,0,0,0,0,0,0,0,0,0,0,0,0,0,0,,,,,PN,0,
2021-10-27,N1,1.5,10:37,10:52,0,0,0,0,0,0,0,0,0,0,0,0,0,0,0,0,1,0,0,0,0,0,0,0,0,0,0,0,0,0,0,0,0,0,0,0,0,0,0,0,0,0,,,,,PN,0,
2021-10-27,N2,1.5,10:59,11:15,0,0,0,0,0,0,0,0,217,19,0,0,0,0,0,0,0,0,0,0,0,0,0,0,0,0,0,0,0,0,0,0,0,0,0,0,0,0,0,0,0,0,,,,,PN,236,
2021-10-28,A1,1.2,7:33,7:50,46,0,40,2,0,0,9,0,8,0,0,0,2,0,0,0,0,0,0,0,3,0,0,0,0,0,0,0,0,0,0,0,0,0,0,0,0,0,0,0,0,0,,,,,PN,105,
2021-10-28,A3,1.2,7:57,8:13,153,7,31,2,30,2,0,0,0,0,0,0,5,4,1,0,0,0,0,0,0,0,0,0,0,0,0,0,0,0,0,0,0,0,0,0,0,0,0,0,0,0,,,,,PN,225,
2021-10-28,A2,1.2,8:24,8:38,77,0,0,0,39,1,9,0,0,0,0,0,3,0,0,0,0,0,0,0,0,0,0,0,0,0,2,0,0,0,0,0,0,0,0,0,0,0,0,0,0,0,,,,,PN,126,
2021-10-28,F1,1.8,8:46,9:10,182,7,47,1,35,0,34,0,0,0,0,0,12,2,0,0,0,0,0,0,0,0,0,0,0,0,0,0,0,0,0,0,0,0,0,0,0,0,0,0,0,0,,,,,PN,306,
2021-10-28,F2,0.6,9:19,9:27,12,0,0,0,18,0,0,0,0,0,0,0,3,0,3,0,1,0,0,0,0,0,0,0,0,0,0,0,0,0,0,0,0,0,0,0,0,0,0,0,0,0,,,,,PN,30,
2021-10-28,T1,0.6,10:04,10:16,77,0,78,5,4,0,41,0,0,0,0,0,0,0,0,0,0,0,0,0,0,0,0,0,0,0,0,0,0,0,0,0,0,0,0,0,0,0,0,0,0,0,,,,,PN,205,
2021-10-28,T2,1.8,10:18,10:45,99,2,59,7,47,3,34,0,10,0,0,0,4,0,1,0,0,0,0,0,0,0,0,0,0,0,1,0,0,0,0,0,0,0,0,0,0,0,0,0,0,0,,,,,PN,261,
2021-10-28,T3,1.2,,,,,,,,,,,,,,,,,,,,,,,,,,,,,,,,,,,,,,,,,,,,,,,,,PN,,Transect not done due to inaccessibility
2021-11-29,M1,1.2,6:39,6:52,7,1,9,0,27,0,13,0,0,0,0,0,0,0,0,0,0,0,0,0,0,0,0,0,0,0,0,0,0,0,0,0,0,0,0,0,0,0,0,0,0,0,,,,,PN,57,
2021-11-29,M3,1.2,6:59,7:14,6,0,83,2,25,0,13,0,0,0,13,0,0,0,0,0,0,0,0,0,0,0,0,0,0,0,0,0,1,0,0,0,0,0,0,0,0,0,0,0,0,0,,,,,PN,129,
2021-11-29,M2,1.2,7:34,7:48,0,0,16,2,28,1,10,1,51,7,0,0,0,0,0,0,0,0,0,0,0,0,0,0,0,0,0,0,0,0,0,0,0,0,0,0,0,0,0,0,0,0,,,,,PN,116,
2021-11-29,E1,1.5,8:01,8:18,0,0,30,5,0,0,10,2,0,0,0,0,0,0,1,0,0,0,0,0,0,0,0,0,0,0,0,0,0,0,0,0,0,0,0,0,0,0,0,0,0,0,,,,,PN,47,
2021-11-29,E2,1.2,8:23,8:32,0,0,27,2,0,0,2,0,0,0,0,0,0,0,0,0,0,0,0,0,0,0,0,0,0,0,1,0,0,0,0,0,0,0,0,0,0,0,0,0,0,0,,,,,PN,31,
2021-11-29,E3,1.2,8:43,8:55,0,0,0,0,0,0,11,0,0,0,0,0,9,0,0,0,0,0,2,0,0,0,0,0,0,0,0,0,0,0,0,0,0,0,0,0,0,0,0,0,0,0,,,,,PN,11,
2021-11-29,L3,1.2,9:07,9:22,3,0,0,0,0,0,109,4,0,0,0,0,2,0,0,0,0,0,0,0,1,0,0,0,0,0,3,0,0,0,0,0,0,0,0,0,0,0,0,0,0,0,,,,,PN,116,
2021-11-29,L1,1.2,9:28,9:36,0,0,0,0,0,0,0,0,0,0,0,0,0,0,2,0,0,0,0,0,0,0,0,0,0,0,0,0,0,0,0,0,0,0,0,0,0,0,0,0,0,0,,,,,PN,0,
2021-11-29,L2,1.2,9:40,9:59,18,0,0,0,22,0,37,0,0,0,0,0,6,8,0,0,0,0,0,0,4,3,0,0,0,0,0,0,0,0,0,0,0,0,0,0,0,0,0,0,0,0,,,,,PN,77,
2021-11-29,S1,1.2,10:07,10:17,27,0,0,0,3,0,7,0,0,0,0,0,0,0,2,0,0,0,0,0,0,0,0,0,0,0,0,0,0,0,0,0,0,0,0,0,0,0,0,0,0,0,,,,,PN,37,
2021-11-29,N3,0.6,10:25,10:30,0,0,0,0,0,0,0,0,0,0,0,0,0,0,1,0,0,0,0,0,0,0,0,0,0,0,0,0,0,0,0,0,0,0,0,0,0,0,0,0,0,0,,,,,PN,0,
2021-11-29,N1,1.5,10:34,10:53,6,0,141,12,0,0,1,0,2,0,0,0,3,4,2,0,0,0,0,0,0,0,0,0,0,0,0,0,0,0,0,0,0,0,0,0,0,0,0,0,0,0,,,,,PN,162,
2021-11-29,N2,1.5,10:59,11:11,1,0,0,0,0,0,0,0,0,0,0,0,0,0,0,0,0,0,0,0,0,0,0,0,0,0,0,0,0,0,0,0,0,0,0,0,0,0,0,0,0,0,,,,,PN,1,
2021-11-30,A1,1.2,7:29,7:55,228,6,67,10,30,2,76,4,0,0,0,0,0,0,0,0,0,0,0,0,2,0,0,0,0,0,0,0,0,0,0,0,0,0,0,0,17,0,0,0,0,0,,,,,PN,423,
2021-11-30,A3,1.2,8:00,8:12,161,17,0,0,0,0,0,0,0,0,0,0,1,1,1,0,0,0,0,0,0,0,2,0,0,0,0,0,0,0,0,0,0,0,0,0,0,0,0,0,0,0,,,,,PN,178,
2021-11-30,A2,1.2,8:28,8:58,111,1,132,18,31,0,124,9,15,0,0,0,1,0,1,0,0,0,0,0,3,0,0,0,0,0,4,0,0,0,0,0,0,0,0,0,0,0,0,0,0,0,,,,,PN,441,
2021-11-30,F1,1.8,9:10,9:41,243,18,32,2,26,0,72,3,0,0,1,0,10,2,0,0,0,0,0,0,0,0,0,0,0,0,2,0,0,0,0,0,0,0,0,0,0,0,0,0,0,0,,,,,PN,396,
2021-11-30,F2,0.6,9:50,9:58,33,7,0,0,8,0,0,0,0,0,0,0,10,8,0,0,1,0,0,0,0,0,0,0,0,0,0,0,0,0,0,0,0,0,0,0,0,0,0,0,0,0,,,,,PN,48,
2021-11-30,T1,0.6,10:36,10:48,14,0,162,14,14,0,0,0,0,0,0,0,6,3,0,0,0,0,0,0,0,0,0,0,0,0,0,0,0,0,0,0,0,0,0,0,0,0,0,0,0,0,,,,,PN,204,
2021-11-30,T2,1.8,10:52,11:19,28,0,55,3,26,0,120,5,13,0,0,0,0,0,1,0,0,0,0,0,0,0,0,0,5,0,2,1,0,0,0,0,0,0,0,0,5,0,0,0,0,0,,,,,PN,250,
2021-11-30,T3,1.2,,,,,,,,,,,,,,,,,,,,,,,,,,,,,,,,,,,,,,,,,,,,,,,,,PN,,Transect not done due to inaccessibility
2022-01-07,M1,1.2,6:35,6:57,36,5,37,4,52,10,12,5,0,0,0,0,0,0,0,0,0,0,0,0,1,0,3,0,1,0,0,0,0,0,0,0,0,0,0,0,0,0,0,0,0,0,,,,,PN,161,
2022-01-07,M3,1.2,7:04,7:29,14,0,8,1,0,0,2,0,0,0,0,0,0,0,0,0,0,0,0,0,4,6,0,0,0,0,0,0,0,0,0,0,0,0,0,0,0,0,0,0,0,0,,,,,PN,25,
2022-01-07,M2,1.2,7:49,8:06,64,0,38,4,6,0,0,0,26,5,0,0,0,0,0,0,0,0,0,0,0,0,0,0,0,0,1,0,0,0,0,0,0,0,0,0,0,0,0,0,0,0,,,,,PN,143,
2022-01-07,E1,1.5,8:18,8:37,323,46,105,12,0,0,0,0,5,0,0,0,0,0,0,0,0,0,0,0,0,0,0,0,0,0,0,0,0,0,0,0,0,0,0,0,0,0,0,0,0,0,,,,,PN,491,
2022-01-07,E2,1.2,8:43,8:56,97,2,11,3,0,0,0,0,1,0,0,0,0,0,1,0,0,0,0,0,0,0,0,0,0,0,0,0,0,0,0,0,0,0,0,0,0,0,0,0,0,0,,,,,PN,114,
2022-01-07,E3,1.2,9:09,9:28,195,13,19,3,9,2,6,0,0,0,0,0,14,11,0,0,0,0,2,0,0,0,0,0,2,0,0,0,0,0,0,0,0,0,0,0,12,0,0,0,0,0,,,,,PN,247,
2022-01-07,L3,1.2,9:41,10:00,7,0,38,4,18,0,188,22,0,0,0,0,3,0,2,0,0,0,0,0,0,0,0,0,0,0,0,0,0,0,0,0,0,0,0,0,0,0,0,0,0,0,,,,,PN,277,
2022-01-07,L1,1.2,10:08,10:18,0,0,0,0,0,0,0,0,0,0,0,0,0,0,0,0,0,0,0,0,0,0,0,0,0,0,0,0,0,0,0,0,0,0,0,0,0,0,0,0,0,0,,,,,PN,0,
2022-01-07,L2,1.2,10:23,10:36,20,0,7,1,1,0,23,0,3,0,0,0,3,6,3,0,0,0,0,0,1,0,0,0,0,0,1,0,0,0,0,0,0,0,0,0,0,0,0,0,0,0,,,,,PN,55,
2022-01-07,S1,1.2,10:48,11:02,66,1,0,0,52,2,27,2,0,0,0,0,0,0,0,0,0,0,0,0,0,0,0,0,0,0,0,0,0,0,0,0,0,0,0,0,0,0,0,0,0,0,,,,,PN,150,
2022-01-07,N3,0.6,11:17,11:21,0,0,0,0,0,0,0,0,0,0,0,0,0,0,0,0,0,0,0,0,0,0,0,0,0,0,0,0,0,0,0,0,0,0,0,0,0,0,0,0,0,0,,,,,PN,0,
2022-01-07,N1,1.5,11:27,11:41,1,0,0,0,3,0,0,0,0,0,0,0,0,0,1,0,0,0,0,0,0,0,0,0,0,0,0,0,0,0,0,0,0,0,0,0,0,0,0,0,0,0,,,,,PN,4,
2022-01-07,N2,1.5,11:49,12:02,8,2,0,0,0,0,0,0,1,0,0,0,0,0,3,0,0,0,0,0,0,0,0,0,0,0,0,0,0,0,0,0,0,0,0,0,0,0,0,0,0,0,,,,,PN,11,
2022-01-08,A1,1.2,6:53,7:24,47,0,189,20,4,0,89,2,6,0,0,0,6,0,0,0,13,0,0,0,6,2,0,0,0,0,0,0,0,0,0,0,0,0,4,0,0,0,0,0,0,0,,,,,PN,357,
2022-01-08,A3,1.2,7:31,7:47,24,0,30,4,38,3,0,0,0,0,0,0,6,0,0,0,0,0,0,0,0,0,0,0,0,0,0,0,0,0,0,0,0,0,0,0,0,0,0,0,0,0,,,,,PN,99,
2022-01-08,A2,1.2,8:01,8:29,67,2,194,16,4,0,168,29,0,0,0,0,0,0,0,0,0,0,0,0,4,0,0,0,0,0,0,0,0,0,0,0,0,0,0,0,0,0,0,0,0,0,,,,,PN,480,
2022-01-08,F1,1.8,8:43,9:03,16,0,0,0,29,3,72,0,0,0,0,0,11,2,0,0,0,0,0,0,0,0,0,0,0,0,4,0,0,0,0,0,0,0,0,0,0,0,0,0,0,0,,,,,PN,120,
2022-01-08,F2,0.6,9:12,9:20,0,0,0,0,46,0,0,0,0,0,0,0,5,1,0,0,0,0,0,0,0,0,0,0,0,0,0,0,0,0,0,0,0,0,0,0,0,0,0,0,0,0,,,,,PN,46,
2022-01-08,T1,0.6,9:59,10:07,2,0,1,0,22,1,0,0,2,0,0,0,5,10,0,0,0,0,0,0,0,0,0,0,0,0,0,0,0,0,0,0,0,0,0,0,0,0,0,0,0,0,,,,,PN,28,
2022-01-08,T2,1.8,10:11,10:35,40,1,17,2,15,2,47,1,10,0,0,0,2,1,3,0,0,0,0,0,4,1,0,0,0,0,2,0,0,0,0,0,0,0,0,0,0,0,0,0,0,0,,,,,PN,135,
2022-01-08,T3,1.2,,,,,,,,,,,,,,,,,,,,,,,,,,,,,,,,,,,,,,,,,,,,,,,,,PN,,Transect not done due to inaccessibility
2022-02-27,M1,1.2,6:38,6:51,1,0,0,0,0,0,0,0,0,0,0,0,0,0,0,0,0,0,0,0,0,0,2,2,0,0,0,0,0,0,0,0,0,0,0,0,0,0,0,0,0,0,,,,,PN,1,
2022-02-27,M3,1.2,6:57,7:05,41,14,0,0,0,0,0,0,0,0,0,0,0,0,0,0,0,0,0,0,0,0,0,0,0,0,0,0,0,0,0,0,0,0,0,0,0,0,0,0,0,0,,,,,PN,55,
2022-02-27,M2,1.2,7:24,7:35,0,0,0,0,9,3,0,0,0,0,0,0,0,0,0,0,0,0,0,0,0,0,0,0,0,0,0,0,0,0,0,0,0,0,0,0,23,0,0,0,0,0,,,,,PN,12,
2022-02-27,E1,1.5,7:49,8:03,1,0,0,0,0,0,0,0,6,0,0,0,0,0,6,0,0,0,0,0,0,0,0,0,0,0,0,0,0,0,0,0,0,0,0,0,0,0,0,0,0,0,,,,,PN,7,
2022-02-27,E2,1.2,8:09,8:32,437,17,137,10,0,0,0,0,0,0,0,0,0,0,0,0,0,0,0,0,0,0,0,0,0,0,0,0,0,0,0,0,0,0,0,0,0,0,0,0,0,0,,,,,PN,601,
2022-02-27,E3,1.2,8:44,8:58,1,0,0,0,0,0,0,0,0,0,0,0,2,0,0,0,0,0,0,0,0,0,0,0,0,0,0,0,0,0,0,0,0,0,0,0,0,0,0,0,0,0,,,,,PN,1,
2022-02-27,L3,1.2,9:19,9:40,4,0,10,0,38,0,122,1,203,11,0,0,0,0,4,0,0,0,0,0,6,3,0,0,0,0,0,0,0,0,0,0,0,0,0,0,0,0,0,0,0,0,,,,,PN,389,
2022-02-27,L1,1.2,9:47,9:57,0,0,0,0,23,0,0,0,0,0,0,0,0,0,0,0,0,0,0,0,0,0,0,0,0,0,0,0,0,0,0,0,0,0,0,0,0,0,0,0,0,0,,,,,PN,23,
2022-02-27,L2,1.2,10:00,10:15,33,3,0,0,36,3,20,0,2,0,0,0,5,2,0,0,0,0,0,0,0,0,0,0,0,0,0,0,0,0,0,0,0,0,0,0,0,0,0,0,0,0,,,,,PN,97,
2022-02-27,S1,1.2,10:22,10:36,84,0,16,0,27,0,15,0,3,0,0,0,0,0,0,0,0,0,0,0,0,0,0,0,0,0,0,0,0,0,0,0,0,0,0,0,0,0,0,0,0,0,,,,,PN,145,
2022-02-27,N3,0.6,10:46,10:51,0,0,0,0,0,0,0,0,0,0,0,0,0,0,0,0,0,0,0,0,0,0,0,0,0,0,0,0,0,0,0,0,0,0,0,0,0,0,0,0,0,0,,,,,PN,0,
2022-02-27,N1,1.5,10:55,11:08,0,0,0,0,0,0,0,0,0,0,0,0,0,0,0,0,0,0,0,0,0,0,0,0,0,0,0,0,0,0,0,0,0,0,0,0,0,0,0,0,0,0,,,,,PN,0,
2022-02-27,N2,1.5,11:13,11:34,13,1,0,0,0,0,0,0,224,13,0,0,0,0,0,0,0,0,0,0,0,0,0,0,0,0,0,0,0,0,0,0,0,0,0,0,0,0,0,0,0,0,,,,,PN,251,
2022-02-28,A1,1.2,7:00,7:33,135,4,320,47,1,0,75,0,48,12,0,0,1,0,0,0,0,0,0,0,3,0,0,0,0,0,2,0,0,0,0,0,0,0,0,0,0,0,0,0,0,0,,,,,PN+OH,642,
2022-02-28,A3,1.2,7:45,8:10,145,2,43,9,46,0,1,0,3,0,0,0,11,1,0,0,0,0,0,0,0,0,0,0,0,0,0,0,0,0,0,0,0,0,0,0,0,0,0,0,0,0,,,,,PN+OH,249,
2022-02-28,E4,1.8,8:35,9:15,200,32,28,1,8,0,37,0,10,0,0,0,6,3,0,0,2,0,0,0,2,3,0,0,0,0,3,0,0,0,0,0,0,0,0,0,0,0,0,0,0,0,,,,,PN+OH,316,
2022-02-28,A2,1.2,9:48,10:10,70,6,37,3,17,0,178,9,0,0,0,0,2,1,0,0,2,0,0,0,0,0,0,0,0,0,1,0,0,0,0,0,0,0,0,0,0,0,0,0,0,0,,,,,PN+OH,320,
2022-02-28,F1,1.8,10:20,10:55,91,7,28,3,96,1,146,4,351,22,0,0,7,2,0,0,0,0,0,0,0,0,1,0,0,0,0,0,0,0,0,0,0,0,0,0,0,0,0,0,0,0,,,,,PN+OH,749,
2022-02-28,F2,0.6,11:09,11:15,0,0,0,0,0,0,0,0,0,0,0,0,0,0,0,0,0,0,0,0,0,0,0,0,0,0,0,0,0,0,0,0,0,0,0,0,0,0,0,0,0,0,,,,,PN+OH,0,
2022-02-28,T1,0.6,12:41,13:00,30,6,18,2,3,0,2,0,0,0,0,0,5,3,0,0,0,0,0,0,0,0,0,0,1,0,0,0,0,0,0,0,0,0,0,0,0,0,0,0,0,0,,,,,PN+OH,61,
2022-02-28,T2,1.8,12:03,12:29,92,16,78,6,33,2,75,0,104,10,0,0,2,0,3,0,1,0,0,0,0,0,0,0,0,0,0,0,0,0,0,0,0,0,0,0,0,0,0,0,0,0,,,,,PN+OH,416,
2022-02-28,T3,1.2,13:08,13:13,33,0,44,0,15,0,17,0,0,0,0,0,0,0,0,0,25,0,0,0,0,0,0,0,0,0,0,0,0,0,0,0,0,0,0,0,0,0,0,0,0,0,,,,,PN+OH,109,counted from road
2022-03-21,N4,0.6,8:28,8:56,2,0,47,3,0,0,0,0,122,23,0,0,1,0,0,0,0,0,2,1,0,0,0,0,0,0,0,0,0,0,0,0,0,0,0,0,0,0,0,0,0,0,0,0,,,PN+LB,197,Elephants not systematically counted before this month
2022-04-03,M1,1.2,6:31,7:00,281,99,15,0,0,0,2,0,9,0,0,0,0,0,0,0,0,0,0,0,0,0,0,0,0,0,0,0,0,0,0,0,0,0,0,0,0,0,0,0,0,0,0,0,,,PN+LB,406,Wildebeest numbers likely underestimated due to large moving herd.
2022-04-03,M3,1.2,7:08,7:37,20,0,393,35,0,0,0,0,0,0,0,0,0,0,0,0,0,0,0,0,0,0,0,0,0,0,0,0,0,0,0,0,0,0,1,0,12,0,0,0,0,0,0,0,,,PN+LB,448,
2022-04-03,M2,1.2,7:57,8:15,1,0,29,0,12,3,0,0,0,0,0,0,0,0,0,0,0,0,0,0,0,0,9,4,0,0,0,0,0,0,0,0,0,0,0,0,0,0,0,0,0,0,0,0,,,PN+LB,45,
2022-04-03,E1,1.5,8:29,8:45,0,0,0,0,0,0,0,0,0,0,0,0,0,0,9,0,0,0,0,0,0,0,0,0,0,0,0,0,0,0,0,0,0,0,0,0,0,0,0,0,0,0,4,0,,,PN+LB,0,
2022-04-03,E2,1.2,8:50,8:58,1,0,0,0,0,0,0,0,0,0,2,0,0,0,0,0,0,0,0,0,0,0,0,0,0,0,0,0,0,0,0,0,0,0,0,0,0,0,0,0,0,0,0,0,,,PN+LB,1,
2022-04-03,E3,1.2,9:13,9:26,0,0,0,0,0,0,0,0,1,0,0,0,1,0,2,0,0,0,0,0,0,0,0,0,0,0,0,0,0,0,0,0,0,0,0,0,2,0,0,0,0,0,0,0,,,PN+LB,1,
2022-04-03,L3,1.2,9:48,10:20,7,0,172,16,27,0,149,0,16,0,0,0,5,5,0,0,2,0,0,0,3,0,7,0,0,0,0,0,0,0,0,0,0,0,0,0,0,0,0,0,0,0,0,0,,,PN+LB,387,
2022-04-03,L1,1.2,10:25,10:40,0,0,42,5,0,0,0,0,0,0,0,0,0,0,0,0,0,0,0,0,0,0,0,0,0,0,0,0,0,0,0,0,0,0,1,0,2,0,0,0,0,0,0,0,,,PN+LB,47,
2022-04-03,L2,1.2,10:45,11:07,48,2,3,0,3,0,42,0,0,0,0,0,4,6,0,0,0,0,0,0,2,1,0,0,0,0,0,0,0,0,0,0,0,0,0,0,0,0,0,0,0,0,0,0,,,PN+LB,98,
2022-04-03,S1,1.2,11:20,11:40,24,0,0,0,34,1,18,0,0,0,0,0,0,0,0,0,0,0,0,0,0,0,0,0,0,0,3,0,0,0,0,0,0,0,4,0,10,0,0,0,0,0,0,0,,,PN+LB,77,
2022-04-03,N3,0.6,11:50,11:59,0,0,5,1,0,0,0,0,0,0,0,0,0,0,0,0,0,0,0,0,0,0,0,0,0,0,0,0,0,0,0,0,0,0,0,0,0,0,0,0,0,0,0,0,,,PN+LB,6,
2022-04-03,N1,1.5,12:03,12:24,0,0,3,0,0,0,0,0,0,0,0,0,0,0,0,0,0,0,1,0,0,0,0,0,0,0,0,0,0,0,0,0,0,0,0,0,0,0,0,0,0,0,0,0,,,PN+LB,3,
2022-04-03,N2,1.5,12:30,12:45,12,2,13,3,0,0,0,0,0,0,0,0,0,0,0,0,0,0,0,0,0,0,0,0,0,0,0,0,0,0,0,0,0,0,0,0,0,0,0,0,0,0,0,0,,,PN+LB,30,
2022-04-04,E4,1.8,7:06,7:57,233,33,110,19,3,0,33,0,7,0,0,0,11,7,0,0,0,0,0,0,7,10,0,0,1,0,4,0,0,0,0,0,0,0,0,0,0,0,0,0,0,0,0,0,,,PN+LB,438,
2022-04-04,A3,1.2,8:22,8:45,29,0,61,4,49,3,0,0,0,0,0,0,6,4,0,0,9,0,0,0,0,0,0,0,0,0,0,0,0,0,0,0,0,0,0,0,0,0,0,0,0,0,0,0,2,0,PN+LB,146,"Honey badger not systematically counted before this date. However, previous entries are likely 0s."
2022-04-04,A1,1.2,8:55,9:13,165,3,35,3,0,0,64,0,0,0,0,0,3,0,0,0,0,0,0,0,1,0,0,0,0,0,2,0,0,0,0,0,0,0,0,0,0,0,0,0,0,0,0,0,0,0,PN+LB,270,
2022-04-04,A2,1.2,9:20,9:49,103,8,74,16,3,0,222,5,0,0,0,0,0,0,0,0,21,0,0,0,2,0,0,0,0,0,1,0,0,0,0,0,0,0,0,0,0,0,0,0,0,0,0,0,0,0,PN+LB,431,
2022-04-04,F1,1.8,9:57,10:25,39,0,0,0,74,3,138,0,4,0,0,0,29,16,0,0,0,0,0,0,0,0,0,0,0,0,2,0,0,0,0,0,0,0,1,0,0,0,0,0,0,0,0,0,0,0,PN+LB,258,
2022-04-04,F2,0.6,10:27,10:43,0,0,0,0,0,0,0,0,0,0,0,0,1,0,0,0,0,0,0,0,0,0,0,0,0,0,0,0,0,0,0,0,0,0,0,0,0,0,0,0,0,0,0,0,0,0,PN+LB,0,
2022-04-04,T1,0.6,11:26,11:40,18,0,0,0,26,0,12,0,56,3,0,0,0,0,0,0,0,0,0,0,0,0,0,0,0,0,0,0,0,0,0,0,0,0,0,0,0,0,0,0,0,0,0,0,0,0,PN+LB,115,
2022-04-04,T2,1.8,11:42,12:20,78,15,30,2,18,0,43,0,226,37,0,0,1,0,1,0,0,0,0,0,2,1,0,0,0,0,0,0,0,0,0,0,0,0,0,0,2,0,0,0,0,0,0,0,0,0,PN+LB,449,
2022-04-04,T3,1.2,,,,,,,,,,,,,,,,,,,,,,,,,,,,,,,,,,,,,,,,,,,,,,,,,PN+LB,,Transect not done due to inaccessibility
2022-04-24,E4,1.8,7:09,7:52,345,41,60,6,1,0,56,2,0,0,0,0,6,2,0,0,0,0,0,0,6,4,0,0,0,0,3,0,0,0,0,0,0,0,1,0,0,0,0,0,0,0,0,0,0,0,PN,511,
2022-04-24,A3,1.2,8:18,8:41,50,3,72,7,24,3,4,0,2,0,0,0,9,3,0,0,0,0,0,0,0,1,0,0,2,0,0,0,0,0,0,0,0,0,0,0,0,0,0,0,0,0,0,0,0,0,PN,165,
2022-04-24,A1,1.2,8:52,9:07,130,1,0,0,4,1,25,0,0,0,0,0,6,0,0,0,0,0,0,0,1,0,0,0,0,0,0,0,0,0,0,0,0,0,0,0,0,0,0,0,0,0,0,0,0,0,PN,161,
2022-04-24,A2,1.2,9:13,9:35,81,6,9,2,0,0,150,9,0,0,0,0,0,0,0,0,0,0,0,0,0,0,0,0,0,0,2,0,0,0,0,0,0,0,0,0,0,0,0,0,0,0,0,0,0,0,PN,257,
2022-04-24,F1,1.8,9:45,10:08,29,0,0,0,2,0,92,6,0,0,0,0,12,2,0,0,0,0,0,0,0,0,0,0,0,0,0,0,0,0,0,0,0,0,0,0,0,0,0,0,0,0,0,0,0,0,PN,129,
2022-04-24,F2,0.6,10:18,10:26,0,0,3,0,47,3,0,0,0,0,0,0,2,0,0,0,0,0,0,0,0,0,0,0,0,0,0,0,0,0,0,0,0,0,0,0,0,0,0,0,0,0,0,0,0,0,PN,53,
2022-04-24,T2,1.8,11:36,12:15,66,13,73,6,43,2,132,14,21,0,0,0,6,3,0,0,0,0,0,0,2,2,7,4,0,0,0,0,0,0,0,0,0,0,0,0,4,0,0,0,0,0,0,0,0,0,PN,370,
2022-04-24,T1,0.6,12:56,13:09,1,0,25,0,13,2,0,0,0,0,0,0,2,0,0,0,0,0,0,0,0,0,0,0,0,0,2,0,0,0,0,0,0,0,0,0,0,0,0,0,0,0,0,0,0,0,PN,41,
2022-04-24,T3,1.2,,,,,,,,,,,,,,,,,,,,,,,,,,,,,,,,,,,,,,,,,,,,,,,,,PN,0,
2022-04-25,M1,1.2,6:41,7:04,101,35,29,6,0,0,0,0,7,0,0,0,0,0,0,0,0,0,0,0,2,2,0,0,0,0,0,0,0,0,0,0,0,0,0,0,0,0,0,0,0,0,0,0,0,0,PN,178,
2022-04-25,M3,1.2,7:11,7:30,114,12,211,20,0,0,0,0,0,0,0,0,0,0,0,0,0,0,0,0,0,0,0,0,0,0,0,0,0,0,0,0,0,0,0,0,0,0,0,0,0,0,0,0,0,0,PN,357,
2022-04-25,M2,1.2,7:48,8:00,2,0,0,0,14,2,0,0,0,0,0,0,0,0,0,0,0,0,0,0,0,0,0,0,0,0,0,0,0,0,0,0,0,0,0,0,0,0,0,0,0,0,0,0,0,0,PN,18,
2022-04-25,E2,1.2,8:17,8:27,2,0,18,5,0,0,0,0,0,0,0,0,0,0,0,0,0,0,0,0,0,0,0,0,0,0,0,0,0,0,0,0,0,0,0,0,0,0,0,0,0,0,0,0,0,0,PN,25,
2022-04-25,E1,1.5,8:34,8:39,0,0,0,0,0,0,0,0,48,17,0,0,0,0,0,0,0,0,0,0,0,0,0,0,0,0,0,0,0,0,0,0,0,0,0,0,0,0,0,0,0,0,13,5,0,0,PN,65,
2022-04-25,E3,1.2,9:00,9:11,3,0,0,0,0,0,0,0,0,0,0,0,7,5,9,0,0,0,0,0,0,0,0,0,0,0,0,0,0,0,0,0,0,0,0,0,0,0,0,0,0,0,0,0,0,0,PN,3,
2022-04-25,L3,1.2,9:33,9:53,4,0,0,0,1,0,127,4,37,0,0,0,3,0,0,0,0,0,0,0,6,7,0,0,0,0,0,1,0,0,0,0,0,0,0,0,2,0,0,0,0,0,0,0,0,0,PN,173,
2022-04-25,L1,1.2,10:05,10:17,0,0,33,1,0,0,0,0,0,0,0,0,0,0,0,0,0,0,0,0,0,0,0,0,0,0,0,0,0,0,0,0,0,0,0,0,0,0,0,0,0,0,0,0,0,0,PN,34,
2022-04-25,L2,1.2,10:22,10:40,13,0,0,0,25,0,29,4,0,0,0,0,5,1,0,0,1,0,0,0,0,0,0,0,0,0,0,0,0,0,0,0,0,0,0,0,4,0,0,0,0,0,0,0,0,0,PN,71,
2022-04-25,S1,1.2,10:53,11:09,19,0,18,0,69,2,48,0,0,0,0,0,0,0,0,0,0,0,0,0,0,0,0,0,0,0,0,0,0,0,0,0,0,0,0,0,6,0,0,0,0,0,0,0,0,0,PN,156,
2022-04-25,N3,0.6,11:20,11:25,0,0,0,0,0,0,0,0,0,0,0,0,0,0,0,0,0,0,0,0,0,0,0,0,0,0,0,0,0,0,1,0,0,0,0,0,0,0,0,0,0,0,0,0,0,0,PN,0,
2022-04-25,N1,1.5,11:29,11:42,1,0,25,1,0,0,0,0,0,0,0,0,0,0,0,0,0,0,0,0,0,0,0,0,0,0,0,0,0,0,0,0,0,0,0,0,0,0,0,0,0,0,4,0,0,0,PN,27,
2022-04-25,N2,1.5,11:49,12:09,8,6,155,20,4,0,0,0,0,0,0,0,0,0,0,0,0,0,0,0,0,0,0,0,0,0,0,0,0,0,0,0,0,0,0,0,0,0,0,0,0,0,0,0,0,0,PN,193,
2022-05-30,M1,1.2,6:30,6:50,332,13,80,8,3,0,0,0,0,0,0,0,0,0,0,0,0,0,0,0,0,0,7,4,9,0,0,0,0,0,0,0,0,0,0,0,0,0,0,0,0,0,0,0,0,0,PN,436,
2022-05-30,M3,1.2,6:58,7:09,49,0,222,16,0,0,0,0,2,0,0,0,0,0,0,0,0,0,0,0,0,0,0,0,0,0,0,0,0,0,0,0,0,0,0,0,0,0,0,0,0,0,2,0,0,0,PN,289,
2022-05-30,M2,1.2,7:28,7:40,5,0,0,0,13,0,0,0,8,0,0,0,0,0,0,0,0,0,0,0,0,0,0,0,0,0,0,0,0,0,0,0,0,0,0,0,0,0,0,0,0,0,0,0,0,0,PN,26,
2022-05-30,E1,1.5,7:52,8:06,1,0,0,0,0,0,0,0,0,0,0,0,0,0,0,0,11,0,0,0,0,0,0,0,0,0,0,0,0,0,0,0,0,0,0,0,0,0,0,0,0,0,0,0,0,0,PN,1,
2022-05-30,E2,1.2,8:12,8:27,8,0,84,7,0,0,73,0,0,0,0,0,0,0,0,0,0,0,0,0,0,0,0,0,0,0,0,0,0,0,0,0,0,0,0,0,0,0,0,0,0,0,0,0,0,0,PN,172,
2022-05-30,E3,1.2,8:38,8:54,0,0,0,0,0,0,3,0,0,0,0,0,7,9,3,0,0,0,0,0,0,0,0,0,0,0,0,0,0,0,0,0,0,0,0,0,4,0,0,0,0,0,0,0,0,0,PN,3,
2022-05-30,L3,1.2,9:53,10:10,9,0,27,2,2,0,161,3,15,0,0,0,0,0,0,0,0,0,0,0,1,0,0,0,0,0,0,0,0,0,0,0,0,0,0,0,0,0,0,0,0,0,0,0,0,0,PN,219,
2022-05-30,L1,1.2,10:16,10:23,0,0,0,0,0,0,0,0,0,0,0,0,0,0,3,0,0,0,0,0,0,0,0,0,0,0,0,0,0,0,0,0,0,0,0,0,0,0,0,0,0,0,0,0,0,0,PN,0,
2022-05-30,L2,1.2,10:28,10:41,24,0,5,0,7,0,0,0,0,0,0,0,0,0,9,0,0,0,0,0,0,0,0,0,0,0,0,0,0,0,0,0,0,0,0,0,2,0,0,0,0,0,0,0,0,0,PN,36,
2022-05-30,S1,1.2,10:52,11:04,18,0,0,0,9,0,6,0,0,0,0,0,0,0,0,0,0,0,0,0,0,0,0,0,0,0,0,0,0,0,0,0,0,0,2,0,26,0,0,0,0,0,0,0,0,0,PN,33,
2022-05-30,N3,0.6,11:15,11:21,0,0,0,0,0,0,2,0,0,0,0,0,0,0,0,0,0,0,0,0,0,0,0,0,0,0,0,0,0,0,0,0,0,0,0,0,0,0,0,0,0,0,0,0,0,0,PN,2,
2022-05-30,N1,1.5,11:29,11:46,2,0,2,0,0,0,0,0,7,0,0,0,1,0,0,0,0,0,0,0,0,0,0,0,0,0,0,0,0,0,0,0,0,0,0,0,0,0,0,0,0,0,0,0,0,0,PN,11,
2022-05-30,N2,1.5,11:52,12:09,12,2,0,0,13,0,0,0,137,9,10,3,0,0,0,0,0,0,0,0,0,0,0,0,0,0,0,0,0,0,0,0,0,0,0,0,0,0,0,0,0,0,0,0,0,0,PN,173,
2022-05-31,E4,1.8,7:53,8:33,1013,92,71,5,0,0,158,7,0,0,0,0,4,1,0,0,1,0,1,0,1,0,0,0,0,0,0,0,0,0,0,0,0,0,0,0,0,0,0,0,0,0,0,0,0,0,PN,1346,
2022-05-31,A3,1.2,8:40,8:53,36,0,10,0,63,0,1,0,0,0,0,0,3,0,0,0,0,0,1,0,0,0,0,0,0,0,0,0,0,0,0,0,0,0,0,0,0,0,0,0,0,0,0,0,0,0,PN,110,
2022-05-31,A1,1.2,9:03,9:17,80,0,12,0,10,0,16,0,0,0,0,0,14,2,0,0,0,0,0,0,0,0,0,0,0,0,0,0,0,0,0,0,0,0,0,0,0,0,0,0,0,0,0,0,0,0,PN,118,
2022-05-31,A2,1.2,9:22,9:36,113,10,0,0,0,0,29,0,0,0,0,0,4,0,0,0,0,0,0,0,0,0,0,0,0,0,0,0,0,0,0,0,0,0,0,0,0,0,0,0,0,0,0,0,0,0,PN,152,
2022-05-31,F1,1.8,9:47,10:12,21,2,14,3,29,0,183,7,2,0,0,0,3,1,0,0,0,0,0,0,1,0,0,0,4,0,0,0,0,0,0,0,0,0,0,0,0,0,0,0,0,0,0,0,0,0,PN,261,
2022-05-31,F2,0.6,10:29,10:38,0,0,7,0,16,0,0,0,0,0,0,0,0,0,0,0,0,0,0,0,0,0,0,0,0,0,0,0,0,0,0,0,0,0,0,0,0,0,0,0,0,0,0,0,0,0,PN,23,
2022-05-31,T1,0.6,11:09,11:18,0,0,6,1,0,0,2,0,1,0,0,0,0,0,0,0,0,0,0,0,0,0,0,0,0,0,0,0,0,0,0,0,0,0,0,0,0,0,0,0,0,0,0,0,0,0,PN,10,
2022-05-31,T2,1.8,11:22,11:53,32,2,34,3,50,2,178,16,0,0,0,0,0,0,0,0,0,0,0,0,2,0,0,0,2,0,0,0,0,0,0,0,0,0,0,0,0,0,0,0,0,0,0,0,0,0,PN,317,
2022-05-31,T3,1.2,,,,,,,,,,,,,,,,,,,,,,,,,,,,,,,,,,,,,,,,,,,,,,,,,PN,,Transect not done due to inaccessibility
2022-07-02,M1,1.2,6:39,7:02,30,3,2,0,51,3,53,0,1,0,0,0,0,0,3,0,0,0,0,0,0,0,0,0,0,0,0,0,0,0,0,0,0,0,0,0,0,0,0,0,0,0,0,0,0,0,PN,143,
2022-07-02,M3,1.2,7:10,7:35,28,0,195,11,6,0,0,0,0,0,0,0,0,0,0,0,0,0,0,0,0,0,0,0,0,0,0,0,0,0,0,0,0,0,0,0,0,0,0,0,0,0,0,0,0,0,PN,240,
2022-07-02,M2,1.2,7:53,8:05,0,0,5,0,15,2,0,0,0,0,0,0,0,0,0,0,0,0,0,0,0,0,0,0,0,0,1,0,0,0,0,0,0,0,0,0,0,0,0,0,0,0,0,0,0,0,PN,22,
2022-07-02,E1,1.5,8:18,8:33,0,0,11,1,15,0,0,0,0,0,0,0,0,0,0,0,4,2,0,0,0,0,0,0,0,0,0,0,0,0,0,0,0,0,1,0,0,0,0,0,0,0,0,0,0,0,PN,27,
2022-07-02,E2,1.2,8:39,8:51,15,0,0,0,17,0,32,1,0,0,0,0,0,0,1,0,0,0,0,0,0,0,0,0,0,0,0,0,0,0,0,0,0,0,0,0,0,0,0,0,0,0,0,0,0,0,PN,65,
2022-07-02,E3,1.2,9:09,9:21,0,0,37,1,0,0,0,0,0,0,0,0,0,0,1,0,0,0,0,0,0,0,0,0,0,0,0,0,0,0,0,0,0,0,0,0,0,0,0,0,0,0,0,0,0,0,PN,38,
2022-07-02,L3,1.2,9:39,10:05,524,33,50,1,2,0,29,1,0,0,0,0,0,0,1,0,0,0,0,0,0,0,0,0,0,0,0,0,0,0,0,0,0,0,0,0,0,0,0,0,0,0,0,0,0,0,PN,640,
2022-07-02,L1,1.2,10:16,10:32,0,0,96,4,7,1,0,0,0,0,3,0,0,0,0,0,0,0,0,0,0,0,0,0,0,0,0,0,0,0,0,0,0,0,0,0,0,0,0,0,0,0,0,0,0,0,PN,108,
2022-07-02,L2,1.2,10:37,10:53,116,6,7,0,0,0,6,0,18,0,0,0,0,0,1,0,0,0,0,0,0,0,0,0,0,0,0,0,0,0,0,0,0,0,0,0,0,0,0,0,0,0,0,0,0,0,PN,153,
2022-07-02,S1,1.2,11:00,11:16,21,0,8,0,17,0,12,0,0,0,0,0,0,0,1,0,0,0,0,0,0,0,0,0,0,0,0,0,0,0,0,0,0,0,0,0,0,0,0,0,0,0,0,0,0,0,PN,58,
2022-07-02,N3,0.6,11:30,11:39,15,4,109,6,0,0,0,0,0,0,0,0,0,0,0,0,0,0,0,0,0,0,0,0,0,0,0,0,0,0,0,0,0,0,0,0,0,0,0,0,0,0,0,0,0,0,PN,134,
2022-07-02,N1,1.5,11:43,12:11,418,35,29,0,10,0,0,0,0,0,0,0,0,0,0,0,0,0,0,0,0,0,0,0,0,0,0,0,0,0,0,0,0,0,0,0,0,0,0,0,0,0,0,0,0,0,PN,492,
2022-07-02,N2,1.5,12:18,12:31,14,0,0,0,1,0,0,0,11,0,0,0,0,0,1,0,0,0,0,0,0,0,0,0,0,0,0,0,0,0,0,0,0,0,0,0,0,0,0,0,0,0,0,0,0,0,PN,26,
2022-07-03,E4,1.8,7:09,7:37,54,2,0,0,37,2,78,2,0,0,0,0,8,3,0,0,0,0,0,0,0,0,0,0,0,0,0,0,0,0,0,0,0,0,0,0,0,0,0,0,0,0,0,0,0,0,PN,175,
2022-07-03,A3,1.2,7:55,8:11,5,0,37,4,48,0,2,0,0,0,0,0,2,0,0,0,0,0,0,0,0,0,0,0,0,0,0,0,0,0,0,0,0,0,0,0,0,0,0,0,0,0,0,0,0,0,PN,96,
2022-07-03,A1,1.2,8:22,8:36,50,0,20,4,4,0,15,0,0,0,0,0,4,2,0,0,0,0,0,0,0,0,0,0,0,0,2,0,0,0,0,0,0,0,0,0,0,0,0,0,0,0,0,0,0,0,PN,93,
2022-07-03,A2,1.2,8:41,8:55,78,0,4,0,17,0,24,0,0,0,0,0,0,0,0,0,0,0,0,0,0,0,0,0,0,0,0,0,0,0,0,0,0,0,0,0,0,0,0,0,0,0,0,0,0,0,PN,123,
2022-07-03,F1,1.8,9:07,9:38,18,0,33,3,95,1,120,4,0,0,0,0,13,2,0,0,0,0,0,0,0,0,0,0,0,0,0,0,0,0,0,0,0,0,0,0,2,0,0,0,0,0,0,0,0,0,PN,274,
2022-07-03,F2,0.6,9:48,9:56,0,0,7,0,4,0,0,0,2,0,0,0,0,0,0,0,0,0,0,0,0,0,0,0,0,0,0,0,0,0,0,0,0,0,0,0,0,0,0,0,0,0,1,0,0,0,PN,13,
2022-07-03,T2,1.8,10:34,11:06,125,14,141,18,25,0,70,0,154,24,0,0,7,0,0,0,0,0,0,0,5,3,0,0,0,0,4,0,0,0,0,0,0,0,0,0,8,0,0,0,0,0,0,0,0,0,PN,571,
2022-07-03,T1,0.6,11:33,11:45,1,0,20,4,0,0,16,3,0,0,0,0,0,0,0,0,0,0,0,0,0,0,5,0,0,0,0,0,0,0,0,0,0,0,0,0,0,0,0,0,0,0,0,0,0,0,PN,44,
2022-07-03,T3,1.2,,,,,,,,,,,,,,,,,,,,,,,,,,,,,,,,,,,,,,,,,,,,,,,,,PN,,Transect not done due to inaccessibility
2022-08-30,E4,1.8,7:00,7:20,42,0,0,0,9,0,13,0,0,0,0,0,11,0,2,0,0,0,0,0,0,0,0,0,0,0,0,0,0,0,0,0,0,0,2,0,0,0,0,0,0,0,0,0,0,0,PN,64,
2022-08-30,A3,1.2,7:34,7:48,78,0,0,0,9,0,0,0,0,0,8,0,0,0,0,0,0,0,0,0,0,0,0,0,0,0,0,0,0,0,0,0,0,0,0,0,0,0,0,0,0,0,0,0,0,0,PN,87,
2022-08-30,A1,1.2,8:03,8:17,177,10,0,0,13,0,13,0,0,0,2,0,0,0,0,0,0,0,0,0,0,0,0,0,0,0,0,0,0,0,0,0,0,0,0,0,0,0,0,0,0,0,0,0,0,0,PN,213,
2022-08-30,A2,1.2,8:23,8:36,60,0,0,0,1,0,86,0,0,0,0,0,0,0,0,0,0,0,0,0,0,0,0,0,0,0,0,0,0,0,0,0,0,0,0,0,0,0,0,0,0,0,0,0,0,0,PN,147,
2022-08-30,F1,1.8,8:45,9:26,160,17,16,1,44,3,90,6,0,0,0,0,2,0,0,0,0,0,0,0,0,0,2,0,0,0,0,0,0,0,0,0,0,0,0,0,0,0,0,0,0,0,0,0,0,0,PN,337,
2022-08-30,F2,0.6,9:35,9:45,0,0,42,5,15,2,0,0,0,0,0,0,10,2,2,0,0,0,0,0,0,0,0,0,0,0,0,0,0,0,0,0,0,0,0,0,0,0,0,0,0,0,0,0,0,0,PN,64,
2022-08-30,T2,1.8,10:22,10:46,129,20,76,11,43,4,60,0,1,0,0,0,8,0,0,0,0,0,0,0,1,0,0,0,0,0,0,0,0,0,0,0,0,0,0,0,0,0,0,0,0,0,0,0,0,0,PN,344,
2022-08-30,T3,1.2,,,,,,,,,,,,,,,,,,,,,,,,,,,,,,,,,,,,,,,,,,,,,,,,,PN,,Transect not done due to inaccessibility
2022-08-30,T1,0.6,10:56,11:06,53,0,57,1,3,0,6,0,40,7,0,0,6,0,0,0,0,0,0,0,0,0,0,0,0,0,0,0,0,0,0,0,0,0,0,0,0,0,0,0,0,0,0,0,0,0,PN,167,
2022-08-31,M1,1.2,6:43,7:00,134,17,17,2,10,1,45,2,0,0,0,0,0,0,0,0,0,0,0,0,0,0,0,0,0,0,0,0,0,0,0,0,0,0,0,0,0,0,0,0,0,0,0,0,0,0,PN,228,
2022-08-31,M3,1.2,7:06,7:31,2,0,221,21,5,0,3,0,0,0,0,0,0,0,0,0,0,0,0,0,0,0,0,0,0,0,0,0,0,0,0,0,0,0,0,0,13,0,0,0,0,0,0,0,0,0,PN,252,
2022-08-31,M2,1.2,7:53,8:11,0,0,43,2,29,0,13,0,0,0,0,0,0,0,0,0,0,0,0,0,0,0,0,0,0,0,0,0,0,0,0,0,0,0,0,0,0,0,0,0,0,0,0,0,0,0,PN,87,
2022-08-31,E1,1.5,8:24,8:38,0,0,0,0,2,0,0,0,40,11,0,0,0,0,0,0,1,0,0,0,0,0,0,0,0,0,0,0,0,0,0,0,0,0,3,0,0,0,0,0,0,0,0,0,0,0,PN,53,
2022-08-31,E2,1.2,8:45,8:55,0,0,0,0,32,0,3,0,0,0,0,0,0,0,0,0,0,0,0,0,0,0,0,0,0,0,0,0,0,0,0,0,0,0,0,0,0,0,0,0,0,0,0,0,0,0,PN,35,
2022-08-31,E3,1.2,9:06,9:16,0,0,0,0,5,0,5,0,0,0,0,0,7,0,0,0,0,0,0,0,0,0,0,0,0,0,0,0,0,0,0,0,0,0,0,0,0,0,0,0,0,0,0,0,0,0,PN,10,
2022-08-31,L3,1.2,9:33,9:54,118,0,43,1,0,0,146,0,0,0,0,0,0,0,0,0,0,0,0,0,0,0,0,0,1,0,0,0,0,0,0,0,0,0,0,0,0,0,0,0,0,0,0,0,0,0,PN,308,
2022-08-31,L1,1.2,10:00,10:10,0,0,15,3,4,0,0,0,0,0,0,0,0,0,0,0,0,0,0,0,0,0,0,0,0,0,0,0,0,0,0,0,0,0,0,0,0,0,0,0,0,0,0,0,0,0,PN,22,
2022-08-31,L2,1.2,10:14,10:41,6,0,0,0,0,0,4,0,0,0,0,0,4,0,1,0,0,0,0,0,2,6,0,0,0,0,0,0,0,0,0,0,0,0,0,0,0,0,0,0,0,0,0,0,0,0,PN,10,
2022-08-31,S1,1.2,10:52,11:03,15,0,0,0,4,0,3,0,0,0,1,0,2,0,0,0,0,0,0,0,0,0,0,0,0,0,0,0,0,0,0,0,0,0,0,0,0,0,0,0,0,0,0,0,0,0,PN,22,
2022-08-31,N3,0.6,11:12,11:28,0,0,131,7,3,0,0,0,0,0,0,0,0,0,1,0,0,0,0,0,0,0,0,0,0,0,0,0,0,0,0,0,0,0,0,0,0,0,0,0,0,0,0,0,0,0,PN,141,
2022-08-31,N1,1.5,11:34,11:50,0,0,47,2,2,0,0,0,0,0,1,0,3,1,0,0,0,0,0,0,0,0,0,0,0,0,0,0,0,0,0,0,0,0,0,0,0,0,0,0,0,0,0,0,0,0,PN,51,
2022-08-31,N2,1.5,11:57,12:13,0,0,7,0,23,1,0,0,1,0,0,0,0,0,0,0,0,0,0,0,0,0,0,0,0,0,0,0,0,0,0,0,0,0,0,0,0,0,0,0,0,0,0,0,0,0,PN,32,
2022-09-28,M1,1.2,6:36,6:56,321,66,0,0,0,0,21,1,0,0,0,0,0,0,0,0,0,0,0,0,11,5,0,0,2,0,2,0,0,0,0,0,0,0,1,0,0,0,0,0,0,0,0,0,0,0,PN,409,
2022-09-28,M3,1.2,7:08,7:19,0,0,23,6,1,0,0,0,7,0,0,0,0,0,0,0,0,0,0,0,0,0,0,0,0,0,0,0,0,0,0,0,0,0,0,0,0,0,0,0,0,0,0,0,0,0,PN,37,
2022-09-28,M2,1.2,7:41,7:55,0,0,2,0,2,0,18,2,64,21,0,0,0,0,0,0,2,0,0,0,0,0,0,0,0,0,0,0,0,0,0,0,0,0,0,0,0,0,0,0,0,0,0,0,0,0,PN,109,
2022-09-28,E1,1.5,8:12,8:35,0,0,98,9,11,0,0,0,18,0,0,0,0,0,1,0,0,0,0,0,2,0,0,0,0,0,0,0,0,0,0,0,0,0,0,0,0,0,0,0,0,0,0,0,0,0,PN,136,
2022-09-28,E2,1.2,8:41,8:53,9,0,37,1,23,0,0,0,0,0,0,0,0,0,0,0,0,0,0,0,0,0,0,0,0,0,0,0,0,0,0,0,0,0,2,0,0,0,0,0,0,0,0,0,0,0,PN,70,
2022-09-28,E3,1.2,9:11,9:24,0,0,0,0,2,0,0,0,0,0,0,0,7,2,0,0,0,0,0,0,0,0,0,0,0,0,0,0,0,0,0,0,0,0,0,0,0,0,0,0,0,0,0,0,0,0,PN,2,
2022-09-28,L3,1.2,9:44,9:58,29,0,7,1,0,0,76,1,0,0,0,0,0,0,0,0,0,0,0,0,0,0,0,0,0,0,0,0,0,0,0,0,0,0,0,0,0,0,0,0,0,0,0,0,0,0,PN,114,
2022-09-28,L1,1.2,10:05,10:15,0,0,0,0,0,0,0,0,0,0,0,0,0,0,0,0,0,0,0,0,0,0,0,0,0,0,0,0,0,0,0,0,0,0,0,0,0,0,0,0,0,0,0,0,0,0,PN,0,
2022-09-28,L2,1.2,10:21,10:32,2,0,13,1,4,0,1,0,6,0,0,0,4,0,0,0,0,0,0,0,0,0,0,0,0,0,0,0,0,0,0,0,0,0,0,0,0,0,0,0,0,0,0,0,0,0,PN,27,
2022-09-28,S1,1.2,10:39,10:50,6,0,0,0,0,0,5,1,0,0,0,0,0,0,0,0,0,0,0,0,0,0,0,0,0,0,0,0,0,0,0,0,0,0,0,0,0,0,0,0,0,0,0,0,0,0,PN,12,
2022-09-28,N3,0.6,11:02,11:12,14,2,14,2,2,0,0,0,4,0,0,0,0,0,0,0,0,0,0,0,0,0,0,0,0,0,0,0,0,0,0,0,0,0,0,0,0,0,0,0,0,0,0,0,0,0,PN,38,
2022-09-28,N1,1.5,11:16,11:29,0,0,1,0,6,0,0,0,4,0,0,0,1,2,0,0,0,0,0,0,0,0,0,0,0,0,0,0,0,0,0,0,0,0,0,0,0,0,0,0,0,0,0,0,0,0,PN,11,
2022-09-28,N2,1.5,11:35,11:54,0,0,1,0,16,0,0,0,94,11,1,0,0,0,1,0,0,0,0,0,0,0,0,0,0,0,0,0,0,0,0,0,0,0,0,0,0,0,0,0,0,0,0,0,0,0,PN,122,
2022-09-29,E4,1.8,7:15,7:46,229,20,0,0,3,0,0,0,0,0,0,0,9,0,0,0,0,0,0,0,0,0,0,0,0,0,2,0,0,0,0,0,0,0,0,0,8,0,0,0,0,0,0,0,0,0,PN,252,
2022-09-29,A3,1.2,8:00,8:14,233,14,10,1,0,0,0,0,0,0,0,0,0,0,2,0,0,0,0,0,0,0,0,0,0,0,0,0,0,0,0,0,0,0,0,0,0,0,0,0,0,0,0,0,0,0,PN,258,
2022-09-29,A1,1.2,8:22,8:35,21,0,0,0,28,0,11,1,0,0,0,0,2,0,0,0,0,0,0,0,2,0,0,0,0,0,0,0,0,0,0,0,0,0,0,0,0,0,0,0,0,0,0,0,0,0,PN,61,
2022-09-29,A2,1.2,8:39,8:52,111,6,0,0,13,0,18,0,0,0,0,0,0,0,0,0,0,0,0,0,0,0,0,0,0,0,0,0,0,0,0,0,0,0,0,0,0,0,0,0,0,0,0,0,0,0,PN,148,
2022-09-29,F1,1.8,9:25,9:56,180,19,0,0,53,0,122,4,0,0,0,0,20,8,0,0,0,0,0,0,0,0,0,0,0,0,0,0,0,0,0,0,0,0,0,0,0,0,0,0,0,0,0,0,0,0,PN,378,
2022-09-29,F2,0.6,10:05,11:22,0,0,0,0,23,0,0,0,0,0,0,0,0,0,0,0,0,0,0,0,0,0,0,0,0,0,0,0,0,0,0,0,0,0,0,0,0,0,0,0,0,0,0,0,0,0,PN,23,
2022-09-29,T2,1.8,10:41,11:06,137,12,106,2,38,1,25,1,46,8,0,0,0,0,0,0,1,0,0,0,0,0,0,0,0,0,0,0,0,0,0,0,0,0,0,0,0,0,0,0,0,0,0,0,0,0,PN,376,
2022-09-29,T1,0.6,11:18,11:30,46,3,15,2,24,0,57,0,3,0,0,0,0,0,0,0,0,0,0,0,0,0,0,0,0,0,0,0,0,0,0,0,0,0,0,0,0,0,0,0,0,0,0,0,0,0,PN,150,
2022-09-29,T3,1.2,,,,,,,,,,,,,,,,,,,,,,,,,,,,,,,,,,,,,,,,,,,,,,,,,PN,,Transect not done due to inaccessibility
2022-10-31,M1,1.2,6:33,6:44,0,0,0,0,3,0,5,0,0,0,0,0,0,0,0,0,0,0,0,0,0,0,0,0,2,0,0,0,0,0,0,0,0,0,0,0,0,0,0,0,0,0,0,0,0,0,PN,8,
2022-10-31,M3,1.2,6:50,7:01,0,0,11,0,0,0,0,0,11,0,0,0,0,0,0,0,0,0,0,0,0,0,0,0,0,0,0,0,0,0,0,0,0,0,1,0,0,0,0,0,0,0,0,0,0,0,PN,22,
2022-10-31,M2,1.2,7:22,7:40,0,0,144,14,2,0,0,0,0,0,0,0,0,0,0,0,0,0,0,0,0,0,0,0,0,0,0,0,0,0,0,0,0,0,0,0,2,0,0,0,0,0,0,0,0,0,PN,160,
2022-10-31,E1,1.5,7:49,8:11,0,0,73,9,5,0,0,0,180,13,0,0,0,0,1,0,0,0,0,0,0,0,0,0,0,0,0,0,0,0,0,0,0,0,0,0,0,0,0,0,0,0,0,0,0,0,PN,280,
2022-10-31,E2,1.2,8:17,8:27,0,0,0,0,1,0,3,0,0,0,0,0,3,0,1,0,0,0,0,0,0,0,0,0,0,0,0,0,0,0,0,0,0,0,0,0,0,0,0,0,0,0,0,0,0,0,PN,4,
2022-10-31,E3,1.2,8:45,9:05,239,23,26,2,1,0,14,0,3,0,0,0,2,0,0,0,0,0,0,0,0,0,0,0,0,0,0,0,0,0,0,0,0,0,0,0,2,0,0,0,0,0,0,0,0,0,PN,308,
2022-10-31,L3,1.2,9:31,9:44,27,0,71,6,1,0,29,0,0,0,0,0,0,0,0,0,0,0,0,0,0,0,0,0,0,0,0,0,0,0,0,0,0,0,0,0,0,0,0,0,0,0,0,0,0,0,PN,134,
2022-10-31,L1,1.2,9:50,9:58,0,0,0,0,0,0,0,0,3,0,0,0,0,0,4,0,0,0,0,0,0,0,0,0,0,0,0,0,0,0,0,0,0,0,0,0,0,0,0,0,0,0,0,0,0,0,PN,3,
2022-10-31,L2,1.2,10:02,10:12,8,0,15,0,0,0,0,0,5,0,0,0,0,0,0,0,0,0,0,0,2,0,0,0,0,0,0,0,0,0,0,0,0,0,0,0,0,0,0,0,0,0,0,0,0,0,PN,28,
2022-10-31,S1,1.2,10:21,10:32,7,0,9,1,0,0,0,0,0,0,0,0,0,0,1,0,0,0,0,0,0,0,0,0,0,0,0,0,0,0,0,0,0,0,0,0,0,0,0,0,0,0,0,0,0,0,PN,17,
2022-10-31,N3,0.6,10:42,10:48,0,0,3,0,0,0,0,0,3,0,0,0,0,0,0,0,0,0,0,0,0,0,0,0,0,0,0,0,0,0,0,0,0,0,0,0,0,0,0,0,0,0,0,0,0,0,PN,6,
2022-10-31,N1,1.5,10:53,11:05,7,0,3,0,0,0,0,0,0,0,0,0,0,0,0,0,0,0,0,0,0,0,0,0,0,0,0,0,0,0,0,0,0,0,0,0,0,0,0,0,0,0,0,0,0,0,PN,10,
2022-10-31,N2,1.5,11:11,11:27,14,0,16,2,10,0,0,0,5,0,1,0,0,0,1,0,0,0,0,0,0,0,0,0,0,0,0,0,0,0,0,0,0,0,0,0,0,0,0,0,0,0,0,0,0,0,PN,47,
2022-11-01,E4,1.8,6:57,7:24,135,8,43,4,3,0,4,0,0,0,0,0,8,2,2,0,1,0,0,0,1,0,0,0,0,0,0,0,0,0,0,0,0,0,1,0,2,0,0,0,0,0,0,0,0,0,PN,197,
2022-11-01,A3,1.2,7:36,7:46,0,0,0,0,7,0,0,0,0,0,0,0,5,1,0,0,0,0,0,0,0,0,0,0,0,0,0,0,0,0,0,0,0,0,0,0,0,0,0,0,0,0,0,0,0,0,PN,7,
2022-11-01,A1,1.2,7:55,8:05,81,0,4,0,2,0,9,1,0,0,0,0,0,0,0,0,0,0,0,0,0,0,0,0,0,0,0,0,0,0,0,0,0,0,0,0,0,0,0,0,0,0,0,0,0,0,PN,97,
2022-11-01,A2,1.2,8:09,8:21,35,0,0,0,8,0,19,1,0,0,0,0,0,0,0,0,0,0,0,0,0,0,0,0,0,0,0,0,0,0,0,0,0,0,0,0,0,0,0,0,0,0,0,0,0,0,PN,63,
2022-11-01,F1,1.8,8:29,8:53,71,0,20,1,52,1,91,1,0,0,0,0,18,7,0,0,0,0,0,0,0,0,0,0,0,0,0,0,0,0,0,0,0,0,0,0,0,0,0,0,0,0,0,0,0,0,PN,237,
2022-11-01,F2,0.6,9:01,9:07,0,0,0,0,0,0,0,0,0,0,0,0,3,2,0,0,0,0,0,0,0,0,0,0,0,0,0,0,0,0,0,0,0,0,0,0,0,0,0,0,0,0,0,0,0,0,PN,0,
2022-11-01,T2,1.8,10:04,10:35,110,5,144,15,18,0,69,0,36,0,5,0,2,0,0,0,0,0,0,0,0,0,0,0,0,0,2,0,0,0,0,0,0,0,0,0,0,0,0,0,0,0,0,0,0,0,PN,397,
2022-11-01,T1,0.6,10:45,10:55,138,27,132,17,16,0,8,0,4,0,0,0,0,0,0,0,3,1,0,0,0,0,0,0,0,0,0,0,0,0,0,0,0,0,0,0,0,0,0,0,0,0,0,0,0,0,PN,342,
2022-11-01,T3,,,,,,,,,,,,,,,,,,,,,,,,,,,,,,,,,,,,,,,,,,,,,,,,,,PN,,Transect not done due to inaccessibility
2022-12-29,M1,1.2,6:38,6:56,20,0,34,3,12,0,0,0,9,0,0,0,0,0,0,0,0,0,0,0,0,0,0,0,0,0,0,0,0,0,3,0,0,0,0,0,0,0,0,0,0,0,0,0,0,0,PN,78,
2022-12-29,M3,1.2,7:06,7:18,1,0,6,1,12,0,5,0,0,0,0,0,3,0,0,0,0,0,0,0,0,0,0,0,0,0,0,0,0,0,0,0,0,0,2,0,0,0,0,0,0,0,0,0,0,0,PN,25,
2022-12-29,M2,1.2,7:50,8:06,1,0,4,0,11,0,0,0,67,16,0,0,0,0,2,0,1,0,0,0,0,0,0,0,0,0,0,0,0,0,0,0,0,0,0,0,2,0,0,0,0,0,0,0,0,0,PN,99,
2022-12-29,E1,1.5,8:17,8:32,0,0,0,0,0,0,0,0,101,25,0,0,0,0,0,0,0,0,0,0,0,0,0,0,0,0,0,0,0,0,0,0,0,0,0,0,0,0,0,0,0,0,0,0,0,0,PN,126,
2022-12-29,E2,1.2,8:38,8:52,0,0,0,0,2,0,0,0,0,0,0,0,0,0,0,0,0,0,0,0,2,2,0,0,0,0,0,0,0,0,0,0,0,0,0,0,0,0,0,0,0,0,0,0,0,0,PN,2,
2022-12-29,E3,1.2,9:06,9:18,0,0,36,3,0,0,0,0,0,0,0,0,4,0,2,0,1,0,0,0,0,0,0,0,0,0,0,0,0,0,0,0,0,0,0,0,0,0,0,0,0,0,0,0,0,0,PN,39,
2022-12-29,L3,1.2,9:30,9:54,6,0,29,1,0,0,57,0,3,0,0,0,6,0,0,0,0,0,0,0,5,5,0,0,0,0,2,0,0,0,0,0,0,0,0,0,0,0,0,0,0,0,0,0,0,0,PN,96,
2022-12-29,L1,1.2,10:02,10:16,46,0,19,1,2,0,91,7,0,0,0,0,0,0,0,0,0,0,0,0,0,0,0,0,0,0,0,0,0,0,0,0,0,0,0,0,0,0,0,0,0,0,0,0,0,0,PN,166,
2022-12-29,L2,1.2,10:19,10:36,16,0,9,0,7,0,26,1,6,0,0,0,4,0,3,0,0,0,0,0,12,5,0,0,0,0,0,0,0,0,0,0,0,0,2,0,0,0,0,0,0,0,0,0,0,0,PN,65,
2022-12-29,S1,1.2,10:45,11:05,36,0,78,3,36,4,65,1,5,0,0,0,0,0,0,0,0,0,0,0,0,0,0,0,0,0,0,0,0,0,0,0,0,0,0,0,8,0,0,0,0,0,0,0,0,0,PN,228,
2022-12-29,N3,0.6,11:18,11:24,0,0,0,0,2,0,2,0,0,0,0,0,0,0,2,0,0,0,0,0,0,0,0,0,0,0,0,0,0,0,0,0,0,0,0,0,0,0,0,0,0,0,0,0,0,0,PN,4,
2022-12-29,N1,1.5,11:28,11:42,0,0,0,0,3,0,0,0,0,0,0,0,0,0,0,0,0,0,0,0,0,0,0,0,0,0,0,0,0,0,0,0,0,0,0,0,0,0,0,0,0,0,0,0,0,0,PN,3,
2022-12-29,N2,1.5,11:48,12:00,14,0,0,0,3,0,0,0,2,0,15,0,1,0,0,0,0,0,3,0,0,0,0,0,0,0,0,0,0,0,0,0,0,0,0,0,0,0,0,0,0,0,0,0,0,0,PN,19,
2022-12-30,E4,1.8,7:33,8:10,77,1,29,0,5,0,29,1,6,0,0,0,11,0,3,0,11,0,0,0,0,2,0,0,0,0,0,0,0,0,0,0,0,0,1,0,20,0,0,0,0,0,0,0,0,0,PN,148,
2022-12-30,A3,1.2,8:30,8:43,357,0,22,3,44,4,2,0,0,0,0,0,3,0,0,0,0,0,0,0,0,0,0,0,0,0,0,0,0,0,0,0,0,0,0,0,0,0,0,0,0,0,0,0,0,0,PN,432,
2022-12-30,A1,1.2,8:52,9:08,23,0,44,7,26,1,85,4,2,0,0,0,2,0,0,0,0,0,0,0,6,0,0,0,0,0,0,0,0,0,0,0,0,0,0,0,0,0,0,0,0,0,0,0,0,0,PN,192,
2022-12-30,A2,1.2,9:13,9:28,45,3,84,15,6,0,59,3,0,0,0,0,0,0,0,0,0,0,0,0,0,0,0,0,0,0,0,0,0,0,0,0,0,0,0,0,0,0,0,0,0,0,0,0,0,0,PN,215,
2022-12-30,F1,1.8,9:37,9:59,65,0,8,0,0,0,135,8,3,0,0,0,20,7,0,0,0,0,0,0,0,0,0,0,0,0,0,0,0,0,0,0,0,0,0,0,0,0,0,0,0,0,0,0,0,0,PN,219,
2022-12-30,F2,0.6,10:14,10:20,41,7,0,0,0,0,0,0,0,0,0,0,5,0,0,0,0,0,0,0,0,0,0,0,0,0,0,0,0,0,0,0,0,0,0,0,0,0,0,0,0,0,0,0,0,0,PN,48,
2022-12-30,T2,1.8,11:00,11:23,146,0,0,0,12,0,61,3,151,11,0,0,4,4,2,0,0,0,0,0,6,2,0,0,0,0,1,0,0,0,0,0,0,0,0,0,8,0,0,0,0,0,0,0,0,0,PN,384,
2022-12-30,T1,0.6,11:49,11:58,51,0,0,0,27,0,1,0,3,0,0,0,4,2,0,0,0,0,0,0,0,0,0,0,0,0,0,0,0,0,0,0,0,0,0,0,4,0,0,0,0,0,0,0,0,0,PN,82,
2022-12-30,T3,1.2,,,,,,,,,,,,,,,,,,,,,,,,,,,,,,,,,,,,,,,,,,,,,,,,,PN,,Transect not done due to inaccessibility
2023-02-04,M1,1.2,6:33,6:53,34,12,134,13,9,0,0,0,0,0,0,0,0,0,0,0,0,0,0,0,0,0,0,0,0,0,0,0,0,0,0,0,0,0,0,0,0,0,0,0,0,0,0,0,0,0,PN,202,
2023-02-04,M3,1.2,7:01,7:13,16,0,18,2,6,0,3,0,0,0,0,0,4,0,0,0,0,0,0,0,1,0,0,0,0,0,0,0,0,0,0,0,0,0,0,0,0,0,0,0,0,0,0,0,0,0,PN,45,
2023-02-04,M2,1.2,7:43,8:00,6,0,29,4,0,0,0,0,201,30,0,0,0,0,0,0,5,0,0,0,0,0,0,0,0,0,2,0,0,0,0,0,0,0,0,0,0,0,0,0,0,0,0,0,0,0,PN,270,
2023-02-04,E1,1.5,8:10,8:25,0,0,11,1,0,0,0,0,86,11,0,0,0,0,0,0,0,0,0,0,0,0,0,0,0,0,0,0,0,0,0,0,0,0,0,0,0,0,0,0,0,0,0,0,0,0,PN,109,
2023-02-04,E2,1.2,8:31,8:48,1,0,7,1,0,0,0,0,502,31,0,0,0,0,0,0,0,0,0,0,0,0,0,0,0,0,0,0,0,0,0,0,0,0,0,0,0,0,0,0,0,0,0,0,0,0,PN,542,
2023-02-04,E3,1.2,8:53,9:03,0,0,0,0,0,0,0,0,0,0,0,0,0,0,0,0,15,0,0,0,0,0,0,0,0,0,0,0,0,0,0,0,0,0,0,0,0,0,0,0,0,0,3,0,0,0,PN,0,
2023-02-04,L3,1.2,9:16,9:31,283,62,249,35,22,4,97,14,7,0,0,0,0,0,0,0,0,0,0,0,0,0,0,0,0,0,0,0,0,0,0,0,0,0,0,0,0,0,0,0,0,0,0,0,0,0,PN,773,
2023-02-04,L1,1.2,9:38,9:49,19,3,22,0,19,0,0,0,0,0,0,0,1,0,0,0,0,0,0,0,1,0,0,0,0,0,0,0,0,0,0,0,0,0,0,0,0,0,0,0,0,0,0,0,0,0,PN,63,
2023-02-04,L2,1.2,9:53,10:11,33,1,12,2,0,0,11,0,9,0,0,0,0,0,0,0,0,0,0,0,0,0,0,0,0,0,0,0,0,0,0,0,0,0,0,0,0,0,0,0,0,0,0,0,0,0,PN,68,
2023-02-04,S1,1.2,10:30,10:47,46,0,32,2,60,0,34,3,0,0,0,0,0,0,0,0,0,0,0,0,0,0,0,0,0,0,0,0,0,0,0,0,0,0,0,0,0,0,0,0,0,0,0,0,0,0,PN,177,
2023-02-04,N3,0.6,10:58,11:03,0,0,0,0,0,0,0,0,0,0,0,0,0,0,0,0,0,0,0,0,0,0,0,0,0,0,0,0,0,0,0,0,0,0,0,0,0,0,0,0,0,0,0,0,0,0,PN,0,
2023-02-04,N1,1.5,11:08,11:32,0,0,0,0,5,1,0,0,0,0,10,0,0,0,0,0,0,0,1,1,0,0,0,0,0,0,0,0,0,0,0,0,0,0,0,0,0,0,0,0,0,0,0,0,0,0,PN,6,
2023-02-04,N2,1.5,11:39,11:56,14,1,4,0,0,0,0,0,194,12,0,0,0,0,0,0,0,0,1,0,0,0,0,0,0,0,0,0,0,0,0,0,0,0,0,0,0,0,0,0,0,0,0,0,0,0,PN,225,
2023-02-05,E4,1.8,7:09,7:32,47,4,0,0,4,2,78,7,0,0,0,0,19,2,0,0,0,0,0,0,0,0,0,0,0,0,0,0,0,0,0,0,0,0,0,0,0,0,0,0,0,0,0,0,0,0,PN,142,
2023-02-05,A3,1.2,7:41,7:51,0,0,0,0,13,5,0,0,0,0,0,0,3,0,0,0,0,0,0,0,7,5,0,0,0,0,0,0,0,0,0,0,0,0,1,0,0,0,0,0,0,0,0,0,0,0,PN,18,
2023-02-05,A1,1.2,8:20,8:44,68,11,207,27,0,0,117,9,0,0,0,0,0,0,1,0,0,0,0,0,6,0,0,0,0,0,0,0,0,0,0,0,0,0,0,0,0,0,0,0,0,0,0,0,0,0,PN,439,
2023-02-05,A2,1.2,8:51,9:15,36,1,246,39,2,0,197,7,0,0,0,0,0,0,0,0,20,0,0,0,0,0,0,0,0,0,0,0,0,0,0,0,0,0,0,0,0,0,0,0,0,0,0,0,0,0,PN,528,
2023-02-05,F1,1.8,9:26,9:57,197,40,28,6,110,2,68,9,1,0,0,0,21,4,0,0,1,0,0,0,0,0,0,0,0,0,2,0,0,0,0,0,0,0,0,0,0,0,0,0,0,0,0,0,0,0,PN,461,
2023-02-05,F2,0.6,10:16,10:25,2,0,7,0,52,0,0,0,0,0,0,0,9,0,0,0,0,0,0,0,0,0,0,0,0,0,0,0,0,0,0,0,0,0,0,0,0,0,0,0,0,0,0,0,0,0,PN,61,
2023-02-05,T2,1.8,10:59,11:27,87,11,50,3,32,9,50,6,106,15,0,0,1,0,0,0,0,0,0,0,0,0,0,0,2,0,0,0,0,0,0,0,0,0,0,0,8,0,0,0,0,0,0,0,0,0,PN,369,
2023-02-05,T1,0.6,11:38,11:46,23,9,5,0,0,0,6,0,0,0,0,0,13,5,0,0,0,0,0,0,0,0,0,0,0,0,0,0,0,0,0,0,0,0,0,0,2,0,0,0,0,0,0,0,0,0,PN,43,
2023-02-05,T3,1.2,,,,,,,,,,,,,,,,,,,,,,,,,,,,,,,,,,,,,,,,,,,,,,,,,PN,,Transect not done due to inaccessibility
2023-03-08,M1,1.2,6:37,6:53,192,19,21,2,15,0,0,0,1,0,0,0,0,0,0,0,0,0,0,0,0,0,0,0,0,0,0,0,0,0,0,0,0,0,0,0,0,0,0,0,0,0,0,0,0,0,PN,250,
2023-03-08,M3,1.2,7:02,7:11,5,0,8,0,4,0,5,0,0,0,0,0,0,0,0,0,0,0,0,0,0,0,0,0,0,0,0,0,0,0,0,0,0,0,0,0,0,0,0,0,0,0,0,0,0,0,PN,22,
2023-03-08,M2,1.2,7:26,7:43,98,15,96,10,0,0,0,0,194,16,0,0,0,0,0,0,0,0,0,0,0,0,0,0,0,0,0,0,0,0,0,0,0,0,0,0,0,0,0,0,0,0,0,0,0,0,PN,429,
2023-03-08,E1,1.5,7:54,8:05,0,0,0,0,0,0,0,0,36,6,0,0,0,0,0,0,0,0,0,0,0,0,0,0,0,0,0,0,0,0,0,0,0,0,0,0,0,0,0,0,0,0,0,0,0,0,PN,42,
2023-03-08,E2,1.2,8:10,8:18,3,0,0,0,0,0,1,0,0,0,4,0,2,0,0,0,0,0,0,0,0,0,0,0,0,0,0,0,0,0,0,0,0,0,0,0,0,0,0,0,0,0,0,0,0,0,PN,4,
2023-03-08,E3,1.2,8:30,8:44,36,0,42,5,0,0,0,0,921,67,0,0,0,0,0,0,0,0,1,0,0,0,0,0,0,0,0,0,0,0,0,0,0,0,0,0,0,0,0,0,0,0,10,0,0,0,PN,1071,
2023-03-08,L3,1.2,9:00,9:18,38,10,59,7,0,0,151,12,0,0,0,0,0,0,0,0,2,0,0,0,2,0,0,0,0,0,1,0,0,0,0,0,0,0,0,0,0,0,0,0,0,0,0,0,0,0,PN,277,
2023-03-08,L1,1.2,9:24,9:36,12,0,0,0,12,0,13,1,0,0,0,0,3,0,0,0,0,0,0,0,0,0,0,0,0,0,0,0,0,0,0,0,0,0,0,0,0,0,0,0,0,0,0,0,0,0,PN,38,
2023-03-08,L2,1.2,9:39,9:53,68,2,8,1,15,1,14,0,10,0,0,0,5,0,0,0,0,0,0,0,0,0,0,0,0,0,0,0,0,0,0,0,0,0,0,0,0,0,0,0,0,0,0,0,0,0,PN,119,
2023-03-08,S1,1.2,10:00,10:12,51,0,0,0,23,8,6,0,0,0,0,0,6,0,0,0,0,0,0,0,0,0,0,0,0,0,0,0,0,0,0,0,0,0,4,0,2,0,0,0,0,0,0,0,0,0,PN,88,
2023-03-08,N3,0.6,10:22,10:27,1,0,1,0,4,0,0,0,0,0,0,0,0,0,1,0,0,0,0,0,0,0,0,0,0,0,0,0,0,0,0,0,0,0,0,0,0,0,0,0,0,0,0,0,0,0,PN,6,
2023-03-08,N1,1.5,10:30,10:45,4,0,0,0,2,1,0,0,3,0,0,0,0,0,0,0,10,0,0,0,0,0,0,0,0,0,0,0,0,0,0,0,0,0,0,0,0,0,0,0,0,0,0,0,0,0,PN,10,
2023-03-08,N2,1.5,10:49,11:04,14,3,0,0,0,0,0,0,0,0,0,0,0,0,0,0,0,0,0,0,0,0,0,0,0,0,0,0,0,0,0,0,0,0,0,0,0,0,0,0,0,0,0,0,0,0,PN,17,
2023-03-09,E4,1.8,6:53,7:18,105,11,18,2,4,1,28,0,0,0,0,0,24,0,4,0,0,0,2,0,1,0,0,0,0,0,0,0,0,0,0,0,0,0,0,0,0,0,0,0,0,0,0,0,0,0,PN,169,
2023-03-09,A3,1.2,7:30,7:44,1,0,30,2,23,6,8,4,0,0,0,0,3,2,0,0,0,0,0,0,0,0,0,0,0,0,0,0,0,0,0,0,0,0,0,0,0,0,0,0,0,0,0,0,0,0,PN,74,
2023-03-09,A1,1.2,7:54,8:15,101,5,72,11,31,0,189,13,6,0,0,0,4,0,0,0,0,0,0,0,1,0,0,0,0,0,0,0,0,0,0,0,0,0,0,0,0,0,0,0,0,0,0,0,0,0,PN,428,
2023-03-09,A2,1.2,8:20,8:38,54,2,155,21,6,0,170,20,0,0,0,0,3,3,0,0,0,0,0,0,0,0,0,0,0,0,0,0,0,0,0,0,0,0,0,0,0,0,0,0,0,0,0,0,0,0,PN,428,
2023-03-09,F1,1.8,8:54,9:24,267,44,129,17,30,72,2,0,0,0,0,0,16,7,0,0,0,0,0,0,0,0,0,0,0,0,2,0,0,0,0,0,0,0,0,0,0,0,0,0,0,0,0,0,0,0,PN,561,
2023-03-09,F2,0.6,9:45,9:52,0,0,2,0,0,0,0,0,0,0,0,0,4,0,0,0,0,0,0,0,0,0,0,0,0,0,0,0,0,0,0,0,0,0,0,0,0,0,0,0,0,0,1,0,0,0,PN,2,
2023-03-09,T2,1.8,11:04,11:39,72,2,32,2,72,13,111,8,72,7,0,0,7,1,10,2,0,0,0,0,3,0,0,0,0,0,0,0,0,0,0,0,0,0,0,0,14,0,0,0,0,0,0,0,0,0,PN,391,
2023-03-09,T1,0.6,11:54,12:00,0,0,12,0,0,0,0,0,121,13,0,0,2,0,0,0,0,0,0,0,0,0,0,0,0,0,0,0,0,0,0,0,0,0,0,0,2,0,0,0,0,0,0,0,0,0,PN,146,
2023-03-09,T3,1.2,,,,,,,,,,,,,,,,,,,,,,,,,,,,,,,,,,,,,,,,,,,,,,,,,PN,,Transect not done due to inaccessibility
2023-04-05,M1,1.2,6:34,6:52,78,14,91,5,3,0,0,0,32,0,0,0,0,0,0,0,0,0,0,0,0,1,0,0,0,0,0,0,0,0,0,0,0,0,0,0,0,0,0,0,0,0,0,0,0,0,PN,223,
2023-04-05,M3,1.2,7:02,7:21,129,21,7,0,14,2,1,0,3,0,0,0,0,0,0,0,0,0,0,0,5,5,0,0,0,0,0,0,0,0,0,0,0,0,1,0,0,0,0,0,0,0,0,0,0,0,PN,177,
2023-04-05,M2,1.2,7:51,8:00,4,0,3,0,0,0,0,0,119,13,0,0,0,0,0,0,0,0,0,0,0,0,0,0,0,0,0,0,0,0,0,0,0,0,0,0,0,0,0,0,0,0,0,0,0,0,PN,139,
2023-04-05,E1,1.5,8:12,8:24,0,0,0,0,0,0,0,0,0,0,0,0,0,0,0,0,0,0,0,0,0,0,0,0,0,0,0,0,0,0,0,0,0,0,0,0,0,0,0,0,0,0,2,0,0,0,PN,0,
2023-04-05,E2,1.2,8:31,8:40,0,0,0,0,0,0,0,0,0,0,0,0,0,0,0,0,0,0,0,0,0,0,0,0,0,0,0,0,0,0,0,0,0,0,0,0,0,0,0,0,0,0,0,0,0,0,PN,0,
2023-04-05,E3,1.2,9:04,9:18,0,0,0,0,0,0,0,0,0,0,0,0,6,3,0,0,0,0,0,0,0,0,0,0,0,0,0,0,0,0,0,0,0,0,0,0,0,0,0,0,0,0,35,0,0,0,PN,0,
2023-04-05,L3,1.2,9:33,9:53,166,12,209,23,2,0,13,0,6,0,0,0,12,8,0,0,0,0,0,0,0,0,0,0,0,0,0,0,0,0,0,0,0,0,0,0,0,0,0,0,0,0,0,0,0,0,PN,431,
2023-04-05,L1,1.2,10:00,10:11,35,0,5,0,0,0,22,0,0,0,0,0,4,1,0,0,0,0,1,0,0,0,0,0,0,0,0,0,0,0,0,0,0,0,0,0,0,0,0,0,0,0,0,0,0,0,PN,62,
2023-04-05,L2,1.2,10:17,10:31,52,0,12,3,6,0,37,2,16,0,0,0,2,4,0,0,0,0,0,0,0,0,0,0,0,0,0,0,0,0,0,0,0,0,0,0,0,0,0,0,0,0,0,0,0,0,PN,128,
2023-04-05,S1,1.2,10:39,10:52,33,2,0,0,48,2,12,0,8,0,0,0,0,0,0,0,0,0,0,0,0,0,0,0,0,0,0,0,0,0,0,0,0,0,0,0,4,0,0,0,0,0,0,0,0,0,PN,105,
2023-04-05,N3,0.6,11:07,11:15,1,0,0,0,0,0,0,0,0,0,0,0,0,0,0,0,0,0,0,0,0,0,0,0,0,0,0,0,0,0,0,0,0,0,1,0,0,0,0,0,0,0,0,0,0,0,PN,1,
2023-04-05,N1,1.5,11:23,11:37,0,0,5,0,7,0,0,0,311,17,14,0,0,0,0,0,0,0,0,0,0,0,0,0,0,0,0,0,0,0,0,0,0,0,0,0,0,0,0,0,0,0,0,0,0,0,PN,340,
2023-04-05,N2,1.5,11:44,11:57,0,0,0,0,7,0,0,0,209,9,0,0,0,0,0,0,0,0,0,0,0,0,0,0,0,0,0,0,0,0,0,0,0,0,0,0,0,0,0,0,0,0,0,0,0,0,PN,225,
2023-04-06,E4,1.8,7:17,7:35,131,6,33,0,0,0,0,0,8,0,0,0,3,2,2,0,0,0,0,0,0,0,0,0,0,0,0,0,0,0,0,0,0,0,0,0,0,0,0,0,0,0,0,0,0,0,PN,178,
2023-04-06,A3,1.2,7:48,8:08,219,80,18,3,12,0,4,0,47,5,9,9,9,1,0,0,8,0,0,0,0,0,0,0,0,0,0,0,0,0,0,0,0,0,0,0,0,0,0,0,0,0,0,0,0,0,PN,388,
2023-04-06,A1,1.2,8:19,8:35,71,6,5,0,0,0,56,2,0,0,0,0,0,0,0,0,0,0,0,0,0,0,1,2,0,0,0,0,0,0,0,0,0,0,2,0,0,0,0,0,0,0,0,0,0,0,PN,140,
2023-04-06,A2,1.2,8:41,8:56,58,2,9,1,0,0,44,4,0,0,0,0,0,0,0,0,38,0,0,0,0,0,0,0,0,0,0,0,0,0,0,0,0,0,0,0,0,0,0,0,0,0,0,0,0,0,PN,118,
2023-04-06,F1,1.8,9:28,9:53,170,16,244,31,29,0,98,0,0,0,0,0,19,4,0,0,0,0,0,0,0,0,0,0,0,0,0,0,0,0,0,0,0,0,0,0,0,0,0,0,0,0,0,0,0,0,PN,588,
2023-04-06,F2,0.6,10:04,10:10,1,0,0,0,0,0,0,0,0,0,0,0,5,2,0,0,0,0,0,0,0,0,0,0,0,0,0,0,0,0,0,0,0,0,0,0,0,0,0,0,0,0,13,4,0,0,PN,1,
2023-04-06,T1,0.6,10:33,10:40,0,0,0,0,0,0,1,0,0,0,0,0,5,2,0,0,0,0,0,0,0,0,1,0,0,0,0,0,0,0,0,0,0,0,0,0,0,0,0,0,0,0,0,0,0,0,PN,1,
2023-04-06,T2,1.8,10:43,11:09,104,16,37,1,50,3,62,3,78,6,0,0,4,4,0,0,0,0,1,0,0,0,3,0,0,0,0,0,0,0,0,0,0,0,0,0,6,0,0,0,0,0,0,0,0,0,PN,360,
2023-04-06,T3,1.2,,,,,,,,,,,,,,,,,,,,,,,,,,,,,,,,,,,,,,,,,,,,,,,,,PN,,Transect not done due to inaccessibility
2023-05-04,M1,1.2,6:42,7:02,68,11,18,2,0,0,0,0,104,12,0,0,0,0,0,0,0,0,0,0,6,2,0,0,0,0,0,0,0,0,0,0,0,0,0,0,0,0,0,0,0,0,1,0,0,0,PN,215,
2023-05-04,M3,1.2,7:09,7:32,381,42,44,7,0,0,0,0,0,0,0,0,0,0,0,0,0,0,0,0,7,8,0,0,0,0,0,0,0,0,0,0,0,0,0,0,0,0,0,0,0,0,0,0,0,0,PN,474,
2023-05-04,M2,1.2,7:50,8:03,0,0,123,8,0,0,0,0,0,0,0,0,0,0,3,0,0,0,0,0,0,0,0,0,0,0,0,0,0,0,0,0,0,0,0,0,0,0,0,0,0,0,0,0,0,0,PN,131,
2023-05-04,E1,1.5,8:17,8:25,0,0,0,0,0,0,0,0,0,0,0,0,0,0,0,0,0,0,0,0,0,0,0,0,0,0,0,0,0,0,0,0,0,0,0,0,0,0,0,0,0,0,49,11,0,0,PN,0,
2023-05-04,E2,1.2,8:30,8:37,12,0,16,0,0,0,0,0,0,0,0,0,0,0,0,0,0,0,0,0,0,0,0,0,0,0,0,0,0,0,0,0,0,0,0,0,0,0,0,0,0,0,0,0,0,0,PN,28,
2023-05-04,E3,1.2,8:52,9:13,1,0,0,0,0,0,0,0,0,0,0,0,4,0,2,0,0,0,0,0,0,0,0,0,0,0,0,0,0,0,0,0,0,0,0,0,0,0,0,0,0,0,41,6,0,0,PN,1,
2023-05-04,L3,1.2,9:34,9:52,56,0,21,2,2,0,216,19,0,0,0,0,0,0,0,0,0,0,0,0,0,0,0,0,0,0,0,0,0,0,0,0,0,0,0,0,0,0,0,0,0,0,5,0,0,0,PN,316,
2023-05-04,L1,1.2,10:04,10:28,101,0,124,15,1,0,4,0,101,14,0,0,0,0,0,0,0,0,0,0,0,0,0,0,0,0,0,0,0,0,0,0,0,0,0,0,0,0,0,0,0,0,0,0,0,0,PN,360,
2023-05-04,L2,1.2,10:37,10:48,13,0,0,0,13,0,17,0,0,0,0,0,9,7,0,0,0,0,0,0,0,0,0,0,0,0,0,0,0,0,0,0,0,0,0,0,0,0,0,0,0,0,1,0,0,0,PN,43,
2023-05-04,S1,1.2,10:57,11:13,1,0,0,0,44,2,4,0,0,0,0,0,2,0,0,0,0,0,0,0,0,0,0,0,0,0,0,0,0,0,0,0,0,0,0,0,0,0,0,0,0,0,0,0,0,0,PN,51,
2023-05-04,N3,0.6,11:37,11:44,0,0,0,0,0,0,0,0,0,0,0,0,0,0,0,0,0,0,0,0,0,0,0,0,0,0,0,0,0,0,0,0,0,0,0,0,2,0,0,0,0,0,0,0,0,0,PN,0,
2023-05-04,N1,1.5,11:48,12:05,2,0,23,0,0,0,0,0,0,0,14,0,0,0,0,0,0,0,0,0,0,0,0,0,0,0,0,0,0,0,0,0,0,0,0,0,0,0,0,0,0,0,1,0,0,0,PN,25,
2023-05-04,N2,1.5,12:05,12:13,14,2,7,0,1,0,0,0,387,22,0,0,0,0,0,0,0,0,0,0,0,0,0,0,0,0,0,0,0,0,0,0,0,0,0,0,0,0,0,0,0,0,0,0,0,0,PN,433,
2023-05-05,E4,1.8,7:05,7:28,52,0,0,0,0,0,0,0,0,0,0,0,2,1,5,0,0,0,1,0,0,0,0,0,0,0,0,0,0,0,0,0,0,0,0,0,4,0,0,0,0,0,0,0,0,0,PN,52,
2023-05-05,A3,1.2,7:41,8:00,34,0,33,0,22,0,43,0,0,0,0,0,9,2,0,0,9,0,0,0,0,0,0,0,0,0,0,0,0,0,0,0,0,0,0,0,0,0,0,0,0,0,0,0,0,0,PN,132,
2023-05-05,A1,1.2,8:10,8:31,30,3,222,37,24,1,31,0,41,6,0,0,0,0,0,0,0,0,0,0,0,0,0,0,0,0,0,0,0,0,0,0,0,0,1,0,0,0,0,0,0,0,0,0,0,0,PN,395,
2023-05-05,A2,1.2,8:43,9:02,55,1,285,23,6,3,53,2,0,0,0,0,0,0,0,0,1,0,0,0,1,2,0,0,0,0,0,0,0,0,0,0,0,0,0,0,0,0,0,0,0,0,0,0,0,0,PN,428,
2023-05-05,F1,1.8,9:14,9:46,52,4,92,2,41,0,130,0,6,1,0,0,13,1,0,0,0,0,0,0,0,0,0,0,0,0,0,0,0,0,0,0,0,0,0,0,0,0,0,0,0,0,0,0,0,0,PN,328,
2023-05-05,F2,0.6,9:59,10:06,0,0,0,0,0,0,0,0,0,0,0,0,1,0,0,0,0,0,0,0,0,0,0,0,0,0,0,0,0,0,0,0,0,0,0,0,0,0,0,0,0,0,0,0,0,0,PN,0,
2023-05-05,T1,0.6,10:23,10:30,1,0,0,0,5,0,1,0,0,0,0,0,1,3,0,0,0,0,0,0,0,0,0,0,0,0,0,0,0,0,0,0,0,0,0,0,2,0,0,0,0,0,0,0,0,0,PN,7,
2023-05-05,T2,1.8,10:36,11:00,98,13,10,1,9,0,61,2,65,6,0,0,7,2,0,0,0,0,2,1,0,0,0,0,0,0,0,0,0,0,0,0,0,0,0,0,4,0,0,0,0,0,0,0,0,0,PN,265,
2023-05-05,T3,1.2,,,,,,,,,,,,,,,,,,,,,,,,,,,,,,,,,,,,,,,,,,,,,,,,,PN,,Transect not done due to inaccessibility
2023-06-03,M1,1.2,6:48,7:02,308,20,290,21,11,2,0,0,184,7,0,0,0,0,0,0,1,0,0,0,0,0,0,0,0,0,0,0,0,0,0,0,0,0,0,0,0,0,0,0,0,0,0,0,0,0,PN,843,
2023-06-03,M3,1.2,7:09,7:22,427,30,177,13,0,0,72,2,0,0,0,0,3,0,0,0,0,0,0,0,0,0,0,0,0,0,0,0,0,0,0,0,0,0,0,0,0,0,0,0,0,0,0,0,0,0,PN,721,
2023-06-03,M2,1.2,7:41,7:52,0,0,16,1,2,0,0,0,0,0,0,0,0,0,0,0,0,0,0,0,0,0,0,0,0,0,0,0,0,0,0,0,0,0,0,0,0,0,0,0,0,0,0,0,0,0,PN,19,
2023-06-03,E1,1.5,8:11,8:29,0,0,0,0,0,0,0,0,1,0,0,0,0,0,0,0,2,0,0,0,0,0,0,0,0,0,0,0,0,0,0,0,0,0,0,0,0,0,0,0,0,0,0,0,0,0,PN,1,
2023-06-03,E2,1.2,8:44,8:55,2,0,147,15,0,0,0,0,0,0,0,0,0,0,0,0,0,0,0,0,0,0,0,0,0,0,0,0,0,0,0,0,0,0,0,0,0,0,0,0,0,0,0,0,0,0,PN,164,
2023-06-03,E3,1.2,9:15,9:30,0,0,0,0,0,0,0,0,0,0,0,0,0,0,0,0,0,0,1,0,0,0,0,0,0,0,0,0,0,0,0,0,0,0,0,0,0,0,0,0,0,0,1,0,0,0,PN,0,
2023-06-03,L3,1.2,9:47,10:07,39,6,15,0,37,0,208,0,3,0,0,0,4,0,12,0,0,0,0,0,0,0,0,0,0,0,2,0,0,0,0,0,0,0,0,0,0,0,0,0,0,0,0,0,0,0,PN,308,
2023-06-03,L1,1.2,10:14,10:30,32,0,8,0,0,0,5,0,0,0,0,0,0,0,0,0,0,0,1,0,0,0,0,0,0,0,0,0,0,0,0,0,0,0,0,0,0,0,0,0,0,0,0,0,0,0,PN,45,
2023-06-03,L2,1.2,10:36,10:55,32,4,24,4,16,0,58,4,0,0,0,0,5,0,0,0,0,0,1,0,0,0,0,0,0,0,0,0,0,0,0,0,0,0,0,0,0,0,0,0,0,0,1,0,0,0,PN,142,
2023-06-03,S1,1.2,11:12,11:24,0,0,0,0,10,0,5,0,0,0,0,0,0,0,11,0,0,0,0,0,0,0,0,0,0,0,0,0,0,0,0,0,0,0,0,0,2,0,0,0,0,0,0,0,0,0,PN,15,
2023-06-03,N3,0.6,11:39,11:45,0,0,0,0,0,0,0,0,0,0,0,0,0,0,0,0,0,0,0,0,0,0,0,0,0,0,0,0,0,0,0,0,0,0,0,0,0,0,0,0,0,0,0,0,0,0,PN,0,
2023-06-03,N1,1.5,11:50,12:02,82,14,248,19,0,0,0,0,0,0,1,0,0,0,0,0,0,0,4,1,0,0,0,0,0,0,0,0,0,0,0,0,0,0,0,0,0,0,0,0,0,0,0,0,0,0,PN,363,
2023-06-03,N2,1.5,12:12,12:31,16,0,3,0,11,0,0,0,0,0,15,0,0,0,0,0,0,0,1,1,0,0,0,0,0,0,0,0,0,0,0,0,0,0,0,0,0,0,0,0,0,0,0,0,0,0,PN,30,
2023-06-04,E4,1.8,6:56,7:21,69,5,155,13,3,0,16,0,0,0,0,0,2,0,0,0,0,0,1,0,0,0,0,0,0,0,0,0,0,0,0,0,0,0,0,0,0,0,0,0,0,0,0,0,0,0,PN,261,
2023-06-04,A3,1.2,7:38,7:52,0,0,14,2,8,0,8,0,0,0,0,0,7,2,0,0,8,0,0,0,0,0,0,0,0,0,0,0,0,0,0,0,0,0,0,0,0,0,0,0,0,0,0,0,0,0,PN,32,
2023-06-04,A1,1.2,7:58,8:11,1,0,3,0,40,4,34,2,0,0,0,0,0,0,1,0,0,0,0,0,0,0,0,0,0,0,2,0,0,0,0,0,0,0,0,0,0,0,0,0,0,0,0,0,0,0,PN,84,
2023-06-04,A2,1.2,8:16,8:29,1,0,0,0,7,0,15,0,0,0,0,0,2,0,0,0,0,0,0,0,1,0,0,0,0,0,0,0,0,0,0,0,0,0,0,0,0,0,0,0,0,0,0,0,0,0,PN,23,
2023-06-04,F1,1.8,8:46,9:08,5,0,20,1,90,12,76,0,0,0,0,0,8,0,0,0,0,0,0,0,0,0,0,0,0,0,0,0,0,0,0,0,0,0,0,0,0,0,0,0,0,0,0,0,0,0,PN,204,
2023-06-04,F2,0.6,9:22,9:30,0,0,0,0,0,0,0,0,0,0,0,0,1,0,0,0,0,0,0,0,0,0,1,0,0,0,0,0,0,0,0,0,0,0,0,0,0,0,0,0,0,0,0,0,0,0,PN,0,
2023-06-04,T2,1.8,10:32,10:57,29,6,8,0,27,0,138,21,6,0,0,0,5,2,0,0,0,0,0,0,0,0,0,0,0,0,0,0,0,0,0,0,0,0,0,0,0,0,0,0,0,0,0,0,0,0,PN,235,
2023-06-04,T1,0.6,11:47,11:55,16,4,0,0,33,0,6,0,0,0,0,0,0,0,0,0,0,0,0,0,0,0,0,0,0,0,0,0,0,0,0,0,0,0,0,0,0,0,0,0,0,0,3,1,0,0,PN,59,
2023-06-04,T3,1.2,,,,,,,,,,,,,,,,,,,,,,,,,,,,,,,,,,,,,,,,,,,,,,,,,PN,,Transect not done due to inaccessibility
2023-08-03,M1,1.2,6:34,6:59,249,31,43,5,6,0,6,1,0,0,0,0,0,0,0,0,0,0,0,0,2,6,0,0,0,0,0,0,0,0,0,0,0,0,0,0,0,0,0,0,0,0,0,0,0,0,PN,341,
2023-08-03,M3,1.2,7:07,7:22,439,39,0,0,1,0,1,0,0,0,0,0,0,0,0,0,0,0,0,0,0,0,0,0,0,0,0,0,0,0,0,0,0,0,0,0,0,0,0,0,0,0,0,0,0,0,PN,480,
2023-08-03,M2,1.2,7:45,7:58,0,0,137,5,2,1,0,0,0,0,0,0,0,0,0,0,0,0,0,0,0,0,0,0,0,0,0,0,0,0,0,0,0,0,0,0,0,0,0,0,0,0,0,0,0,0,PN,145,
2023-08-03,E1,1.5,8:11,8:26,0,0,3,0,0,0,0,0,0,0,2,0,0,0,0,0,0,0,0,0,0,0,0,0,0,0,0,0,0,0,0,0,0,0,0,0,0,0,0,0,0,0,0,0,0,0,PN,3,
2023-08-03,E2,1.2,8:34,8:44,0,0,0,0,0,0,0,0,0,0,0,0,0,0,0,0,0,0,0,0,0,0,0,0,0,0,0,0,0,0,0,0,0,0,0,0,0,0,0,0,0,0,0,0,0,0,PN,0,
2023-08-03,E3,1.2,8:55,9:08,0,0,59,0,0,0,0,0,3,0,0,0,0,0,0,0,0,0,0,0,0,0,0,0,0,0,0,0,0,0,0,0,0,0,0,0,0,0,0,0,0,0,0,0,0,0,PN,62,
2023-08-03,L3,1.2,9:19,9:40,529,74,21,1,0,0,32,0,0,0,0,0,0,0,0,0,0,0,0,0,0,0,0,0,0,0,0,0,0,0,0,0,0,0,0,0,0,0,0,0,0,0,0,0,0,0,PN,657,
2023-08-03,L1,1.2,9:47,9:58,23,0,0,0,7,0,0,0,2,0,0,0,0,0,0,0,0,0,0,0,0,0,0,0,0,0,0,0,0,0,0,0,0,0,0,0,0,0,0,0,0,0,0,0,0,0,PN,32,
2023-08-03,L2,1.2,10:02,10:15,15,0,4,0,0,0,3,0,15,0,0,0,0,0,0,0,0,0,0,0,0,0,0,0,0,0,0,0,0,0,0,0,0,0,0,0,0,0,0,0,0,0,0,0,0,0,PN,37,
2023-08-03,S1,1.2,10:26,10:38,17,0,62,4,22,4,5,0,0,0,0,0,0,0,0,0,0,0,0,0,0,0,0,0,0,0,0,0,0,0,0,0,0,0,0,0,0,0,0,0,0,0,0,0,0,0,PN,114,
2023-08-03,N3,0.6,10:51,10:57,0,0,0,0,0,0,2,0,0,0,0,0,0,0,0,0,0,0,0,0,0,0,0,0,0,0,0,0,0,0,0,0,0,0,0,0,0,0,0,0,0,0,0,0,0,0,PN,2,
2023-08-03,N1,1.5,11:01,11:16,0,0,43,2,9,0,16,0,0,0,1,0,0,0,0,0,0,0,0,0,0,0,0,0,0,0,0,0,0,0,0,0,0,0,0,0,3,0,0,0,0,0,0,0,0,0,PN,70,
2023-08-03,N2,1.5,11:22,11:37,0,0,0,0,3,0,33,4,0,0,0,0,0,0,2,0,0,0,0,0,0,0,0,0,0,0,0,0,0,0,0,0,0,0,0,0,0,0,0,0,0,0,0,0,0,0,PN,40,
2023-08-04,E4,1.8,7:28,7:48,15,2,5,0,1,0,9,0,0,0,0,0,0,0,1,0,0,0,0,0,4,0,0,0,0,0,0,0,0,0,0,0,0,0,0,0,0,0,0,0,0,0,0,0,0,0,PN,32,
2023-08-04,A3,1.2,8:03,8:12,0,0,0,0,0,0,0,0,0,0,0,0,0,0,0,0,0,0,0,0,0,0,0,0,0,0,0,0,0,0,0,0,0,0,0,0,0,0,0,0,0,0,0,0,0,0,PN,0,
2023-08-04,A1,1.2,8:12,8:18,19,2,0,0,8,0,5,0,0,0,0,0,0,0,0,0,0,0,0,0,0,0,0,0,0,0,0,0,0,0,0,0,0,0,0,0,0,0,0,0,0,0,0,0,0,0,PN,34,
2023-08-04,A2,1.2,8:33,8:46,63,4,0,0,26,0,12,0,0,0,0,0,0,0,0,0,0,0,0,0,0,0,0,0,0,0,0,0,0,0,0,0,0,0,0,0,0,0,0,0,0,0,0,0,0,0,PN,105,
2023-08-04,F1,1.8,9:11,9:51,137,11,121,11,69,3,66,0,0,0,0,0,0,0,0,0,1,0,0,0,0,1,1,0,0,0,0,0,0,0,0,0,0,0,0,0,0,0,0,0,0,0,0,0,0,0,PN,418,
2023-08-04,F2,0.6,10:03,10:10,35,2,0,0,0,0,0,0,0,0,0,0,3,0,2,0,0,0,0,0,0,0,0,0,0,0,0,0,0,0,0,0,0,0,0,0,0,0,0,0,0,0,0,0,0,0,PN,37,
2023-08-04,T2,1.8,11:01,11:40,44,0,115,9,23,2,78,1,102,12,0,0,2,1,0,0,10,5,0,0,2,3,0,0,0,0,0,0,0,0,0,0,0,0,0,0,0,0,0,0,0,0,0,0,0,0,PN,386,
2023-08-04,T1,0.6,11:53,12:00,0,0,6,0,0,0,0,0,0,0,0,0,0,0,0,0,0,0,0,0,0,0,0,0,0,0,0,0,0,0,0,0,0,0,0,0,0,0,0,0,0,0,0,0,0,0,PN,6,
2023-08-04,T3,1.2,,,,,,,,,,,,,,,,,,,,,,,,,,,,,,,,,,,,,,,,,,,,,,,,,PN,,Transect not done due to inaccessibility
2023-09-13,M1,1.2,6:37,6:55,275,23,64,6,0,17,2,44,9,0,0,0,0,0,4,0,6,0,0,0,0,0,0,0,0,0,0,0,0,0,0,0,0,0,0,0,0,0,0,0,0,0,0,0,0,0,PN,440,
2023-09-13,M3,1.2,7:10,7:25,64,4,12,2,0,0,6,1,6,0,0,0,0,0,2,0,0,0,0,0,0,0,0,0,2,0,0,0,0,0,0,0,0,0,2,0,0,0,0,0,0,0,8,0,0,0,PN,95,
2023-09-13,M2,1.2,7:45,7:59,0,0,4,0,24,2,8,3,78,4,0,0,0,0,0,0,0,0,0,0,0,0,0,0,0,0,0,0,0,0,0,0,0,0,0,0,0,0,0,0,0,0,0,0,0,0,PN,123,
2023-09-13,E1,1.5,8:09,8:30,0,0,101,14,14,0,0,0,9,0,0,0,0,0,4,0,0,0,0,0,0,0,0,0,0,0,0,0,0,0,0,0,0,0,0,0,0,0,0,0,0,0,0,0,0,0,PN,138,
2023-09-13,E2,1.2,8:39,8:54,0,0,40,5,18,0,0,0,0,0,0,0,0,0,6,2,0,0,0,0,0,0,0,0,0,0,0,0,0,0,0,0,0,0,0,0,0,0,0,0,0,0,0,0,0,0,PN,63,
2023-09-13,E3,1.2,9:10,9:27,1,0,27,6,4,0,0,0,0,0,0,0,9,3,0,0,0,0,0,0,0,0,0,0,0,0,0,0,0,0,0,0,0,0,0,0,0,0,0,0,0,0,16,4,0,0,PN,38,
2023-09-13,L3,1.2,9:50,10:10,94,17,0,0,0,0,77,4,21,0,0,0,4,0,4,0,0,0,0,0,0,0,0,0,4,0,0,0,0,0,0,0,0,0,0,0,0,0,0,0,0,0,0,0,0,0,PN,213,
2023-09-13,L1,1.2,10:16,10:25,0,0,28,5,14,3,0,0,0,0,0,0,0,0,2,0,0,0,0,0,0,0,0,0,0,0,0,0,0,0,0,0,0,0,0,0,0,0,0,0,0,0,0,0,0,0,PN,50,
2023-09-13,L2,1.2,10:32,10:43,6,0,19,2,11,0,31,0,9,0,0,0,7,1,0,0,0,0,0,0,0,0,0,0,0,0,0,0,0,0,0,0,0,0,0,0,0,0,0,0,0,0,0,0,0,0,PN,78,
2023-09-13,S1,1.2,10:51,11:02,57,7,48,6,44,8,9,0,0,0,0,0,8,2,4,0,0,0,0,0,0,0,0,0,0,0,2,0,0,0,0,0,0,0,0,0,0,0,0,0,0,0,0,0,0,0,PN,179,
2023-09-13,N3,0.6,11:13,11:23,0,0,12,0,0,0,8,0,0,0,0,0,0,0,0,0,0,0,0,0,0,0,0,0,0,0,0,0,0,0,0,0,0,0,0,0,0,0,0,0,0,0,0,0,0,0,PN,20,
2023-09-13,N1,1.5,11:28,11:45,0,0,6,0,21,0,0,0,2,0,0,0,3,1,0,0,0,0,0,0,0,0,0,0,0,0,0,0,0,0,0,0,0,0,0,0,0,0,0,0,0,0,0,0,0,0,PN,29,
2023-09-13,N2,1.5,11:51,12:09,1,0,2,0,12,0,4,0,2,0,16,0,0,0,2,0,0,0,0,0,0,0,0,0,0,0,0,0,0,0,0,0,0,0,0,0,0,0,0,0,0,0,0,0,0,0,PN,21,
2023-09-14,E4,1.8,6:58,7:31,27,2,9,3,4,0,9,0,3,0,0,0,1,3,2,0,3,1,1,1,0,0,0,0,0,0,0,0,0,0,0,0,0,0,0,0,0,0,0,0,0,0,0,0,0,0,PN,57,
2023-09-14,A3,1.2,7:50,8:01,0,0,19,2,11,0,0,0,0,0,0,0,0,0,0,0,0,0,0,0,0,0,0,0,0,0,0,0,0,0,0,0,0,0,0,0,0,0,0,0,0,0,0,0,0,0,PN,32,
2023-09-14,A1,1.2,8:10,8:25,26,1,8,1,0,0,21,0,2,0,0,0,0,0,0,0,0,0,0,0,0,0,0,0,0,0,0,0,0,0,0,0,0,0,0,0,0,0,0,0,0,0,0,0,0,0,PN,59,
2023-09-14,A2,1.2,8:31,8:50,72,9,6,2,0,0,55,4,1,0,0,0,4,1,1,0,6,0,0,0,0,0,0,0,4,0,2,0,0,0,0,0,0,0,0,0,8,0,0,0,0,0,0,0,0,0,PN,149,
2023-09-14,F1,1.8,9:11,9:42,122,17,83,9,74,6,49,13,7,0,0,0,5,3,2,0,0,0,0,0,0,0,0,0,0,0,0,0,0,0,0,0,0,0,0,0,0,0,0,0,0,0,0,0,0,0,PN,380,
2023-09-14,F2,0.6,9:55,10:05,0,0,8,0,0,0,0,0,0,0,0,0,4,4,0,0,0,0,0,0,0,0,0,0,0,0,0,0,0,0,0,0,0,0,0,0,0,0,0,0,0,0,0,0,0,0,PN,8,
2023-09-14,T2,1.8,10:26,11:05,67,6,133,14,31,5,91,11,267,29,0,0,2,2,4,0,13,2,0,0,0,0,0,0,4,0,2,0,0,0,0,0,0,0,2,0,0,12,0,0,0,0,0,0,0,0,PN,654,
2023-09-14,T1,0.6,11:21,11:35,3,1,9,4,9,2,26,0,0,0,0,0,3,0,0,0,1,0,0,0,0,0,0,0,0,0,0,0,0,0,0,0,0,0,0,0,0,0,0,0,0,0,0,0,0,0,PN,54,
2023-09-14,T3,1.2,,,,,,,,,,,,,,,,,,,,,,,,,,,,,,,,,,,,,,,,,,,,,,,,,PN,,Transect not done due to inaccessibility
2023-10-19,M1,1.2,6:41,6:51,5,0,0,0,2,0,0,0,1,0,0,0,0,0,0,0,0,0,0,0,0,0,0,0,0,0,0,0,0,0,0,0,0,0,0,0,0,0,0,0,0,0,0,0,0,0,PN,8,
2023-10-19,M3,1.2,6:59,7:08,0,0,0,0,0,0,1,0,0,0,0,0,1,0,0,0,0,0,0,0,0,0,0,0,0,0,0,0,0,0,0,0,0,0,2,0,0,0,0,0,0,0,0,0,0,0,PN,1,
2023-10-19,M2,1.2,7:27,7:39,241,13,27,0,0,0,0,0,23,0,0,0,0,0,0,0,0,0,0,0,0,0,0,0,0,0,0,0,0,0,0,0,0,0,0,0,0,0,0,0,0,0,0,0,0,0,PN,304,
2023-10-19,E1,1.5,8:04,8:19,0,0,0,0,0,0,0,0,4,0,0,0,0,0,0,0,3,0,0,0,0,0,0,0,0,0,0,0,0,0,0,0,0,0,0,0,0,0,0,0,0,0,0,0,0,0,PN,4,
2023-10-19,E2,1.2,8:26,8:38,0,0,0,0,0,0,0,0,316,21,0,0,0,0,2,1,0,0,0,0,0,0,0,0,0,0,0,0,0,0,0,0,0,0,0,0,0,0,0,0,0,0,0,0,0,0,PN,337,
2023-10-19,E3,1.2,8:52,9:03,32,5,43,7,0,0,0,0,0,0,0,0,1,0,0,0,0,0,0,0,0,0,0,0,0,0,0,0,0,0,0,0,0,0,0,0,0,0,0,0,0,0,0,0,0,0,PN,87,
2023-10-19,L3,1.2,9:33,9:56,79,0,0,0,0,0,232,5,0,0,0,0,7,2,0,0,0,0,0,0,3,0,0,0,0,0,0,0,0,0,0,0,0,0,0,0,0,0,0,0,0,0,0,0,0,0,PN,316,
2023-10-19,L1,1.2,10:02,10:11,0,0,0,0,0,0,0,0,0,0,0,0,0,0,0,0,0,0,0,0,0,0,0,0,0,0,0,0,0,0,0,0,0,0,0,0,0,0,0,0,0,0,0,0,0,0,PN,0,
2023-10-19,L2,1.2,10:18,10:27,1,0,0,0,0,0,1,0,0,0,0,0,1,0,0,0,0,0,0,0,0,0,0,0,0,0,0,0,0,0,0,0,0,0,0,0,0,0,0,0,0,0,0,0,0,0,PN,2,
2023-10-19,S1,1.2,10:37,10:46,0,0,0,0,0,0,7,0,0,0,0,0,0,0,2,0,0,0,0,0,0,0,0,0,0,0,0,0,0,0,0,0,0,0,2,0,0,0,0,0,0,0,0,0,0,0,PN,7,
2023-10-19,N3,0.6,10:58,11:03,0,0,0,0,0,0,0,0,0,0,0,0,0,0,0,0,0,0,0,0,1,0,0,0,0,0,0,0,0,0,0,0,0,0,0,0,0,0,0,0,0,0,0,0,0,0,PN,0,
2023-10-19,N1,1.5,11:20,11:40,0,0,0,0,0,0,0,0,0,0,0,0,0,0,0,0,12,1,1,0,0,0,0,0,0,0,0,0,0,0,0,0,0,0,0,0,0,0,0,0,0,0,0,0,0,0,PN,0,
2023-10-19,N2,1.5,11:45,12:08,7,0,3,1,0,0,0,0,0,0,0,0,0,0,0,0,0,0,0,0,0,0,0,0,0,0,0,0,0,0,0,0,0,0,0,0,0,0,0,0,0,0,0,0,0,0,PN,11,
2023-10-20,E4,1.8,7:07,7:23,0,0,54,2,0,0,13,0,0,0,0,0,5,0,2,0,0,0,0,0,0,0,0,0,0,0,0,0,0,0,0,0,0,0,0,0,0,0,0,0,0,0,0,0,0,0,PN,69,
2023-10-20,A3,1.2,7:38,7:45,0,0,0,0,0,0,1,0,0,0,0,0,0,0,0,0,0,0,0,0,0,0,0,0,0,0,0,0,0,0,0,0,0,0,0,0,0,0,0,0,0,0,0,0,0,0,PN,1,
2023-10-20,A1,1.2,7:52,8:06,0,0,29,2,32,1,74,0,0,0,0,0,0,0,0,0,0,0,0,0,0,0,0,0,0,0,0,0,0,0,0,0,0,0,0,0,0,0,0,0,0,0,0,0,0,0,PN,138,
2023-10-20,A2,1.2,8:10,8:22,1,0,0,0,19,0,15,0,0,0,0,0,1,0,0,0,0,0,0,0,0,0,1,0,0,0,0,0,0,0,0,0,0,0,0,0,0,0,0,0,0,0,0,0,0,0,PN,35,
2023-10-20,F1,1.8,8:32,9:02,236,19,44,0,90,0,85,1,0,0,0,0,12,2,1,0,0,0,0,0,1,0,0,0,0,0,0,0,0,0,0,0,0,0,0,0,0,0,0,0,0,0,0,0,0,0,PN,475,
2023-10-20,F2,0.6,9:41,9:46,25,0,0,0,10,1,0,0,0,0,0,0,2,0,0,0,0,0,0,0,0,0,0,0,0,0,0,0,0,0,0,0,0,0,0,0,0,0,0,0,0,0,0,0,0,0,PN,36,
2023-10-20,T2,1.8,10:34,10:55,101,18,27,2,38,0,87,0,1,0,0,0,3,0,0,0,0,0,0,0,0,0,0,0,0,0,0,0,0,0,0,0,0,0,0,0,0,0,0,0,0,0,0,0,0,0,PN,274,
2023-10-20,T1,0.6,11:07,11:13,0,0,0,0,18,2,11,0,2,0,0,0,4,1,0,0,0,0,0,0,0,0,0,0,0,0,0,0,0,0,0,0,0,0,0,0,0,0,0,0,0,0,0,0,0,0,PN,33,
2023-10-20,T3,1.2,,,,,,,,,,,,,,,,,,,,,,,,,,,,,,,,,,,,,,,,,,,,,,,,,PN,,Transect not done due to inaccessibility
2023-11-11,M1,1.2,6:35,6:48,5,0,3,0,9,0,0,0,17,0,0,0,0,0,0,0,0,0,0,0,0,0,0,0,0,0,0,0,0,0,0,0,0,0,0,0,0,0,0,0,0,0,0,0,0,0,PN,34,
2023-11-11,M3,1.2,6:55,7:12,280,23,0,0,5,0,5,1,0,0,0,0,0,0,0,0,0,0,0,0,0,0,0,0,0,0,0,0,0,0,0,0,0,0,3,0,0,0,0,0,0,0,0,0,0,0,PN,314,
2023-11-11,M2,1.2,7:35,7:47,1,0,36,3,0,0,0,0,4,0,0,0,0,0,0,0,22,7,0,0,0,0,0,0,0,0,0,0,0,0,0,0,0,0,0,0,0,0,0,0,0,0,0,0,0,0,PN,44,
2023-11-11,E1,1.5,8:02,8:15,0,0,0,0,0,0,0,0,0,0,0,0,0,0,0,0,0,0,0,0,0,0,0,0,0,0,0,0,0,0,0,0,0,0,0,0,0,0,0,0,0,0,0,0,0,0,PN,0,
2023-11-11,E2,1.2,8:22,8:31,0,0,45,4,0,0,0,0,0,0,0,0,0,0,0,0,0,0,0,0,0,0,0,0,0,0,0,0,0,0,0,0,0,0,0,0,0,0,0,0,0,0,0,0,0,0,PN,49,
2023-11-11,E3,1.2,8:41,8:52,0,0,0,0,0,0,2,0,0,0,0,0,0,0,1,0,0,0,1,0,0,0,0,0,0,0,0,0,0,0,0,0,0,0,0,0,0,0,0,0,0,0,0,0,0,0,PN,2,
2023-11-11,L3,1.2,9:05,9:32,136,6,1,0,2,0,142,1,1,0,0,0,1,0,0,0,0,0,0,0,7,0,0,0,0,0,3,0,0,0,0,0,0,0,0,0,0,0,0,0,0,0,0,0,0,0,PN,289,
2023-11-11,L1,1.2,9:41,9:52,44,0,0,0,19,0,2,0,3,0,0,0,0,0,3,0,0,0,0,0,0,0,0,0,0,0,0,0,0,0,0,0,0,0,0,0,0,0,0,0,0,0,0,0,0,0,PN,68,
2023-11-11,L2,1.2,9:56,10:09,16,0,8,0,0,0,0,47,0,3,0,0,2,0,0,0,0,0,0,0,0,3,0,0,0,0,0,0,0,0,0,0,0,0,0,0,0,0,0,0,0,0,0,0,0,0,PN,74,
2023-11-11,S1,1.2,10:23,10:47,34,2,9,0,13,1,19,0,7,0,0,0,0,0,0,0,0,0,0,0,0,0,0,0,0,0,0,0,0,0,0,0,0,0,0,0,26,0,0,0,0,0,0,0,0,0,PN,85,
2023-11-11,N3,0.6,11:02,11:08,0,0,0,0,0,0,0,0,0,0,0,0,0,0,0,0,0,0,0,0,0,0,0,0,0,0,0,0,0,0,0,0,0,0,0,0,0,0,0,0,0,0,0,0,0,0,PN,0,
2023-11-11,N1,1.5,11:14,11:33,551,40,46,1,5,0,0,0,0,0,1,0,0,0,4,0,0,0,0,0,0,0,0,0,0,0,0,0,0,0,0,0,0,0,0,0,0,0,0,0,0,0,0,0,0,0,PN,643,
2023-11-11,N2,1.5,11:47,11:33,0,0,0,0,0,0,0,0,0,0,0,0,0,0,0,0,4,0,0,0,0,0,0,0,0,0,0,0,0,0,0,0,0,0,0,0,0,0,0,0,0,0,0,0,0,0,PN,0,
2023-11-12,E4,1.8,6:59,7:31,16,0,0,0,3,0,2,0,3,0,0,0,4,0,0,0,1,0,0,0,1,2,0,0,0,0,0,0,0,0,0,0,0,0,2,0,0,0,0,0,0,0,0,0,0,0,PN+MM,24,
2023-11-12,A3,1.2,7:57,8:09,0,0,0,0,0,0,0,0,13,0,0,0,1,0,1,0,0,0,0,0,0,0,1,0,0,0,0,0,0,0,0,0,0,0,0,0,0,0,0,0,0,0,0,0,0,0,PN+MM,13,
2023-11-12,A1,1.2,8:44,9:00,11,0,11,0,6,0,61,1,0,0,0,0,0,0,0,0,0,0,0,0,1,0,0,0,0,0,1,0,0,0,0,0,0,0,0,0,6,0,0,0,0,0,0,0,0,0,PN+MM,90,
2023-11-12,A2,1.2,9:04,9:17,5,0,30,1,0,0,74,0,0,0,0,0,0,0,0,0,0,0,0,0,1,0,0,0,0,0,0,0,0,0,0,0,4,0,0,0,0,0,0,0,0,0,0,0,0,0,PN+MM,110,
2023-11-12,F1,1.8,9:32,10:03,50,0,76,1,88,0,95,0,107,6,0,0,10,0,2,0,0,0,0,0,1,0,0,0,0,0,0,0,0,0,0,0,0,0,0,0,2,0,0,0,0,0,0,0,0,0,PN+MM,423,
2023-11-12,F2,0.6,10:13,10:20,22,0,7,0,0,0,0,0,0,0,0,0,0,0,0,0,0,0,0,0,0,0,0,0,0,0,0,0,0,0,0,0,0,0,0,0,0,0,0,0,0,0,0,0,0,0,PN+MM,29,
2023-11-12,T2,1.8,11:00,11:21,107,1,39,2,53,0,137,1,1,0,0,0,6,0,4,0,0,0,0,0,0,0,0,0,1,0,0,0,0,0,0,0,0,0,0,0,10,0,0,0,0,0,0,0,0,0,PN+MM,341,
2023-11-12,T1,0.6,11:32,11:37,37,0,0,0,0,0,0,0,10,0,0,0,2,0,0,0,0,0,0,0,0,0,0,0,0,0,0,0,0,0,0,0,0,0,0,0,0,0,0,0,0,0,0,0,0,0,PN+MM,47,
2023-11-12,T3,1.2,,,,,,,,,,,,,,,,,,,,,,,,,,,,,,,,,,,,,,,,,,,,,,,,,PN+MM,,Transect not done due to inaccessibility
2023-12-17,M1,1.2,6:35,6:48,14,0,4,0,0,0,0,0,25,0,0,0,0,0,0,0,10,0,0,0,0,0,0,0,0,0,0,0,0,0,0,0,0,0,0,0,0,0,0,0,0,0,0,0,0,0,PN+MM,43,
2023-12-17,M3,1.2,6:54,7:09,135,0,44,2,10,0,6,0,5,0,0,0,0,0,0,0,0,0,0,0,3,0,0,0,0,0,0,0,0,0,0,0,0,0,0,0,0,0,0,0,0,0,0,0,0,0,PN+MM,202,
2023-12-17,M2,1.2,7:25,7:39,0,0,0,0,0,0,0,0,6,0,0,0,0,0,3,0,0,0,0,0,0,0,0,0,0,0,0,0,0,0,0,0,0,0,0,0,0,0,0,0,0,0,0,0,0,0,PN+MM,6,counted from road
2023-12-17,E2,1.2,7:59,8:08,0,0,0,0,0,0,0,0,0,0,0,0,0,0,0,0,0,0,0,0,0,0,0,0,0,0,0,0,0,0,0,0,0,0,0,0,0,0,0,0,0,0,0,0,0,0,PN+MM,0,
2023-12-17,E1,1.5,8:10,8:14,0,0,0,0,0,0,0,0,0,0,0,0,0,0,0,0,0,0,0,0,0,0,0,0,0,0,0,0,0,0,0,0,0,0,0,0,0,0,0,0,0,0,0,0,0,0,PN+MM,0,The area scanned from far due to inaccessibililty
2023-12-17,E3,1.2,8:28,8:38,0,0,0,0,0,0,0,0,0,0,0,0,0,0,0,0,0,0,0,0,0,0,0,0,0,0,0,0,0,0,0,0,0,0,0,0,2,0,0,0,0,0,1,0,0,0,PN+MM,0,
2023-12-17,L3,1.2,8:52,9:14,106,3,34,1,1,0,67,2,147,1,0,0,5,0,0,0,4,0,0,0,0,0,0,0,0,0,1,0,0,0,0,0,0,0,0,0,0,0,0,0,0,0,0,0,0,0,PN+MM,362,
2023-12-17,L1,1.2,9:19,9:27,0,0,2,0,10,0,0,0,0,0,0,0,3,0,0,0,0,0,0,0,0,0,0,0,0,0,0,0,0,0,0,0,0,0,0,0,0,0,0,0,0,0,1,0,0,0,PN+MM,12,
2023-12-17,L2,1.2,9:29,9:40,13,0,0,0,15,0,30,0,12,0,0,0,7,0,0,0,0,0,0,0,0,0,0,0,0,0,0,0,0,0,0,0,0,0,0,0,0,0,0,0,0,0,0,0,0,0,PN+MM,70,
2023-12-17,S1,1.2,9:53,10:09,106,0,104,0,30,0,26,0,4,0,0,0,1,0,0,0,0,0,0,0,0,0,0,0,0,0,0,0,0,0,0,0,0,0,0,0,2,0,0,0,0,0,0,0,0,0,PN+MM,270,
2023-12-17,N3,0.6,10:18,10:22,0,0,0,0,0,0,0,0,0,0,0,0,0,0,0,0,0,0,0,0,0,0,0,0,0,0,0,0,0,0,0,0,0,0,0,0,0,0,0,0,0,0,0,0,0,0,PN+MM,0,
2023-12-17,N1,1.5,10:26,10:37,0,0,0,0,0,0,0,0,0,0,0,0,0,0,0,0,0,0,0,0,0,0,0,0,0,0,0,0,0,0,0,0,0,0,0,0,0,0,0,0,0,0,0,0,0,0,PN+MM,0,
2023-12-17,N2,1.5,10:43,10:48,0,0,0,0,0,0,0,0,51,0,0,0,0,0,0,0,0,0,1,0,0,0,0,0,0,0,0,0,0,0,0,0,0,0,0,0,0,0,0,0,0,0,0,0,0,0,PN+MM,51,
2023-12-18,E4,1.8,,,,,,,,,,,,,,,,,,,,,,,,,,,,,,,,,,,,,,,,,,,,,,,,,PN+MM,,Transect not done due to inaccessibility
2023-12-18,A3,1.2,7:26,7:45,86,0,130,0,40,0,0,0,0,0,0,0,5,0,0,0,0,0,0,0,0,0,0,0,0,0,0,0,0,0,0,0,0,0,0,0,0,0,0,0,0,0,0,0,0,0,PN+MM,256,
2023-12-18,A1,1.2,7:58,8:16,130,0,103,2,4,0,39,2,0,0,0,0,0,0,0,0,0,0,0,0,1,1,0,0,0,0,0,0,0,0,0,0,0,0,0,0,19,0,0,0,0,0,0,0,0,0,PN+MM,280,
2023-12-18,A2,1.2,8:20,8:41,151,0,378,2,3,0,186,0,0,0,0,0,1,0,0,0,0,0,0,0,1,0,0,0,0,0,0,0,0,0,0,0,0,0,0,0,0,0,0,0,0,0,0,0,0,0,PN+MM,720,
2023-12-18,F1,1.8,8:52,9:22,46,0,2,0,93,0,98,0,0,0,0,0,8,0,0,0,0,0,0,0,8,0,7,3,0,0,0,0,0,0,0,0,0,0,0,0,0,0,0,0,0,0,0,0,0,0,PN+MM,239,
2023-12-18,F2,0.6,9:33,9:38,0,0,0,0,0,0,0,0,0,0,0,0,1,0,0,0,0,0,0,0,0,0,0,0,0,0,0,0,0,0,0,0,0,0,0,0,0,0,0,0,0,0,0,0,0,0,PN+MM,0,
2023-12-18,T2,1.8,10:12,10:29,66,0,7,0,15,0,39,1,81,0,0,0,2,0,2,0,0,0,0,0,0,0,0,0,0,0,0,0,0,0,0,0,0,0,0,0,7,0,0,0,0,0,0,0,0,0,PN+MM,209,
2023-12-18,T1,0.6,10:38,10:48,0,0,0,0,1,0,0,0,0,0,0,0,0,0,0,0,0,0,0,0,0,0,0,0,0,0,0,0,0,0,0,0,0,0,0,0,2,0,0,0,0,0,0,0,0,0,PN+MM,1,
2023-12-18,T3,1.2,,,,,,,,,,,,,,,,,,,,,,,,,,,,,,,,,,,,,,,,,,,,,,,,,PN+MM,0,Transect not done due to inaccessibility
2024-01-09,A1,1.2,7:09,7:40,85,0,68,3,1,0,207,2,0,0,0,0,0,0,0,0,1,0,0,0,1,0,0,0,0,0,0,0,0,0,0,0,0,0,0,0,2,0,0,0,0,0,0,0,0,0,DM+PN,366,
2024-01-09,A3,1.2,8:05,8:28,393,3,187,1,39,0,13,0,115,21,0,0,5,0,0,0,1,0,0,0,0,0,0,0,0,0,0,0,0,0,0,0,0,0,0,0,0,0,0,0,0,0,0,0,0,0,DM+PN,772,
2024-01-09,A2,1.2,8:48,9:04,178,0,27,0,10,0,169,8,0,0,0,0,0,0,0,0,0,0,0,0,0,0,0,0,0,0,0,0,0,0,0,0,0,0,0,0,0,0,0,0,0,0,0,0,0,0,DM+PN,392,
2024-01-09,F1,1.8,9:18,9:41,20,0,32,0,82,0,39,0,0,0,0,0,14,7,0,0,0,0,0,0,3,0,0,0,0,0,0,0,0,0,0,0,0,0,2,0,0,0,0,0,0,0,0,0,0,0,DM+PN,173,
2024-01-09,F2,0.6,9:59,10:09,0,0,0,0,0,0,0,0,0,0,0,0,0,0,0,0,0,0,0,0,0,0,0,0,0,0,0,0,0,0,0,0,0,0,0,0,0,0,0,0,0,0,0,0,0,0,DM+PN,0,
2024-01-09,T2,1.8,11:05,11:27,98,0,40,0,12,0,151,6,0,0,0,0,6,2,0,0,0,0,0,0,3,0,0,0,0,0,0,0,0,0,0,0,0,0,0,0,4,0,0,0,0,0,0,0,0,0,DM+PN,307,
2024-01-09,T1,0.6,11:50,11:55,0,0,0,0,0,0,0,0,0,0,0,0,0,0,0,0,0,0,0,0,0,0,0,0,0,0,0,0,0,0,0,0,0,0,0,0,0,0,0,0,0,0,0,0,0,0,DM+PN,0,
2024-01-09,T3,1.2,,,,,,,,,,,,,,,,,,,,,,,,,,,,,,,,,,,,,,,,,,,,,,,,,DM+PN,0,Transect not done due to inaccessibility
2024-01-10,M1,1.2,6:40,6:56,17,0,3,0,1,0,0,0,151,18,0,0,0,0,0,0,0,0,0,0,1,0,0,0,0,0,0,0,0,0,0,0,0,0,0,0,0,0,0,0,0,0,0,0,0,0,DM+PN,190,
2024-01-10,M3,1.2,7:04,7:15,109,0,45,2,0,0,3,0,0,0,0,0,0,0,0,0,7,0,0,0,0,0,0,0,0,0,0,0,0,0,0,0,0,0,0,0,0,0,0,0,0,0,0,0,0,0,DM+PN,159,
2024-01-10,M2,1.2,7:32,7:40,0,0,0,0,0,0,0,0,273,15,0,0,0,0,0,0,0,0,0,0,0,0,0,0,0,0,0,0,0,0,0,0,0,0,0,0,0,0,0,0,0,0,0,0,0,0,DM+PN,288,counted from road
2024-01-10,E4,1.8,,,,,,,,,,,,,,,,,,,,,,,,,,,,,,,,,,,,,,,,,,,,,,,,,DM+PN,0,Transect not done due to inaccessibility
2024-01-10,E2,1.2,7:58,8:00,0,0,0,0,0,0,0,0,0,0,0,0,0,0,8,0,0,0,0,0,0,0,0,0,0,0,0,0,0,0,0,0,0,0,0,0,0,0,0,0,0,0,0,0,0,0,DM+PN,0,counted from road
2024-01-10,E1,1.5,,,,,,,,,,,,,,,,,,,,,,,,,,,,,,,,,,,,,,,,,,,,,,,,,DM+PN,0,Transect not done due to inaccessibility
2024-01-10,E3,1.2,8:09,8:12,0,0,0,0,0,0,0,0,0,0,0,0,0,0,0,0,0,0,0,0,0,0,0,0,0,0,0,0,0,0,0,0,0,0,0,0,0,0,0,0,0,0,1,0,0,0,DM+PN,0,
2024-01-10,L3,1.2,8:23,8:40,11,0,0,0,0,0,91,4,11,0,0,0,0,0,0,0,0,0,0,0,2,0,0,0,1,0,0,0,0,0,0,0,0,0,3,0,2,0,0,0,0,0,0,0,0,0,DM+PN,117,
2024-01-10,L1,1.2,8:46,8:57,11,0,3,0,4,0,5,0,0,0,0,0,0,0,0,0,0,0,0,0,0,0,0,0,0,0,0,0,0,0,0,0,0,0,0,0,0,0,0,0,0,0,0,0,0,0,DM+PN,23,
2024-01-10,L2,1.2,9:04,9:14,12,0,16,0,0,0,15,0,3,0,0,0,0,0,0,0,0,0,0,0,1,0,0,0,0,0,0,0,0,0,0,0,0,0,2,0,1,0,0,0,0,0,6,0,0,0,DM+PN,46,
2024-01-10,S1,1.2,9:23,9:34,6,0,0,0,12,0,4,0,0,0,0,0,0,0,0,0,0,0,0,0,0,0,0,0,0,0,0,0,0,0,0,0,0,0,0,0,3,0,0,0,0,0,0,0,0,0,DM+PN,22,
2024-01-10,N3,0.6,9:46,9:52,0,0,0,0,0,0,0,0,0,0,0,0,0,0,0,0,0,0,0,0,0,0,0,0,0,0,0,0,0,0,0,0,0,0,0,0,0,0,0,0,0,0,0,0,0,0,DM+PN,0,
2024-01-10,N1,1.5,10:56,11:18,544,0,142,7,0,0,0,0,0,0,9,0,0,0,0,0,3,0,0,0,0,0,0,0,0,0,0,0,0,0,0,0,0,0,0,0,0,0,0,0,0,0,0,0,0,0,DM+PN,693,
2024-01-10,N2,1.5,11:24,11:36,0,0,0,0,0,0,0,0,3,0,1,0,0,0,9,0,1,0,1,0,0,0,0,0,0,0,0,0,0,0,0,0,0,0,0,0,0,0,0,0,0,0,0,0,0,0,DM+PN,3,
2024-02-02,M1,1.2,6:36,6:46,9,0,0,0,0,0,0,0,12,0,0,0,0,0,0,0,0,0,0,0,0,0,0,0,0,0,0,0,0,0,0,0,0,0,0,0,0,0,0,0,0,0,0,0,0,0,DM+PN,21,
2024-02-02,M3,1.2,6:53,7:09,79,6,0,0,0,0,0,0,0,0,0,0,0,0,0,0,0,0,0,0,11,0,0,0,0,0,0,0,0,0,0,0,0,0,0,0,0,0,0,0,0,0,0,0,0,0,DM+PN,85,
2024-02-02,M2,1.2,,,,,,,,,,,,,,,,,,,,,,,,,,,,,,,,,,,,,,,,,,,,,,,,,DM+PN,0,Transect not done due to inaccessibility
2024-02-02,E1,1.5,,,,,,,,,,,,,,,,,,,,,,,,,,,,,,,,,,,,,,,,,,,,,,,,,DM+PN,0,Transect not done due to inaccessibility
2024-02-02,E2,1.2,7:29,7:31,0,0,0,0,0,0,0,0,0,0,0,0,0,0,0,0,0,0,0,0,0,0,0,0,0,0,0,0,0,0,0,0,0,0,0,0,0,0,0,0,0,0,0,0,0,0,DM+PN,0,counted from road
2024-02-02,E3,1.2,7:43,7:54,0,0,0,0,0,0,0,0,0,0,0,0,0,0,0,0,0,0,0,0,0,0,0,0,0,0,0,0,0,0,0,0,0,0,0,0,0,0,0,0,0,0,8,0,0,0,DM+PN,0,
2024-02-02,E4,1.8,,,,,,,,,,,,,,,,,,,,,,,,,,,,,,,,,,,,,,,,,,,,,,,,,DM+PN,0,Transect not done due to inaccessibility
2024-02-02,L3,1.2,8:09,8:25,31,0,0,0,7,0,245,14,0,0,2,0,2,0,0,0,0,1,0,0,0,0,0,0,0,0,0,0,0,0,0,0,0,0,0,0,1,0,0,0,0,0,0,0,0,0,DM+PN,297,
2024-02-02,L1,1.2,8:33,8:43,0,0,0,0,7,0,1,0,0,0,0,0,0,0,0,0,0,0,0,0,0,0,0,0,0,0,0,0,0,0,0,0,0,0,0,0,0,0,0,0,0,0,0,0,0,0,DM+PN,8,
2024-02-02,L2,1.2,8:47,9:06,204,278,5,0,0,0,0,0,0,0,0,0,2,0,0,0,0,0,1,0,0,0,0,0,0,0,0,0,0,0,0,0,0,0,1,0,0,0,0,0,0,0,0,0,0,0,DM+PN,487,
2024-02-02,S1,1.2,9:15,9:30,51,5,56,1,7,0,5,0,0,0,0,0,1,0,0,0,0,0,1,0,0,0,0,0,0,0,0,0,0,0,0,0,0,0,1,0,0,0,0,0,0,0,0,0,0,0,DM+PN,125,
2024-02-02,N3,0.6,9:42,9:50,0,0,0,0,0,0,0,0,1,0,0,0,0,0,0,0,0,0,0,0,0,0,0,0,0,0,0,0,0,0,0,0,0,0,0,0,0,0,0,0,0,0,0,0,0,0,DM+PN,1,
2024-02-02,N1,1.5,9:56,10:12,0,0,0,0,0,0,0,0,6,0,0,0,0,0,0,0,0,0,0,0,0,0,0,0,0,0,0,0,0,0,0,0,0,0,0,0,0,0,0,0,0,0,0,0,0,0,DM+PN,6,
2024-02-02,N2,1.5,10:18,10:24,0,0,0,0,0,0,0,0,0,0,10,0,0,0,5,0,0,0,2,0,0,0,0,0,0,0,0,0,0,0,0,0,0,0,0,0,0,0,0,0,0,0,0,0,0,0,DM+PN,0,
2024-02-03,A1,1.2,7:05,7:23,93,0,88,14,1,0,115,0,0,0,0,0,0,0,0,0,25,4,0,0,0,0,0,0,0,0,0,0,0,0,0,0,0,0,0,0,2,0,0,0,0,0,0,0,0,0,DM+PN,311,
2024-02-03,A3,1.2,7:52,8:10,109,1,58,1,38,0,27,0,8,0,0,0,6,0,0,0,1,0,0,0,0,0,0,0,0,0,0,0,0,0,0,0,0,0,0,0,0,0,0,0,0,0,0,0,0,0,DM+PN,242,
2024-02-03,A2,1.2,8:36,8:50,144,14,66,7,2,0,132,0,0,0,0,0,0,0,0,0,0,0,0,0,0,0,0,0,0,0,0,0,0,0,0,0,0,0,0,0,0,0,0,0,0,0,0,0,0,0,DM+PN,365,
2024-02-03,F1,1.8,9:08,9:31,94,5,75,7,35,2,102,0,50,0,0,0,8,0,0,0,0,0,1,0,0,0,0,0,0,0,0,0,0,0,0,0,0,0,0,0,0,0,0,0,0,0,0,0,0,0,DM+PN,370,
2024-02-03,F2,0.6,9:43,9:52,0,0,0,0,0,0,0,0,0,0,0,0,0,0,0,0,0,0,0,0,0,0,0,0,0,0,0,0,0,0,0,0,0,0,0,0,0,0,0,0,0,0,0,0,0,0,DM+PN,0,
2024-02-03,T2,1.8,10:36,10:50,73,9,7,0,2,0,19,0,256,21,0,0,0,0,2,0,0,0,0,0,1,0,0,0,1,0,0,0,0,0,0,0,0,0,0,0,6,0,0,0,0,0,0,0,0,0,DM+PN,387,
2024-02-03,T1,0.6,11:06,11:11,0,0,0,0,0,0,0,0,1,0,0,0,1,2,0,0,0,0,0,0,0,0,0,0,0,0,0,0,0,0,0,0,0,0,0,0,1,0,0,0,0,0,0,0,0,0,DM+PN,1,
2024-02-03,T3,1.2,,,,,,,,,,,,,,,,,,,,,,,,,,,,,,,,,,,,,,,,,,,,,,,,,DM+PN,0,
2024-03-02,M1,1.2,6:36,6:51,359,16,0,0,4,0,0,0,9,0,1,0,0,0,0,0,0,0,0,0,0,0,0,0,0,0,0,0,0,0,0,0,0,0,0,0,0,0,0,0,0,0,0,0,0,0,DM+PN,388,
2024-03-02,M3,1.2,6:58,7:20,170,34,15,4,0,0,16,1,0,0,0,0,0,0,0,0,0,0,0,0,5,5,0,0,0,0,0,0,0,0,0,0,0,0,0,0,0,0,0,0,0,0,0,0,0,0,DM+PN,240,
2024-03-02,M2,1.2,7:40,7:48,6,0,0,0,1,0,0,0,0,0,0,0,0,0,0,0,0,0,0,0,0,0,0,0,0,0,0,0,0,0,0,0,0,0,0,0,0,0,0,0,0,0,0,0,0,0,DM+PN,7,
2024-03-02,E1,1.5,,,,,,,,,,,,,,,,,,,,,,,,,,,,,,,,,,,,,,,,,,,,,,,,,DM+PN,0,Transect not done due to inaccessibility
2024-03-02,E2,1.0,11:01,11:04,0,0,0,0,0,0,0,0,0,0,2,0,0,0,0,0,0,0,0,0,0,0,0,0,0,0,0,0,0,0,0,0,0,0,0,0,0,0,0,0,0,0,0,0,0,0,DM+PN,0,counted from road
2024-03-02,E3,1.2,11:15,11:29,0,0,0,0,0,0,0,0,0,0,0,0,0,0,0,0,0,0,1,0,0,0,0,0,0,0,0,0,0,0,0,0,0,0,0,0,0,0,0,0,0,0,0,0,0,0,DM+PN,0,
2024-03-02,L3,1.2,11:46,11:59,17,0,19,0,8,0,125,2,207,11,0,0,3,0,0,0,9,0,0,0,0,0,0,0,0,0,0,0,0,0,0,0,0,0,0,0,0,0,0,0,0,0,0,0,0,0,DM+PN,389,
2024-03-02,L1,1.2,12:06,12:16,0,0,0,0,0,0,0,0,0,0,0,0,1,1,0,0,0,0,0,0,0,0,0,0,0,0,0,0,0,0,0,0,0,0,0,0,0,0,0,0,0,0,0,0,0,0,DM+PN,0,
2024-03-02,L2,1.2,12:20,12:33,8,0,0,0,13,0,66,0,0,0,0,0,8,9,2,0,0,0,0,0,0,0,0,0,0,0,0,0,0,0,0,0,0,0,1,0,6,0,0,0,0,0,0,0,0,0,DM+PN,87,
2024-03-03,S1,1.2,11:24,11:33,1,0,0,0,13,0,9,0,5,0,0,0,0,0,0,0,0,0,0,0,0,0,0,0,0,0,0,0,0,0,0,0,0,0,0,0,0,0,0,0,0,0,0,0,0,0,DM+PN,28,
2024-03-03,N3,0.6,11:44,11:49,0,0,0,0,0,0,0,0,0,0,0,0,0,0,0,0,0,0,0,0,0,0,0,0,0,0,0,0,0,0,0,0,0,0,0,0,0,0,0,0,0,0,0,0,0,0,DM+PN,0,
2024-03-03,N1,1.5,12:25,12:44,121,0,371,6,0,0,0,0,0,0,6,0,0,0,0,0,0,0,0,0,0,0,0,0,0,0,0,0,0,0,0,0,0,0,0,0,0,0,0,0,0,0,0,0,0,0,DM+PN,498,
2024-03-03,N2,1.5,12:49,12:57,1,0,3,0,0,0,0,0,0,0,0,0,0,0,0,0,0,0,0,0,0,0,0,0,0,0,0,0,0,0,0,0,0,0,0,0,0,0,0,0,0,0,0,0,0,0,DM+PN,4,Transect scanned from far due to inaccessibililty
2024-03-03,E4,1.8,7:09,7:37,510,75,349,17,10,0,1,0,0,0,0,0,3,0,0,0,0,0,1,0,0,0,0,0,0,0,0,0,0,0,0,0,0,0,0,0,2,0,0,0,0,0,0,0,0,0,DM+PN,962,
2024-03-03,A3,1.2,7:52,8:11,42,7,0,0,12,4,123,1,0,0,0,0,2,0,0,0,0,0,0,0,2,4,0,0,0,0,0,0,0,0,0,0,0,0,2,0,0,0,0,0,0,0,0,0,0,0,DM+PN,189,
2024-03-03,A1,1.2,8:22,8:33,24,1,0,0,9,0,9,0,0,0,0,0,0,0,0,0,0,0,0,0,0,0,0,0,0,0,0,0,0,0,0,0,0,0,0,0,0,0,0,0,0,0,0,0,0,0,DM+PN,43,
2024-03-03,A2,1.2,8:39,8:55,93,14,21,2,13,0,33,0,0,0,0,0,0,0,0,0,1,0,0,0,1,0,0,0,0,0,1,0,0,0,0,0,0,0,2,0,0,0,0,0,0,0,0,0,0,0,DM+PN,176,
2024-03-03,F1,1.8,9:09,9:32,13,0,0,0,65,1,64,0,174,7,0,0,8,2,0,0,1,0,0,0,0,0,0,0,0,0,0,0,0,0,0,0,0,0,0,0,1,0,0,0,0,0,0,0,0,0,DM+PN,324,
2024-03-03,F2,0.6,9:45,9:53,0,0,0,0,0,0,0,0,0,0,0,0,0,0,0,0,0,0,0,0,0,0,0,0,0,0,0,0,0,0,0,0,0,0,0,0,0,0,0,0,0,0,0,0,0,0,DM+PN,0,
2024-03-03,T2,1.8,10:34,10:54,51,5,73,5,19,0,77,0,177,6,0,0,0,0,0,0,0,0,0,0,0,0,0,0,0,0,0,0,0,0,0,0,0,0,0,0,0,0,0,0,0,0,26,10,0,0,DM+PN,413,
2024-03-03,T1,0.6,11:05,11:10,0,0,0,0,0,0,2,0,0,0,0,0,5,2,0,0,0,0,0,0,0,0,0,0,0,0,0,0,0,0,0,0,0,0,0,0,0,0,0,0,0,0,0,0,0,0,DM+PN,2,
2024-03-03,T3,1.2,,,,,,,,,,,,,,,,,,,,,,,,,,,,,,,,,,,,,,,,,,,,,,,,,DM+PN,,Transect not done due to inaccessibility
2024-04-07,M1,1.2,6:42,7:00,162,3,98,2,0,0,0,0,0,0,0,0,0,0,0,0,0,0,0,0,0,0,0,0,0,0,0,0,0,0,0,0,0,0,0,0,0,0,0,0,0,0,0,0,0,0,DM+PN,265,
2024-04-07,M3,1.2,7:26,7:42,211,21,120,23,0,0,0,0,12,0,0,0,0,0,0,0,0,0,0,0,0,0,0,0,0,0,0,0,0,0,0,0,0,0,0,0,0,0,0,0,0,0,0,0,0,0,DM+PN,387,
2024-04-07,M2,1.2,7:07,7:16,0,0,0,0,0,0,0,0,0,0,3,0,0,0,11,0,0,0,0,0,0,0,0,0,0,0,0,0,0,0,0,0,0,0,0,0,0,0,0,0,0,0,8,1,0,0,DM+PN,0,counted from road
2024-04-07,E1,1.5,,,,,,,,,,,,,,,,,,,,,,,,,,,,,,,,,,,,,,,,,,,,,,,,,DM+PN,,Transect not done due to inaccessibility
2024-04-07,E2,1.2,8:05,8:08,0,0,0,0,0,0,0,0,0,0,0,0,0,0,0,0,0,0,0,0,0,0,0,0,0,0,0,0,0,0,0,0,0,0,0,0,0,0,0,0,0,0,0,0,0,0,DM+PN,0,counted from road
2024-04-07,E3,1.2,8:16,8:21,0,0,0,0,2,0,0,0,0,0,0,0,0,0,0,0,0,0,0,0,0,0,0,0,0,0,0,0,0,0,0,0,0,0,0,0,0,0,0,0,0,0,0,0,0,0,DM+PN,2,
2024-04-07,L3,1.2,8:38,8:57,8,0,2,0,7,0,82,0,1,0,0,0,0,0,0,0,0,0,0,0,1,0,0,0,0,0,0,0,0,0,0,0,0,0,0,0,0,0,0,0,0,0,0,0,0,0,DM+PN,100,
2024-04-07,L1,1.2,9:07,9:17,16,0,1,0,0,0,0,0,0,0,0,0,1,0,0,0,0,0,0,0,0,0,0,0,0,0,0,0,0,0,0,0,0,0,3,0,0,0,0,0,0,0,0,0,0,0,DM+PN,17,
2024-04-07,L2,1.2,9:21,9:35,9,0,67,8,0,0,48,1,0,0,0,0,1,0,0,0,0,0,0,0,0,0,0,0,0,0,0,0,0,0,0,0,0,0,0,0,5,0,0,0,0,0,0,0,0,0,DM+PN,133,
2024-04-07,S1,1.2,9:50,10:04,1,0,26,3,6,0,0,0,0,0,0,0,0,0,0,0,0,0,0,0,0,0,0,0,0,0,0,0,0,0,0,0,0,0,0,0,0,0,0,0,0,0,0,0,0,0,DM+PN,36,
2024-04-07,N3,0.6,10:20,10:26,0,0,0,0,0,0,0,0,0,0,0,0,0,0,0,0,0,0,0,0,0,0,0,0,0,0,0,0,0,0,0,0,0,0,0,0,0,0,0,0,0,0,0,0,0,0,DM+PN,0,
2024-04-07,N1,1.5,10:33,10:53,141,0,0,0,0,0,0,0,0,0,1,0,0,0,0,0,0,0,1,0,1,0,0,0,0,0,0,0,0,0,0,0,0,0,0,0,0,0,0,0,0,0,0,0,0,0,DM+PN,141,
2024-04-07,N2,1.5,11:04,11:15,126,2,52,5,0,0,0,0,0,0,1,0,0,0,0,0,0,0,0,0,0,0,0,0,0,0,0,0,0,0,0,0,0,0,0,0,0,0,0,0,0,0,0,0,0,0,DM+PN,185,
2024-04-08,E4,1.8,,,,,,,,,,,,,,,,,,,,,,,,,,,,,,,,,,,,,,,,,,,,,,,,,DM+PN,,Transect not done due to inaccessibility
2024-04-08,A3,1.2,7:18,7:32,0,0,32,2,18,0,26,1,130,11,0,0,3,0,3,0,0,0,0,0,0,0,0,0,0,0,0,0,0,0,0,0,0,0,0,0,0,0,0,0,0,0,0,0,0,0,DM+PN,220,
2024-04-08,A1,1.2,7:45,07::55,0,0,0,0,11,0,57,2,0,0,0,0,0,0,0,0,0,0,0,0,0,0,0,0,0,0,0,0,0,0,0,0,0,0,0,0,1,0,0,0,0,0,0,0,0,0,DM+PN,70,
2024-04-08,A2,1.2,7:59,8:10,5,0,14,0,24,2,103,0,0,0,0,0,0,0,0,0,0,0,0,0,1,0,0,0,0,0,0,0,0,0,0,0,0,0,3,0,0,0,0,0,0,0,0,0,0,0,DM+PN,148,
2024-04-08,F1,1.8,8:18,9:12,6,0,53,0,49,3,56,1,0,0,0,0,7,0,0,0,0,0,1,0,0,0,0,0,0,0,0,0,0,0,2,0,0,0,0,0,0,0,0,0,0,0,0,0,0,0,DM+PN,168,
2024-04-08,F2,0.6,9:22,9:28,0,0,0,0,0,0,0,0,0,0,0,0,0,0,0,0,0,0,0,0,0,0,0,0,0,0,0,0,0,0,0,0,0,0,0,0,0,0,0,0,0,0,0,0,0,0,DM+PN,0,
2024-04-08,T2,1.8,9:51,10:06,21,2,4,1,6,0,71,1,0,0,0,0,0,0,0,0,0,0,0,0,0,0,0,0,0,0,0,0,0,0,0,0,0,0,0,0,0,0,0,0,0,0,0,0,0,0,DM+PN,106,
2024-04-08,T1,0.6,10:16,10:22,20,4,3,1,0,0,4,0,1,0,0,0,0,0,0,0,0,0,0,0,0,0,0,0,0,0,0,0,0,0,0,0,0,0,0,0,0,0,0,0,0,0,0,0,0,0,DM+PN,33,
2024-04-08,T3,1.2,,,,,,,,,,,,,,,,,,,,,,,,,,,,,,,,,,,,,,,,,,,,,,,,,DM+PN,,Transect not done due to inaccessibility
2024-05-01,M1,1.2,6:30,6:43,462,68,12,0,0,0,0,0,0,0,0,0,0,0,0,0,0,0,0,0,0,0,0,0,0,0,0,0,0,0,0,0,0,0,0,0,0,0,0,0,0,0,0,0,0,0,DM+PN,542,
2024-05-01,M3,1.2,7:07,7:19,285,22,0,0,0,0,2,0,0,0,0,0,0,0,0,0,0,0,0,0,0,0,0,0,0,0,0,0,0,0,0,0,0,0,0,0,0,0,0,0,0,0,0,0,0,0,DM+PN,309,
2024-05-01,M2,1.2,6:48,6:55,0,0,0,0,0,0,0,0,0,0,0,0,0,0,2,0,0,0,0,0,0,0,0,0,0,0,0,0,0,0,0,0,0,0,0,0,0,0,0,0,0,0,2,0,0,0,DM+PN,0,counted from road
2024-05-01,E1,1.5,,,,,,,,,,,,,,,,,,,,,,,,,,,,,,,,,,,,,,,,,,,,,,,,,DM+PN,,Transect not done due to inaccessibility
2024-05-01,E2,1.2,7:42,7:45,0,0,0,0,0,0,0,0,0,0,0,0,0,0,2,0,0,0,0,0,0,0,0,0,0,0,0,0,0,0,0,0,0,0,0,0,0,0,0,0,0,0,0,0,0,0,DM+PN,0,counted from road
2024-05-01,E3,1.2,7:54,8:04,155,23,8,0,0,0,0,0,0,0,0,0,0,0,0,0,0,0,0,0,0,0,0,0,0,0,0,0,0,0,0,0,0,0,0,0,0,0,0,0,0,0,0,0,0,0,DM+PN,186,
2024-05-01,L3,1.2,8:19,8:35,1,0,0,0,0,0,62,6,376,0,0,0,4,0,0,0,0,0,0,0,0,0,0,0,0,0,0,0,0,0,0,0,0,0,0,0,0,0,0,0,0,0,0,0,0,0,DM+PN,445,
2024-05-01,L1,1.2,8:45,8:57,145,5,3,1,11,0,30,0,1,5,1,0,0,0,0,0,0,0,0,0,2,5,0,0,0,0,0,0,0,0,0,0,0,0,0,0,0,0,0,0,0,0,0,0,0,0,DM+PN,201,
2024-05-01,L2,1.2,9:46,9:59,1,0,18,1,0,0,8,0,335,27,0,0,0,0,0,0,0,0,0,0,0,0,0,0,0,0,0,0,0,0,0,0,0,0,1,0,2,0,0,0,0,0,0,0,0,0,DM+PN,390,
2024-05-01,S1,1.2,10:12,10:26,1,0,0,0,8,0,27,0,0,0,0,0,0,0,0,0,0,0,0,0,0,0,0,0,0,0,0,0,0,0,0,0,0,0,1,0,2,0,0,0,0,0,0,0,0,0,DM+PN,36,
2024-05-01,N3,0.6,10:46,10:56,0,0,0,0,0,0,0,0,0,0,0,0,0,0,0,0,0,0,0,0,0,0,0,0,0,0,0,0,0,0,0,0,0,0,0,0,0,0,0,0,0,0,0,0,0,0,DM+PN,0,
2024-05-01,N1,1.5,11:02,11:17,79,0,0,0,0,0,0,0,0,0,1,0,0,0,0,0,0,0,0,0,0,0,0,0,0,0,0,0,0,0,0,0,0,0,0,0,0,0,0,0,0,0,0,0,0,0,DM+PN,79,
2024-05-01,N2,1.5,11:23,11:30,35,0,0,0,0,0,0,0,0,0,0,0,0,0,0,0,0,0,0,0,0,0,0,0,0,0,0,0,0,0,0,0,0,0,0,0,0,0,0,0,0,0,0,0,0,0,DM+PN,35,
2024-05-02,E4,1.8,,,,,,,,,,,,,,,,,,,,,,,,,,,,,,,,,,,,,,,,,,,,,,,,,DM+PN,,Transect not done due to inaccessibility
2024-05-02,A3,1.2,7:39,7:53,0,0,39,4,186,3,35,0,0,0,0,0,7,3,0,0,0,0,0,0,0,0,0,0,0,0,0,0,0,0,0,0,0,0,1,0,1,0,0,0,0,0,0,0,0,0,DM+PN,267,
2024-05-02,A1,1.2,7:05,7:17,3,0,0,0,11,0,12,0,90,7,0,0,0,0,1,0,0,0,0,0,0,0,0,0,0,0,0,0,0,0,0,0,0,0,0,0,0,0,0,0,0,0,0,0,0,0,DM+PN,123,
2024-05-02,A2,1.2,8:13,8:23,4,0,19,0,46,2,29,1,0,0,0,0,0,0,0,0,0,0,0,0,0,0,0,0,0,0,0,0,0,0,0,0,0,0,0,0,0,0,0,0,0,0,0,0,0,0,DM+PN,101,
2024-05-02,F1,1.8,8:36,10:05,1,0,0,0,2,0,51,3,50,6,0,0,1,0,0,0,0,0,0,0,0,0,0,0,0,0,0,0,0,0,0,0,0,0,0,0,0,0,0,0,0,0,0,0,0,0,DM+PN,113,
2024-05-02,F2,0.6,10:21,10:22,0,0,0,0,0,0,0,0,0,0,0,0,0,0,0,0,0,0,0,0,0,0,0,0,0,0,0,0,0,0,0,0,0,0,0,0,0,0,0,0,0,0,0,0,0,0,DM+PN,0,
2024-05-02,T2,1.8,10:39,10:42,6,0,0,0,0,0,0,0,30,4,0,0,0,0,0,0,0,0,0,0,0,0,0,0,0,0,0,0,0,0,0,0,0,0,0,0,0,0,0,0,0,0,0,0,0,0,DM+PN,40,
2024-05-02,T1,0.6,,,,,,,,,,,,,,,,,,,,,,,,,,,,,,,,,,,,,,,,,,,,,,,,,DM+PN,,Transect not done due to inaccessibility
2024-05-02,T3,1.2,,,,,,,,,,,,,,,,,,,,,,,,,,,,,,,,,,,,,,,,,,,,,,,,,DM+PN,,Transect not done due to inaccessibility
2024-06-01,M1,1.2,6:30,6:44,210,43,37,2,2,0,2,0,2,0,0,0,0,0,0,0,0,0,0,0,0,0,0,0,0,0,0,0,0,0,0,0,0,0,0,0,0,0,0,0,0,0,0,0,0,0,DM+PN,298,
2024-06-01,M3,1.2,7:14,7:29,321,15,0,0,0,0,75,0,0,0,0,0,0,0,0,0,5,0,0,0,2,0,0,0,0,0,0,0,0,0,0,0,0,0,0,0,0,0,0,0,0,0,0,0,0,0,DM+PN,411,
2024-06-01,M2,1.2,6:49,6:53,10,0,0,0,0,0,0,0,22,0,0,0,0,0,0,0,0,0,0,0,0,0,0,0,0,0,0,0,0,0,0,0,0,0,0,0,0,0,0,0,0,0,0,0,0,0,DM+PN,32,
2024-06-01,E1,1.5,,,,,,,,,,,,,,,,,,,,,,,,,,,,,,,,,,,,,,,,,,,,,,,,,DM+PN,,Transect not done due to inaccessibility
2024-06-01,E2,1.2,7:53,7:59,0,0,72,5,0,0,0,0,0,0,0,0,0,0,0,0,0,0,0,0,0,0,0,0,0,0,0,0,0,0,0,0,0,0,0,0,0,0,0,0,0,0,0,0,0,0,DM+PN,77,
2024-06-01,E3,1.2,8:18,8:29,0,0,0,0,0,0,10,0,0,0,2,0,7,1,2,0,0,0,1,0,0,0,0,0,0,0,0,0,0,0,0,0,0,0,0,0,0,0,0,0,0,0,0,0,0,0,DM+PN,10,
2024-06-01,L3,1.2,8:43,8:57,0,0,0,0,0,0,40,0,9,0,0,0,0,0,0,0,0,0,0,0,0,0,0,0,0,0,0,0,0,0,0,0,0,0,0,0,0,0,0,0,0,0,0,0,0,0,DM+PN,49,
2024-06-01,L1,1.2,9:03,9:14,8,0,0,0,19,0,0,0,4,0,0,0,4,1,6,0,0,0,0,0,5,0,0,0,0,0,0,0,0,0,0,0,0,0,0,0,0,0,0,0,0,0,0,0,0,0,DM+PN,31,
2024-06-01,L2,1.2,9:19,9:34,164,32,46,3,14,0,92,5,365,27,0,0,6,2,5,0,0,0,0,0,0,0,0,0,0,0,0,0,0,0,0,0,0,0,0,0,0,0,0,0,0,0,0,0,0,0,DM+PN,748,
2024-06-01,S1,1.2,9:43,9:55,0,0,0,0,20,0,6,0,0,0,0,0,0,0,0,0,0,0,0,0,0,0,0,0,0,0,0,0,0,0,0,0,0,0,0,0,3,0,0,0,0,0,0,0,0,0,DM+PN,26,
2024-06-01,N3,0.6,10:07,10:13,0,0,0,0,0,0,0,0,0,0,0,0,0,0,0,0,0,0,0,0,0,0,0,0,0,0,0,0,0,0,0,0,0,0,0,0,0,0,0,0,0,0,0,0,0,0,DM+PN,0,
2024-06-01,N1,1.5,10:17,10:33,345,8,14,1,0,0,0,0,0,0,0,0,2,0,5,0,0,0,0,0,0,0,0,0,0,0,0,0,0,0,0,0,0,0,1,0,0,0,0,0,0,0,0,0,0,0,DM+PN,368,
2024-06-01,N2,1.5,10:39,10:54,74,0,17,1,0,0,0,0,0,0,10,0,0,0,0,0,1,0,0,0,0,0,0,0,0,0,0,0,0,0,0,0,0,0,0,0,0,0,0,0,0,0,0,0,0,0,DM+PN,92,
2024-06-02,E4,1.8,7:13,7:35,5,0,74,0,1,0,12,0,6,2,0,0,0,0,0,0,0,0,0,0,0,0,0,0,0,0,0,0,0,0,0,0,0,0,0,0,0,0,0,0,0,0,0,0,0,0,DM+PN,100,
2024-06-02,A3,1.2,7:55,8:30,0,0,34,2,19,0,2,0,99,11,0,0,7,2,2,0,0,0,0,0,0,0,0,0,0,0,0,0,0,0,0,0,0,0,0,0,0,0,0,0,0,0,0,0,0,0,DM+PN,167,
2024-06-02,A1,1.2,9:02,9:20,0,0,29,0,8,0,7,0,0,0,0,0,0,0,0,0,0,0,0,0,0,0,0,0,0,0,0,0,0,0,0,0,0,0,0,0,0,0,0,0,0,0,0,0,0,0,DM+PN,44,
2024-06-02,A2,1.2,9:26,9:35,0,0,10,0,4,0,27,0,0,0,0,0,0,0,0,0,0,0,0,0,0,0,0,0,0,0,0,0,0,0,0,0,0,0,0,0,0,0,0,0,0,0,0,0,0,0,DM+PN,41,
2024-06-02,F1,1.8,9:44,9:56,0,0,0,0,0,0,0,0,0,0,0,0,0,0,0,0,0,0,0,0,0,0,0,0,0,0,0,0,0,0,0,0,0,0,0,0,0,0,0,0,0,0,0,0,0,0,DM+PN,0,
2024-06-02,F2,0.6,10:04,10:06,0,0,0,0,0,0,0,0,0,0,0,0,0,0,0,0,0,0,0,0,0,0,0,0,0,0,0,0,0,0,0,0,0,0,0,0,0,0,0,0,0,0,0,0,0,0,DM+PN,0,
2024-06-02,T2,1.8,11:03,11:21,12,0,41,0,28,0,132,0,127,17,0,0,4,3,0,0,0,0,0,0,1,0,0,0,0,0,0,0,0,0,0,0,0,0,0,0,17,0,0,0,0,0,0,0,0,0,DM+PN,357,
2024-06-02,T1,0.6,11:33,11:36,0,0,0,0,2,0,0,0,0,0,0,0,4,1,0,0,0,0,0,0,0,0,0,0,0,0,0,0,0,0,0,0,0,0,0,0,0,0,0,0,0,0,0,0,0,0,DM+PN,2,
2024-06-02,T3,1.2,,,,,,,,,,,,,,,,,,,,,,,,,,,,,,,,,,,,,,,,,,,,,,,,,DM+PN,,Transect not done due to inaccessibility
2024-07-01,M1,1.2,06:34,06:54,153,0,19,1,0,0,18,0,0,0,0,0,0,0,0,0,0,0,0,0,0,0,0,0,0,0,0,0,0,0,0,0,0,0,0,0,0,0,0,0,0,0,0,0,0,0,PN+HM,191,
2024-07-01,M3,1.2,07:04,07:18,65,0,0,0,2,0,70,0,0,0,0,0,0,0,2,0,0,0,0,0,0,1,0,0,0,0,0,0,0,0,0,0,0,0,0,0,0,0,0,0,0,0,0,0,0,0,PN+HM,137,
2024-07-01,M2,1.2,07:42,07:59,11,0,36,0,0,0,0,0,73,17,0,0,0,0,1,0,0,0,0,0,0,0,0,0,0,0,0,0,0,0,0,0,0,0,0,0,0,0,0,0,0,0,0,0,0,0,PN+HM,137,
2024-07-01,E1,1.5,08:09,08:23,0,0,0,0,0,0,0,0,0,0,0,0,0,0,0,0,3,0,0,0,0,0,0,0,0,0,0,0,0,0,0,0,0,0,0,0,0,0,0,0,0,0,1,0,0,0,PN+HM,0,
2024-07-01,E2,1.2,08:29,08:38,0,0,0,0,0,0,0,0,0,0,0,0,0,0,0,0,0,0,0,0,0,0,0,0,0,0,0,0,0,0,0,0,0,0,0,0,0,0,0,0,0,0,1,0,0,0,PN+HM,0,
2024-07-01,E3,1.2,08:53,09:12,5,0,189,0,10,0,0,0,2,0,2,0,0,0,0,0,0,0,1,0,1,0,0,0,0,0,0,0,0,0,0,0,0,0,0,0,0,0,0,0,0,0,3,0,0,0,PN+HM,206,
2024-07-01,L3,1.2,09:50,10:00,0,0,0,0,0,0,66,0,0,0,0,0,0,0,0,0,0,0,0,0,0,0,0,0,0,0,0,0,0,0,0,0,0,0,0,0,0,0,0,0,0,0,0,0,0,0,PN+HM,66,
2024-07-01,L1,1.2,10:12,10:24,0,0,0,0,0,0,0,0,0,0,0,0,0,0,0,0,0,0,0,0,0,0,0,0,0,0,0,0,0,0,0,0,0,0,0,0,0,0,0,0,0,0,0,0,0,0,PN+HM,0,
2024-07-01,L2,1.2,10:33,11:05,66,2,40,0,3,0,69,0,0,0,0,0,5,2,2,0,0,0,0,0,5,0,0,0,0,0,0,0,0,0,0,0,0,0,1,0,0,0,0,0,0,0,0,0,0,0,PN+HM,180,
2024-07-01,S1,1.2,11:16,11:34,4,0,142,4,24,0,26,0,0,0,0,0,0,0,0,0,0,0,0,0,0,0,0,0,0,0,0,0,0,0,0,0,0,0,1,0,2,0,0,0,0,0,0,0,0,0,PN+HM,200,
2024-07-01,N3,0.6,11:44,11:50,0,0,0,0,0,0,0,0,0,0,0,0,0,0,0,0,0,0,0,0,0,0,0,0,0,0,0,0,0,0,0,0,0,0,0,0,0,0,0,0,0,0,0,0,0,0,PN+HM,0,
2024-07-01,N1,1.5,11:54,12:11,66,0,0,0,0,0,7,0,0,0,0,0,1,0,0,0,0,0,0,0,0,0,0,0,0,0,0,0,0,0,0,0,0,0,0,0,0,0,0,0,0,0,0,0,0,0,PN+HM,73,
2024-07-01,N2,1.5,12:16,12:33,3,1,0,0,6,0,0,0,0,0,1,0,2,0,0,0,0,0,0,0,0,0,0,0,0,0,0,0,0,0,0,0,0,0,0,0,0,0,0,0,0,0,0,0,0,0,PN+HM,10,
2024-07-02,E4,1.8,07:19,07:35,1,0,47,1,2,0,94,0,0,0,0,0,3,0,1,0,0,0,1,0,0,0,0,0,0,0,0,0,0,0,0,0,0,0,0,0,0,0,0,0,0,0,0,0,0,0,PN+HM,145,
2024-07-02,A3,1.2,07:50,08:03,0,0,76,3,19,0,0,0,4,0,0,0,6,2,0,0,5,0,0,0,0,0,0,0,0,0,0,0,0,0,0,0,0,0,0,0,0,0,0,0,0,0,0,0,0,0,PN+HM,102,
2024-07-02,A1,1.2,08:11,08:22,0,0,0,0,0,0,1,0,3,0,0,0,0,0,0,0,0,0,0,0,0,0,0,0,0,0,0,0,0,0,0,0,0,0,0,0,0,0,0,0,0,0,0,0,0,0,PN+HM,4,
2024-07-02,A2,1.2,08:25,08:38,0,0,0,0,15,0,11,0,0,0,0,0,1,0,0,0,0,0,0,0,0,0,0,0,0,0,0,0,0,0,0,0,0,0,0,0,39,0,0,0,0,0,0,0,0,0,PN+HM,26,
2024-07-02,F1,1.8,08:50,09:04,0,0,0,0,0,0,0,0,0,0,0,0,0,0,0,0,0,0,0,0,0,0,0,0,0,0,0,0,0,0,0,0,0,0,0,0,0,0,0,0,0,0,0,0,0,0,PN+HM,0,
2024-07-02,F2,0.6,09:12,09:19,0,0,9,2,6,1,0,0,0,0,0,0,1,0,0,0,2,0,0,0,0,0,0,0,0,0,0,0,0,0,0,0,0,0,0,0,0,0,0,0,0,0,0,0,0,0,PN+HM,18,
2024-07-02,T2,1.8,09:57,11:07,29,2,110,4,11,0,76,7,0,0,1,0,0,0,1,0,0,0,0,0,10,2,0,0,0,0,0,0,0,0,0,0,0,0,0,0,4,0,0,0,0,0,0,0,0,0,PN+HM,239,
2024-07-02,T1,0.6,11:24,11:30,0,0,0,0,0,0,0,0,0,0,0,0,0,0,0,0,0,0,0,0,0,0,0,0,0,0,0,0,0,0,0,0,0,0,0,0,0,0,0,0,0,0,0,0,0,0,PN+HM,0,
2024-07-02,T3,1.2,,,,,,,,,,,,,,,,,,,,,,,,,,,,,,,,,,,,,,,,,,,,,,,,,PN+HM,,Transect not done due to inaccessibility
2024-09-03,M1,1.2,06:36,06:46,70,4,8,0,0,0,6,0,0,0,0,0,0,0,0,0,0,0,0,0,0,0,0,0,0,0,0,0,0,0,0,0,0,0,1,0,3,0,0,0,0,0,0,0,0,0,PN+HM,88,
2024-09-03,M3,1.2,06:54,07:09,111,3,48,3,0,0,48,4,0,0,0,0,2,0,0,0,0,0,0,0,0,0,0,0,0,0,0,0,0,0,0,0,0,0,0,0,0,0,0,0,0,0,0,0,0,0,PN+HM,217,
2024-09-03,M2,1.2,07:32,07:46,0,0,0,0,0,0,0,0,2,0,0,0,0,0,0,0,1,0,0,0,0,0,0,0,0,0,0,0,0,0,0,0,0,0,0,0,0,0,0,0,0,0,0,0,0,0,PN+HM,2,
2024-09-03,E1,1.5,07:58,08:22,0,0,0,0,0,0,0,0,1,0,0,0,1,2,0,0,10,3,0,0,0,0,0,0,0,0,0,0,0,0,0,0,0,0,0,0,0,0,0,0,0,0,0,0,0,0,PN+HM,1,
2024-09-03,E2,1.2,08:29,08:37,0,0,0,0,0,0,0,0,0,0,0,0,0,0,0,0,0,0,0,0,0,0,0,0,0,0,0,0,0,0,0,0,0,0,0,0,0,0,0,0,0,0,0,0,0,0,PN+HM,0,
2024-09-03,E3,1.2,08:53,09:13,1,0,29,2,0,0,13,0,1,0,0,0,0,0,0,0,0,0,1,0,E,0,0,0,0,0,0,0,0,0,0,0,0,0,0,0,0,0,0,0,0,0,0,0,0,0,PN+HM,46,
2024-09-03,L3,1.2,09:25,09:42,2,0,42,0,2,1,79,12,0,0,0,0,0,0,0,0,0,0,0,0,0,0,0,0,0,0,0,0,0,0,0,0,0,0,0,0,0,0,0,0,0,0,0,0,0,0,PN+HM,138,
2024-09-03,L1,1.2,11:24,11:35,0,0,0,0,8,0,0,0,0,0,0,0,2,0,0,0,0,0,0,0,0,0,0,0,0,0,0,0,0,0,0,0,0,0,0,0,0,0,0,0,0,0,0,0,0,0,PN+HM,8,
2024-09-03,L2,1.2,11:40,11:59,74,0,24,0,0,0,77,12,0,0,0,0,12,2,0,0,0,0,0,0,L,0,0,0,0,0,0,0,0,0,0,0,0,0,0,0,12,0,0,0,0,0,0,0,0,0,PN+HM,187,
2024-09-03,S1,1.2,12:11,12:28,88,0,0,0,10,0,47,0,0,0,0,0,0,0,0,0,0,0,0,0,0,0,0,0,0,0,0,0,0,0,0,0,0,0,0,0,2,0,0,0,0,0,0,0,0,0,PN+HM,145,
2024-09-03,N3,0.6,12:48,12:54,0,0,0,0,0,0,0,0,1,0,0,0,0,0,0,0,0,0,0,0,0,0,0,0,0,0,0,0,0,0,0,0,0,0,0,0,0,0,0,0,0,0,0,0,0,0,PN+HM,1,
2024-09-03,N1,1.5,12:58,13:22,1,0,0,0,9,1,5,2,0,0,10,2,0,0,0,0,0,0,0,0,0,0,0,0,0,0,0,0,0,0,0,0,0,0,0,0,4,0,0,0,0,0,0,0,0,0,PN+HM,18,
2024-09-03,N2,1.5,13:31,13:37,0,0,0,0,0,0,0,0,0,0,0,0,0,0,0,0,0,0,0,0,0,0,0,0,0,0,0,0,0,0,0,0,0,0,1,0,0,0,0,0,0,0,0,0,0,0,PN+HM,0,
2024-09-04,E4,1.8,07:02,07:20,1,0,0,0,22,1,4,1,0,0,0,0,5,1,1,0,0,0,0,0,0,0,0,0,0,0,0,0,0,0,0,0,0,0,0,0,0,0,0,0,0,0,0,0,0,0,PN+HM,29,
2024-09-04,A3,1.2,07:41,07:54,0,0,0,0,13,0,1,0,0,0,0,0,0,0,0,0,0,0,0,0,0,0,0,0,0,0,0,0,0,0,1,0,0,0,0,0,0,0,0,0,0,0,0,0,0,0,PN+HM,14,
2024-09-04,A1,1.2,08:07,08:17,0,0,0,0,0,0,1,0,0,0,0,0,0,0,0,0,0,0,0,0,0,0,0,0,0,0,0,0,0,0,0,0,0,0,0,0,0,0,0,0,0,0,0,0,0,0,PN+HM,1,
2024-09-04,A2,1.2,08:21,08:34,0,0,10,0,36,4,1,0,0,0,0,0,0,0,0,0,0,0,0,0,0,0,0,0,0,0,0,0,0,0,0,0,0,0,0,0,0,0,0,0,0,0,0,0,0,0,PN+HM,51,
2024-09-04,F1,1.8,08:45,08:56,0,0,3,0,16,1,9,0,0,0,0,0,0,0,1,0,0,0,0,0,0,0,0,0,0,0,0,0,0,0,0,0,0,0,0,0,0,0,0,0,0,0,0,0,0,0,PN+HM,29,
2024-09-04,F2,0.6,09:01,09:10,0,0,0,0,0,0,1,0,106,16,0,0,0,0,0,0,0,0,0,0,0,0,0,0,0,0,0,0,0,0,0,0,0,0,0,0,0,0,0,0,0,0,0,0,0,0,PN+HM,123,
2024-09-04,T2,1.8,09:46,10:20,26,0,528,0,21,0,109,4,1,0,0,0,3,0,0,0,0,0,0,0,T,0,0,0,0,0,0,0,0,0,0,0,0,0,0,0,13,0,0,0,0,0,0,0,0,0,PN+HM,689,
2024-09-04,T1,0.6,10:44,10:49,0,0,0,0,0,0,1,0,0,0,0,0,0,0,0,0,0,0,0,0,0,0,0,0,0,0,0,0,0,0,0,0,0,0,0,0,0,0,0,0,0,0,1,0,0,0,PN+HM,1,
2024-09-04,T3,1.2,,,,,,,,,,,,,,,,,,,,,,,,,,,,,,,,,,,,,,,,,,,,,,,,,PN+HM,,Transect not done due to inaccessibility
2024-10-03,M1,1.2,06:37,06:52,10,0,1,0,1,0,14,0,0,0,0,0,0,0,0,0,0,0,0,0,0,0,0,0,0,0,0,0,0,0,3,0,0,0,0,0,0,0,0,0,0,0,0,0,0,0,PN+HM,26,
2024-10-03,M3,1.2,07:00,07:15,49,0,15,0,0,0,20,0,0,0,0,0,0,0,0,0,0,0,0,0,0,0,0,0,0,0,0,0,0,0,0,0,0,0,0,0,9,0,0,0,0,0,0,0,0,0,PN+HM,84,
2024-10-03,M2,1.2,07:38,07:52,1,0,22,0,0,0,10,0,48,0,0,0,0,0,0,0,0,0,0,0,0,0,0,0,0,0,0,0,0,0,0,0,0,0,0,0,0,0,0,0,0,0,0,0,0,0,PN+HM,81,
2024-10-03,E1,1.5,08:08,08:24,0,0,0,0,0,0,0,0,0,0,0,0,0,0,0,0,0,0,0,0,0,0,0,0,0,0,0,0,0,0,0,0,0,0,0,0,0,0,0,0,0,0,0,0,0,0,PN+HM,0,
2024-10-03,E2,1.2,08:32,08:40,0,0,0,0,0,0,0,0,0,0,0,0,0,0,0,0,0,0,0,0,0,0,0,0,0,0,0,0,0,0,0,0,0,0,0,0,0,0,0,0,0,0,0,0,0,0,PN+HM,0,
2024-10-03,E3,1.2,08:55,09:11,20,0,54,5,0,0,24,1,0,0,0,0,2,0,0,0,0,0,0,0,0,0,0,0,0,0,0,0,0,0,0,0,0,0,0,0,0,0,0,0,0,0,0,0,0,0,PN+HM,104,
2024-10-03,L3,1.2,09:33,09:48,0,0,0,0,0,0,28,0,0,0,0,0,0,0,0,0,0,0,0,0,0,0,0,0,0,0,0,0,0,0,0,0,0,0,0,0,0,0,0,0,0,0,0,0,0,0,PN+HM,28,
2024-10-03,L1,1.2,09:56,10:09,0,0,3,0,2,0,1,0,0,0,0,0,0,0,0,0,0,0,0,0,0,0,0,0,0,0,0,0,0,0,0,0,0,0,0,0,0,0,0,0,0,0,0,0,0,0,PN+HM,6,
2024-10-03,L2,1.2,10:15,10:37,105,0,11,0,19,0,98,5,0,0,0,0,18,0,0,0,0,0,0,0,0,0,0,0,0,0,0,0,0,0,0,0,0,0,0,0,7,0,0,0,0,0,0,0,0,0,PN+HM,238,
2024-10-03,S1,1.2,10:47,11:04,15,0,46,2,0,0,11,0,0,0,0,0,0,0,0,0,0,0,0,0,0,0,0,0,0,0,0,0,0,0,0,0,0,0,0,0,0,0,0,0,0,0,0,0,0,0,PN+HM,74,
2024-10-03,N3,0.6,11:18,11:26,0,0,0,0,0,0,0,0,0,0,0,0,0,0,0,0,0,0,0,0,0,0,0,0,0,0,0,0,0,0,0,0,0,0,0,0,0,0,0,0,0,0,0,0,0,0,PN+HM,0,
2024-10-03,N1,1.5,11:31,12:00,0,0,19,0,1,0,1,0,0,0,0,0,4,0,0,0,0,0,0,0,0,0,0,0,0,0,0,0,0,0,0,0,0,0,1,0,4,0,0,0,0,0,0,0,0,0,PN+HM,21,
2024-10-03,N2,1.5,12:07,12:16,0,0,0,0,0,0,0,0,0,0,0,0,1,0,0,0,0,0,0,0,0,0,0,0,0,0,0,0,0,0,0,0,0,0,0,0,0,0,0,0,0,0,0,0,0,0,PN+HM,0,
2024-10-04,E4,1.8,07:09,07:46,459,42,23,0,0,0,7,0,0,0,7,1,9,0,2,0,0,0,0,0,1,0,0,0,0,0,0,0,0,0,0,0,0,0,0,0,0,0,0,0,0,0,0,0,0,0,PN+HM,531,
2024-10-04,A3,1.2,08:06,08:59,0,0,0,0,7,0,0,0,0,0,0,0,2,0,1,0,0,0,0,0,5,0,0,0,0,0,0,0,0,0,1,0,0,0,1,0,0,0,0,0,0,0,0,0,0,0,PN+HM,7,
2024-10-04,A1,1.2,09:08,09:32,810,120,292,8,15,2,51,1,0,0,0,0,1,0,0,0,0,0,0,0,0,0,0,0,0,0,1,0,0,0,0,0,0,0,0,0,0,0,0,0,0,0,0,0,0,0,PN+HM,1299,
2024-10-04,A2,1.2,09:36,09:48,338,43,14,0,11,0,71,1,0,0,0,0,2,0,0,0,0,0,0,0,0,0,0,0,0,0,0,0,0,0,0,0,0,0,0,0,0,0,0,0,0,0,0,0,0,0,PN+HM,478,
2024-10-04,F1,1.8,10:02,10:33,6,0,21,5,38,4,120,4,160,18,0,0,1,0,0,0,0,0,1,0,3,0,0,0,0,0,0,0,0,0,0,0,0,0,0,0,0,0,0,0,0,0,0,0,0,0,PN+HM,376,
2024-10-04,F2,0.6,10:56,11:03,0,0,0,0,0,0,0,0,0,0,0,0,4,1,0,0,0,0,0,0,0,0,0,0,0,0,0,0,0,0,0,0,0,0,0,0,0,0,0,0,0,0,0,0,0,0,PN+HM,0,
2024-10-04,T2,1.8,12:06,12:25,40,0,98,0,43,6,36,0,0,0,0,0,4,0,0,0,0,0,0,0,0,0,0,0,0,0,0,0,0,0,1,0,0,0,0,0,0,0,0,0,0,0,0,0,0,0,PN+HM,223,
2024-10-04,T1,0.6,12:37,12:40,0,0,0,0,0,0,12,0,0,0,0,0,0,0,0,0,0,0,0,0,0,0,0,0,0,0,0,0,0,0,0,0,0,0,0,0,0,0,0,0,0,0,0,0,0,0,PN+HM,12,
2024-10-04,T3,1.2,,,,,,,,,,,,,,,,,,,,,,,,,,,,,,,,,,,,,,,,,,,,,,,,,PN+HM,,Transect not done due to inaccessibility
2024-11-05,M1,1.2,06:33,07:01,914,29,61,4,8,0,1,0,0,0,0,0,1,0,0,0,10,0,0,0,1,1,0,0,0,0,0,0,0,0,0,0,0,0,3,0,0,0,0,0,0,0,0,0,0,0,PN+MM,1017,
2024-11-05,M3,1.2,07:07,07:19,163,0,11,1,24,0,39,0,0,0,0,0,0,0,0,0,0,0,0,0,0,0,0,0,0,0,0,0,0,0,0,0,0,0,0,0,0,0,0,0,0,0,0,0,0,0,PN+MM,238,
2024-11-05,M2,1.2,07:40,07:53,0,0,4,0,14,0,0,0,142,22,0,0,0,0,0,0,0,0,0,0,0,0,0,0,0,0,0,0,0,0,0,0,0,0,0,0,0,0,0,0,0,0,0,0,0,0,PN+MM,182,
2024-11-05,E1,1.5,08:06,08:21,0,0,11,0,0,0,0,0,12,0,0,0,0,0,1,0,0,0,0,0,0,0,0,0,0,0,0,0,0,0,0,0,0,0,0,0,0,0,0,0,0,0,0,0,0,0,PN+MM,23,
2024-11-05,E2,1.2,08:29,08:41,0,0,0,0,0,0,0,0,221,17,0,0,0,0,0,0,0,0,0,0,0,0,0,0,0,0,0,0,0,0,0,0,0,0,0,0,0,0,0,0,0,0,0,0,0,0,PN+MM,238,
2024-11-05,E3,1.2,08:52,09:07,0,0,17,0,1,0,0,0,6,0,0,0,5,0,0,0,0,0,1,0,0,0,3,3,0,0,0,0,0,0,0,0,0,0,0,0,0,0,0,0,0,0,0,0,0,0,PN+MM,24,
2024-11-05,L3,1.2,09:25,09:37,5,0,323,3,2,0,4,0,1,0,0,0,0,0,1,0,0,0,0,0,0,0,0,0,0,0,0,0,0,0,0,0,0,0,0,0,0,0,0,0,0,0,0,0,0,0,PN+MM,338,
2024-11-05,L1,1.2,09:43,09:53,20,0,1,0,24,0,8,0,0,0,0,0,5,0,0,0,0,0,0,0,0,0,0,0,0,0,0,0,0,0,0,0,0,0,6,0,6,0,0,0,0,0,0,0,0,0,PN+MM,53,
2024-11-05,L2,1.2,09:57,10:17,77,0,66,0,23,0,127,0,0,0,0,0,10,3,0,0,0,0,0,0,2,5,0,0,0,0,0,0,0,0,0,0,0,0,0,0,4,0,0,0,0,0,0,0,0,0,PN+MM,293,
2024-11-05,S1,1.2,10:27,10:35,2,0,0,0,0,0,2,0,0,0,0,0,0,0,0,0,0,0,0,0,0,0,0,0,0,0,0,0,0,0,0,0,0,0,1,0,0,0,0,0,0,0,0,0,0,0,PN+MM,4,
2024-11-05,N3,0.6,10:44,10:50,1,0,62,0,0,0,21,0,0,0,0,0,0,0,0,0,0,0,0,0,0,0,0,0,0,0,0,0,0,0,0,0,0,0,0,0,7,0,0,0,0,0,0,0,0,0,PN+MM,84,
2024-11-05,N1,1.5,10:54,11:06,7,0,0,0,0,0,0,0,0,0,1,0,0,0,0,0,9,1,0,0,0,0,0,0,0,0,0,0,0,0,0,0,0,0,0,0,0,0,0,0,0,0,0,0,0,0,PN+MM,7,
2024-11-05,N2,1.5,11:11,11:16,0,0,0,0,0,0,0,0,0,0,0,0,0,0,0,0,0,0,0,0,0,0,0,0,0,0,0,0,0,0,0,0,0,0,0,0,0,0,0,0,0,0,0,0,0,0,PN+MM,0,
2024-11-06,E4,1.8,07:04,07:21,0,0,0,0,3,0,3,0,0,0,0,0,7,0,0,0,0,0,0,0,0,0,0,0,0,0,0,0,0,0,0,0,0,0,0,0,0,0,0,0,0,0,0,0,0,0,PN+MM,6,
2024-11-06,A3,1.2,07:43,07:55,0,0,0,0,19,0,0,0,0,0,0,0,8,0,0,0,0,0,0,0,0,0,0,0,0,0,0,0,0,0,0,0,0,0,0,0,0,0,0,0,0,0,0,0,0,0,PN+MM,19,
2024-11-06,A1,1.2,08:03,08:13,0,0,15,0,30,0,145,0,0,0,0,0,4,0,0,0,0,0,0,0,0,0,0,0,0,0,1,0,0,0,0,0,0,0,0,0,0,0,0,0,0,0,0,0,0,0,PN+MM,190,
2024-11-06,A2,1.2,08:17,08:28,0,0,50,2,44,0,56,0,0,0,0,0,0,0,0,0,0,0,0,0,0,0,0,0,0,0,2,0,0,0,0,0,0,0,0,0,0,0,0,0,0,0,0,0,0,0,PN+MM,152,
2024-11-06,F1,1.8,08:49,09:10,17,0,121,3,0,0,91,0,0,0,0,0,7,2,0,0,0,0,0,0,0,0,0,0,0,0,0,0,0,0,0,0,0,0,0,0,0,0,0,0,0,0,0,0,0,0,PN+MM,232,
2024-11-06,F2,0.6,09:21,09:27,0,0,0,0,0,0,0,0,0,0,0,0,2,0,0,0,0,0,0,0,0,0,0,0,0,0,0,0,0,0,0,0,0,0,0,0,0,0,0,0,0,0,1,0,0,0,PN+MM,0,
2024-11-06,T2,1.8,10:05,10:21,9,0,132,0,29,0,214,1,6,0,0,0,6,6,0,0,0,0,0,0,0,0,0,0,0,0,0,0,0,0,0,0,0,0,2,0,10,0,0,0,0,0,0,0,0,0,PN+MM,391,
2024-11-06,T1,0.6,10:31,10:36,0,0,5,0,4,0,1,0,0,0,0,0,0,0,1,0,0,0,0,0,0,0,0,0,0,0,0,0,0,0,0,0,0,0,0,0,0,0,0,0,0,0,0,0,0,0,PN+MM,10,
2024-11-06,T3,1.2,,,,,,,,,,,,,,,,,,,,,,,,,,,,,,,,,,,,,,,,,,,,,,,,,PN+MM,,Transect not done due to inaccessibility
2024-12-07,M1,1.2,06:27,06:37,110,0,9,1,0,0,1,0,3,0,0,0,0,0,0,0,1,0,0,0,0,0,0,0,0,0,0,0,0,0,0,0,0,0,0,0,0,0,0,0,0,0,0,0,0,0,PN+HM,124,
2024-12-07,M3,1.2,06:43,06:55,162,0,31,4,0,0,5,0,9,0,0,0,0,0,0,0,19,0,0,0,2,6,0,0,0,0,0,0,0,0,0,0,0,0,0,0,6,0,0,0,0,0,0,0,0,0,PN+HM,211,
2024-12-07,M2,1.2,07:17,07:26,0,0,0,0,0,0,0,0,2,0,0,0,0,0,0,0,0,0,0,0,0,0,0,0,0,0,0,0,0,0,0,0,0,0,0,0,0,0,0,0,0,0,0,0,0,0,PN+HM,2,
2024-12-07,E1,1.5,,,,,,,,,,,,,,,,,,,,,,,,,,,,,,,,,,,,,,,,,,,,,,,,,PN+HM,,we couldn't reach this transect due too much mud
2024-12-07,E2,1.2,07:44,07:56,0,0,16,0,0,0,0,0,238,34,0,0,0,0,0,0,0,0,0,0,0,0,0,0,0,0,0,0,0,0,0,0,0,0,0,0,0,0,0,0,0,0,0,0,0,0,PN+HM,288,
2024-12-07,E3,1.2,08:55,09:08,7,0,32,0,0,0,0,0,0,0,0,0,5,4,0,0,0,0,0,0,0,1,0,0,0,0,0,0,0,0,0,0,0,0,0,0,0,0,0,0,0,0,0,0,0,0,PN+HM,39,
2024-12-07,L3,1.2,09:23,09:38,37,0,87,2,0,0,104,2,0,0,0,0,7,0,0,0,0,0,1,0,2,1,0,0,0,0,0,0,0,0,0,0,0,0,0,0,0,0,0,0,0,0,0,0,0,0,PN+HM,232,
2024-12-07,L1,1.2,09:46,09:57,4,0,1,0,8,0,24,0,0,0,0,0,0,0,0,0,4,0,0,0,0,0,0,0,0,0,0,0,0,0,0,0,0,0,0,0,0,0,0,0,0,0,0,0,0,0,PN+HM,37,
2024-12-07,L2,1.2,10:01,10:13,89,0,13,0,0,0,70,1,4,0,0,0,13,5,0,0,0,0,0,0,8,0,0,0,0,0,0,0,0,0,0,0,0,0,0,0,10,0,0,0,0,0,0,0,0,0,PN+HM,177,
2024-12-07,S1,1.2,10:24,10:38,29,0,7,0,43,2,46,0,2,0,0,0,0,0,0,0,0,0,0,0,0,0,3,1,0,0,0,0,1,0,0,0,0,0,0,0,11,0,0,0,0,0,0,0,0,0,PN+HM,129,
2024-12-07,N3,0.6,10:49,10:55,98,0,5,0,12,0,15,0,0,0,0,0,0,0,1,0,0,0,0,0,0,0,0,0,1,0,0,0,0,0,0,0,0,0,0,0,0,0,0,0,0,0,0,0,0,0,PN+HM,130,
2024-12-07,N1,1.5,11:00,11:12,3,0,9,1,0,0,0,0,0,0,0,0,0,0,0,0,0,0,0,0,0,0,0,0,0,0,0,0,0,0,0,0,0,0,0,0,2,0,0,0,0,0,0,0,0,0,PN+HM,13,
2024-12-07,N2,1.5,11:18,11:25,0,0,0,0,0,0,0,0,0,0,0,0,0,0,0,0,0,0,0,0,1,0,0,0,0,0,0,0,0,0,0,0,0,0,0,0,0,0,0,0,0,0,0,0,0,0,PN+HM,0,
2024-12-08,E4,1.8,08:17,08:34,1,0,150,1,36,3,0,0,153,30,0,0,9,2,0,0,0,0,0,0,0,0,0,0,0,0,0,0,0,0,0,0,0,0,0,0,0,0,0,0,0,0,0,0,0,0,PN+HM,374,
2024-12-08,A3,1.2,08:51,08:58,48,2,20,0,20,0,0,0,0,0,0,0,2,0,0,0,1,0,0,0,0,0,0,0,0,0,0,0,0,0,0,0,0,0,1,0,0,0,0,0,0,0,0,0,0,0,PN+HM,90,
2024-12-08,A1,1.2,09:06,09:23,253,0,82,5,15,0,166,0,61,5,0,0,0,0,2,0,4,0,0,0,0,0,0,0,0,0,1,0,0,0,0,0,0,0,1,0,19,0,0,0,0,0,0,0,0,0,PN+HM,587,
2024-12-08,A2,1.2,09:39,10:01,32,0,48,0,4,0,125,3,0,0,0,0,2,0,0,0,1,0,0,0,18,1,0,0,0,0,2,0,0,0,0,0,0,0,0,0,0,0,0,0,0,0,0,0,0,0,PN+HM,212,
2024-12-08,F1,1.8,10:15,10:31,25,0,72,8,54,0,95,3,7,0,0,0,5,4,0,0,3,0,0,0,0,0,0,0,0,0,0,0,0,0,0,0,0,0,1,0,0,0,0,0,0,0,0,0,0,0,PN+HM,264,
2024-12-08,F2,0.6,10:39,10:46,20,0,17,0,0,0,0,0,0,0,0,0,0,0,0,0,0,0,0,0,0,0,0,0,0,0,0,0,0,0,0,0,0,0,0,0,0,0,0,0,0,0,2,0,0,0,PN+HM,37,
2024-12-08,T2,1.8,11:29,11:41,59,0,36,1,30,0,41,0,15,0,0,0,1,0,0,0,0,0,0,0,2,0,1,0,0,0,0,0,0,0,0,0,0,0,3,0,8,0,0,0,0,0,0,0,0,0,PN+HM,182,
2024-12-08,T1,0.6,12:25,12:34,3,0,35,0,0,3,2,0,0,0,0,0,3,4,0,0,0,0,0,0,0,0,0,0,0,0,0,0,0,0,0,0,0,0,0,0,0,0,0,0,0,0,0,0,0,0,PN+HM,43,
2024-12-08,T3,1.2,,,,,,,,,,,,,,,,,,,,,,,,,,,,,,,,,,,,,,,,,,,,,,,,,PN+HM,,
