date,time,latitude,longitude,location,species,sequence,name,name2,focal_voc,other_sound,sequence_total,sequence_missed_start,sequence_missed_end,sequence_recorded,audioID,original_file,count_original_file,quality,context_behaviour,context_ecology,reply,comments,observer
1996-04-28,7:46,,,p,HYC,1,M-040,,WP,,"1a, 3s, 3a",,,,,NA,,,,,n,,
1996-06-06,6:43,-3.17533,35.59767,Mogli,HYC,1,M-008,,WP,,"1a, 5s, 3a",,,,,NA,,,during WP 4 cubs come out to GT M-008,,n,,
1996-06-15,7:26,-3.19783,35.58883,Cili,HYC,1,L-040,,WP,,"1a, 7s, 1a, 1t",,,,,NA,,,"1 min after being CH by L-001, after WP WA away from den",,n,,
1996-06-21,18:29,-3.17617,35.59900,Old,HYC,1,M-003,,WP,,"1a, 2s, 1a, 1s, 1a, 1t",,,,,NA,,,"7 min after SSF with M-005 + M-007, while L",,y,reply from dir Rumbe was 7s,
1996-07-06,18:24,-3.17617,35.59900,Old,HYC,1,M-008,,WP,,"1a, 4s, 5a",,,,,NA,,,"after being CH by M-080, 1 min before AP den",,n,,
1996-07-11,18:35,,,p,HYC,1,,,WP,,"7a, 1t",,,,,NA,,,,,y,,
1996-07-11,18:35,-3.17617,35.59900,Old,HYC,2,M-010,,WP,,15a,,,,,NA,,,"reply to WP from above, M-010 joins after 6a, while L",,n,,
1996-07-23,18:10,-3.20383,35.58917,p,HYC,1,,,WP,,"1a, 1s, 1a, 1s, 1a, 1s, 1a, 1t",,,,,NA,,,"4 Lemalas 50m from 2 LI adf at EQ kill, recruitment (?)",kill,n,,
1996-07-26,17:48,-3.17617,35.59900,Old,HYC,1,M-041,,WP,,"2a, 2s, 3a",,,,,NA,,,while WA away from den,,n,by the time of the whoop we were at the Lotus den with L88 and L82; both GU and WA in this dir,
1996-08-16,9:37,-3.22767,35.55350,p,HYC,1,S-005,,WP,,"1a, 2s, 2a",,,,,NA,,,"after 11 or more Lemalas met 6 Shambas and left again, recruitment (?)",,n,"the Lemalas took away a piece of skin with meat, which might have belonged to the Shambas before.",
1996-08-16,14:05,-3.19800,35.55917,p,HYC,1,,,WP,,"1a, 6s, 1a",,,,,NA,,,"from 300m S of L-004, L-008, L-010, L-045, L-047, they LH",,n,,
1996-08-19,17:58,near Ngoit junction,,p,HYC,1,L-082,,WP,,"1a, 6s",,,,,NA,,,"L-082 first WA away after seeing L-004, L-002, L-088, then WP, AP and GT",,unclear,"just after this, L-083 WP, reply ?",
1996-08-19,17:58,near Ngoit junction,,p,HYC,1,L-083,,WP,,"1a, 5s, 1a",,,,,NA,,,"L-083 first WA away after seeing L-004, L-002, L-088, then WP, AP and GT",,n,,
1996-08-19,18:01,300m from Loc above,,p,HYC,1,,,WP,,3a,,,,,NA,,,?,,n,"no reaction of L-004, L-002, L-088, L-082 or L-083",
1996-08-20,7:19,-3.17617,35.59900,Old,HYC,1,M-040,,WP,,"1a, 3s, 6a",,,,,NA,,,"LO to Old den, last 200m with nose close to floor, when arriving, no HY around",,n,"after WP one cub after the other comes out of DH (M-081, M-080, M-093, M-085, M-084, M-091, M-089, M-083, M-090) except M-082",
1996-08-31,7:09,behind Nyukie river,,p,HYC,1,M-002,,WP,,5s,,,,,NA,,,after meeting 8 Munges together with 3 other Lemala adf,,n,3 LI adf were 300m away from them,
1996-09-05,2:13,-3.17833,35.56233,Luxus,HYC,1,,,WP,,8a,,,,,NA,,,next to dead L-007,,n,see red book for further info,
1996-09-05,4:20,-3.17883,35.56267,Landscape,HYC,1,,,WP,,"1a, 4s, 2a, 1t, 1a",,,,,NA,,,,,n,see red book for further info,
1996-09-05,4:28,-3.17883,35.56267,Landscape,HYC,1,,,WP,,"2a, 2s, 2a",,,,,NA,,,,,n,see red book for further info,
1996-09-05,19:19,-3.17833,35.56233,Luxus,HYC,1,,,WP,,9a,,,,,NA,,,"L-004 and cubs next to dead L-007, when ad HY AP, cubs R into DH and WP",,n,see red book for further info,
1996-09-05,19:21,-3.17833,35.56233,Luxus,HYC,1,,,WP,,"4a, 2s, 1a, 2s",,,,,NA,,,next to dead L-007,,n,"in DH, see red book for further info",
1996-09-05,19:24,,,,HYC,1,,,WP,,"7s, 1a",,,,,NA,,,,,n,see red book for further info,
1996-09-05,19:31,100m from Luxus den,,p,HYC,1,,,WP,,"6a, 1t",,,,,NA,,,,,n,see red book for further info,
1996-09-10,10:25,-3.18983,35.51467,p,HYC,1,,,WP,,"3a, 1s, 1a, 1t",,,,,NA,,,"at WI carc of 2 sadm LI, 11 HY around",at WI carc of 2 sadm LI,n,,
1996-09-13,18:24,-3.16983,35.60000,p,HYC,1,M-050,,WP,,"10a, 1t",,,,,NA,,,"while standing next to M-003, M-007, M-085 and 300m from M-005, M-080 - M-084",,n,"1 min later M-005 GU and WA to the other HY, then the cubs FO",
1996-09-15,7:37,-3.16967,35.60050,Mama,HYC,1,M-005,,WP,,"7a, 1t",,,,,NA,,,after being SN at BK by M-007 who was trying to keep M-005 away from M-095,,n,"after first WP, rangers AP",
1996-09-15,7:56,-3.16967,35.60050,Mama,HYC,1,M-081,,WP,,"3a, 3s, 3a, 1t",,,,,NA,,,after being LU by M-007,,n,,
1996-09-15,8:11,-3.16967,35.60050,Mama,HYC,1,M-085,,WP,,"1a, 7s, 2a, 1t",,,,,NA,,,"5min after AP Mama den with 7 Mungis, M-085 standing 20m away from others",,n,,
1996-09-15,8:17,-3.16967,35.60050,Mama,HYC,1,M-041,,WP,,"5a, 1t",,,,,NA,,,after WP from about 200m away,,y,"reply of a cub, but we couldn't record sequence",
1996-09-16,18:18,-3.17083,35.60000,p,HYC,1,M-050,,WP,,"10a, 1t",,,,,NA,,,1min after being CH by M-085 + M-093,,n,,
1996-09-19,7:21,-3.17833,35.60217,p,HYC,1,M-003,,WP,,"3a, 1s, 1t, 1a, 1t",,,,,NA,,,together with other Munges next to WI kill (they prob did) with 2 LI adf,kill,y ?,"there were a lot of other WP, e.g. by M-006 and M-040",
1996-09-19,7:24,-3.17833,35.60217,p,HYC,1,M-003,,WP,,"2a, 1s, 1a, 2t, 1a",,,,,NA,,,together with other Munges next to WI kill (they prob did) with 2 LI adf,kill,n,,
1996-09-19,7:24,-3.17833,35.60217,p,HYC,1,M-009,,WP,,"2s, 1a, 1s, 1t",,,,,NA,,,together with other Munges next to WI kill (they prob did) with 2 LI adf,kill,n,,
1996-09-19,7:31,-3.17833,35.60217,p,HYC,1,M-003,,WP,,"4s, 1t",,,,,NA,,,together with other Munges next to WI kill (they prob did) with 2 LI adf,kill,n,,
1996-09-19,7:33,-3.17833,35.60217,p,HYC,1,M-012,,WP,,"1a, 3s, 1t",,,,,NA,,,after AP the group of Munges at kill and being attacked by them,kill,n,,
1996-09-19,7:36,-3.17833,35.60217,p,HYC,1,M-010,,WP,,about 13a,,,,,NA,,,after joining the group of Munges at kill,kill,n,,
1996-09-19,7:53,-3.17833,35.60217,p,HYC,1,M-084,,WP,,"6a, 1t",,,,,NA,,,after being CH 3m by M-003,kill,n,,
1996-09-24,18:49,-3.17450,35.60017,p,HYC,1,M-008,,WP,,"1a, 4s, 3a",,,,,NA,,,"close to soc int between M-003, M-006, M-007, M-041, M-082 and M-083, GT M-003 + M-041",,n,,
1996-09-26,18:17,-3.17883,35.56267,Landscape,HYC,1,,,WP,,4a,,,,,NA,,,"L-084, L-093 or L-090, after L-041 AP den and 4 cubs and GN and GT cubs",,n,"1818 L-013 comes LO from NE, L-041 RE",
1996-09-26,18:20,-3.17883,35.56267,Landscape,HYC,1,,,WP,,12a,,,,,NA,,,"one of the cubs out of DH, L-041 is GT cubs",,n,,
1996-09-27,18:11,-3.17883,35.56267,Landscape,HYC,1,L-084,,WP,,unknown,,,no,,NA,,,"after L-040 AP den with flipping penis, L-040 stops 10m away from den",,n,,
1996-09-28,18:26,-3.19917,35.56333,p,HYC,1,L-048,,WP,,"1a, 2s, 3a",,,,,NA,,,"after interacting with L-009, when 3-400m away from L-009",,n,,
1996-09-28,18:37,-3.17883,35.56267,Landscape,HYC,1,L-084,,WP,,"3a, 5s, 1a, 1t",,,,,NA,,,after L-009 arrives at den,,n,,
1996-12-28,9:59,-3.18333,35.56267,p,HYC,1,L-005,,WP,,"1a, 4s, 1t",,,,,NA,,,reply to WP 500m away,,n,,
1996-12-28,10:02,-3.18333,35.56267,p,HYC,1,L-005,,WP,,"3a, 3s, 2a, 1t",,,,,NA,,,"after WA in direction of other WP, still reply (?)",,n,,
1997-01-02,7:50,-3.17617,35.59750,p,HYC,1,M-081,,WP,,"7s, 4a, 1t",,,,,NA,,,"when meeting M-016, surrounding M-016 with TU while WP",,n,,
1997-01-03,18:49,-3.17583,35.59767,p,HYC,1,M-008,,WP,,"11a, 1t",,,,,NA,,,after being CH by M-006 and then AP M-006 + M-007 (TU),,n,"M-006 + M-007 TD after AP of M-008, WA away, LD",
1997-01-04,17:12,2.4km away from Lucky,,p,HYC,1,,,WP,,"1a, 4s, 4a, 1t",,,,,NA,,,Lemalas just killed a young WI,fresh WI kill,n,we were at Lucky den when we heard 2 HY WP simultaneously; we concentrated on one,
1997-01-06,6:53,100m from Lucky den,,p,HYC,1,L-042,,WP,,"2a, 3s, 4a, 1t",,,,,NA,,,while WA away from den,,n,,
1997-01-15,18:27,,,,HYC,1,L-041,,WP,,9a,,,,,NA,,,"10m from L-008, 20m from L-086, L-087 + L-090, LD after WP",,n,,
1997-01-19,18:11,,,p,HYC,1,M-081,,WP,,"2a, 1s, 7a",,,,,NA,,,after R after M-088 who had a gazelle fawn,,n,"M-006 caught up with M-088 and fought with her, M-081 didn't get anything, but was very excited",
1997-01-19,18:20,,,p,HYC,1,M-082,,WP,,"9a, 1t",,,,,NA,,,"after interaction with M-007 + M-041, all seem to dom and cub at the same time",,n,,
1997-01-19,18:25,,,p,HYC,1,M-082,,WP,,10a,,,,,NA,,,"after interaction with M-007 + M-041, all seem to dom and cub at the same time",,n,,
1997-01-23,7:18,-3.20633,35.57917,p,HYC,1,L-040,,WP,,"6s, 1a",5s,none,"1s, 1a",au_19970123_0718_L,Tape_N01,00:00,ok,"L-040 shad L-004, WA in front of L-004 and WP",,n,,OH+BW
1997-01-25,8:11,-3.20367,35.57683,Lolo,HYC,1,L-041,,WP,,8a,,,,,NA,,,after baiting and being CH by L-008,,n,,
1997-01-27,18:40,-3.20567,35.57850,Lima,HYC,1,L-041,,WP,,11a,,,,,NA,,,"while WA 20m away from den, then LD again",,n,,
1997-01-29,18:41,-3.20567,35.57850,Lima,HYC,1,L-041,,WP,,11a,3a,none,8a,au_19970129_1841_L,Tape_N01,01:01,good,after AR at D and interact/GT with all 8 cubs,,n,,OH+BW
1997-02-12,8:48,-3.18017,35.59917,Mosi,HYC,1,M-004,,WP,,"3a, 4s, 4a",,,,,NA,,,6min after M-006 bit M-096 (cub of M-004) severely in head,,n,,
1997-02-12,8:52,-3.18017,35.59917,Mosi,HYC,1,M-004,,WP,,"9a, 1t",,,,,NA,,,after M-004 went to DH of cubs of M-006 and then MW and BI M-006,,n,,
1997-02-12,9:01,-3.18017,35.59917,Mosi,HYC,1,M-004,,WP,,"10a, 1t",,,,,NA,,,"after M-004 again attacked M-006, trying to BI M-006",,n,,
1997-02-26,9:55,-3.17400,35.54733,p,HYC,1,L-009,,WP,,"1a, 11s",,,,,NA,,,"after boundary encounter with Airstrip, while WA away",,y ?,,
1997-02-26,10:50,-3.18267,35.58400,Milia birth,HYC,1,L-095,,WH,,NA,none,none,NA,au_19970226_1050_L,Tape_N01,02:13,poor,"L-095 whining in birth den, L-013 also in den",,n,"sound very poor, lot of cracking sound, vocalisation very faint",OH+BW
1997-03-04,17:22,-3.18100,35.58183,Lupo,HYC,1,L-094,,WP,,9a,,,,,NA,,,"L-004 GN into DH for minutes, L-014 cannot get close",,n,,
1997-03-05,7:15,200m from Lupo den,,p,HYC,1,L-013,,WP,,6s,,,,,NA,,,"after having WA away from Lupo den, just before rush into WI herd",,n,,
1997-03-05,7:32,-3.16400,35.57100,p,HYC,1,L-042,,WP,,"1a, 6s, 1a, 2t",,,,,NA,,,"after LE WI calf, L-042 didn't EA of it",kill,n,before arriving at EQ carc with 2 LI adf EA of it,
1997-03-05,7:38,-3.16400,35.57100,p,HYC,1,L-011,,WP,,"4s, 4a, 1t",,,,,NA,,,"while R towards Engitati together with L-084, L-085, L-014, L-009, L-089 + L-042",kill,n,,
1997-03-05,7:43,-3.15917,35.57217,p,HYC,1,,multiple,WP,"GN, LA",multiple,none,none,multiple,au_19970305_0743_L,Tape_N01,03:00,good,at LI-kill with 2 adf LI,kill,n,,OH+BW
1997-03-05,7:43,-3.15917,35.57217,p,HYC,1,L-009,,WP,GN,"2a, 8s, 3t",2a,none,"8s, 3t",au_19970305_0743_L,Tape_N01,03:00,good,"after AR with L-014, L-042 + L-089 at LI-kill with 2 adf LI",kill,y,,OH+BW
1997-03-05,7:46,-3.15917,35.57217,p,HYC,2,L-042,,WP,GN,"5a, 2s, 1t",none,none,"5a, 2s, 1t",au_19970305_0743_L,Tape_N01,03:00,ok,"after AR with L-014, L-042 + L-089 at LI-kill with 2 adf LI",kill,y,slightly too lourd,OH+BW
1997-03-05,8:14,-3.15917,35.57217,p,HYC,1,L-005,,WP,,"9a, 1s, 1t",,,,,NA,,,while looking in direction of 2 LI adf,kill,n,,
1997-03-05,8:37,-3.15917,35.57217,p,HYC,1,L-009,,WP,,"1a, 6s, 3a, 1t",,,,,NA,,,at EQ carc,kill,n,,
1997-03-07,6:41,-3.18017,35.59917,Mosi,HYC,1,,M-098 or M-099,WP,,9a,,,,,NA,,,M-007 GN into DH,,n,,
1997-03-12,6:43,-3.17633,35.59967,Mzee,HYC,1,,M-098 or M-099,WP,,3a,,,,,NA,,,M-041 GN into DH,,n,,
1997-03-12,6:52,-3.17633,35.59967,Mzee,HYC,1,,M-098 or M-099,WP,,"2a, 1s, 2a, 3s",,,,,NA,,,M-041 GN into DH,,n,,
1997-03-14,8:18,,,p,HYC,1,L-042,,WP,,"1a, 6s, 2a","1a, 1s",none,"5s, 2a",au_19970314_0818_L,Tape_N01,06:52,good,"after encounter with A and meeting L-014, L-010 and L-046",,n,,OH+BW
1997-03-17,7:38,-3.16167,35.55083,p,HYC,1,N-045,,WP,,6s,,,,,NA,,,after being CH hard by L-040 and L-047,,n,"no reaction of L-040 + L-047, they SH, SG, PA, then CH N-045 another 20m",
1997-03-19,18:36,-3.18100,35.58183,Lupo,HYC,1,L-094,,WP,,"8a, 2t",,,,,NA,,,after L-009 GN into DH and L-013 interacts with L-009,,n,,
1997-03-21,21:44,-3.18100,35.58183,Lupo,HYC,1,L-014,,WP,,"1a, 10s, 3a, 1t",,,,,NA,,,"while SI, only L-014, L-080 and L-081 at den",,n,,
1997-03-21,22:41,-3.18100,35.58183,Lupo,HYC,1,L-014,,WP,,"7s, 5a",,,,,NA,,,while WA out of den area together with L-080 + L-81,,n,,
1997-03-22,4:12,-3.18100,35.58183,Lupo,HYC,1,,L-094 or L-095,WP,,5a,,,,,NA,,,after L-014 GN (not into DH),,n,,
1997-03-22,4:49,-3.18100,35.58183,Lupo,HYC,1,L-014,,WP,,"1a, 5s",,,,,NA,,,when L-013 in DH,,n,,
1997-03-22,5:53,-3.18100,35.58183,Lupo,HYC,1,,L-094 or L-095,WP,,4a,,,,,NA,,,,,n,,
1997-03-22,6:17,-3.18100,35.58183,Lupo,HYC,1,L-095,,WP,,4a,,,,,NA,,,,,n,,
1997-03-22,22:14,-3.18100,35.58183,Lupo,HYC,1,L-014,,WP,,"1a, 3s, 1a, 1t",,,,,NA,,,after and during many WPs from Ngoitokitok and Rumbe,,n,,
1997-03-23,22:46,-3.18100,35.58183,Lupo,HYC,1,,L-095?,WP,,5a,,,,,NA,,,"after L-011 GN into DH where L-014, L-094 and L-095 are",,n,L-013 comes immediately and interacts with L-014,
1997-03-23,22:54,-3.18100,35.58183,Lupo,HYC,1,,L-095?,WP,,"2a, 2s, 2a",,,,,NA,,,out of DH where L-014 seems to try to SU L-094,,n,L-013 comes immediately and interacts with L-014,
1997-03-23,22:58,-3.18100,35.58183,Lupo,HYC,1,,L-095?,WP,,7a,,,,,NA,,,out of DH where L-014 seems to try to SU L-094,,n,L-013 comes immediately and interacts with L-014,
1997-03-23,23:04,-3.18100,35.58183,Lupo,HYC,1,,L-095?,WP,,12a,,,,,NA,,,"after 9a, L-013 GU, WA to DH and looks into DH",,n,,
1997-03-24,8:05,-3.18100,35.58183,Lupo,HYC,1,L-042,,WP,,"7a, 1t",,,,,NA,,,after hunting WI calf which was taken over by other Lemalas,kill,n,L-042 LE the kill with L-008 and L-041 and WP,
1997-03-26,2:24,-3.18100,35.58183,Lupo,HYC,1,L-095,,WP,,5a,,,,,NA,,,"L-013 GU, SF G L-14 and L-094 (L)",,n,,
1997-03-26,2:26,-3.18100,35.58183,Lupo,HYC,1,L-095,,WP,,1a,,,,,NA,,,,,n,,
1997-03-26,2:26,-3.18100,35.58183,Lupo,HYC,1,L-095,,WP,,1a,,,,,NA,,,"L-013 continues SF G L-014 (L), then LD, L-095 comes out of DH",,n,,
1997-03-26,2:56,-3.18100,35.58183,Lupo,HYC,1,L-095,,WP,,1a,,,,,NA,,,"L-013 playing with L-094, NR of L-013 to WP of L-095",,n,,
1997-03-26,2:56,-3.18100,35.58183,Lupo,HYC,1,L-095,,WP,,"2a, 3s, 1a, 1s",,,,,NA,,,"L-013 playing with L-094, NR of L-013 to WP of L-095",,n,,
1997-03-26,3:01,-3.18100,35.58183,Lupo,HYC,1,L-095,,WP,,"4a, 3s",,,,,NA,,,"L-013 playing with L-094, NR of L-013 to WP of L-095",,n,,
1997-03-26,3:13,-3.18100,35.58183,Lupo,HYC,1,L-095,,WP,,5a,,,,,NA,,,"L-013 (L 10m away) LH, L-015 is WA around and GN all the time",,n,,
1997-03-26,3:16,-3.18100,35.58183,Lupo,HYC,1,L-095,,WP,,"2a, 3s, 2a",,,,,NA,,,"L-013 (L 10m away) LH, L-015 is WA around and GN all the time",,n,,
1997-03-26,4:39,-3.18100,35.58183,Lupo,HYC,1,L-095,,WP,,3a,,,,,NA,,,"L-013 (L by DH) LH, L-015 is WA around and GN all the time",,n,,
1997-03-26,5:38,-3.18100,35.58183,Lupo,HYC,1,L-094,,WP,,2a,,,,,NA,,,"while L-014 LK L-094, L-015 standing parallel, after WP, L-015 WA away",,n,,
1997-03-26,6:25,-3.18100,35.58183,Lupo,HYC,1,,L-094 or L-095,WP,,5a,,,,,NA,,,NR,,n,,
1997-03-26,6:47,-3.18100,35.58183,Lupo,HYC,1,L-095,,WP,,"2a, 1s, 7a",,,,,NA,,,L-013 turns H towards DH,,n,,
1997-03-26,6:50,-3.18100,35.58183,Lupo,HYC,1,L-095,,WP,,3a,,,,,NA,,,after L-094 YE because L-015 BI NK L-094 while playing,,n,,
1997-03-26,7:43,-3.18100,35.58183,Lupo,HYC,1,L-095,,WP,,1a,,,,,NA,,,"L-013 AP, SV L-014 (SU L-094 in DH)",,n,,
1997-03-26,7:52,-3.18100,35.58183,Lupo,HYC,1,L-095,,WP,,7a,,,,,NA,,,L-13 (L 5m away) LH,,n,,
1997-03-26,7:53,-3.18100,35.58183,Lupo,HYC,1,L-095,,WP,WH,"1a, 1s",,,,,NA,,,L-013 NR,,n,,
1997-03-26,7:54,-3.18100,35.58183,Lupo,HYC,1,L-095,,WP,,"3a, 1s, 3a",,,,,NA,,,"L-013 GU, WA into DH",,n,,
1997-03-28,7:17,-3.18100,35.58183,Lupo,HYC,1,L-095,,WP,,4a,,,,,NA,,,"L-013 (L 5m away) GU, AP",,n,"L-002 (WA away) turns, WA 3m towards DH, then turns again and WA 6m from DH, LD",
1997-03-28,7:54,-3.18100,35.58183,Lupo,HYC,1,L-040,,WP,,"7s, 2a",,,,,NA,,,while WA away from den,,n,,
1997-04-09,6:54,-3.16933,35.60800,p,HYC,1,L-044,,WP,,"1a, 6s, 3a, 1t",,,,,NA,,,in Munge-territory,,n,,
1997-04-09,18:38,-3.12117,35.59033,p,HYC,1,S-041,,WP,,4a,,,,,NA,,,in Engitati-territory after LO from burned area to this location,,y ?,after WP LO to E-004 and copulates with E-004,
1997-04-10,18:28,-3.16400,35.61233,Mouse,HYC,1,M-040,,WP,,"1a, 3s, 4a, 1t","1a, 1s",none,"2s, 4a, 1t",au_19970410_1828_M,Tape_N01,07:51,good,"2 min after being CH 20m by M-007. After WP, M-010 + M-087 AP TU M-040, M-040 RE. While L 25m from DH.",,n,,OH+BW
1997-04-13,7:01,-3.16483,35.62683,p,HYC,1,M-043,,WP,,"10a, 1t",,,,,NA,,,"while r, shortly before meeting m-006, m-052, m-040, m-009 + m-088",,n,,
1997-04-13,8:45,-3.14883,35.64883,p,HYC,1,M-043,,WP,,5a,,,,,NA,,,"after being BI in Bk by m-006  m-007, m-043 then ch m-008 aver 3m",,n,,
1997-04-13,9:25,-3.14433,35.64117,p,HYC,1,M-097,,WP,,"1a, 1s, 1a, 1s, 5a",,,,,NA,,,after ap m-006 + m-007 and re again,,n,,
1997-04-17,17:53,-3.18567,35.58500,lili,HYC,1,L-095,,WP,,8a,,,,,NA,,,"l-088 goes to dh, looks into it",,n,,
1997-04-17,18:06,-3.18567,35.58500,lili,HYC,1,L-095,,WP,,3a,,,,,NA,,,"l-009 + l-013 look into dh, then also l-088",,n,,
1997-04-17,18:18,-3.18567,35.58500,lili,HYC,1,L-095,,WP,,11a,,,,,NA,,,l-088 plays with l-094 next to dh,,n,,
1997-04-18,0:19,-3.18567,35.58500,lili,HYC,1,,,WP,,"1a, 8s, 3a, 1t",,,,,NA,,,"after being ch by L-002 and sf at place she was l, he wp while le den area",,n,,
1997-04-18,0:27,-3.18567,35.58500,lili,HYC,1,,,WP,,"1a, 8s, 2a",,,,,NA,,,,,n,,
1997-04-18,0:47,-3.18567,35.58500,lili,HYC,1,,L-094 or L-095,WP,,11a,,,,,NA,,,after L-014 ch away an adm,,n,,
1997-04-18,0:50,-3.18567,35.58500,lili,HYC,1,,L-094 or L-095,WP,,"1a, 3s, 1a, 1t",,,,,NA,,,,,n,,
1997-04-18,1:05,-3.18567,35.58500,lili,HYC,1,L-094,,WP,,"8a, 1t",,,,,NA,,,,,n,,
1997-04-18,7:40,-3.18567,35.58500,lili,HYC,1,,L-094 or L-095,WP,,10a,,,,,NA,,,"3min after L-008, L-042, L-086 + L-087 arrived",,n,,
1997-04-18,18:07,-3.18567,35.58500,lili,HYC,1,L-095,,WP,,9a,,,,,NA,,,"after l-086 plays with l-094 in den entrance, l-013 l in other dh 10m away",,n,,
1997-04-18,18:17,-3.18567,35.58500,lili,HYC,1,L-095,,WP,,11a,,,,,NA,,,"l-013 ap, looks into dh, l-086 also, l-086 goes into dh, l-013 wa 1m",,n,,
1997-04-18,18:33,-3.18567,35.58500,lili,HYC,1,L-095,,WP,,11a,,,,,NA,,,"l-013 l 1m from dh, nr",,n,,
1997-04-18,18:44,-3.18567,35.58500,lili,HYC,1,L-095,,WP,,"7a, 1s",,,,,NA,,,"l-013 l 1m from dh, nr",,n,,
1997-04-18,18:51,-3.18567,35.58500,lili,HYC,1,M-047,,WP,,"1a, 3s, 1t",,,,,NA,,,,,n,,
1997-04-18,19:09,-3.18567,35.58500,lili,HYC,1,L-094,,WP,,unknown,,,no,,NA,,,,,n,,
1997-04-18,21:16,-3.18567,35.58500,lili,HYC,1,L-095,,WP,,8a,,,,,NA,,,"l-013 gu, gn into dh, l in dh",,n,,
1997-04-19,1:57,-3.18567,35.58500,lili,HYC,1,,L-094 or L-095,WP,,5a,,,,,NA,,,,,n,,
1997-04-19,5:11,-3.18567,35.58500,lili,HYC,1,L-095,,WP,,8a,,,,,NA,,,,,n,,
1997-04-19,19:06,-3.18567,35.58500,lili,HYC,1,L-041,,WP,,10a,,,,,NA,,,while le den area,,n,,
1997-04-19,19:30,close to lili,,p,HYC,1,,,WP,,"6s, 4a",,,,,NA,,,,,n,"special sound, gurgling",
1997-04-19,22:45,-3.18567,35.58500,lili,HYC,1,,L-094 or L-095,WP,,7a,,,,,NA,,,,,n,,
1997-04-20,0:40,-3.18567,35.58500,lili,HYC,1,L-040,,WP,,"1a, 7s",,,,,NA,,,while le den area,,n,,
1997-04-20,0:50,-3.18567,35.58500,lili,HYC,1,,L-094 or L-095,WP,,12a,,,,,NA,,,,,n,"l-088 who l next to dh, gu and looks into dh",
1997-04-20,2:13,-3.18567,35.58500,lili,HYC,1,,,WP,,7a,,,,,NA,,,while le den area,,n,,
1997-04-20,18:07,-3.18567,35.58500,lili,HYC,1,L-095,,WP,,6a,,,,,NA,,,,,n,l-014 who l in dh gu,
1997-04-20,19:05,-3.18567,35.58500,lili,HYC,1,L-094,,WP,,"4a, 1s, 2a, 2s, 3a, 1t",,,,,NA,,,,,n,,
1997-04-20,21:00,-3.18567,35.58500,lili,HYC,1,L-047,,WP,,9a,,,,,NA,,,while le den area,,n,,
1997-04-20,21:55,-3.18567,35.58500,lili,HYC,1,,,WP,,"9a, 1t",,,,,NA,,,while le den area,,n,,
1997-04-21,4:07,-3.18567,35.58500,lili,HYC,1,,l-088?,WP,,"4s, 4a",,,,,NA,,,,,n,,
1997-04-21,4:22,-3.18567,35.58500,lili,HYC,1,L-002,,WP,,"1a, 7s, 10a, 1s, 1a",,,,,NA,,,04:23 l-002 gets ch by li adf over 40m,,n,second li present,
1997-04-21,5:11,close to lili,,p,HYC,1,,,WP,,"10a, 1s, 1a",,,,,NA,,,,,n,,
1997-04-21,6:09,-3.18567,35.58500,lili,HYC,1,L-094,,WP,,10a,,,,,NA,,,"because l-010 ap, gn",,n,,
1997-04-21,6:21,-3.18567,35.58500,lili,HYC,1,L-047,,WP,,"2a, 3s, 2t",,,,,NA,,,,,n,while l 15m away from dhs,
1997-04-21,6:45,-3.18567,35.58500,lili,HYC,1,L-047,,WP,,"2a, 3s, 2a, 1t",,,,,NA,,,,,n,while l 10m away from dhs,
1997-04-21,19:19,-3.18567,35.58500,lili,HYC,1,L-095,,WP,,"8a, 1t",,,,,NA,,,,,n,,
1997-04-21,21:34,-3.18567,35.58500,lili,HYC,1,L-047,,WP,,"9a, 1t",,,,,NA,,,while l in periphery of den area,,n,,
1997-04-21,21:43,p of Lili den,,p,HYC,1,L-047,,WP,GN,6a,1a,none,5a,au_19970421_2143_L,Tape_N01,09:06,ok,while WA around in periphery,,n,quite far away,OH+BW
1997-04-21,21:58,-3.18567,35.58500,lili,HYC,1,L-047,,WP,,"7a, 1s, 1a, 1t",,,,,NA,,,,,n,,
1997-04-21,22:14,p of Lili den,,p,HYC,1,L-047,,WP,,"9a, 1s, 1a, 1t",3a,none,"6a, 1s, 1a, 1t",au_19970421_2214_L,Tape_N01,09:34,ok,,,n,"far away, not very good, recorder noise",OH+BW
1997-04-21,22:36,-3.18567,35.58500,lili,HYC,1,L-094,,WP,,10a,,,,,NA,,,,,n,,
1997-04-21,23:27,-3.18567,35.58500,lili,HYC,1,L-094,,WP,,"10a, 1t",,,,,NA,,,,,n,,
1997-04-21,23:31,-3.18567,35.58500,lili,HYC,1,,,WP,,"8a, 1t",,,,,NA,,,while le den area,,n,,
1997-04-26,9:16,-3.19067,35.59117,p,HYC,1,L-041,,WP,,10a,,,,,NA,,,"after l-002 ap l-041, l-005",,n,,
1997-05-30,18:45,-3.14017,35.50417,alibaba,HYC,1,A-095,,WP,,8a,,,,,NA,,,6 min after a-045 ap den,,n,,
1997-06-03,7:03,-3.16333,35.61750,p,HYC,1,N-045,,WP,,"1a, 4s",,,,,NA,,,"3 min after m-008 and m-087 lo to eq carc, n-045, m-010 and 2 others were ea and were displaced",eq carc,n,,
1997-06-11,9:08,-3.16400,35.61233,mouse,HYC,1,M-103,,WP,,"8a, 1t",,,,,NA,,,after/while fighting with m-104,,n,,
1997-06-19,20:39,-3.14017,35.50417,alibaba,HYC,1,A-015,,WP,,"1a, 1s, 6t",,,,,NA,,,,,n,while she wp 4 cubs ap her,
1997-06-19,21:07,-3.14017,35.50417,alibaba,HYC,1,,A-015 or other ad,WP,,"2a, 8t, (or, 8s)",,,,,NA,,,,,y ?,"the other (a-015 or ad) joins in, 5 cubs ap",
1997-06-20,7:54,-3.14017,35.50417,alibaba,HYC,1,A-050,,WP,,11a,,,,,NA,,,2 min after being ch by a-003 over 7m,,n,5 min later he le den area,
1997-06-20,18:15,-3.14017,35.50417,alibaba,HYC,1,A-050,,WP,,10a,,,,,NA,,,7 min after arriving in den area,,n,18:19 he le again,
1997-06-21,3:09,-3.14017,35.50417,alibaba,HYC,1,,adm that was with a-009,WP,,"11a, 1t, 1a",,,,,NA,,,just after ap den area,,n,,
1997-06-21,4:18,-3.14017,35.50417,alibaba,HYC,1,,adm that was with a-009,WP,,"14a, 1t",,,,,NA,,,after l for 1hour 9min and gu,,n,,
1997-06-21,6:18,-3.14017,35.50417,alibaba,HYC,1,,adm that was with a-009,WP,,"12a, 1t",,,,,NA,,,2min after ap den area with A-009,,n,,
1997-06-21,21:38,-3.14017,35.50417,alibaba,HYC,1,,,WP,,"10a, 1t",,,,,NA,,,2min after ap den area and while le den area again,,n,,
1997-06-23,0:44,-3.14017,35.50417,alibaba,HYC,1,A-095,,WP,,"1a, 4s, 2a, 1t",,,,,NA,,,after being attacked (bi in bk) by a-003,,n,,
1997-06-24,4:56,-3.14017,35.50417,alibaba,HYC,1,,,WP,,20a,,,,,NA,,,"4min after ap den, then ld",,n,,
1997-06-24,5:20,-3.14017,35.50417,alibaba,HYC,1,,,WP,,7a,,,,,NA,,,"gu, wp while wa",,n,,
1997-06-24,5:25,-3.14017,35.50417,alibaba,HYC,1,,,WP,,"16a, 1t",,,,,NA,,,while le,,n,,
1997-06-27,18:35,-3.16400,35.61233,mouse,HYC,1,M-099,,WP,,5a,,,,,NA,,,after being bi by m-012 after gt m-104,,n,,
1997-07-01,9:31,-3.17950,35.59150,labda,HYC,1,L-042,,WP,,"1a, 4s, 3a, 1t",,,,,NA,,,"after l-014 arrived at den and interactions between l-008, l-088, l-004 and l-014",,n,,
1997-07-01,9:31,-3.17950,35.59150,labda,HYC,1,L-095,,WP,,3a,,,,,NA,,,"after l-014 arrived at den and interactions between l-008, l-088, l-004 and l-014",,n,,
1997-07-01,10:02,-3.17950,35.59150,labda,HYC,1,L-004,,WP,,"1a, 1s, 1a, 1t",,,,,NA,,,"while l, l-008 ap l-004, then l-004 gu, l-004, l-008, l-042, l-090 + l-087 llok in direction of 2 hy 500m away, 10:05 they all wa towards these hy, l-004 in front, after few meters they stp again",,n,,
1997-07-01,18:17,-3.16850,35.58783,p,HYC,1,L-042,,WP,,"2a, 5s, 7a, 1t","2a, 3s",none,"2s, 7a, 1t",au_19970701_1817_L,Tape_N01,10:59,ok,"was together with L-008 + L-087, WP after L-005, L-088 + L-083 R towards them",,n,"some wind, some noise from moving micro, loud sound of engin?",OH+BW
1997-07-04,8:38,-3.17567,35.59000,limuko,HYC,1,L-094,,WP,,8a,,,,,NA,,,"6min after l-005 killed l-099 and 2, rsep 1min after she was ch by l-15",,n,,
1997-07-12,18:37,-3.17733,35.59083,lifti,HYC,1,L-088,,WP,,8a,,,,,NA,,,"50m next to dh, while l",,n,,
1997-07-17,18:00,-3.18167,35.58500,lambada,HYC,1,L-094,,WP,,"4a, 2s, 1a, 1t",,,,,NA,,,"after l-082 ap den area, l-094 in dh",,n,,
1997-07-17,18:01,-3.18167,35.58500,lambada,HYC,1,L-094,,WP,,"4s, 3a, 1t",,,,,NA,,,out of dh,,n,,
1997-07-17,18:48,-3.18167,35.58500,lambada,HYC,1,L-094,,WP,,"2a, 3s, 3a",,,,,NA,,,after l-015 ap den area,,n,,
1997-08-13,18:18,-3.16400,35.61233,mouse,HYC,1,M-098,,WP,,5s,,,,,NA,,,when m-082 ap den,,n,,
1997-08-18,20:34,-3.16400,35.61233,mouse,HYC,1,M-008,,WP,,"1a, 6s, 1a, 1s, 5a",,,,,NA,,,reply to a wp of prob m-046,,n,,
1997-08-18,22:40,-3.16400,35.61233,mouse,HYC,1,M-008,,WP,,"5s, 1a",,,,,NA,,,,,n,,
1997-08-19,0:33,-3.16400,35.61233,mouse,HYC,1,M-040,,WP,,"8a, 1t",,,,,NA,,,5min after ap den,,n,"m-082 there, m-098 - m-111 in dh, some cubs come out after wp of m-040",
1997-08-19,6:22,-3.16400,35.61233,mouse,HYC,1,M-040,,WP,,"2a, 3s, 1a, 1t",,,,,NA,,,while ap den,,n,,
1997-08-19,20:09,-3.16400,35.61233,mouse,HYC,1,,,WP,,"12a, 1t",,,,,NA,,,1min after ap den and while gt other adm,,n,,
1997-08-19,21:00,-3.16400,35.61233,Mouse,HYC,1,M-040,,WP,,"1a, 2s, 5a, 1t",none,none,"1a, 2s, 5a, 1t",au_19970819_2100_M,Tape_N01,12:27,good,"9 min after AP den and SF bum of M-007 (SU), M-006 (SU), M-005 (SU). Cubs out of DH after WP.",,n, some recorder noise,OH+BW
1997-08-19,21:05,-3.16400,35.61233,mouse,HYC,1,,,WP,,"1a, 10s",,,,,NA,,,in DH,,n,,
1997-08-20,0:16,-3.16400,35.61233,mouse,HYC,1,M-012,,WP,,unknown,,,no,,NA,,,after m-009 ap den and m-012 -su m-103 + m-104,,n,,
1997-08-20,0:36,-3.16400,35.61233,mouse,HYC,1,,,WP,,19a,,,,,NA,,,in DH,,n,,
1997-08-20,4:41,-3.16400,35.61233,mouse,HYC,1,,,WP,,"7a, 1s, 2a",,,,,NA,,,while M-012 looks into dh,,n,,
1997-08-20,5:06,-3.16400,35.61233,Mouse,HYC,1,,adm from munge clan?,WP,,"12a, 1s, 4a, 1s, 1a, 1t",6a,none,"6a, 1s, 4a, 1s, 1a, 1t",au_19970820_0506_M,Tape_N01,14:46,ok,80m from DH,,n,"quite far but not bad, some noise from moving micro",OH+BW
1997-08-20,5:10,-3.16400,35.61233,mouse,HYC,1,M-012,,WP,,"6a, 1t",,,,,NA,,,after turned in circles with m-014 in den entrance,,n,,
1997-08-20,18:53,-3.16400,35.61233,mouse,HYC,1,M-008,,WP,,"1a, 5s, 2a",,,,,NA,,,"ap den, is about 300m away",,n,,
1997-08-20,21:15,-3.16400,35.61233,Mouse,HYC,1,,M-010?,WP,,12a,3a,none,9a,au_19970820_2115_M,Tape_N01,16:30,ok,1 min after M-009 AP den,,n,"not very close, but not bad, some noise from moving micro",OH+BW
1997-08-20,21:50,-3.16400,35.61233,Mouse,HYC,1,M-010,,WP,GN,"14a, 1t",2a,none,"12a, 1t",au_19970820_2150_M,Tape_N01,17:11,ok,after cub WP in DH,,n,"not very close, but not bad, some noise from moving micro",OH+BW
1997-08-20,22:02,-3.16400,35.61233,Mouse,HYC,1,M-050,,WP,"WH, GN, GR",9a,2a,none,7a,au_19970820_2202_M,Tape_N01,18:09,ok,"while WA away, 2 min after M-082 arrived",,n,"not very close, but not bad, some noise from moving micro",OH+BW
1997-08-20,22:10,-3.16400,35.61233,mouse,HYC,1,,,WP,,"3a, 2s, 1t",,,,,NA,,,in DH,,n,,
1997-08-20,22:55,-3.16400,35.61233,mouse,HYC,1,,,WP,,"1a, 4s",,,,,NA,,,after ap den and while ap m-010 (l 50m away),,y,,
1997-08-20,22:56,-3.16400,35.61233,mouse,HYC,1,M-010,,WP,,many a,,,,,NA,,,reply to adm's wp,,n,adm ld 20m from m-010,
1997-08-20,23:19,-3.16400,35.61233,mouse,HYC,1,M-050,,WP,,"1a, 2s, 2a",,,,,NA,,,while l,,y ?,3s 5a reply from far away,
1997-08-20,12:28,-3.16400,35.61233,mouse,HYC,1,,,WP,,"2a, 7s, 1t",,,,,NA,,,in DH,,n,reply from wp from vey far away?,
1997-08-21,0:36,-3.16400,35.61233,mouse,HYC,1,M-010,,WP,,"28a, 1t",,,,,NA,,,after m-002 wa in his direction an dhe gu,,n,m-002 lo back to den while he wp,
1997-08-21,0:54,-3.16400,35.61233,Mouse,HYC,1,M-106,,WP,,"1a, 5s, 1t","1a, 1s",none,"4s, 1t",au_19970821_0054_M,Tape_N01,18:54,ok,2 min after an adm AP den up to 2m,,n,,OH+BW
1997-08-21,1:24,-3.16400,35.61233,mouse,HYC,1,,,WP,,"1a, 8s",,,,,NA,,,in DH,,n,,
1997-08-21,1:41,-3.16400,35.61233,mouse,HYC,1,,,WP,,"4a, 2s, 4a",,,,,NA,,,in DH,,n,,
1997-08-21,1:44,-3.16400,35.61233,mouse,HYC,1,,,WP,,"1a, 7s, 1t",,,,,NA,,,in DH,,n,,
1997-08-21,2:05,-3.16400,35.61233,mouse,HYC,1,,,WP,,"1a, 4s, 1t",,,,,NA,,,in DH,,n,,
1997-08-21,2:11,-3.16400,35.61233,mouse,HYC,1,,black,WP,,"4a, 1t",,,,,NA,,,,,n,,
1997-08-21,2:18,-3.16400,35.61233,mouse,HYC,1,,,WP,,8a,,,,,NA,,,,,n,,
1997-08-21,2:22,-3.16400,35.61233,mouse,HYC,1,,,WP,,"8a, 1s",,,,,NA,,,,,n,,
1997-08-21,3:04,-3.16400,35.61233,mouse,HYC,1,,,WP,,"3a, 2s, 1a, 4s",,,,,NA,,,,,y ?,,
1997-08-21,3:05,-3.16400,35.61233,mouse,HYC,1,,,WP,,6a,,,,,NA,,,,,n,,
1997-08-21,3:09,-3.16400,35.61233,mouse,HYC,1,,,WP,,"2a, 2s",,,,,NA,,,,,n,,
1997-08-21,3:27,-3.16400,35.61233,mouse,HYC,1,M-050,,WP,,"1a, 2s, 3a",,,,,NA,,,while l 50m from den,,n,,
1997-08-21,4:03,-3.16400,35.61233,mouse,HYC,1,M-010,,WP,,"1a, 4s, 6a, 1t",,,,,NA,,,"while l 5m from m-007, 20m from m-006, 10m from m-002",,n,,
1997-08-21,4:33,-3.16400,35.61233,mouse,HYC,1,,,WP,,"1a, 4s, 1t",,,,,NA,,,,,n,,
1997-08-21,4:42,-3.16400,35.61233,mouse,HYC,1,,,WP,,"1a, 6s, 1a, 2s, 1t",,,,,NA,,,,,n,,
1997-08-21,20:00,-3.16400,35.61233,Mouse,HYC,1,M-010,,WP,,"12a, 1t",2a,none,"10a, 1t",au_19970821_2000_M,Tape_N01,20:52,good,GU after WP from distance and WP,,n,some noise from moving micro,OH+BW
1997-08-21,20:10,-3.16400,35.61233,mouse,HYC,1,M-010,,WP,,6a,,,,,NA,,,,,n,,
1997-08-21,20:27,-3.16400,35.61233,mouse,HYC,1,,M-008?,WP,,"5s, 3a, 1t",,,,,NA,,,3min after M-007 arrives,,n,,
1997-08-21,23:01,-3.16400,35.61233,Mouse,HYC,1,N-045,,WP,,"1a, 4s, 1t",1a,none,"4s, 1t",au_19970821_2301_M,Tape_N01,21:55,ok,while WA in periphery of den area and after meeting M-006 and M-009,,n,some noise from moving micro,OH+BW
1997-08-21,23:38,-3.16400,35.61233,mouse,HYC,1,,N-045?,WP,,"1a, 3s, 4a",,,,,NA,,,while l 30m fom M-009 and 20m from M-040,,y,,
1997-08-21,23:39,-3.16400,35.61233,mouse,HYC,1,M-008,,WP,,"1a, 4s, 5a, 1t",,,,,NA,,,while wa and ap m-006,,n,,
1997-08-22,0:16,-3.16400,35.61233,mouse,HYC,1,,M-040?,WP,,"1a, 2s, 7a",,,,,NA,,,while l 30m from M-009 and 20m from N-045,,y ?,someone wp far away - reply?,
1997-08-22,3:57,200m sw of mouse,,p,HYC,1,M-010,,WP,,11a,,,,,NA,,,while le den area,,n,,
1997-08-22,4:10,-3.16400,35.61233,mouse,HYC,1,,,WP,,8a,,,,,NA,,,in DH,,n,,
1997-08-22,5:33,-3.16400,35.61233,mouse,HYC,1,M-009,,WP,,6s,,,,,NA,,,shortly before le den area,,n,must have left between 0533 and 0542,
1997-08-22,6:56,-3.16400,35.61233,mouse,HYC,1,M-103,,WP,,8a,,,,,NA,,,while gt m-106,,n,,
1997-08-22,21:39,-3.16400,35.61233,mouse,HYC,1,M-008,,WP,,"1a, 5s, 4a, 1t",,,,,NA,,,"1min after ap den, while standing 1m next to m-012 (su m-103 + m-104)",,n,,
1997-08-27,7:52,-3.16400,35.61233,mouse,HYC,1,M-103,,WP,,4s,,,,,NA,,,,,n,,
1997-08-27,7:55,-3.16400,35.61233,mouse,HYC,1,M-104,,WP,,"2a, 3s, 2t",,,,,NA,,,"while fo m-005, m-101 + m-102 out of den area",,n,,
1997-08-27,7:56,-3.16400,35.61233,mouse,HYC,1,M-104,,WP,,"1s, 2a, 2s, 4t",,,,,NA,,,after being ch by m-101 or m-102,,n,,
1997-08-27,8:26,-3.16400,35.61233,mouse,HYC,1,M-103,,WP,,4s,,,,,NA,,,,,n,,
1997-08-27,8:43,-3.16400,35.61233,mouse,HYC,1,M-103,,WP,,"1a, 6s, 1a",,,,,NA,,,"after wi attacked m-103, m-104, m-105 + m-106",,n,,
1997-08-27,9:34,-3.16400,35.61233,mouse,HYC,1,M-106,,WP,,4s,,,,,NA,,,after n-045 passed 5m away,,n,,
1997-08-28,7:15,-3.17817,35.54633,p,HYC,1,L-041,,WP,,"11a, 1t",,,,,NA,,,"after l-010 arrived at mti moja where l-041, l-008 + l-086 or l-087 were",,n,,
1997-08-30,6:55,-3.16283,35.61350,moru,HYC,1,M-104,,WP,,"5s, 4a",,,,,NA,,,after arriving at new den together with m-012 + m-052,,n,,
1997-08-31,18:45,-3.16400,35.61233,mouse,HYC,1,M-111,,WP,,7a,,,,,NA,,,"after m-012 ap den and m-111 makes as, but m-017 ap every time and m-111 r pe back in dh",,n,,
1997-08-31,18:45,-3.16400,35.61233,mouse,HYC,1,M-111,,WP,,5a,,,,,NA,,,"after m-012 ap den and m-111 makes as, but m-017 ap every time and m-111 r pe back in dh",,n,,
1997-08-31,18:46,-3.16400,35.61233,mouse,HYC,1,M-111,,WP,,7a,,,,,NA,,,"after m-012 ap den and m-111 makes as, but m-017 ap every time and m-111 r pe back in dh",,n,,
1997-08-31,18:56,-3.16400,35.61233,Mouse,HYC,1,M-088,,WP,,10a,2a,none,8a,au_19970831_1856_M,Tape_N01,22:53,good,after being BI by M-007 while trying to GT M-007. After wp M-088 gt m-007,,n,some noise from wind,OH+BW
1997-08-31,19:01,-3.16400,35.61233,mouse,HYC,1,,,WP,,"1a, 6s, 1t",,,,,NA,,,in DH,,n,,
1997-09-01,7:43,-3.16400,35.61233,mouse,HYC,1,M-104,,WP,,"3a, 4s, 1t",,,,,NA,,,bec m-046 ap den,,n,,
1997-09-01,7:47,-3.16400,35.61233,mouse,HYC,1,M-103,,WP,,"3s, 4a, 1s, 2a, 1t",,,,,NA,,,after m-014 sf bum,,n,,
1997-09-01,7:56,-3.16400,35.61233,mouse,HYC,1,M-103,,WP,,"1a, 2s, 7a, 1s",,,,,NA,,,,,y ?,,
1997-09-01,7:56,-3.16400,35.61233,mouse,HYC,1,,M-112 in DH?,WP,,15a,,,,,NA,,,"in DH, reply to M-103?",,n,"m-043 gu, wa 5m towards dh, ears cocked",
1997-09-01,7:58,-3.16400,35.61233,mouse,HYC,1,M-103,,WP,,5s,,,,,NA,,,,,n,,
1997-09-01,8:00,-3.16400,35.61233,Mouse,HYC,1,,M-112?,WP,,"3a, 3s, 1a, 1s, 1t",2a,none,"1a, 3s, 1a, 1s, 1t",au_19970901_0800_M,Tape_N01,23:48,good,"in DH, M-043 R to DH after WP",,n,with noise from birds,OH+BW
1997-09-01,8:02,-3.16400,35.61233,mouse,HYC,1,,,WP,,4s,,,,,NA,,,M-043 ap cub,,n,,
1997-09-03,18:08,-3.18000,35.55750,p,HYC,1,L-094,,WP,,"2a, 5s, 3a",,,,,NA,,,"after l-002, l-087, l-008 + l-013 ch l-100",,n,"l-100 la, re each time",
1997-09-03,18:10,-3.18000,35.55750,p,HYC,1,L-100,,WP,,5a,,,,,NA,,,after being ch by l-002 + l-008,,n,,
1997-09-03,18:12,-3.18000,35.55750,p,HYC,1,L-100,,WP,,5a,,,,,NA,,,after being ch by l-002,,n,,
1997-09-03,18:21,-3.18000,35.55750,p,HYC,1,L-100,,WP,,"3s, 4a, 1s",,,,,NA,,,after being ch by l-013,,n,"after his wp a sad ap tu, l-100 la, re",
1997-09-03,18:23,-3.18000,35.55750,p,HYC,1,L-100,,WP,,6s,,,,,NA,,,"excited, prob calls l-015",,n,"after his wp l-088 ap, gt",
1997-09-03,18:25,-3.18000,35.55750,p,HYC,1,L-094,,WP,,5a,,,,,NA,,,after being ch by l-013 + l-095,,n,,
1997-09-03,18:30,-3.18000,35.55750,p,HYC,1,L-100,,WP,,unknown,,,no,,NA,,,after l-015 was ap by l-005 + l-013 with tu,,n,,
1997-09-03,18:33,-3.18000,35.55750,p,HYC,1,L-100,,WP,,4a,,,,,NA,,,after being ap 3x by l-005 with tu,,n,"l-100 la, re each time",
1997-09-03,18:35,-3.18000,35.55750,p,HYC,1,L-100,,WP,,"1a, 1s, 7a, 1s",,,,,NA,,,after being ap 4x by l-005 with tu,,n,,
1997-09-03,8:52,-3.18000,35.55750,p,HYC,1,L-100,,WP,,6s,,,,,NA,,,after l-015 ap tu l-014,,n,,
1997-09-07,18:10,-3.16283,35.61350,moru,HYC,1,M-098,,WP,,"1a, 6s, 1a, 4s, 1a",,,,,NA,,,after ap m-007 who l next to dead and half eaten m-107,,n,"m-007 moved h towards m-098, m-098 re and wp",
1997-09-07,18:47,-3.16400,35.61233,mouse,HYC,1,M-104,,WP,,"2a, 4s",,,,,NA,,,"after m-006, m-007, m-008, m-014, m-082, m-098 + m-099 ap den",,n,after m-007 killed and ate m-107,
1997-09-07,18:56,-3.16400,35.61233,mouse,HYC,1,,black,WP,,"3a, 3s, 3a",,,,,NA,,,"in DH, after M-006, M-007, M-008, M-014, M-082, M-098 + M-099 ap den",,n,after m-007 killed and ate m-107,
1997-09-11,10:05,-3.16200,35.61533,moru b,HYC,1,,,WP,,"3a, 1s, 10a",,,,,NA,,,"in DH, after M-002 (l close to dh) gu and wa away, fo by M-111 + M-014",,n,,
1997-09-13,6:50,-3.20083,35.57900,p,HYC,1,L-002,,WP,,"1a, 3s",,,,,NA,,,"ahile wa, no obvious reason",,n,,
1997-09-13,7:05,-3.17633,35.56583,p,HYC,1,L-004,,WP,,"2a, 3s, 1a, 1s, 1a, 1t",,,,,NA,,,"ahile wa, no obvious reason",,n,,
1997-09-14,18:20,-3.16400,35.61233,mouse,HYC,1,M-103,,WP,,"2a, 5s, 1t",,,,,NA,,,bec m-017 gu and cw on bone just next to dh,,n,,
1997-09-14,18:30,-3.16400,35.61233,mouse,HYC,1,M-098,,WP,,"1a, 4s, 4a, 1t",,,,,NA,,,after m-017 ap her several times and m-098 re tu,,n,,
1997-09-14,18:32,-3.16400,35.61233,mouse,HYC,1,M-105,,WP,,"1a, 3s",,,,,NA,,,after m-014 arrived (and m-017 ap?),,n,,
1997-09-15,23:50,200m s of lufti,,p,HYC,1,,,WP,,"4s, 3a",,,,,NA,,,,,n,,
1997-09-15,23:58,200m s of lufti,,p,HYC,1,,,WP,,"1a, 4s, 2a",,,,,NA,,,,,n,,
1997-09-15,23:59,-3.17883,35.56967,lufti,HYC,1,L-100,,WP,,"4a, 1s",,,,,NA,,,"after l-042? ap den and pa, only l-100 at den",,n,,
1997-09-16,0:02,-3.17883,35.56967,lufti,HYC,1,L-100,,WP,,"3a, 1s, 1a",,,,,NA,,,"after l-004, l-101 + l-102 ap den",,n,,
1997-09-16,0:06,-3.17883,35.56967,lufti,HYC,1,L-100,,WP,,"9s, 1a",,,,,NA,,,"after l-004, l-101 + l-102 ap den",,n,,
1997-09-16,1:51,300-400m se of lufti,,p,HYC,1,,,WP,,"1a, 6s, 1t",,,,,NA,,,,,n,,
1997-09-16,2:48,-3.17883,35.56967,lufti,HYC,1,L-042,,WP,,"5s, 4a",,,,,NA,,,after ap den,,n,,
1997-09-16,3:00,-3.17883,35.56967,lufti,HYC,1,L-095,,WP,,"1a, 2s, 2a, 1t",,,,,NA,,,?,,n,,
1997-09-16,3:15,-3.17883,35.56967,lufti,HYC,1,L-094,,WP,,"1a, 3s, 2a, 1t, 1a",,,,,NA,,,?,,y,reply from dh,
1997-09-16,3:45,300-400m se of lufti,,p,HYC,1,,,WP,,7a,,,,,NA,,,,,y,,
1997-09-16,3:46,300-400m se of lufti,,p,HYC,1,,,WP,,"16a, 1t",,,,,NA,,,,,n,,
1997-09-16,4:18,,,p,HYC,1,,,WP,,"4s, 2a",,,,,NA,,,,,n,,
1997-09-16,5:00,just outside lufti den,,p,HYC,1,L-094,,WP,,7s,,,,,NA,,,,,n,,
1997-09-16,5:11,just outside lufti den,,p,HYC,1,L-094,,WP,,5s,,,,,NA,,,,,n,,
1997-09-16,19:00,3-400m s of lufti,,p,HYC,1,,,WP,,"5s, 2a",,,,,NA,,,,,y,,
1997-09-16,19:00,6-700m s of lufti,,p,HYC,1,,,WP,,"5s, 5a, 1t",,,,,NA,,,,,n,,
1997-09-16,22:29,500m of lufti,,p,HYC,1,,,WP,,17a,,,,,NA,,,,,n,,
1997-09-16,23:44,just outside lufti den,,p,HYC,1,L-094,,WP,,"4a, 1t",,,,,NA,,,,,y,10a from far away,
1997-09-17,0:03,100m w of lufti,,p,HYC,1,,,WP,,"2a, 4s, 5a, 1t",,,,,NA,,,,,n,,
1997-09-17,5:03,500m w of lufti,,p,HYC,1,,,WP,,13a,,,,,NA,,,,,n,,
1997-09-17,5:32,500m n of lufti,,p,HYC,1,,,WP,,10s,,,,,NA,,,,,y,,
1997-09-17,5:33,far se of lufti,,p,HYC,1,,,WP,,"5s, 5a",,,,,NA,,,,,n,,
1997-09-17,5:53,500m se of lufti,,p,HYC,1,,,WP,,"1a, 11s",,,,,NA,,,,,n,,
1997-09-17,6:22,just outside lufti den,,p,HYC,1,L-012,,WP,,"4a, 5s, 2a, 1t",,,,,NA,,,after interaction with l-013 and after pa 2x,,n,,
1997-09-17,18:19,1km se of lufti,,p,HYC,1,,,WP,,"6a, 1t",,,,,NA,,,,,n,,
1997-09-17,18:34,800m se of lufti,,p,HYC,1,,,WP,,"7s, 1t",,,,,NA,,,,,n,,
1997-09-17,18:39,1km se of lufti,,p,HYC,1,,,WP,,"6s, 1a, 1t, 1a",,,,,NA,,,,,n,,
1997-09-17,21:28,-3.17883,35.56967,Lufti,HYC,1,L-041,,WP,,7a,2a,none,5a,au_19970917_2128_L,Tape_N01,24:36,good,after having AP L-004 (SU L-101 + L-102) and started WA away. After WP LD 30m from L-004,,n,,OH+BW
1997-09-17,23:12,-3.17883,35.56967,Lufti,HYC,1,L-041,,WP,,6a,4a,none,2a,au_19970917_2312_L,Tape_N01,25:35,poor,while LE den area,,n,short and metallic noise from hitting microphone?,OH+BW
1997-09-17,23:22,-3.17883,35.56967,Lufti,HYC,1,L-004,,WP,,"1a, 5s, 1t","1a, 1s",none,"4s, 1t",au_19970917_2322_L,Tape_N01,26:13,good,"prob reply to several WP from far, L-096 or L-097 also WP",,y,,OH+BW
1997-09-17,23:22,-3.17883,35.56967,Lufti,HYC,2,,L-096 or L-097,WP,,"1a, 6s",none,none,"1a, 6s",au_19970917_2322_L,Tape_N01,26:14,good,joins WP of L-004,,n,,OH+BW
1997-09-18,0:10,400m e of lufti,,p,HYC,1,,,WP,,9a,,,,,NA,,,,,n,,
1997-09-18,2:56,300m w of lufti,,p,HYC,1,,,WP,,6a,,,,,NA,,,after le den area,,n,,
1997-09-18,4:12,200m e of lufti,,p,HYC,1,,,WP,,4a,,,,,NA,,,,,n,,
1997-09-18,4:28,300m e of lufti,,p,HYC,1,,,WP,,7a,,,,,NA,,,,,n,,
1997-09-18,8:10,150m e of lufti,,p,HYC,1,L-040,,WP,,"8s, 1t",,,,,NA,,,before gu and wa away,,n,,
1997-09-18,20:51,100m w of lufti,,p,HYC,1,,,WP,,"8a, 1t",,,,,NA,,,"this adm ap den area, but then stopped, was ap by l-094, l-095 + l-089, adm re, wa away and wp",,n,,
1997-09-18,23:08,1km se of lufti,,p,HYC,1,,,WP,,"1a, 2s, 1a, 1t",,,,,NA,,,,,n,,
1997-09-18,23:27,500m e of lufti,,p,HYC,1,,,WP,,6a,,,,,NA,,,,,n,,
1997-09-18,23:40,700m e of lufti,,p,HYC,1,,,WP,,10a,,,,,NA,,,,,n,,
1997-09-19,4:20,150m sw of lufti,,p,HYC,1,,,WP,,"8a, 1t",,,,,NA,,,,,n,,
1997-09-19,4:26,500m w of lufti,,p,HYC,1,,,WP,,4a,,,,,NA,,,,,y,,
1997-09-19,4:27,200m s of lufti,,p,HYC,1,,,WP,,"1a, 6s, 1a, 1s",,,,,NA,,,,,n,,
1997-09-19,4:49,800m se of lufti,,p,HYC,1,,,WP,,"1a, 6s",,,,,NA,,,,,n,,
1997-09-19,5:13,400m sw of lufti,,p,HYC,1,,,WP,,16a,,,,,NA,,,,,n,,
1997-09-20,0:55,-3.17883,35.56967,Lufti,HYC,1,,L-040 (or L-013),WP,,"1a, 3s, 1a, 2s, 2a","1a, 2s",none,"1s, 1a, 2s, 2a",au_19970920_0055_L,Tape_N01,27:54,good,reply to WP from far,,n,,OH+BW
1997-09-20,1:45,200m w of lufti,,p,HYC,1,,,WP,,8a,,,,,NA,,,,,n,,
1997-09-20,4:50,150m of lufti,,p,HYC,1,,,WP,,"4s, 1t, 1a, 1s, 1t",,,,,NA,,,,,n,,
1997-09-20,18:13,-3.16400,35.61233,mouse,HYC,1,M-098,,WP,,"1a, 2s, 1a, 1s",,,,,NA,,,"m-017 arrives, ap m-099, sf m-007",,n,,
1997-09-20,18:17,-3.16400,35.61233,mouse,HYC,1,,,WP,,"1a, 4s, or, 4a",,,,,NA,,,"in DH, after m-017 looks into den entrance",,n,,
1997-10-02,17:38,-3.18033,35.56867,lengai,HYC,1,L-100,,WP,,6a,,,,,NA,,,because l-042 ap tu l-100,,n,,
1997-10-04,7:12,-3.16400,35.61233,mouse,HYC,1,M-111,,WP,,"2a, 3s, 3a, 1t",,,,,NA,,,"3min after m-081 came to dh, gt m-104  m-103",,n,,
1997-10-04,18:33,just outside lengai,,p,HYC,1,,L-088 or L-047,WP,,"3s, 1a",,,,,NA,,,,,y,,
1997-10-04,18:37,-3.18033,35.56867,lengai,HYC,1,L-100,,WP,,4a,,,,,NA,,,l-094 ap,,n,,
1997-10-07,6:28,-3.16283,35.61350,moru,HYC,1,,,WP,,7a,,,,,NA,,,"in DH, M-043 ap dh, gn",,n,,
1997-10-07,6:33,-3.16283,35.61350,moru,HYC,1,,,WP,,16a,,,,,NA,,,"in DH, M-043 ap dh, gn",,n,,
1997-10-07,6:34,-3.16283,35.61350,moru,HYC,1,,,WP,,"5a, 1s",,,,,NA,,,"in DH, M-043 ap dh, gn",,y ?,,
1997-10-07,6:35,-3.16283,35.61350,moru,HYC,1,,bigger,WP,,"5s, 4a, 1t",,,,,NA,,,"in DH, M-007 -su, gu, ap dh",,n,,
1997-10-07,6:37,-3.16283,35.61350,moru,HYC,1,,,WP,,2a,,,,,NA,,,"in DH, M-005 -su, gu, ap dh, gn",,n,,
1997-10-10,18:26,-3.18033,35.56867,lengai,HYC,1,L-042,,WP,,"1a, 8s, 1a",,,,,NA,,,"after arriving at den, while le den",,y,,
1997-10-10,18:27,close to lengai,,p,HYC,1,,L-041?,WP,,6a,,,,,NA,,,reply,,n,,
1997-10-10,18:33,-3.18033,35.56867,lengai,HYC,1,L-095,,WP,,"1a, 3s, 4a",,,,,NA,,,after l-042 + l-041 passed den running with tu,,n,,
1997-10-10,18:34,-3.18033,35.56867,lengai,HYC,1,L-088,,WP,,"2s, 3a",,,,,NA,,,after l-042 + l-041 passed den running with tu,,n,,
1997-10-10,18:42,-3.18033,35.56867,lengai,HYC,1,L-100,,WP,,"1a, 3s, 1a",,,,,NA,,,,,n,,
1997-10-11,7:20,-3.16200,35.61533,moru b,HYC,1,M-040,,WP,,"7a, 1t",,,,,NA,,,,,n,,
1997-10-13,6:40,periphery of mouse den,,p,HYC,1,M-081,,WP,,"1a, 4s, 2a, 1s, 2t",,,,,NA,,,"after li adm took over wi kill of munges, 10 other hy around","kill, interaction with LI",n,,
1997-10-13,18:45,-3.18033,35.56867,lengai,HYC,1,L-095,,WP,,"1a, 3s, 4a, 1t",,,,,NA,,,reply to a wp,,y,,
1997-10-13,18:45,-3.18033,35.56867,lengai,HYC,1,L-100,,WP,,"1a, 5s",,,,,NA,,,joins wp of l-095,,n,,
1997-10-15,0:37,-3.16200,35.61533,moru b,HYC,1,,,WP,,11a,,,,,NA,,,"arrived in periphery 00:29, le 00:36",,y,,
1997-10-15,0:37,-3.16200,35.61533,moru b,HYC,1,,,WP,,5a,,,,,NA,,,,,n,,
1997-10-15,6:33,-3.16200,35.61533,moru b,HYC,1,M-111,,WP,,4a,,,,,NA,,,prob calls mother,,y,,
1997-10-15,6:33,-3.16200,35.61533,moru b,HYC,1,M-110,,WP,,"1a, 2s, 3a",,,,,NA,,,prob calls mother,,n,,
1997-10-15,20:12,-3.16200,35.61533,moru b,HYC,1,M-110,,WP,,5s,,,,,NA,,,"in DH, prob calls mother",,n,,
1997-10-15,20:17,-3.16400,35.61233,mouse,HYC,1,M-111,,WP,,4a,,,,,NA,,,prob calls mother,,n,,
1997-10-15,20:24,-3.16200,35.61533,moru b,HYC,1,M-110,,WP,,4a,,,,,NA,,,"while m-111 ap moru b den from mouse den, when m-111 20m from dh, m-111 r and makes vocalizations like terminals 4x",,n,,
1997-10-15,20:48,-3.16200,35.61533,moru b,HYC,1,M-110,,WP,,"2s, 1a",,,,,NA,,,prob calls mother,,y,,
1997-10-15,20:49,-3.16200,35.61533,moru b,HYC,1,M-111,,WP,,"3a, 3t",,,,,NA,,,prob calls mother,,n,,
1997-10-15,23:06,-3.16200,35.61533,moru b,HYC,1,M-110,,WP,,7a,,,,,NA,,,"after ap den area and m-101 + m-102 ap her and sn ears, m-110 wa back bd to dh and wp",,n,,
1997-10-16,0:40,-3.16200,35.61533,moru b,HYC,1,M-110,,WP,,7a,,,,,NA,,,after m-012 sf m-110,,n,,
1997-10-16,0:47,-3.16200,35.61533,moru b,HYC,1,,M-110 or M-111,WP,,"3a, 2s, 2a, 1t",,,,,NA,,,calls mother ?,,n,,
1997-10-16,1:45,-3.16200,35.61533,moru b,HYC,1,M-110,,WP,,"3s, 3a",,,,,NA,,,calls mother ?,,y,,
1997-10-16,1:45,-3.16200,35.61533,moru b,HYC,1,M-111,,WP,,"4a, 2t",,,,,NA,,,calls mother ?,,n,,
1997-10-16,2:42,-3.16200,35.61533,moru b,HYC,1,,M-110?,WP,,"2s, 1a",,,,,NA,,,calls mother ?,,n,,
1997-10-16,3:40,-3.16200,35.61533,moru b,HYC,1,,M-110?,WP,,"4s, 2a",,,,,NA,,,calls mother ?,,n,,
1997-10-16,3:50,-3.16200,35.61533,moru b,HYC,1,,M-008?,WP,,"1a, 3s, 1t",,,,,NA,,,while entering den area,,y,,
1997-10-16,3:50,-3.16200,35.61533,moru b,HYC,1,,M-105?,WP,,"6s, 3a",,,,,NA,,,reply,,n,,
1997-10-16,4:05,-3.16200,35.61533,moru b,HYC,1,,,WP,,7s,,,,,NA,,,in DH,,n,,
1997-10-16,4:38,-3.16200,35.61533,moru b,HYC,1,M-014,,WP,,"7s, 1a",,,,,NA,,,while ap den area,,n,,
1997-10-16,5:04,-3.16200,35.61533,moru b,HYC,1,,,WP,,"3a, 1s, 1a",,,,,NA,,,in DH,,n,,
1997-10-16,5:07,-3.16200,35.61533,moru b,HYC,1,,M-110 or M-111,WP,,"1a, 5s, 3a, 1t",,,,,NA,,,,,n,,
1997-10-16,5:13,-3.16200,35.61533,Moru B,HYC,1,M-008,,WP,,"1a, 6s, 7a",,,,,NA,,,,,n,,
1997-10-16,5:19,-3.16200,35.61533,moru b,HYC,1,,M-110 or M-111,WP,,6a,,,,,NA,,,after it ap M-014 ans she sn,,n,,
1997-10-16,6:03,-3.16200,35.61533,moru b,HYC,1,,,WP,,"1a, 3s, 4a",,,,,NA,,,"in DH, 9min after M-050 + M-017 ap den",,y,,
1997-10-16,6:04,-3.16200,35.61533,moru b,HYC,1,,,WP,,"1a, 4s",,,,,NA,,,"in DH, reply ?",,n,,
1997-10-16,6:29,-3.16200,35.61533,moru b,HYC,1,M-110,,WP,,"3s, 5a",,,,,NA,,,"in DH, calls mother ?",,n,,
1997-10-16,19:35,-3.16200,35.61533,moru b,HYC,1,M-008,,WP,,"2a, 5s, 1t",,,,,NA,,,calls mother ?,,n,,
1997-10-16,20:54,-3.16200,35.61533,moru b,HYC,1,,M-040?,WP,,"1a, 2s, 4a",,,,,NA,,,"while lo after M-005, M-007, M-008, M-088 + M-082 who le moru b den 2047",,n,,
1997-10-17,0:25,-3.16200,35.61533,moru b,HYC,1,,M-110 or M-111,WP,,"1a, 2s",,,,,NA,,,calls mother ?,,n,,
1997-10-17,0:44,-3.16200,35.61533,moru b,HYC,1,,M-110 or M-111,WP,,"2a, 3s",,,,,NA,,,calls mother ?,,n,,
1997-10-17,0:58,-3.16200,35.61533,moru b,HYC,1,,M-110 or M-111,WP,,"1a, 3s, 5a",,,,,NA,,,calls mother ?,,n,,
1997-10-17,3:43,-3.16200,35.61533,moru b,HYC,1,,M-113 or M-114,WP,,15a,,,,,NA,,,calls mother ? M-017 ap den 0331,,n,,
1997-10-17,3:48,-3.16200,35.61533,moru b,HYC,1,,M-113 or M-114,WP,,"4s, 1t",,,,,NA,,,"calls mother ? M-017 ap den 0331, ld 20m from dh",,n,,
1997-10-17,4:47,-3.16200,35.61533,moru b,HYC,1,M-050,,WP,,10a,,,,,NA,,,while le den area,,n,,
1997-10-17,4:50,-3.16200,35.61533,Moru B,HYC,1,M-040,,WP,,"10a, 1t",,,,,NA,,,3 min after WP of M-050,,n,,
1997-10-17,4:56,-3.16200,35.61533,moru b,HYC,1,,M-113 or M-114,WP,,14a,,,,,NA,,,,,n,,
1997-10-17,5:02,-3.16200,35.61533,moru b,HYC,1,M-040,,WP,,"8a, 1t, 1a, 1t",,,,,NA,,,?,,n,,
1997-10-17,6:30,-3.16200,35.61533,moru b,HYC,1,,,WP,,12a,,,,,NA,,,in DH,,n,,
1997-10-17,19:14,-3.16200,35.61533,moru b,HYC,1,,,WP,,"3a, 3s, 1a",,,,,NA,,,in DH,,n,,
1997-10-17,19:58,-3.16200,35.61533,moru b,HYC,1,M-110,,WP,,"1a, 4s, 1t",,,,,NA,,,calls mother ?,,n,,
1997-10-17,22:13,-3.16200,35.61533,moru b,HYC,1,,,WP,,"2a, 4s, 1t",,,,,NA,,,in DH,,n,,
1997-10-17,22:22,-3.16200,35.61533,moru b,HYC,1,,M-103 or M-104,WP,,5a,,,,,NA,,,"in DH, calls mother ?",,n,,
1997-10-17,22:47,40m nw moru b,,p,HYC,1,,,WP,,5a,,,,,NA,,,"2ad lo 2247 w, M-007 + M-008 lo 2249 w (kill?)",,y,,
1997-10-17,22:47,40m nw moru b,,p,HYC,1,,,WP,,8a,,,,,NA,,,"2ad lo 2247 w, M-007 + M-008 lo 2249 w (kill?), reply",,y,sequence missed (wp from 200m n),
1997-10-17,23:38,200m N moru b,,p,HYC,1,,,WP,,"3s, 1a",,,,,NA,,,?,,n,,
1997-10-18,0:30,500m sw moru b,,p,HYC,1,,,WP,,"5s, 1t",,,,,NA,,,?,,n,,
1997-10-18,0:54,-3.16200,35.61533,moru b,HYC,1,N-045,,WP,,"6s, 2a",,,,,NA,,,while le den area,,n,,
1997-10-18,5:44,-3.16200,35.61533,moru b,HYC,1,,,WP,,"3s, 3a, 1t",,,,,NA,,,in DH,,n,,
1997-10-18,5:51,-3.16200,35.61533,moru b,HYC,1,,,WP,,17a,,,,,NA,,,in DH,,n,,
1997-10-18,19:34,-3.16200,35.61533,moru b,HYC,1,,M-110?,WP,,"4s, 1t",,,,,NA,,,?,,n,,
1997-10-18,19:59,-3.16200,35.61533,moru b,HYC,1,,M-110?,WP,,"1a, 4s, 4a, 1t",,,,,NA,,,?,,n,,
1997-10-18,20:28,-3.16200,35.61533,moru b,HYC,1,,M-110?,WP,,"1a, 3s, 3a",,,,,NA,,,?,,n,,
1997-10-18,20:58,300m s moru b,,p,HYC,1,,,WP,,"1a, 2s, 1a",,,,,NA,,,?,,n,,
1997-10-18,20:58,1 km e moru b,,p,HYC,1,,,WP,,unknown,,,no,,NA,,,?,,n,,
1997-10-18,21:39,sw of moru b,,p,HYC,1,,M-008 or M-007,WP,,"1a, 3s, 4a, 1t",,,,,NA,,,M-008 + M-007 r away from den 2131. They seemed to ch a hy or to fo it to a kill?,,n,,
1997-10-18,21:43,sw of moru b,,p,HYC,1,,,WP,,"1a, 6s, 2a",,,,,NA,,,?,,n,,
1997-10-19,1:48,-3.16200,35.61533,moru b,HYC,1,,,WP,,"3s, 7a",,,,,NA,,,in DH,,n,,
1997-10-19,2:48,-3.16200,35.61533,moru b,HYC,1,,M-110?,WP,,"2a, 2s, 5a, 1t",,,,,NA,,,?,,n,,
1997-10-19,3:25,-3.16200,35.61533,moru b,HYC,1,,M-007 or M-017,WP,,"1a, 1s, 7a, 1t",,,,,NA,,,before M-007 gt M-017,,y,,
1997-10-19,3:26,-3.16200,35.61533,moru b,HYC,1,M-008,,WP,,"2a, 6s, 1a, 1t",,,,,NA,,,reply,,n,,
1997-10-19,4:17,-3.16200,35.61533,moru b,HYC,1,,M-110?,WP,,"1a, 4s",,,,,NA,,,?,,n,,
1997-10-19,4:22,-3.16200,35.61533,moru b,HYC,1,,M-110?,WP,,"2a, 4s, 8a, 1t",,,,,NA,,,?,,n,,
1997-10-19,4:42,-3.16200,35.61533,moru b,HYC,1,,M-110?,WP,,"5s, 1a",,,,,NA,,,?,,n,,
1997-10-19,5:16,-3.16200,35.61533,moru b,HYC,1,,M-110?,WP,,"1a, 3s",,,,,NA,,,?,,n,,
1997-10-19,5:26,-3.16200,35.61533,moru b,HYC,1,,M-110?,WP,,"2a, 4s, 1a, 1t",,,,,NA,,,?,,n,,
1997-10-19,5:53,-3.16200,35.61533,Moru B,HYC,1,M-012,,WP,AC,6a,2a,none,4a,,Tape_N02,,good,after being CH 30m by M-007 or M-088 and being BI in BK,,n,after WP about 15 AC by M-012,
1997-10-19,6:19,-3.16200,35.61533,moru b,HYC,1,M-012,,WP,,7a,,,,,NA,,,"after m-014 ap tu and m-012 re with td, bd eflat",,n,,
1997-10-19,6:30,-3.16200,35.61533,moru b,HYC,1,,M-105 or M-110,WP,,"2a, 1t",,,,,NA,,,in DH,,n,,
1997-10-19,6:32,-3.16200,35.61533,moru b,HYC,1,M-110,,WP,,"2s, 3a",,,,,NA,,,?,,y,,
1997-10-19,6:33,-3.16200,35.61533,moru b,HYC,1,M-105,,WP,,"1a, 1s, 5a",,,,,NA,,,"m-007, m-082, m-088, m-100 + m-014 around dh",,n,,
1997-10-19,6:35,-3.16200,35.61533,moru b,HYC,1,,,WP,,2a,,,,,NA,,,"in DH, M-082 sf u M-014",,n,,
1997-10-19,6:39,-3.16200,35.61533,moru b,HYC,1,M-110,,WP,,"2a, 4s, 1t",,,,,NA,,,"in DH, gt M-082 0636",,n,,
1997-10-20,18:18,-3.18033,35.56867,lengai,HYC,1,L-041,,WP,,"1s, 12a, 1t",,,,,NA,,,before ld 30m from lem adf,,n,,
1998-01-18,18:12,-3.16400,35.61233,mouse,HYC,1,M-008,,WP,,"11a, 1t",,,,,NA,,,after being ch by m-005,,n,,
1998-01-18,18:57,-3.16400,35.61233,mouse,HYC,1,,M-040?,WP,,"10a, 1t",,,,,NA,,,?,,n,,
1998-01-20,7:32,-3.16183,35.62267,p,HYC,1,M-050,,WP,,8a,,,,,NA,,,before gt n-045,kill,n,,
1998-01-20,7:50,-3.16183,35.62267,p,HYC,1,M-005,,WP,,"1a, 4s, 1t",,,,,NA,,,reply to ?,kill,n,,
1998-01-20,7:54,-3.16183,35.62267,p,HYC,1,M-050,,WP,,9a,,,,,NA,,,while ap and sf n-042,kill,n,,
1998-01-20,11:08,-3.20150,35.60317,p,HYC,1,N-002,,WP,,4a,,,,,NA,,,"after N-002 and N-044 r away from L-013, L-042, L-011, L-082 + N-043 who had a bath in the little lake close to the namba den, N-002 and N-044 re; recruitment?",,y,,
1998-01-20,11:09,-3.20150,35.60317,p,HYC,1,N-044,,WP,,7a,,,,,NA,,,"after N-044 and N-002 r away from L-013, L-042, L-011, L-082 + N-043 who had a bath in the little lake close to the namba den, N-002 and N-044 re; recruitment?",,y,,
1998-01-20,11:26,-3.20733,35.60217,p,HYC,1,,"N-001, N-003 or N-046",WP,,10a,,,,,NA,,,these 3 hy came after N-002 and N-044 wp and lo further,,n,,
1998-01-20,11:33,-3.20733,35.60217,p,HYC,1,,"N-002, N-006 or N-044",WP,,"3a, 1s, 2a",,,,,NA,,,all 6 Ngo-hy wa around,,n,,
1998-01-21,7:14,-3.15650,35.61917,p,HYC,1,M-016,,WP,,6a,,,,,NA,,,"after she was attacked by m-092 + m-087, at a bu carc where 31 hy were",,n,,
1998-01-21,7:35,-3.15650,35.61917,p,HYC,1,M-050,,WP,,"8a, 1t",,,,,NA,,,while wa around and le bu carc,BU carc,n,,
1998-01-21,7:39,-3.15650,35.61917,p,HYC,1,M-103,,WP,,"1a, 1s, 5a, 1t",,,,,NA,,,while trying to eat from the bu carc,BU carc,n,,
1998-01-21,9:42,-3.19367,35.61650,p,HYC,1,N-002,,WP,,"6s, 2t, 1a",,,,,NA,,,"while wa around, territorial?",,n,,
1998-01-22,7:24,200m ne of mouse den,,p,HYC,1,M-040,,WP,,"11a, 1t",,,,,NA,,,"ahile wa away from den with m-100, m-007 + 1ad",,n,,
1998-01-22,7:44,-3.16600,35.61217,p,HYC,1,M-088,,WP,,8a,,,,,NA,,,after being severely bi by m-007,,n,,
1998-01-22,8:03,-3.16967,35.61583,p,HYC,1,M-040,,WP,,9a,,,,,NA,,,"while wa around with m-007, m-100, m-099, m-091, m-081 + m-082, after severe interaction between m-007 + m-088",,n,,
1998-01-22,19:10,-3.16400,35.61233,mouse,HYC,1,M-104,,WP,,"6a, 1s, 2a, 1t",,,,,NA,,,between 18:56 and 19:07 seven Munges arrived at den,,n,,
1998-01-23,7:31,-3.16333,35.61517,p,HYC,1,M-046,,WP,,"11a, 1s, 1t",,,,,NA,,,"while ap m-007, m-008, m-087, m-081, m-100, m-097 + m-101",,n,,
1998-01-25,7:15,-3.17450,35.61583,p,HYC,1,M-092,,WP,"GN, LA","2a, 2s, 1t",2a,none,"2s, 1t",au_19980125_0715_M,Tape_N03,00:00,ok,"at an eq kill that was taken over by 4 li adf 06:57, after he wp the 2 remaining li adf le",at an eq kill that was taken over by 4 li adf,y ?,,
1998-01-25,7:16,"150m sw of 3 10.47, 35 36.95",,p,HYC,1,,A-056?,WP,,"5s, 3a, 1t",,,,,NA,,,07:21 he ap carcass,carc,n,,
1998-01-25,7:59,-3.18517,35.60700,p,HYC,1,M-040,,WP,,"1a, 7s, 1t",,,,,NA,,,"after intrusion into m-terr, while wa back with l-011 + l-001",intrusion,n,,
1998-01-27,18:20,-3.19350,35.58933,looser,HYC,1,L-041,,WP,,"12a, 1t",,,,,NA,,,"after wa around at den after he arrived 18:09, 30m away from l-008 + l-012",,n,,
1998-01-27,19:00,-3.19517,35.59783,p,HYC,1,L-089,,WP,,6a,,,,,NA,,,"while wa around, he may have wp more than 6a, because we saw his head low when we ap",,n,,
1998-01-28,9:29,-3.19417,35.59750,lome 1,HYC,1,L-108,,WP,,"1a, 3s",,,,,NA,,,just after l-005 le den,,n,,
1998-01-28,17:23,-3.20483,35.60200,p,HYC,1,,,WP,,9a,,,,,NA,,,while recruiting other hy after they took over a bu from 4 li,,n,,
1998-01-28,17:25,-3.20483,35.60200,p,HYC,1,,,WP,,6a,,,,,NA,,,while recruiting other hy after they took over a bu from 4 li,,n,,
1998-01-28,17:27,-3.20483,35.60200,p,HYC,1,L-001,,WP,,5a,,,,,NA,,,while ea,,n,,
1998-01-28,17:29,-3.20483,35.60200,p,HYC,1,L-011,,WP,,"3a, 1s, 5a",,,,,NA,,,"while ea and ps, before they ch away the li",,n,,
1998-01-28,17:38,-3.20483,35.60200,p,HYC,1,L-086,,WP,,8a,,,,,NA,,,while ea,,n,,
1998-01-28,18:12,-3.20483,35.60200,p,HYC,1,L-012,,WP,,unknown,,,no,,NA,,,"while ap with l-001, l-003, l-004 the 4 li ea from the bu carc",BU carc,n,,
1998-01-28,18:16,-3.20483,35.60200,p,HYC,1,L-012,,WP,,unknown,,,no,,NA,,,after the hy took over the kill again,kill,n,,
1998-01-28,18:18,-3.20483,35.60200,p,HYC,1,L-004,,WP,,"14a, 1t",,,,,NA,,,"after ap tu p with n-043 the 4th li but he didn't RE, after the wp the li RE",,n,,
1998-01-28,18:24,"1km se of 3 12.29, 35 36.12",,p,HYC,1,,,WP,,unknown,,,no,,NA,,,hat probably wanted to recruit hy after he discovered the lemalas,,n,,
1998-01-28,18:41,-3.20483,35.60200,p,HYC,1,L-090,,WP,,unknown,,,no,,NA,,,after 1 sadm li came back and ea together with the hy,,n,,
1998-01-30,9:43,-3.16500,35.61467,p,HYC,1,M-008,,WP,,"9a, 1t",,,,,NA,,,after being ch by,,n,,
1998-02-01,6:38,-3.16967,35.62283,p,HYC,1,M-099,,WP,,"2a, 6s",,,,,NA,,,just before she gt M-052,,n,,
1998-02-02,7:17,-3.16700,35.61050,p,HYC,1,M-006,,WP,,"1a, 1s, 1a, 3s",,,,,NA,,,"while wa away from carc dominated by li adm, 13 other hy around",kill,n,,
1998-02-05,7:35,600m from lome 1,,p,HYC,1,,,WP,,"5s, 1a, 2t",,,,,NA,,,?,,n,,
1998-02-10,0:09,-3.16200,35.61533,moru b,HYC,1,,M-084?,WP,,"1a, 2s, 7a",,,,,NA,,,while le den area,,n,,
1998-02-10,2:51,400m from moru b,,p,HYC,1,,,WP,,7s,,,,,NA,,,?,,n,,
1998-02-10,4:18,-3.16200,35.61533,moru b,HYC,1,M-113,,WP,,simultaneous WP,,,no,,NA,,,"after N-045, M-009 + 1cub arrived",,y,,
1998-02-10,4:18,-3.16200,35.61533,moru b,HYC,2,M-114,,WP,,simultaneous WP,,,no,,NA,,,"after N-045, M-009 + 1cub arrived",,y,,
1998-02-10,4:18,-3.16200,35.61533,moru b,HYC,3,M-115,,WP,,simultaneous WP,,,no,,NA,,,"after N-045, M-009 + 1cub arrived",,y,,
1998-02-10,4:19,-3.16200,35.61533,moru b,HYC,1,N-045,,WP,,"1a, 5s, 1t, 1a, 2s, 1t",,,,,NA,,,while le den area,,n,,
1998-02-10,6:09,500m N of moru b,,p,HYC,1,,,WP,,"1a, 3s, 1a, 1t",,,,,NA,,,?,,n,,
1998-02-10,6:11,500m N of moru b,,p,HYC,1,,,WP,,"1a, 2s, 1a, 1s, 1t",,,,,NA,,,?,,n,,
1998-02-10,20:14,300m from moru b,,p,HYC,1,,,WP,,"13a, 1t",,,,,NA,,,?,,y,reply from far away,
1998-02-10,20:50,-3.16200,35.61533,moru b,HYC,1,M-113,,WP,,15a,,,,,NA,,,?,,n,,
1998-02-10,20:50,-3.16200,35.61533,moru b,HYC,2,M-114,,WP,,15a,,,,,NA,,,?,,n,,
1998-02-10,20:50,-3.16200,35.61533,moru b,HYC,3,M-115,,WP,,15a,,,,,NA,,,?,,n,,
1998-02-10,23:02,-3.16200,35.61533,moru b,HYC,1,,,WP,,"7a, 1s, 1a",,,,,NA,,,"ap den, then le again, stays in periphery",,n,,
1998-02-10,23:33,1km N of moru b,,p,HYC,1,,,WP,,"5s, 1t",,,,,NA,,,?,,n,,
1998-02-11,0:46,1km e of moru b,,p,HYC,1,,,WP,,"3a, 2s, 3a, 2s",,,,,NA,,,?,,n,,
1998-02-11,1:13,2km N of moru b,,p,HYC,1,,,WP,,"1a, 4s, 5a, 1t",,,,,NA,,,?,,n,,
1998-02-11,1:19,1km N of moru b,,p,HYC,1,,,WP,,"9a, 1t",,,,,NA,,,?,,n,,
1998-02-11,3:01,-3.16200,35.61533,moru b,HYC,1,,"M-113, M-114 or M-115",WP,,4s,,,,,NA,,,out of dh,,n,,
1998-02-11,4:14,-3.16200,35.61533,moru b,HYC,1,,"M-113, M-114, M-115 or M-103",WP,,"4a, 4s, 3t",,,,,NA,,,out of dh,,n,,
1998-02-11,5:30,-3.16200,35.61533,moru b,HYC,1,,,WP,,"11a, 1t",,,,,NA,,,at periphery,,n,,
1998-02-11,5:49,1km e of moru b,,p,HYC,1,,,WP,,"12a, 1t",,,,,NA,,,?,,n,,
1998-02-11,6:08,1.5km E of moru b,,p,HYC,1,,,WP,,10a,,,,,NA,,,?,,n,,
1998-02-11,19:37,1km NE of moru b,,p,HYC,1,,,WP,,"1a, 5s, 2a",,,,,NA,,,?,,n,,
1998-02-11,20:30,-3.16200,35.61533,moru b,HYC,1,M-017,,WP,,4a,,,,,NA,,,"after being attacked by M-091 (?), M-091 interrupted the su by M-017 20:29",,n,,
1998-02-11,21:21,-3.16200,35.61533,moru b,HYC,1,,M-008?,WP,,"2a, 3s, 4a, 1t",,,,,NA,,,whiile le den area,,n,,
1998-02-11,23:29,-3.16200,35.61533,moru b,HYC,1,,"M-007, M-008, M-040, M-100 or M-046",WP,,7s,,,,,NA,,,"M-007, M-008, M-100 + M-082 ch M-046 23:10",,n,,
1998-02-11,23:31,-3.16200,35.61533,moru b,HYC,1,,M-103 or M-115,WP,,"7a, 1t",,,,,NA,,,in DH,,n,,
1998-02-13,6:31,300m e of moru b,,p,HYC,1,,,WP,,"6s, 1a, 1t",,,,,NA,,,while wa,,n,,
1998-02-13,19:42,1km n of moru b,,p,HYC,1,,,WP,,"11a, 1t",,,,,NA,,,?,,n,,
1998-02-13,19:57,1km n of moru b,,p,HYC,1,,,WP,,"3a, 4s, 1a, 1s, 3a, 1t",,,,,NA,,,?,,n,,
1998-02-13,23:03,1km e of moru b,,p,HYC,1,,,WP,,10a,,,,,NA,,,?,,n,,
1998-02-13,23:20,-3.16200,35.61533,moru b,HYC,1,M-114,,WP,,4a,,,,,NA,,,?,,n,,
1998-02-13,23:54,2km ne of moru b,,p,HYC,1,,,WP,,7a,,,,,NA,,,?,,n,,
1998-02-17,7:57,-3.18800,35.59867,p,HYC,1,L-005,,WP,LA,"1a, 10s, 1t","1a, 7s",none,"3s, 1t",au_19980217_0757_L,Tape_N03,01:26,poor,while WA through territory,,n,some noise from moving micro at beginning,
1998-02-22,18:52,-3.19117,35.59150,p,HYC,1,L-088,,WP,,"1a, 1s, 8a",,,,,NA,,,"boundary?, l-088 wa",,y,,
1998-02-22,18:53,2km sw of l-088,,p,HYC,1,,,WP,,"1a, 5s, 2a, 1t",,,,,NA,,,,,n,,
1998-02-23,6:57,-3.15750,35.63050,p,HYC,1,M-008,,WP,,"2a, 3s, 5a",,,,,NA,,,,,n,,
1998-02-23,7:00,-3.15750,35.63050,p,HYC,1,M-088,,WP,,5s,,,,,NA,,,"while lo, tu together with m-008",,n,wp in the distance,
1998-02-23,7:10,-3.17583,35.61950,p,HYC,1,M-088,,WP,,"1a, 2s, 4a",,,,,NA,,,"while lo, tu together with m-008",,n,they meet n-042 who fo them,
1998-02-23,7:14,-3.17833,35.61750,p,HYC,1,,,WP,,8a,,,,,NA,,,at wi carc munges took over from the lemalas who prob killed the wi in the m-terr,kill,n,,
1998-02-23,7:14,-3.17833,35.61750,p,HYC,1,,,WP,,"1a, 2s, 2a",,,,,NA,,,at wi carc munges took over from the lemalas who prob killed the wi in the m-terr,kill,n,,
1998-02-26,6:37,-3.14983,35.64350,p,HYC,1,M-046,,WP,,"6a, 1t",some,,,,NA,,,"while lo se (away from m-006, m-007, m-082, m-092, m100, m-104)",,n,,
1998-03-06,8:40,-3.18600,35.59717,p,HYC,1,L-090,,WP,,"9a, 1t",,,,,NA,,,"while ap, r to tg kill",kill,n,,
1998-03-09,18:37,800m se of long grass,,p,HYC,1,,"L-013, L-042 or L-041",WP,,9a,,,,,NA,,,bec of lioness that passes?,,n,one of the three hy lo away but comes back after 2min,
1998-03-09,19:07,-3.18783,35.58417,long grass,HYC,1,,L-108 or L-109 in dh,WP,,"4s, 1a",,,,,NA,,,"? (L-088 ap dh, wa further, ld)",,n,,
1998-03-09,19:33,1km se of long grass,,p,HYC,1,,,WP,,"9a, 1t",,,,,NA,,,?,,n,,
1998-03-10,1:42,1km e of long grass,,p,HYC,1,,,WP,,10a,,,,,NA,,,?,,n,,
1998-03-10,2:25,400m ne of long grass,,p,HYC,1,,,WP,,"11a, or, 12a, 1t",,,,,NA,,,?,,n,,
1998-03-10,19:26,700m se of long grass,,p,HYC,1,,,WP,,17a,,,,,NA,,,?,,n,,
1998-03-11,5:28,-3.18783,35.58417,long grass,HYC,1,,L-008?,WP,,"7a, 1t",,,,,NA,,,while le den area,,n,,
1998-03-11,5:37,700m se of long grass,,p,HYC,1,,,WP,,9a,,,,,NA,,,?,,n,,
1998-03-11,5:39,1.5km n of long grass,,p,HYC,1,,,WP,,"2a, 1s",,,,,NA,,,?,,n,,
1998-03-11,5:44,1km se of long grass,,p,HYC,1,,,WP,,"8a, 1t",,,,,NA,,,?,,n,,
1998-03-11,6:12,2km n of long grass,,p,HYC,1,,,WP,,"1a, 2s, 10a",,,,,NA,,,?,,n,,
1998-03-11,7:02,1km ne of long grass,,p,HYC,1,,,WP,,"1a, 6s, 1a",,,,,NA,,,?,,n,,
1998-03-11,7:24,2km ne of long grass,,p,HYC,1,,,WP,,"3a, 4s",,,,,NA,,,?,,y ?,other hy joins wp,
1998-03-11,7:26,2km n of long grass,,p,HYC,1,,,WP,,"4s, 1a",,,,,NA,,,?,,n,,
1998-03-11,7:27,-3.18783,35.58417,long grass,HYC,1,,L-108 or L-109 in dh,WP,,7a,,,,,NA,,,1min after L-005 lo away bec of a wp 2km away at 0724,,n,,
1998-03-11,7:32,2km nw of long grass,,p,HYC,1,,,WP,,"1a, 6s, 4a, 1t",,,,,NA,,,?,,n,,
1998-03-11,7:36,2km n of long grass,,p,HYC,1,,,WP,,"4a, 4s, 1t",,,,,NA,,,?,,y,reply from far away in north,
1998-03-11,7:39,2km nw of long grass,,p,HYC,1,,,WP,,"5s, 1a, 4s",,,,,NA,,,?,,y,,
1998-03-11,7:41,2km nw of long grass,,p,HYC,1,,,WP,,8a,,,,,NA,,,?,,y,,
1998-03-11,7:42,2.5km nw of long grass,,p,HYC,1,,,WP,,"6s, 1t",,,,,NA,,,?,,y,,
1998-03-11,7:43,2km ne of long grass,,p,HYC,1,,,WP,,"1a, 4s",,,,,NA,,,?,,n,,
1998-03-11,7:57,1.5km nw of long grass,,p,HYC,1,,,WP,,"2s, 1a",,,,,NA,,,?,,n,,
1998-03-11,18:06,-3.18783,35.58417,long grass,HYC,1,,L-107 in dh?,WP,,5a,,,,,NA,,,"? (L-011 ap dh, l os)",,n,,
1998-03-11,20:50,-3.18783,35.58417,long grass,HYC,1,,"L-107, L-108 or L-109 in dh",WP,,"1a, 5s, 1a, 2s",,,,,NA,,,?,,n,,
1998-03-11,21:27,-3.18783,35.58417,Long grass,HYC,1,L-042,,WP,GN,"1a, 1s, 1a, 2s, 3a, 1t","1a, 1s",none,"1a, 2s, 3a, 1t",au_19980311_2127_L,Tape_N03,02:22,good,1 min after L-042 + L-013 AP den,,n,,
1998-03-11,21:31,800m e of long grass,,p,HYC,1,,,WP,,"1s, 6a",,,,,NA,,,?,,n,,
1998-03-11,21:47,600m se of long grass,,p,HYC,1,,,WP,,"1a, 6s, 4a, 1t",,,,,NA,,,?,,n,,
1998-03-11,23:59,3km se of long grass,,p,HYC,1,,,WP,,"1a, 4s, 4a, 1t",,,,,NA,,,?,,n,,
1998-03-12,0:39,2.5km ne of long grass,,p,HYC,1,,,WP,,"1a, 3s, 4a",,,,,NA,,,?,,n,,
1998-03-12,3:24,-3.18783,35.58417,long grass,HYC,1,,L-015?,WP,,11a,,,,,NA,,,while wa away from den,,n,l-015 was away but maybe another hy wp from same direction,
1998-03-12,5:14,-3.18783,35.58417,long grass,HYC,1,,,WP,,7a,,,,,NA,,,?,,n,,
1998-03-12,5:39,-3.18783,35.58417,long grass,HYC,1,,,WP,,8a,,,,,NA,,,?,,n,,
1998-03-12,19:48,700m e of long grass,,p,HYC,1,,,WP,,5s,,,,,NA,,,?,,n,,
1998-03-13,4:46,600m se of long grass,,p,HYC,1,,,WP,,"1a, 3s, 5a, 1t",,,,,NA,,,?,,n,,
1998-03-13,4:51,900m e of long grass,,p,HYC,1,,,WP,,"7a, 1t",,,,,NA,,,?,,n,,
1998-03-13,5:53,2.5km e of long grass,,p,HYC,1,,,WP,,"10a, 1t",,,,,NA,,,?,,n,,
1998-03-13,17:48,-3.18783,35.58417,long grass,HYC,1,L-005,,WP,GN,"6a, 9s, 1t",2a,none,"4a, 9s, 1t",au_19980313_1748_L,Tape_N03,03:25,good,"after 5 li adf ap the den. l-005 + l-008 were at the den, they ap tu the li adf and l-005 wp",interaction with LI,n,,
1998-03-14,6:04,1.5km ne og long grass,,p,HYC,1,,,WP,,"5s, 1a",,,,,NA,,,?,,n,,
1998-03-14,6:45,-3.18783,35.58417,long grass,HYC,1,L-047,,WP,,"5a, 2s, 2a, 1s",,,,,NA,,,"while l-088, l-015, l-008 + l-011 interact. l-047 arrived 06:36 with l-088 + l-015",,n,,
1998-03-14,6:58,-3.18783,35.58417,long grass,HYC,1,L-015,,WP,,"1a, 5s, 2a, 1t",,,,,NA,,,while le den area,,n,,
1998-03-16,7:40,-3.18783,35.58417,long grass,HYC,1,L-107,,WP,,4a,,,,,NA,,,after l-004 gn into dh,,n,,
1998-03-16,8:52,-3.15067,35.64217,p,HYC,1,M-012,,WP,,6a,some,,,,NA,,,"m-012, m-006 + m-007 ap tu p a young li adm",kill,n,"at least 6a, but then m-006 and others join wp",
1998-03-16,8:56,-3.15067,35.64217,p,HYC,1,,"M-101, M-103 or M-104",WP,,"2a, 5s, 1t",,,,,NA,,,after li le the wi carc,kill,n,,
1998-03-17,6:41,-3.14833,35.64083,p,HYC,1,M-006,,WP,,"1a, 7s, 1t",,,,,NA,,,while wa through territory,,n,,
1998-03-18,8:01,-3.15717,35.62233,p,HYC,1,M-103,,WP,,"4a, 2s",,,,,NA,,,,excitement at carc,n,,
1998-03-20,18:28,-3.18783,35.58417,long grass,HYC,1,,,WP,,"1a, 6s",,,,,NA,,,in DH,,n,,
1998-03-30,6:53,-3.15750,35.63033,p,HYC,1,N-045,,WP,,"1a, 5s",,,,,NA,,,while wa around in terr,,n,,
1998-03-31,18:30,-3.18783,35.58417,long grass,HYC,1,L-107,,WP,,"9a, 1t",,,,,NA,,,"in DH, 5min after L-086 ap den",,n,,
1998-03-31,7:26,-3.18783,35.58417,long grass,HYC,1,L-107,,WP,,"2a, 2s, 1a",,,,,NA,,,"in DH, 5min after L-086 ap den",,n,,
1998-04-01,6:56,-3.15467,35.62633,p,HYC,1,,M-046?,WP,,"1a, 6s, 2a",,,,,NA,,,while fo M-016 (with wi leg),,n,,
1998-04-02,6:45,-3.15400,35.62250,mali,HYC,1,M-043,,WP,,"1a, 1s, 1a, 6s, 1t",,,,,NA,,,looks in direction of 11 munges and r towards them,,n,,
1998-04-05,6:50,-3.15967,35.63567,p,HYC,1,M-115,,WP,,"4a, 1t",,,,,NA,,,after being ap by ad munge,,n,,
1998-04-05,6:53,-3.15967,35.63567,p,HYC,1,M-113,,WP,,"2s, 6a",,,,,NA,,,"m-113 carries a wi tail around, she wp after being ch",,n,,
1998-04-09,19:12,-3.16100,35.63833,marabara,HYC,1,,M-113 or M-114,WP,,9a,,,,,NA,,,,,n,,
1998-04-12,18:13,-3.18567,35.59833,p,HYC,1,N-043,,WP,,"8a, 1t",,,,,NA,,,"while wa together with l-004, l-101, l-090, a-041, l-087 + l-086",,n,,
1998-04-17,18:43,-3.15400,35.62250,Mali,HYC,1,M-008,,WP,,"7a, 2s, 2a, 1s, 1a, 1t",7a,none,"2s, 2a, 1s, 1a, 1t",au_19980417_1843_M,Tape_N03,04:36,good,after being CH 10m by M-009,,n,,
1998-04-18,8:10,-3.15400,35.62250,mali,HYC,1,M-043,,WP,,10a,,,,,NA,,,after being attacked by m-009,,n,,
1998-04-26,8:00,Gol kopies (Serengeti),,p,HYC,1,,multiple,LA,GN,NA,NA,NA,NA,au_19980426_0800_X,Tape_N03,05:35,good,"when 9 HY were EA of WI carc that was prob killed by 2 LI adf, the LI adf were L 5m away","in the Serengeti, at WI carc",n,with sounds of vultures,
1998-04-29,7:14,-3.18550,35.61067,p,HYC,1,L-042,,WP,,"5a, 1t",some,,,,NA,,,"while lo towards group with l-013, l-041, m-047 + n-043",,n,,
1998-05-05,6:40,-3.14883,35.64900,p,HYC,1,M-040,,WP,,"1s, 2a, 1t, 1a",,,,,NA,,,while on boundary encounter with 8 other munges against 2 campsiters,,n,,
1998-05-08,6:52,-3.14383,35.64200,p,HYC,1,M-114,,WP,,"6a, 1s, 3a",,,,,NA,,,after being ch and bi in hl by m-081,,n,,
1998-05-09,20:51,-3.18783,35.58417,long grass,HYC,1,L-040,,WP,,"1a, 6s, 1a, 1s",,,,,NA,,,after harassinf l-005 + l-008 who su,,n,,
1998-05-09,22:13,700m ne of long grass,,p,HYC,1,,,WP,,"8s, 1a",,,,,NA,,,?,,n,,
1998-05-09,22:34,,,p,HYC,1,,,WP,,unknown,,,no,,NA,,,?,,n,,
1998-05-09,22:45,-3.18783,35.58417,long grass,HYC,1,,L-112?,WP,,unknown,,,no,,NA,,,?,,n,,
1998-05-09,23:16,-3.18783,35.58417,long grass,HYC,1,,L-112?,WP,,"1a, 1s, 4a",,,,,NA,,,"L-012 ap dh, goes into dh",,n,,
1998-05-09,23:35,-3.18783,35.58417,long grass,HYC,1,,L-040?,WP,,"2a, 2s, 1a, 1s",,,,,NA,,,?,,n,,
1998-05-10,0:10,-3.18783,35.58417,long grass,HYC,1,M-047,,WP,,18a,,,,,NA,,,while le den area,,y,,
1998-05-10,0:10,-3.18783,35.58417,long grass,HYC,1,,L-040?,WP,,"8a, 1t",,,,,NA,,,reply?,,n,,
1998-05-10,1:02,-3.18783,35.58417,long grass,HYC,1,,,WP,,5a,,,,,NA,,,in DH,,n,,
1998-05-10,2:17,-3.18783,35.58417,long grass,HYC,1,M-047,,WP,,15a,,,,,NA,,,while le den area,,n,,
1998-05-10,2:26,600m e of long grass,,p,HYC,1,,L-040?,WP,,"8s, 1a, 1s",,,,,NA,,,?,,n,,
1998-05-10,2:35,600m e of long grass,,p,HYC,1,M-047,,WP,,14a,,,,,NA,,,?,,y,,
1998-05-10,2:36,700m e of long grass,,p,HYC,1,,,WP,,"8s, or, 8a, +?",,,,,NA,,,reply?,,n,,
1998-05-10,18:27,-3.18783,35.58417,Long grass,HYC,1,L-041,,WP,,13a,2a,none,11a,au_19980510_1827_L,Tape_N03,08:06,good,while LE den area,,y,a bit far away,
1998-05-10,18:27,,,p,HYC,1,,,WP,,"1s, 4a",,,,,NA,,,reply?,,n,,
1998-05-10,18:32,-3.18783,35.58417,long grass,HYC,1,,black,WP,,8a,,,,,NA,,,in DH,,n,,
1998-05-10,18:32,-3.18783,35.58417,long grass,HYC,1,,black,WP,,4a,,,,,NA,,,in DH,,n,,
1998-05-10,18:35,-3.18783,35.58417,long grass,HYC,1,,black,WP,,2a,,,,,NA,,,in DH,,n,,
1998-05-10,18:40,-3.18783,35.58417,long grass,HYC,1,,black,WP,,4a,,,,,NA,,,in DH,,n,,
1998-05-10,18:42,-3.18783,35.58417,long grass,HYC,1,,black,WP,,5a,,,,,NA,,,in DH,,n,"l-086 goes to dh, looks",
1998-05-10,18:51,-3.18783,35.58417,long grass,HYC,1,L-112,,WP,,8a,,,,,NA,,,?,,n,l-012 carries cub out of dh and in again,
1998-05-10,18:53,-3.18783,35.58417,long grass,HYC,1,L-112,,WP,,8a,,,,,NA,,,?,,n,,
1998-05-10,18:54,-3.18783,35.58417,long grass,HYC,1,L-112,,WP,,5a,,,,,NA,,,?,,n,,
1998-05-10,23:38,400m sw of long grass,,p,HYC,1,,N-043 or L-041,WP,,15a,,,,,NA,,,while le den area,,n,,
1998-05-11,1:21,200m n of long grass,,p,HYC,1,,,WP,,"4a, 3s",,,,,NA,,,?,,y,,
1998-05-11,1:22,-3.18783,35.58417,long grass,HYC,1,L-097,,WP,,8a,,,,,NA,,,reply ,,y,,
1998-05-11,1:23,500m n of long grass,,p,HYC,1,,,WP,,"3s, 2a",,,,,NA,,,reply ,,y,,
1998-05-11,1:24,300m n of long grass,,p,HYC,1,,,WP,,"7a, 1t, 3a, 1t",,,,,NA,,,reply ,,n,,
1998-05-11,1:28,-3.18783,35.58417,long grass,HYC,1,L-009,,WP,,"3s, 1a, 1t",,,,,NA,,,the wp goeas over into a gn in her dh,,n,,
1998-05-11,1:49,-3.18783,35.58417,long grass,HYC,1,L-041,,WP,,14a,,,,,NA,,,while le den area,,n,,
1998-05-11,7:03,1.5km e of long grass,,p,HYC,1,,,WP,,"7a, 1t",,,,,NA,,,?,,n,,
1998-05-11,8:16,-3.18783,35.58417,long grass,HYC,1,L-109,,WP,,"1a, 5s",,,,,NA,,,?,,n,"l-105 ap, gt",
1998-05-11,20:34,500m e of long grass,,p,HYC,1,,,WP,,"3a, 1t, 1a, 1t",,,,,NA,,,?,,n,,
1998-05-11,20:34,300m e of long grass,,p,HYC,1,,,WP,,"9a, 2t",,,,,NA,,,?,,n,,
1998-05-12,6:00,-3.18783,35.58417,long grass,HYC,1,N-043,,WP,,"6s, 1a, 1t",,,,,NA,,,while ap den area,,n,,
1998-05-12,6:06,-3.18783,35.58417,long grass,HYC,1,L-041,,WP,,"11a, 1t",,,,,NA,,,while le den area,,n,,
1998-05-12,6:14,2km e of long grass,,p,HYC,1,,,WP,,"9a, 1t",,,,,NA,,,?,,n,,
1998-05-12,11:02,-3.18783,35.58417,long grass,HYC,1,,black,WP,,11a,,,,,NA,,,?,,n,nr of others,
1998-05-12,16:24,-3.18783,35.58417,long grass,HYC,1,L-107,,WP,,12a,,,,,NA,,,after l-012 ap him,,n,l-107 r into dh and comes out again while wp,
1998-05-12,19:19,300m n of long grass,,p,HYC,1,,,WP,,"1a, 8s, 1t",,,,,NA,,,?,,n,,
1998-05-12,19:35,300m n of long grass,,p,HYC,1,,,WP,,"2a, 5s, 5a, 1a, 1t",,,,,NA,,,?,,y,,
1998-05-12,19:35,700m e of long grass,,p,HYC,1,,,WP,,"4a, 1s, 1t",,,,,NA,,,reply,,n,joins the one above,
1998-05-12,23:03,-3.18783,35.58417,long grass,HYC,1,,L-105 or L-106,WP,,9a,,,,,NA,,,after L-012 ap den area,,n,l-105 + l-106 come out of dh and one of them wp,
1998-05-12,23:08,-3.18783,35.58417,long grass,HYC,1,,,WP,,7a,,,,,NA,,,after L-012 ap den area,,n,,
1998-05-13,1:31,-3.18783,35.58417,long grass,HYC,1,L-041,,WP,,"10a, 1t",,,,,NA,,,while le den area,,y,,
1998-05-13,1:32,500m e of long grass,,p,HYC,1,M-047,,WP,,"13a, 1t",,,,,NA,,,reply,,n,,
1998-05-13,1:34,-3.18783,35.58417,long grass,HYC,1,,L-108 or -109L,WP,,"1a, 6s, 1t",,,,,NA,,,1min after L-041 ap den,,y,,
1998-05-13,1:34,-3.18783,35.58417,long grass,HYC,1,,L-090 or L-086,WP,,"8a, 1s, 1t",,,,,NA,,,"1min after L-041 ap den, reply",,n,,
1998-05-13,5:44,500m e of long grass,,p,HYC,1,,,WP,,6a,,,,,NA,,,?,,n,,
1998-05-13,5:55,500m e of long grass,,p,HYC,1,,,WP,,8a,,,,,NA,,,?,,n,,
1998-05-13,18:53,-3.18783,35.58417,long grass,HYC,1,L-106,,WP,,"1a, 1s, 2a",,,,,NA,,,l-005 ap and l-106 cw on a wi leg,,n,,
1998-05-13,22:07,700m ne of long grass,,p,HYC,1,,,WP,,3a,,,,,NA,,,?,,y,,
1998-05-13,22:07,-3.18783,35.58417,Long grass,HYC,1,L-088,,WP,,7a,3a,none,4a,au_19980513_2207_L,Tape_N03,09:17,poor,"reply to other WP, while R towards the direction of other WP",,n,a bit far away,
1998-05-13,22:08,800m ne of long grass,,p,HYC,1,,,WP,,simultaneous WP,,,no,,NA,,,reply,,y,,
1998-05-13,23:31,2km nw of long grass,,p,HYC,1,,,WP,,9a,,,,,NA,,,?,,n,,
1998-05-13,23:44,-3.18783,35.58417,long grass,HYC,1,L-109,,WP,,9a,,,,,NA,,,"l-088, l-004 + l-090 ap gr",,n,,
1998-05-14,0:35,-3.18783,35.58417,long grass,HYC,1,,,WP,,"8a, 1s, 1t",,,,,NA,,,while le ?,,n,,
1998-05-14,2:13,300m of long grass,,p,HYC,1,M-047,,WP,,15a,,,,,NA,,,ap den 0218,,n,,
1998-05-14,4:54,400m of long grass,,p,HYC,1,,,WP,,9a,,,,,NA,,,as a reply to other wp further away,,n,,
1998-05-14,6:12,-3.18783,35.58417,long grass,HYC,1,,,WP,,6a,,,,,NA,,,in DH,,n,,
1998-05-14,6:25,-3.18783,35.58417,long grass,HYC,1,,,WP,,14a,,,,,NA,,,in DH,,n,,
1998-05-14,6:30,-3.18783,35.58417,long grass,HYC,1,,,WP,,"1a, 6s, 1a",,,,,NA,,,in DH,,n,,
1998-05-14,6:42,-3.18783,35.58417,long grass,HYC,1,L-109,,WP,,"4s, 2a",,,,,NA,,,a-049 ap den,,n,,
1998-05-16,11:23,-3.19333,35.60033,p,HYC,1,L-095,,WP,,"10a, 1t",,,,,NA,,,"when the li adf gi and wa 20m, l-095 wp",at a wi kill the lemalas took over from a li adf,n,,
1998-05-20,18:28,-3.18783,35.58417,Long grass,HYC,1,L-040,,WP,,"1a, 7s, 3a","1a, 1s",none,"6s, 3a",au_19980520_1828_L,Tape_N03,10:14,good,while LE den area. M-047 WA with L-040,,n,,
1998-05-23,18:51,-3.18783,35.58417,long grass,HYC,1,,black,WP,,11a,,,,,NA,,,in DH,,n,,
1998-05-25,6:52,-3.15683,35.62700,p,HYC,1,N-046,,WP,,"5a, 1t",,,,,NA,,,while wa through m-terr,,n,,
1998-05-27,8:51,-3.17450,35.59533,mandi,HYC,1,,black,WP,,"1a, 6s",,,,,NA,,,in DH,,n,,
1998-05-27,17:16,-3.17450,35.59533,mandi,HYC,1,,black,WP,,5s,,,,,NA,,,in DH,,n,"l-004 gu, makes 2 steps, ld",
1998-05-27,18:33,400m ne of mandi,,p,HYC,1,A-041,,WP,,"1a, 9s",,,,,NA,,,after le den 18:25,,n,"l-040 + l-041 gu, tu, lo in that direction",
1998-05-27,18:45,-3.17450,35.59533,mandi,HYC,1,,black,WP,,7s,,,,,NA,,,in DH,,n,,
1998-05-28,7:34,-3.17450,35.59533,mandi,HYC,1,,black,WP,,8s,,,,,NA,,,"in DH, L-004 gn for minutes",,n,,
1998-05-28,18:42,,,p,HYC,1,,multiple lemalas,GN,LA,NA,NA,NA,NA,au_19980528_1842_L,Tape_N03,11:17,poor,"at carc with LI adf, 13 lemalas, 1 LI adf, more lemalas ap",at carc with LI adf,n,with sounds of lions,
1998-05-30,17:13,-3.17450,35.59533,mandi,HYC,1,L-108,,WP,,"1a, 1s, 2a, 6s, 1t",,,,,NA,,,after l-087 quickly ap l-108,,n,,
1998-05-30,18:01,-3.17450,35.59533,mandi,HYC,1,L-042,,WP,,"1a, 5s, 1t",,,,,NA,,,"while l 5m from dh, a few hy arrived at den",,n,,
1998-05-30,18:43,-3.17450,35.59533,mandi,HYC,1,L-042,,WP,,"2a, 4s, 5a, 1t",,,,,NA,,,while le den area,,n,,
1998-06-01,18:53,-3.17450,35.59533,mandi,HYC,1,,black,WP,,8a,,,,,NA,,,in DH,,n,"l-012 (who is alone here) gu, in dh",
1998-06-03,6:53,-3.17450,35.59533,mandi,HYC,1,,black,WP,,10a,,,,,NA,,,in DH,,n,,
1998-06-03,7:10,-3.17450,35.59533,Mandi,HYC,1,,black,WP,,6a,,,,,NA,,,in DH,,n,,
1998-06-08,17:30,-3.17633,35.59217,Moon,HYC,1,L-041,,WP,,"9a, 1t",5a,none,"4a, 1t",au_19980608_1730_L,Tape_N03,12:49,poor,while LE den area,,n,wa away from microphone,
1998-06-08,18:08,-3.17633,35.59217,Moon,HYC,1,L-041,,WP,,"9a, 1t",,,,,NA,,,"while WA, then LD 100m away",,n,,
1998-06-08,18:30,300m S of Moon,,p,HYC,1,,,WP,,"15a, 1t",,,,,NA,,,,,n,,
1998-06-08,19:10,-3.17633,35.59217,Moon,HYC,1,,,WP,,"8a, 1t",,,,,NA,,,while LE den,,n,,
1998-06-08,23:49,200m N of Moon,,p,HYC,1,,,WP,,"12a, 1t",,,,,NA,,,answer to WP from far away,,n,,
1998-06-09,14:52,-3.17633,35.59217,Moon,HYC,1,L-107,,WP,,9a,,,,,NA,,,after L-012 AP him,,n,,
1998-06-09,15:27,200m of Moon,,p,HYC,1,L-041,,WP,,5a,,,,,NA,,,after LE den 15:24,,n,,
1998-06-09,15:38,-3.17633,35.59217,Moon,HYC,1,L-112,,WP,,9a,,,,,NA,,,,,n,,
1998-06-09,18:19,-3.17633,35.59217,Moon,HYC,1,,prob L-112,WP,,8a,,,,,NA,,,L-102 AP DH,,n,"others (L-012, L-107, L-105, L-106, L-111, L-116) NR",
1998-06-09,18:27,400m N of Moon,,p,HYC,1,,,WP,,"3a, 5s, 1t",,,,,NA,,,?,,n,,
1998-06-09,21:56,250m W of Moon,,p,HYC,1,,,WP,,"8a, 1t",,,,,NA,,,?,,n,,
1998-06-09,23:46,300m N of Moon,,p,HYC,1,,,WP,,"6a, 1s, 2a",,,,,NA,,,?,,n,,
1998-06-09,23:54,300m N of Moon,,p,HYC,1,,,WP,,"1a, 6s, 1t",,,,,NA,,,?,,y,,
1998-06-09,23:55,800m E of Moon,,p,HYC,1,,,WP,,"1a, 2s, 1a",,,,,NA,,,?,,y,falls in,
1998-06-09,23:55,600m SE of Moon,,p,HYC,1,,,WP,,11a,,,,,NA,,,?,,n,,
1998-06-10,0:41,-3.17633,35.59217,Moon,HYC,1,L-116,,WP,,11a,,,,,NA,,,,,n,5min before den shifting,
1998-06-10,0:42,-3.17633,35.59217,Moon,HYC,1,,L-112 or L-116,WP,,7a,,,,,NA,,,,,n,4min before den shifting,
1998-06-10,2:54,-3.17633,35.59217,Moon,HYC,1,,L-040?,WP,,7s,3s,none,4s,au_19980610_0254_L,Tape_N03,13:39,poor,while LE den area,,n,wa away from microphone,
1998-06-10,14:07,-3.17633,35.59217,Moon,HYC,1,L-112,,WP,,10a,,,,,NA,,,,,n,,
1998-06-10,16:52,-3.17633,35.59217,Moon,HYC,1,L-112,,WP,,11a,,,,,NA,,,?,,n,"L-102 AP DH, looks into it, L-012, L-090, L-105, L-106, L-107 NR",
1998-06-10,18:53,-3.17633,35.59217,Moon,HYC,1,L-112,,WP,,9a,,,,,NA,,,?,,n,"L-012 AP DH, L-011 NR",
1998-06-10,19:07,-3.17633,35.59217,Moon,HYC,1,L-112,,WP,,7a,,,,,NA,,,?,,n,"L-011, L-012, L-015 NR",
1998-06-10,23:37,2km E of Moon,,p,HYC,1,,,WP,,"2s, 3a",,,,,NA,,,?,,n,,
1998-06-10,23:48,2km E of Moon,,p,HYC,1,,,WP,,"7s, 3a",,,,,NA,,,?,,n,other falls in,
1998-06-11,0:08,2km E of Moon,,p,HYC,1,,,WP,,"1s, 8a",,,,,NA,,,?,,y,,
1998-06-11,0:08,2km NE of Moon,,p,HYC,1,,,WP,,8s,,,,,NA,,,?,,n,,
1998-06-11,0:19,2km NE of Moon,,p,HYC,1,,,WP,,"6s, 2a",,,,,NA,,,?,,n,,
1998-06-11,0:37,400m E of Moon,,p,HYC,1,,,WP,,"4s, 3a, 1s, 1t",,,,,NA,,,answers to 2 simultaneous WP,,y,other falls in,
1998-06-11,0:50,600m S of Moon,,p,HYC,1,,,WP,,simultaneous WP,,,no,,NA,,,,,y,,
1998-06-11,0:51,400m NE of Moon,,p,HYC,1,,,WP,,"1a, 4s",,,,,NA,,,,,n,,
1998-06-11,1:13,800m SE of Moon,,p,HYC,1,,,WP,,7a,,,,,NA,,,?,,n,,
1998-06-11,4:06,250m E of Moon,,p,HYC,1,,,WP,,"7a, 1t",,,,,NA,,,?,,n,,
1998-06-11,4:12,-3.17633,35.59217,Moon,HYC,1,,,WP,,10a,,,,,NA,,,while LE den area,,n,,
1998-06-11,4:17,-3.17633,35.59217,Moon,HYC,1,L-107,,WP,,7a,,,,,NA,,,?,,y,L-106 joins,
1998-06-11,5:31,800m E of Moon,,p,HYC,1,,,WP,,15a,,,,,NA,,,?,,n,,
1998-06-11,5:35,-3.17633,35.59217,Moon,HYC,1,L-002,,WP,,"6s, 1a",5s,none,"1s, 1a",au_19980611_0535_L,Tape_N03,14:29,poor,while LE den area,,y,wi vocalisation in background,
1998-06-11,5:35,-3.17633,35.59217,Moon,HYC,2,,L-042 (or L-012 or L-014),WP,,"7a, 1t",4a,none,"3a, 1t",au_19980611_0535_L,Tape_N03,14:53,poor,reply to WP of L-002,,n,recording from far away,
1998-06-11,5:43,SE of Moon,,p,HYC,1,,,WP,,"2 WPs, simultaneously",,,,,NA,,,,,,,
1998-06-11,5:47,SE of Moon,,p,HYC,1,,,WP,,simultaneous WP,,,no,,NA,,,,,,,
1998-06-11,7:03,-3.17633,35.59217,Moon,HYC,1,L-112,,WP,,"9a, 1t",,,,,NA,,,after L-012 WA away from DH (20m),,n,"L-012 WA back to DH, LD; L-011 + L-107 NR",
1998-06-11,19:09,-3.17633,35.59217,Moon,HYC,1,L-095,,WP,,"7s, 2a, 1t",,,,,NA,,,"while L 0,5m from car",,n,,
1998-06-11,19:17,-3.17633,35.59217,Moon,HYC,1,,L-040 or L-042,WP,,"5a, 1s, 5a, 1t",,,,,NA,,,while WA around. They arrived 1914 with L-008 + L-106,,n,,
1998-06-11,19:28,200m N of Moon,,p,HYC,1,,,WP,,15a,,,,,NA,,,?,,n,,
1998-06-11,20:54,-3.17633,35.59217,Moon,HYC,1,L-047,,WP,,"1a, 2s",,,,,NA,,,?,,n,,
1998-06-11,21:50,-3.17633,35.59217,Moon,HYC,1,,L-047?,WP,,"1a, 5s, 2t, 1s, 1t, 1a, 1t",,,,,NA,,,?,,n,,
1998-06-11,23:24,500m of Moon,,p,HYC,1,,,WP,,"1s, 7a, 1t",,,,,NA,,,?,,n,,
1998-06-12,0:05,400m NW of Moon,,p,HYC,1,,L-090 or L-083,WP,,"12s, 1t",,,,,NA,,,?,,n,,
1998-06-12,0:09,"2,5km E of Moon",,p,HYC,1,,,WP,,"9a, 1s, 1t",,,,,NA,,,?,,y,other joins with 3s,
1998-06-12,1:39,-3.17633,35.59217,Moon,HYC,1,L-112,,WP,,11a,,,,,NA,,,?,,n,,
1998-06-12,1:50,3km E of Moon,,p,HYC,1,,,WP,,"3a, 3s, 4a, 1t",,,,,NA,,,?,,n,,
1998-06-12,5:41,1km SE of Moon,,p,HYC,1,,,WP,,"5s, 1t",,,,,NA,,,?,,y,,
1998-06-12,5:41,3km E of Moon,,p,HYC,1,,,WP,,"4s, 1a",,,,,NA,,,?,,n,,
1998-06-12,6:15,300m S of Moon,,p,HYC,1,,L-040 or L-042,WP,,"2s, 1a, 2s, 1a",,,,,NA,,,they LE 0610,,n,,
1998-06-12,19:48,-3.17633,35.59217,Moon,HYC,1,,L-042?,WP,,"3a, 3s, 7a, 1t","3a, 1s",none,"2s, 7a, 1t",au_19980612_1948_L,Tape_N03,16:19,good,while LE den area,,n,crickets chirping,
1998-06-12,21:52,-3.17633,35.59217,Moon,HYC,1,L-106,,WP,,"6s, 3a",,,,,NA,,,?,,n,,
1998-06-13,0:20,400m NE of Moon,,p,HYC,1,,,WP,,8a,,,,,NA,,,?,,n,,
1998-06-13,0:25,300m NE of Moon,,p,HYC,1,,,WP,,13a,,,,,NA,,,?,,n,,
1998-06-13,0:32,200m N of Moon,,p,HYC,1,,,WP,,"8a, 1t",,,,,NA,,,?,,n,,
1998-06-13,0:56,500m SE of Moon,,p,HYC,1,,,WP,,10a,,,,,NA,,,?,,n,,
1998-06-13,1:28,"1,5km NW of Moon",,p,HYC,1,,,WP,,9a,,,,,NA,,,?,,n,,
1998-06-13,3:32,200m N of Moon,,p,HYC,1,,N-043?,WP,,8a,,,,,NA,,,prob N-043 while entering den area 0333,,n,gurgled,
1998-06-13,4:28,300m N of Moon,,p,HYC,1,,,WP,,"1a, 7s, 2a, 2s, 1t",,,,,NA,,,?,,n,,
1998-06-13,4:45,-3.17633,35.59217,Moon,HYC,1,L-042,,WP,,"2a, 1s, 7a, 1t, 5a, 1t",,,,,NA,,,while LE den area,,n,,
1998-06-13,4:55,-3.17633,35.59217,Moon,HYC,1,N-043,,WP,,"7a, 1t",,,,,NA,,,?,,n,,
1998-06-13,4:59,-3.17633,35.59217,Moon,HYC,1,L-008,,WP,,"1a, 3s, 1t, 1a, 1t",,,,,NA,,,?,,n,,
1998-06-13,5:43,-3.17633,35.59217,Moon,HYC,1,,,WP,,"1a, 3s, 2a, 1t, 1a",,,,,NA,,,while LE den area,,n,,
1998-06-13,6:09,400m NE of Moon,,p,HYC,1,,,WP,,"5s, 7a",,,,,NA,,,?,,n,,
1998-06-20,7:58,-3.16017,35.62083,p,HYC,1,M-043,,WP,,"6s, 1t, 1s, 1t",,,,,NA,,,before a sadm LI LE a WI carc the HY prob killed,kill,y,,
1998-06-29,18:35,-3.18217,35.58117,p,HYC,1,L-086,,WP,,"1a, 1s, 8a",,,,,NA,,,"after 2 sadm LI took over a WC a HY killed, 13 Lemalas here",kill,n,,
1998-07-10,7:30,-3.17100,35.61133,p,HYC,1,,multiple,WP,LA,multiple,none,none,multiple,au_19980710_0730_M,Tape_N03,17:42,good,while 26 Munges were surrounding the LI adf MG-015,kill,n, vocalizations from many different individuals together,
1998-07-13,18:34,-3.18150,35.58300,Lumpi,HYC,1,L-108,,WP,,8s,,,,,NA,,,2min after L-090 arrives at den,,n,,
1998-07-18,8:34,-3.17383,35.61033,p,HYC,1,M-106,,WP,,"2a, 2s, 5a, (fast)","2a, 1s",none,"1s, 5a, (fast)",au_19980718_0834_M,Tape_N03,18:53,good,while AP M-006 + M-097 at carcass,kill,n,,
1998-07-18,8:34,-3.17383,35.61033,p,HYC,1,M-006,,WP,,4a,,,,,NA,,,after being LU by M-006 and having CH M-009 5m,kill,n,,
1998-08-06,7:11,-3.17467,35.62917,Mumbe,HYC,1,M-116,,WP,,"8a, 2s, 1t",,,,,NA,,,"after M-084 AP den, M-116 excited bec came out of DH, quite a few HY around",,n,,
1998-08-06,7:35,-3.17467,35.62917,Mumbe,HYC,1,M-116,,WP,,"6a, 1s, 1t",,,,,NA,,,after R into a DH,,n,,
1998-08-08,8:31,"100m S of 3 11.94, 35 35.93",,p,HYC,1,N-005,,WP,,13a,,,,,NA,,,"after L-004, L-013 + L-101 took over the BU carc from N-005 + N-001",kill,n,,
1998-08-08,8:31,"100m S of 3 11.94, 35 35.93",,p,HYC,1,N-001,,WP,,2a,,,,,NA,,,"after L-004, L-013 + L-101 took over the BU carc from N-005 + N-001",kill,n,,
1998-08-08,8:36,-3.20350,35.60200,Namba,HYC,1,N-005,,WP,,"9a, 1t",,,,,NA,,,"after L-004, L-013 + L-101 took over the BU carc from N-005 + N-001",BU carc,n,N-001 joins N-005,
1998-08-08,8:36,-3.20350,35.60200,Namba,HYC,1,N-001,,WP,,"6a, 1t",,,,,NA,,,"after L-004, L-013 + L-101 took over the BU carc from N-005 + N-001",BU carc,n,,
1998-08-08,9:00,500m S of carc,,p,HYC,1,N-005,,WP,,8a,,,,,NA,,,"0851 a adm LI took over the BU carc from L-004, L-013 + L-101",BU carc,n,,
1998-08-08,9:02,500m S of carc,,p,HYC,1,N-005,,WP,,3a,,,,,NA,,,"0851 a adm LI took over the BU carc from L-004, L-013 + L-101",BU carc,n,N-001 stands next to N-005,
1998-08-08,9:05,400m S of carc,,p,HYC,1,N-005,,WP,,7a,,,,,NA,,,"0851 a adm LI took over the BU carc from L-004, L-013 + L-101",BU carc,n,N-001 stands next to N-005,
1998-08-08,9:15,400m S of carc,,p,HYC,1,N-005,,WP,,"12a, 1t",,,,,NA,,,"0851 a adm LI took over the BU carc from L-004, L-013 + L-101",BU carc,n,N-001 + N-005 AP slowly,
1998-08-10,9:07,-3.18500,35.50067,p,HYC,1,,multiple,WP,,simultaneous WP,,,no,,NA,,,"3 LI adf are at a WI kill, 17 Airstrips around. When the 2 LI GU and AP the HY a lot of vocalization",kill,,,
1998-08-10,9:55,-3.18500,35.50067,p,HYC,1,,multiple,WP,,simultaneous WP,,,no,,NA,,,"we are with the 3 LI adf and can hear a lot of vocalization at the carc. When we came back to carc, there is a LI sadm around (LE 1013)",kill,,,
1998-08-19,7:53,-3.14117,35.62483,Kunja birth,HYC,1,M-006,,WP,,"6a, 1t",,,,,NA,,,"after M-007 + M-082 SV M-006, M-006 GU, EB, HB",,n,,
1998-08-19,18:30,-3.17383,35.57383,p,HYC,1,,,WP,,unknown,,,no,,NA,,,a HY that was with a BU mother and her new-born calf,,y,,
1998-08-19,18:30,-3.17917,35.57083,Lake,HYC,1,L-102,,WP,,4a,,,,,NA,,,"1831 L-102, L-010 + L-107 LO to the spot where the BU were + 2HY in high HE",,n,"1831 L-102, L-010 + L-107 LO to the spot where the BU were + 2 HY in high HE",
1998-08-19,18:37,-3.17383,35.57383,p,HYC,1,,,WP,,unknown,,,no,,NA,,,"recruitment, many HY AP between 1841 and 1847, then kill BU calf",kill BU calf,n,,
1998-08-20,8:18,-3.16383,35.57317,p,HYC,1,M-047,,WP,,10a,,,,,NA,,,during a boundary clash with 9 Engitatis,,n,the Lemalas were 10 at that moment,
1998-08-20,8:32,-3.16533,35.57300,p,HYC,1,L-084,,WP,,6s,,,,,NA,,,after the boundary clash with 12 Engitatis (and 10 Lemalas),,,the Engitatis drove the Lemalas back,
1998-08-31,17:33,-3.17917,35.57083,lake,HYC,1,L-108,,WP,,"1a, 4s, 1a, 1s, 1a, 2s",,,,,NA,,,when L-087 AP den,,n,,
1998-08-31,17:55,-3.17917,35.57083,lake,HYC,1,L-042,,WP,,"1b, 1a, 5s, 2a, 1t",,,,,NA,,,"after arriving at den, GT several cubs",,n,,
1998-09-01,18:25,-3.17917,35.57083,lake,HYC,1,L-095,,WP,,"7s, 2a",,,,,NA,,,while LE den area,,n?,,
1998-09-01,18:25,-3.17917,35.57083,lake,HYC,1,L-124,,WP,,unknown,,,no,,NA,,,reply to WP before ?,,n,"L-102, L-087, L-090, L-112, L-114 + L-116 look into DH",
1998-09-03,18:28,-3.17917,35.57083,lake,HYC,1,L-108,,WP,,"1a, 5s",,,,,NA,,,after L-042 AP den,,n,,
1998-09-03,18:38,-3.17917,35.57083,lake,HYC,1,L-124,,WP,,"7s, 1a",,,,,NA,,,after other cubs come out of DH,,n,,
1998-09-04,18:46,-3.14117,35.62483,kunja birth,HYC,1,M-040,,WP,,"8a, 1t",,,,,NA,,,"while standing in periphery with M-098, M-088 + M-117",,n,,
1998-09-04,19:01,-3.14117,35.62483,kunja birth,HYC,1,,,WP,,6a,,,,,NA,,,?,,n,,
1998-09-04,19:06,-3.14117,35.62483,kunja birth,HYC,1,,,WP,,7a,,,,,NA,,,?,,n,,
1998-09-04,19:50,500m E of Kunja birth,,p,HYC,1,,,WP,,11a,,,,,NA,,,?,,n,,
1998-09-04,23:38,800m E of Kunja birth,,p,HYC,1,,,WP,,"4s, 6a",,,,,NA,,,?,,n,,
1998-09-05,0:10,800m E of Kunja birth,,p,HYC,1,,,WP,,"8a, 1t",,,,,NA,,,?,,n,,
1998-09-05,1:18,1.5km E of Kunja birth,,p,HYC,1,,,WP,,6a,,,,,NA,,,?,,n,,
1998-09-05,3:53,-3.14117,35.62483,Kunja birth,HYC,1,M-117,,WP,,"1a, 3s, 4a, 1t",,,,,NA,,,after M-117 AP WI leg M-005 brought back to den and M-005 LU at him,,n,,
1998-09-05,4:31,-3.14117,35.62483,Kunja birth,HYC,1,,M-040 or M-005,WP,,"9a, 1t",,,,,NA,,,"0428 - 0431 LI roaring. M-040, M-005, M-009, M-091, M-102 + M-014 slowly move NE, cubs in DH",,n,,
1998-09-05,5:54,100m N of Kunja birth,,p,HYC,1,,,WP,,"10a, 1t",,,,,NA,,,?,,n,,
1998-09-05,6:37,-3.14117,35.62483,Kunja birth,HYC,1,,M-118 or M-119,WP,,11a,,,,,NA,,,?,,n,"M-005 + M-091 LH, M-091 wa to dh",
1998-09-05,19:04,-3.14117,35.62483,Kunja birth,HYC,1,,,WP,,"2a, 1s, 4a, ",,,,,NA,,,?,,n,,
1998-09-05,19:15,-3.14117,35.62483,Kunja birth,HYC,1,,,WP,,9a,,,,,NA,,,?,,n,,
1998-09-05,19:17,100m N of Kunja birth,,p,HYC,1,,,WP,,14a,,,,,NA,,,?,,y,reply far away,
1998-09-05,20:39,-3.14117,35.62483,Kunja birth,HYC,1,M-040,,WP,,"2a, 4s, 4a, 1t",,,,,NA,,,while L 1m from M-005,,n,,
1998-09-05,22:15,-3.14117,35.62483,Kunja birth,HYC,1,M-040,,WP,,"8a, 2t",,,,,NA,,,while L 1m from M-005,,n,,
1998-09-05,22:57,-3.14117,35.62483,Kunja birth,HYC,1,M-040,,WP,,"8a, 1t",,,,,NA,,,while L 1m from M-005,,n,,
1998-09-05,23:10,-3.14117,35.62483,Kunja birth,HYC,1,N-046,,WP,,11a,,,,,NA,,,while LE,,n,,
1998-09-05,23:28,-3.14117,35.62483,Kunja birth,HYC,1,N-046,,WP,,11a,,,,,NA,,,while LE,,n,,
1998-09-05,23:36,-3.14117,35.62483,Kunja birth,HYC,1,,,WP,,11a,,,,,NA,,,?,,n,,
1998-09-05,23:43,1km E of Kunja birth,,p,HYC,1,,,WP,,16a,,,,,NA,,,?,,n,,
1998-09-05,23:47,1.5km NE of Kunja birth,,p,HYC,1,,,WP,,"3a, 3s, 2a, 1t",,,,,NA,,,?,,n,,
1998-09-06,0:04,2km SE of Kunja birth,,p,HYC,1,,,WP,,12a,,,,,NA,,,?,,y,reply far away,
1998-09-06,0:12,500m E of Kunja birth,,p,HYC,1,,,WP,,8a,,,,,NA,,,?,,n,,
1998-09-06,4:52,500m SE of Kunja birth,,p,HYC,1,,,WP,,"1a, 2s, 5a, 1t",,,,,NA,,,?,,y,,
1998-09-06,4:53,600m E of Kunja birth,,p,HYC,1,,,WP,,5s,,,,,NA,,,?,,n,,
1998-09-06,4:58,-3.14117,35.62483,Kunja birth,HYC,1,M-117,,WP,,"1s, 1a, 1s, 2a",,,,,NA,,,bec M-017 AP 0457,,n,,
1998-09-06,5:50,300m N of Kunja birth,,p,HYC,1,,,WP,,4a,,,,,NA,,,7 Munges LO N,,y,,
1998-09-06,5:51,-3.14117,35.62483,Kunja birth,HYC,1,M-043,,WP,,"4s, 3a, 1t",,,,,NA,,,M-043 only LE den at 0600 together with the rest (M-088 + M-098),,n,,
1998-09-06,6:02,100m N of Kunja birth,,p,HYC,1,,,WP,,"7a, 1t",,,,,NA,,,prob at spot where the HY lo to,,n,,
1998-09-06,6:38,300m N of Kunja birth,,p,HYC,1,,,WP,,"2s, 6a",,,,,NA,,,?,,y?,,
1998-09-06,6:38,-3.14117,35.62483,Kunja birth,HYC,1,,,WP,,2s,,,,,NA,,,?,,n,2 cubs LO towards DH,
1998-09-07,5:40,-3.14117,35.62483,Kunja birth,HYC,1,,,WP,,14a,,,,,NA,,,?,,n,,
1998-09-07,6:14,200m N of Kunja birth,,p,HYC,1,,M-005?,WP,,6a,,,,,NA,,,?,,y,M-005 LE in that direction 0612 together with M-115,
1998-09-07,6:14,2km E of Kunja birth,,p,HYC,1,,,WP,,8a,,,,,NA,,,reply,,n,,
1998-09-07,6:30,1km E of Kunja birth,,p,HYC,1,,,WP,,8a,,,,,NA,,,?,,n,,
1998-09-07,6:44,1km N of Kunja birth,,p,HYC,1,,,WP,,11a,,,,,NA,,,?,,n,,
1998-09-07,6:49,-3.14117,35.62483,Kunja birth,HYC,1,M-040,,WP,,9a,4a,none,5a,au_19980907_0649_M,Tape_N03,19:44,good,after PA at den,,y,,
1998-09-07,6:49,800m E of Kunja birth,,p,HYC,1,,,WP,,"10a, 1t",,,,,NA,,,reply,,n,,
1998-09-07,9:49,-3.14117,35.62483,Kunja birth,HYC,1,M-006,,WP,,"3a, 1s, 3a",,,,,NA,,,M-006 in DH after quarrel with M-100 in DH,,n,,
1998-09-07,20:22,-3.14117,35.62483,Kunja birth,HYC,1,M-040,,WP,,"1a, 3s, 3a, 1t","1a, 2s",none,"1s, 3a, 1t",au_19980907_2022_M,Tape_N03,20:37,ok,at den where only the cubs and M-088 are,,n,"a lot of wind, crickets chirping",
1998-09-07,22:15,300m Ne of Kunja birth,,p,HYC,1,,M-040?,WP,,"1a, 2s, 4a, 1t",,,,,NA,,,"M-040 LE 2058 NE, M-040 AP 2217 NE",,n,,
1998-09-07,23:07,-3.14117,35.62483,Kunja birth,HYC,1,M-040,,WP,,"1a, 2s, 6a, 1t",,,,,NA,,,?,,n,,
1998-09-07,23:59,-3.14117,35.62483,Kunja birth,HYC,1,M-040,,WP,,"7a, 1t",3a,none,"4a, 1t",au_19980907_2359_M,Tape_N03,21:41,good,,,n,crickets chirping,
1998-09-08,0:36,-3.14117,35.62483,Kunja birth,HYC,1,,,WP,,8a,,,,,NA,,,?,,n,,
1998-09-08,1:24,-3.14117,35.62483,Kunja birth,HYC,1,M-100,,WP,,"1a, 3s, 6a","1a, 3s",none,6a,au_19980908_0124_M,Tape_N03,22:17,good,"after 5 other HY LO away from den, M-100 stays at den",,n,crickets chirping,
1998-09-08,1:47,-3.14117,35.62483,Kunja birth,HYC,1,M-100,,WP,,"2a, 3s, 3a","2a, 2s",none,"1s, 3a",au_19980908_0147_M,Tape_N03,23:30,good,,,y,,
1998-09-08,1:47,-3.14117,35.62483,Kunja birth,HYC,2,M-040,,WP,,"8a, 2t",none,none,"8a, 2t",au_19980908_0147_M,Tape_N03,23:32,good,joins M-100 after its 2a 3s,,y,,
1998-09-08,1:47,-3.14117,35.62483,Kunja birth,HYC,3,M-115,,WP,,"1a, 4s, 1a, 1s, 1a",none,none,"1a, 4s, 1a, 1s, 1a",au_19980908_0147_M,Tape_N03,24:00,good,joins M-040 after its 3a,,n,,
1998-09-08,4:05,-3.14117,35.62483,Kunja birth,HYC,1,M-040,,WP,,"6a, 1t",,,,,NA,,,?,,n,,
1998-09-08,5:16,-3.14117,35.62483,Kunja birth,HYC,1,,,WP,,10a,,,,,NA,,,?,,n,,
1998-09-08,18:42,-3.14117,35.62483,Kunja birth,HYC,1,M-121,,WP,,"2a, 1s",,,,,NA,,,after M-046 AP him,,n,,
1998-09-08,20:47,200m from Kunja birth,,p,HYC,1,,N-045?,WP,,5s,3s,none,2s,au_19980908_2047_M,Tape_N03,25:55,ok,5 min after LE den area,,n,"a bit far, loud mic sound at the beginning",
1998-09-09,2:33,-3.14117,35.62483,Kunja birth,HYC,1,M-117,,WP,,unknown,,,no,,NA,,,"A-056 AP cub; M-009 comes R from a kill 200m of den, CH A-056 7m",,n,,
1998-09-09,3:48,-3.14117,35.62483,Kunja birth,HYC,1,,M-052?,WP,,"7a, 1t",,,,,NA,,,after AP den (with N-042 + A-056),,n,,
1998-09-09,5:33,-3.14117,35.62483,Kunja birth,HYC,1,,,WP,,7a,,,,,NA,,,?,,n,,
1998-09-10,18:45,200m S of Lake,,p,HYC,1,,,WP,,"2a, 4s, 2a, 2t",,,,,NA,,,?,,n,,
1998-09-13,11:28,-3.16000,35.57617,p,HYC,1,A-057,,WP,,"3a, 1s",,,,,NA,,,A-057 shadowing E-004 together with E-041,,n,,
1998-09-13,18:37,scratching rocks,,p,HYC,1,E-040,,WP,,"3a, 7s, 1t",,,,,NA,,,E-040 while WA around in territory,,n,,
1998-09-14,6:45,200m outside Kunja birth,,p,HYC,1,M-084,,WP,,"11a, 1t",,,,,NA,,,"after being CH by M-040, M-046 + M-052",,n,,
1998-09-17,17:53,-3.17917,35.57083,Lake,HYC,1,L-042,,WP,,"1b, 7s, 2a, 1t",,,,,NA,,,while AP L-002 (L),,n,,
1998-09-17,18:35,-3.17917,35.57083,Lake,HYC,1,,L-015?,WP,,"1a, 4s, 1a",,,,,NA,,,,,y,,
1998-09-17,18:36,600m from Lake,,p,HYC,1,,,WP,,"7s, 4a",,,,,NA,,,,,n,,
1998-09-21,6:56,-3.20417,35.56700,p,HYC,1,L-002,,WP,,"6s, 1t",,,,,NA,,,while WA around in territory,,n,with red head,
1998-10-02,18:03,-3.14117,35.62483,Kunja birth,HYC,1,M-046,,WP,,"9a, 1s, 1t, 1s, 1a, 1s, 1a, 1s, 1t",,,,,NA,,,,,n,,
1998-10-05,18:34,-3.20350,35.60200,Namba,HYC,1,E-042,,WP,,"7a, 1t",,,,,NA,,,while WA around,,n,,
1998-10-05,20:41,400m SE of Namba,,p,HYC,1,,,WP,,"1a, 6s, 3a",,,,,NA,,,,,n,,
1998-10-05,21:18,-3.20350,35.60200,Namba,HYC,1,N-007,,WP,,"1a, 3s, 1a",,,,,NA,,,?,,y,,
1998-10-05,21:18,500m E of Namba,,p,HYC,1,,,WP,,6a,,,,,NA,,,reply,,y,plus 2 more replies,
1998-10-05,21:58,300m S of Namba,,p,HYC,1,,,WP,,"1a, 12s, 1t",,,,,NA,,,,,y,,
1998-10-05,21:58,700m E of Namba,,p,HYC,1,,,WP,,"3s, 5a",,,,,NA,,,reply,,y,,
1998-10-05,21:58,800m E of Namba,,p,HYC,1,,,WP,,"4s, 1a",,,,,NA,,,reply,,n,,
1998-10-05,22:29,-3.20350,35.60200,Namba,HYC,1,N-007,,WP,,"1a, 1s, 1t, 1s",,,,,NA,,,?,,y,a lot of WP from E,
1998-10-05,23:09,1km S of Namba,,p,HYC,1,,,WP,,"8s, 1t",,,,,NA,,,?,,y,"2 simultaneous replies, one 500m E of Namba, other 200m E",
1998-10-05,23:33,800m SE of Namba,,p,HYC,1,,,WP,,7a,,,,,NA,,,?,,n,,
1998-10-06,0:01,300m N of Namba,,p,HYC,1,,,WP,,"12a, 1t",,,,,NA,,,reply to 2 WPs from E and S (simultaneous),,n,,
1998-10-06,2:38,-3.20350,35.60200,Namba,HYC,1,N-007,,WP,,"5a, 1t",,,,,NA,,,just after arriving at den,,n,"only cubs at den, 0239 N-003 AP den",
1998-10-06,2:46,300m N of Namba,,p,HYC,1,,N-003?,WP,,"7s, 3a",,,,,NA,,,N-003 LE into that direction 0243,,n,,
1998-10-06,17:05,-3.20350,35.60200,Namba,HYC,1,,"N-092, N-093 or N-094 in DH",WP,,"2a, 3s, 4a",,,,,NA,,,after N-008 went into den entrance,,n,,
1998-10-06,18:58,-3.20350,35.60200,Namba,HYC,1,N-092,,WP,,"1a, 3s, 3a",,,,,NA,,,after N-007 AP,,n,,
1998-10-06,19:25,-3.20350,35.60200,Namba,HYC,1,N-092,,WP,,"2a, 3s, 6a",,,,,NA,,,?,,y,,
1998-10-06,19:26,200m N of Namba,,p,HYC,1,N-006,,WP,,7a,,,,,NA,,,N-006 LE 1923 to that direction,,y,reply to 2 simultaneous WPs 500m E,
1998-10-06,20:54,-3.20350,35.60200,Namba,HYC,1,N-044,,WP,,"1a, 2s, 2a, 1s, 7a",,,,,NA,,,while LE,,n,,
1998-10-06,21:10,-3.20350,35.60200,Namba,HYC,1,N-044,,WP,,13a,,,,,NA,,,while LE,,y?,,
1998-10-06,21:12,-3.20350,35.60200,Namba,HYC,1,E-042,,WP,,8a,,,,,NA,,,while LE,,n,,
1998-10-07,0:32,2km E of Namba,,p,HYC,1,,,WP,,8a,,,,,NA,,,?,,y,,
1998-10-07,0:33,2.5km of Namba,,p,HYC,1,,,WP,,5a,,,,,NA,,,?,,n,,
1998-10-07,1:08,-3.20350,35.60200,Namba,HYC,1,N-007,,WP,,7a,,,,,NA,,,"bec N-001, N-005 + E-042 AP",,n,,
1998-10-07,2:16,-3.20350,35.60200,Namba,HYC,1,N-044,,WP,,13a,,,,,NA,,,?,,n,,
1998-10-07,2:49,-3.20350,35.60200,Namba,HYC,1,,N-044?,WP,,"6a, 1t",,,,,NA,,,?,,n,,
1998-10-07,3:13,300m S of Namba,,p,HYC,1,,N-044?,WP,,"8a, 1t",,,,,NA,,,N-044 LE in that direction,,n,,
1998-10-07,3:16,-3.20350,35.60200,Namba,HYC,1,,E-042?,WP,,17a,,,,,NA,,,,,n,,
1998-10-07,4:08,-3.20350,35.60200,Namba,HYC,1,,N-044?,WP,,"14a, 1t",,,,,NA,,,while LE,,n,,
1998-10-07,5:27,-3.20350,35.60200,Namba,HYC,1,,N-044?,WP,,"7s, 1t",,,,,NA,,,"while L, 2min before LE",,n,,
1998-10-07,18:58,400m S of Namba,,p,HYC,1,,,WP,,"10a, 1t",,,,,NA,,,?,,y,,
1998-10-07,18:59,600m SE of Namba,,p,HYC,1,,,WP,,5a,,,,,NA,,,reply,,y,,
1998-10-07,18:59,-3.20350,35.60200,Namba,HYC,1,N-092,,WP,,"1a, 6s, 3a",,,,,NA,,,reply,,n,,
1998-10-07,19:52,-3.20350,35.60200,Namba,HYC,1,N-092,,WP,,"2a, 2s, 4a",,,,,NA,,,while LE away with N-007,,n,,
1998-10-07,19:55,500m E of Namba,,p,HYC,1,,,WP,,"4s, 3a",,,,,NA,,,,prob at a kill,y,several other vocalisations and WPS,
1998-10-07,19:58,200m NE of Namba,,p,HYC,1,,,WP,,"8a, 3s",,,,,NA,,,,prob at a kill,y,several other vocalisations and WPS,
1998-10-07,20:11,-3.20350,35.60200,Namba,HYC,1,N-008,,WP,,"8a, 1t",,,,,NA,,,"after N-008 AP N-006 and N-006 BI N-008, N-008 YE, RE WP",,n,N-006 just brought food back to den,
1998-10-07,20:11,-3.20350,35.60200,Namba,HYC,1,,N-093 or N-094,WP,,12a,,,,,NA,,,after N-006 AP cub,,n,,
1998-10-07,20:11,-3.20350,35.60200,Namba,HYC,1,,N-093 or N-094,WP,,4a,,,,,NA,,,after N-006 AP cub,,n,,
1998-10-07,21:13,-3.20350,35.60200,Namba,HYC,1,N-006,,WP,,"9s, 1t",,,,,NA,,,after LE and arriving 2x from and to den resp with leg she brought back to the den. N-006 obviously looking for her cub,,n,,
1998-10-07,21:50,-3.20350,35.60200,Namba,HYC,1,N-006,,WP,,"1a, 6s, 1t",,,,,NA,,,while AP TU N-082 + N-083. N-006 is with food she brought back,,n,,
1998-10-07,22:29,-3.20350,35.60200,Namba,HYC,1,N-006,,WP,,"9s, 1t",,,,,NA,,,"while L, no obvious reason, maybe she called her cub that it can EA from the food she brought; the cub arrives 2233",,n,,
1998-10-08,0:10,-3.20350,35.60200,Namba,HYC,1,,N-093 or N-094,WP,,"6s, 1t",,,,,NA,,,?,,n,,
1998-10-08,0:38,-3.20350,35.60200,Namba,HYC,1,N-092,,WP,,unknown,,,no,,NA,,,while CH with other cubs,,n,,
1998-10-08,4:12,-3.20350,35.60200,Namba,HYC,1,N-006,,WP,,"7s, 1t",,,,,NA,,,?,,y,reply from very far away,
1998-10-08,18:48,300m NE of Namba,,p,HYC,1,,,WP,,"11a, 1t",,,,,NA,,,?,,n,,
1998-10-08,19:30,800m E of Namba,,p,HYC,1,,,WP,,11a,,,,,NA,,,?,,n,,
1998-10-08,19:40,300m NE of Namba,,p,HYC,1,,,WP,,"1a, 6s, 3a",,,,,NA,,,?,,n,,
1998-10-08,19:47,600m SE of Namba,,p,HYC,1,,,WP,,6a,,,,,NA,,,?,,n,,
1998-10-08,21:25,-3.20350,35.60200,Namba,HYC,1,N-089,,WP,,"1a, 8s",,,,,NA,,,"bec. N-007 who carries food AP N-089, N-089 AP N-007 before",,n,,
1998-10-09,1:52,800m NE of Namba,,p,HYC,1,,,WP,,6a,,,,,NA,,,?,,n,,
1998-10-19,7:00,-3.14117,35.62483,Kunja birth,HYC,1,M-121,,WP,,"1a, 3s, 1a",,,,,NA,,,while AP M-009 who brought a WI leg back to the den 0656,,n,"M-116 + M-117 also AP M-009; M-115, M-120, M-112 + M-124 not",
1998-10-21,17:56,-3.14117,35.62483,Kunja birth,HYC,1,M-040,,WP,,"2a, 2s, 4a, 1t",1a,none,"1a, 2s, 4a, 1t",au_19981021_1756_M,Tape_N03,27:10,ok,"while L, other wp in background",,n,,
1998-10-29,18:16,-3.15400,35.62250,Mali,HYC,1,M-040,,WP,,"1a, 3s, 5a, 1t",,,,,NA,,,while L,,n,,
1998-11-03,19:23,200m NE of Engamat,,p,HYC,1,,,WP,,8s,,,,,NA,,,while L,,n,,
1998-11-03,19:39,300m E of Engamat,,p,HYC,1,,,WP,,"2a, 6s",,,,,NA,,,?,,y,several replies together,
1998-11-03,19:56,500m W of Engamat,,p,HYC,1,,,WP,,"4s, 1a",,,,,NA,,,?,,y,a reply joins from 2km SW,
1998-11-04,0:17,800m S of Engamat,,p,HYC,1,,,WP,,7s,,,,,NA,,,?,,y,,
1998-11-04,0:17,300m S of Engamat,,p,HYC,1,,E-080?,WP,,6s,,,,,NA,,,E-080 LE 0001 SE,,y,,
1998-11-04,0:17,-3.14767,35.56933,Engamat,HYC,1,E-003,,WP,,"1a, 6s",,,,,NA,,,joins,,n,,
1998-11-04,0:44,1km NE of Engamat,,p,HYC,1,,,WP,,"3a, 1s, 2a",,,,,NA,,,?,,y,,
1998-11-04,0:44,300m SW of Engamat,,p,HYC,1,,,WP,,6s,,,,,NA,,,reply,,y,further away a HY joins,
1998-11-04,1:34,-3.14767,35.56933,Engamat,HYC,1,,E-085 or E-086,WP,,5s,,,,,NA,,,?,,n,"only E-003, E-087, E-088 here, NR",
1998-11-04,2:20,SW of Engamat,,p,HYC,1,,,WP,,unknown,,,no,,NA,,,,,y,,
1998-11-04,2:21,-3.14767,35.56933,Engamat,HYC,1,A-057,,WP,,"1a, 6s, 1a",,,,,NA,,,"while WA away, reply",,n,,
1998-11-04,6:26,-3.14767,35.56933,Engamat,HYC,1,,black cub,WP,,unknown,,,no,,NA,,,"E-001, E-080 + E-006 WA away slowly",,n,black cubs here,
1998-11-04,6:26,-3.14767,35.56933,Engamat,HYC,2,,black cub,WP,,unknown,,,no,,NA,,,"E-001, E-080 + E-006 WA away slowly",,n,black cubs here,
1998-11-05,1:58,200m W of Engamat,,p,HYC,1,,M-042?,WP,,"3s, 2a",,,,,NA,,,while WA away,,n,M-042? LE 0155 in that direction,
1998-11-05,4:25,-3.14767,35.56933,Engamat,HYC,1,E-004,,WP,,8s,,,,,NA,,,while WA away,,n,,
1998-11-05,5:35,-3.14767,35.56933,Engamat,HYC,1,E-006,,WP,,6s,,,,,NA,,,while LE away with E-003 + E-080. This WP is a reply to a WP just before 600m E,,y,,
1998-11-05,5:35,500m E of Engamat,,p,HYC,1,,,WP,,9a,,,,,NA,,,reply,,n,,
1998-11-05,6:15,300m S of Engamat,,p,HYC,1,,,WP,,4s,,,,,NA,,,?,,n,,
1998-11-05,20:29,200m N of Engamat,,p,HYC,1,,,WP,,"9s, 2t",,,,,NA,,,?,,n,,
1998-11-05,20:32,600m W of Engamat,,p,HYC,1,,,WP,,"3s, 6a",,,,,NA,,,?,,y,,
1998-11-05,20:33,700m SW of Engamat,,p,HYC,1,,,WP,,unknown,,,no,,NA,,,reply,,n,,
1998-11-05,22:11,-3.14767,35.56933,Engamat,HYC,1,A-057,,WP,,"6s, 1a",,,,,NA,,,while SF around in den area,,y,,
1998-11-05,22:11,-3.14767,35.56933,Engamat,HYC,1,E-041,,WP,,"6s, 1t",,,,,NA,,,reply (L 35m S of DH),,n,,
1998-11-05,22:20,500m SW of Engamat,,p,HYC,1,,,WP,,"1a, 9s, 2a, 1t",,,,,NA,,,?,,y,reply far away,
1998-11-05,23:16,-3.14767,35.56933,Engamat,HYC,1,,E-041 or E-006,WP,,"1a, 5s",,,,,NA,,,while L,,n,,
1998-11-05,23:24,-3.14767,35.56933,Engamat,HYC,1,E-041,,WP,,"1a, 7s, 1t",,,,,NA,,,while L,,n,,
1998-11-06,1:17,500m SW of Engamat,,p,HYC,1,,,WP,,"1a, 6s, 1t",,,,,NA,,,?,,n,,
1998-11-06,1:36,-3.14767,35.56933,Engamat,HYC,1,E-004,,WP,,8s,,,,,NA,,,while L,,y,,
1998-11-06,1:36,400m W of Engamat,,p,HYC,1,,,WP,,"7s, 1t",,,,,NA,,,reply,,n,,
1998-11-06,1:50,300m E of Engamat,,p,HYC,1,,,WP,,"9s, 1t",,,,,NA,,,?,,n,,
1998-11-06,2:30,400m SW of Engamat,,p,HYC,1,,,WP,,"1a, 7s, 1a, 2t",,,,,NA,,,?,,n,,
1998-11-06,3:00,300m W of Engamat,,p,HYC,1,,,WP,,"1a, 6s, 2t",,,,,NA,,,as a reply to a WP further away,,n,,
1998-11-06,3:30,-3.14767,35.56933,Engamat,HYC,1,E-006,,WP,,"1a, 6s",,,,,NA,,,while L,,y,,
1998-11-06,3:30,300m S of Engamat,,p,HYC,1,,,WP,,"5s, 1t, 1a, 1s",,,,,NA,,,reply,,n,,
1998-11-06,4:30,-3.14767,35.56933,Engamat,HYC,1,E-006,,WP,,"8s, 1t",,,,,NA,,,while LE den area quickly,,n,,
1998-11-06,4:33,200m SE of Engamat,,p,HYC,1,,,WP,,"1a, 5s, 1t",,,,,NA,,,?,,n,,
1998-11-06,5:35,-3.14767,35.56933,Engamat,HYC,1,E-006,,WP,,8s,,,,,NA,,,while WA around alone at DH,,n,"only E-085 - E-088 are in DH, no sad or ad around",
1998-11-06,6:32,-3.14767,35.56933,Engamat,HYC,1,E-006,,WP,,"1a, 5s",,,,,NA,,,while WA around alone at DH,,n,"only E-085 - E-088 are in DH, no sad or ad around",
1998-11-06,18:45,-3.14767,35.56933,Engamat,HYC,1,E-004,,WP,,"2a, 6s, 2a, 1t",,,,,NA,,,3min after AP den,,n,,
1998-11-07,7:03,800m SW of Engamat,,p,HYC,1,,,WP,,"8s, 2a",,,,,NA,,,?,,n,,
1998-11-08,7:12,-3.13267,35.58100,p,HYC,1,E-043,,WP,,"4a, 3s",,,,,NA,,,while AP EQ carcass,kill,n,"S-041 here, E-003, E-083, A-052, E-046, E-004 + E-006",
1998-11-11,18:00,-3.15300,35.53033,p,HYC,1,A-001,,WP,,unknown,,,no,,NA,,,"just after L-004, L-087, L-090 LE carcass in A terr after A-050 + A-051 AP them; A-084 AP after the WP",kill,n,,
1998-11-12,18:01,-3.17917,35.57083,Lake,HYC,1,L-040,,WP,,"1a, 8s, 2a",,,,,NA,,,while standing in den area,,n,during focal follow,
1998-12-06,18:40,-3.16900,35.55883,Locki,HYC,1,L-119,,WP,,8a,,,,,NA,,,after L-014 GN into DH where also L-119 is,,n,,
1998-12-09,18:47,-3.16900,35.55883,Locki,HYC,1,M-040,,WP,,"1b, 1a, 3s, 3a, 2t",,,,,NA,,,while L 70m from den,,n,,
1998-12-10,6:45,-3.18783,35.61933,p,HYC,1,N-007,,WP,,"4a, 1s, 1t, 1a",,,,,NA,,,after a LI adm took over their BU carcass and more and more Munges AP carcass; 15 Ngoitokitoks were around,BU carc,y,other WPs followed,
1998-12-10,6:45,200m from location above,,p,HYC,1,,,WP,,"10a, 1t",,,,,NA,,,after a LI adm took over their BU carcass and more and more Munges AP carcass; 15 Ngoitokitoks were around,BU carc,y,,
1998-12-10,7:10,-3.18733,35.61750,p,HYC,1,N-008,,WP,,9a,,,,,NA,,,,,,after WP,
1998-12-10,7:11,-3.18733,35.61750,p,HYC,1,N-087,,WP,,"1s, 2s, 1a, 1t",,,,,NA,,,,,,,
1998-12-14,18:42,-3.15850,35.60383,Mais,HYC,1,M-040,,WP,,"2a, 4s, 1a",,,,,NA,,,while WA in den area,,n,,
1998-12-15,6:42,-3.13600,35.63033,p,HYC,1,A-056,,WP,,"7s, 1a",,,,,NA,,,,,n,,
1998-12-22,6:20,-3.15850,35.60383,Mais,HYC,1,M-046,,WP,,"1b, 10a",,,,,NA,,,while LE den area,,n,,
1998-12-22,6:59,-3.16900,35.55883,Locki,HYC,1,,,WP,,"8a, 1t",,,,,NA,,,in periphery,,n,,
1999-04-06,6:58,-3.15883,35.62350,p,HYC,1,M-012,,WP,,6a,,,,,NA,,,"while M-012 and 6 HY are 100m from a LI adm that EA from that kill, looking towards the LI",kill,n,look towards the LI,
1999-04-17,6:35,-3.14850,35.64350,p,HYC,1,M-097,,WP,,4a,,,,,NA,,,"while together with N-042, M-088 + M-008",,,,
1999-04-17,6:49,-3.14850,35.64350,p,HYC,1,N-042,,WP,,"8a, 1t",,,,,NA,,,while WA,,,,
1999-04-19,8:03,-3.18850,35.63550,p,HYC,1,N-007,,WP,,"8a, 3t",,,,,NA,,,while AP with E-042 + N-044 a WI adm kill of a LI adf,kill,n,the LI adf re; 7 resp 10min later M-012 + M-008 AP,
1999-04-19,18:32,-3.17417,35.58750,p,HYC,1,L-106,,WP,,"2a, 2s",,,,,NA,,,"after 4 Engitatis AP a Lemala carcass; L-106, L-105 + L-114 are there",kill,n,"L-105, L-106 + L-114 RE",
1999-04-19,18:32,-3.17417,35.58750,p,HYC,1,L-105,,WP,,"simultaneous WP, mainly a",,,no,,NA,,,"after 4 Engitatis AP a Lemala carcass; L-106, L-105 + L-114 are there",kill,n,,
1999-04-19,18:32,-3.17417,35.58750,p,HYC,2,L-106,,WP,,"simultaneous WP, mainly a",,,no,,NA,,,"after 4 Engitatis AP a Lemala carcass; L-106, L-105 + L-114 are there",kill,n,,
1999-04-19,18:34,-3.17417,35.58750,p,HYC,1,L-105,,WP,,simultaneous WP,,,no,,NA,,,while LO TU towards E-003 + E-083 or E-084,kill,n,the intruders E-003 + E-083 or E-084 RE,
1999-04-19,18:34,-3.17417,35.58750,p,HYC,2,L-106,,WP,,simultaneous WP,,,no,,NA,,,while LO TU towards E-003 + E-083 or E-084,kill,n,the intruders E-003 + E-083 or E-084 RE,
1999-04-19,18:34,-3.17417,35.58750,p,HYC,1,L-114,,WP,,simultaneous WP,,,no,,NA,,,while surrounding the carcass from which E-001 + M-092 are EA,kill,n,,
1999-04-19,18:34,-3.17417,35.58750,p,HYC,2,L-105,,WP,,simultaneous WP,,,no,,NA,,,while surrounding the carcass from which E-001 + M-092 are EA,kill,n,,
1999-04-19,18:48,-3.17417,35.58750,p,HYC,1,L-119,,WP,,8a,,,,,NA,,,at carcass,kill,n,,
1999-04-19,18:49,-3.17417,35.58750,p,HYC,1,L-106,,WP,,8a,,,,,NA,,,after being BI by L-088,kill,n,,
1999-04-22,18:13,-3.17300,35.59350,p,HYC,1,L-088,,WP,,unknown,,,no,,NA,,,after she and L-106 saw 8 Engitatis in the L-terr,,n,1814 4 more Lemalas AP and CH away intruders together with L-088 + L-106,
1999-04-22,18:15,-3.16717,35.59083,p,HYC,1,L-088,,WP,,unknown,,,no,,NA,,,"L-088 WP several times while CH TU the intruders; 1815 only L-088, L-090, L-106 + L-102 are CH",intrusion,n,the E LO away,
1999-04-27,19:33,-3.15033,35.61800,Justine,HYC,1,M-040,,WP,,"2a, 2s, 4a, 1t",,,,,NA,,,3min after AP den,,n,,
1999-04-27,23:20,-3.15033,35.61800,Justine,HYC,1,,,WP,,"13a, 2t",,,,,NA,,,passes den in periphery,,n,,
1999-04-28,0:49,200m SW of Justine,,p,HYC,1,,,WP,,11a,,,,,NA,,,after LE den,,n,,
1999-04-28,2:34,100m W of Justine,,p,HYC,1,N-042,,WP,,"1s, 9a",,,,,NA,,,while LE den,,n,,
1999-04-28,3:22,-3.15033,35.61800,Justine,HYC,1,,M-082 or M-040,WP,,"1b, 4s, 2a, 2t",,,,,NA,,,"M-082 was not seen any more, maybe she WP while LE",,n,"M-040 stayed at den, not clear who WP",
1999-04-28,5:34,-3.15033,35.61800,Justine,HYC,1,M-040,,WP,,"2a, 4s, 2a, 1t",,,,,NA,,,at den,,n,,
1999-04-29,5:24,200m SW of Justine,,p,HYC,1,,,WP,,"1a, 6s, 2a, 1t",,,,,NA,,,?,,n,,
1999-04-29,6:12,400m S of Justine,,p,HYC,1,,,WP,,"1a, 3s, 3a, 1t",,,,,NA,,,?,,n,,
1999-04-29,6:27,-3.15033,35.61800,Justine,HYC,1,M-008,,WP,,"1a, 6s, 3a",,,,,NA,,,"after having interacted with M-007 + M-017, resp before LE",,n,,
1999-04-29,7:05,-3.15033,35.61800,Justine,HYC,1,,M-132 or M-133,WP,,6a,,,,,NA,,,"in DH, M-007 GU and goes into DH",,n,,
1999-04-29,18:59,-3.15033,35.61800,Justine,HYC,1,M-118,,WP,,"1b, 4s, 2a, 1t",,,,,NA,,,before LE den area,,n,,
1999-04-29,22:15,-3.15033,35.61800,Justine,HYC,1,M-008,,WP,GN,"1a, 5s, 1a","1a, 1s",none,"4s, 1a",au_19990429_2215_M,Tape_N05,00:00,ok,after LE den area,,n,with sounds from wildebeest,
1999-04-29,22:51,-3.15033,35.61800,Justine,HYC,1,,M-008?,WP,,"5s, 1t, 1a, 1s",,,,,NA,,,at den after SSF with M-097,,n,,
1999-04-30,2:04,-3.15033,35.61800,Justine,HYC,1,,,WP,,"2a, 1s, 1a, 1s, 1a",,,,,NA,,,?,,n,,
1999-04-30,2:26,-3.15033,35.61800,Justine,HYC,1,M-007,,WP,,"7a, 1t, 2a, 1t",,,,,NA,,,while M-132 + M-133 are fighting severely,,n,,
1999-04-30,2:55,200m N of Justine,,p,HYC,1,,M-046?,WP,,9s,,,,,NA,,,M-046 and M-040 left den area 0253,,y,,
1999-04-30,2:55,200m N of Justine,,p,HYC,1,M-040,,WP,,"2a, 4s, 2a",,,,,NA,,,M-046 and M-040 left den area 0253,,n,,
1999-04-30,3:39,200m SW of Justine,,p,HYC,1,,,WP,,12a,,,,,NA,,,could bea reply to WP from far away (700m S),,n,,
1999-04-30,4:11,-3.15033,35.61800,Justine,HYC,1,M-017,,WP,,"3a, 2s, 1a, 2s",,,,,NA,,,after M-100 + M-007 SV her and she GU,,n,,
1999-04-30,4:54,400m S of Justine,,p,HYC,1,,,WP,,"1a, 4s, 1a, 3s, 1t",,,,,NA,,,?,,n,,
1999-04-30,6:35,300m W of Justine,,p,HYC,1,,,WP,,"1b, 2s, 4a",,,,,NA,,,?,,n,,
1999-04-30,6:36,-3.15033,35.61800,Justine,HYC,1,,,WP,,"2a, 1s, 1a, 1s",,,,,NA,,,in DH,,n,"M-081 looks into DH, M-007 also (together with M-081)",
1999-04-30,6:39,-3.15033,35.61800,Justine,HYC,1,,,WP,,"4a, 2s, 3a",,,,,NA,,,in DH,,n,M-081 goes into DH,
1999-04-30,6:44,500m SW of Justine,,p,HYC,1,,,WP,,"4s, 2a",,,,,NA,,,?,,n,,
1999-04-30,22:19,200m W of Justine,,p,HYC,1,,,WP,,"1b, 6s, 3a",,,,,NA,,,?,,n,,
1999-05-01,0:06,100m W of Justine,,p,HYC,1,,,WP,,"8a, 1t",,,,,NA,,,?,,n,,
1999-05-01,1:45,-3.15033,35.61800,Justine,HYC,1,,,WP,,3a,,,,,NA,,,in DH,,n,M-007 goes into DH,
1999-05-01,2:39,200m W of Justine,,p,HYC,1,,,WP,,"2a, 2s, 2a",,,,,NA,,,?,,y,,
1999-05-01,2:39,700m SW of Justine,,p,HYC,1,,,WP,,"5s, 1a",,,,,NA,,,?,,n,,
1999-05-01,4:52,200m SW of Justine,,p,HYC,1,,,WP,,unknown,,,no,,NA,,,,,y?,,
1999-05-01,4:52,200m NW of Justine,,p,HYC,1,NA,,WP,,6a,2a,none,4a,au_19990501_0452_M,Tape_N05,01:07,poor,reply?,,n,,
1999-05-01,5:17,800m S of Justine,,p,HYC,1,,,WP,,"3s, 3a",,,,,NA,,,?,,n,,
1999-05-01,23:26,-3.15033,35.61800,Justine,HYC,1,,,WP,,3a,,,,,NA,,,"in DH, M-081 AP DH, M-007 (SU 2 cubs) GU, AP DH",,n,,
1999-05-01,23:53,800m N of Justine,,p,HYC,1,,,WP,,"3s, 2a",,,,,NA,,,?,,n,,
1999-05-01,23:56,800m N of Justine,,p,HYC,1,,,WP,,"3s, 1a",,,,,NA,,,?,,n,,
1999-05-02,0:46,-3.15033,35.61800,Justine,HYC,1,M-007,,WP,,"1a, 1s, 1a, 1s, 1a, ...",,,,,NA,,,while LE den,,y,,
1999-05-02,0:46,150m W of Justine,,p,HYC,1,,,WP,,unknown,,,no,,NA,,,joins M-007,,n,,
1999-05-02,1:31,500m SW of Justine,,p,HYC,1,,,WP,,7a,,,,,NA,,,?,,n,,
1999-05-02,1:42,2km NW of Justine,,p,HYC,1,,,WP,,"2a, 7s",,,,,NA,,,?,,n,,
1999-05-02,3:23,200m S of Justine,,p,HYC,1,N-045,,WP,,"1b, 2s, ...",,,,,NA,,,after LE den,,y,,
1999-05-02,3:23,200m S of Justine,,p,HYC,1,N-042,,WP,,unknown,,,no,,NA,,,joins N-045,,y?,"LE den with N-045, WP 1km S, reply?",
1999-05-02,4:09,-3.15033,35.61800,Justine,HYC,1,N-045,,WP,,"2a, 1s, 3t, (ot, 1t, +, GN)",,,,,NA,,,after LE den,,n,,
1999-05-02,4:12,200m S of Justine,,p,HYC,1,,X-007?,WP,,4s,,,,,NA,,,left with N-045 0408,,n,,
1999-05-02,4:14,-3.15033,35.61800,Justine,HYC,1,M-114,,WP,,6a,,,,,NA,,,after being BI by M-007,,n,,
1999-05-02,5:00,300m S of Justine,,p,HYC,1,,N-045 or X-007,WP,,"1a, 3s, 1t, 2s, 1t",,,,,NA,,,?,,y,WP comes from where N-045 + X-007 went 0408,
1999-05-02,5:00,300m S of Justine,,p,HYC,1,,N-045 or X-007,WP,,6s,,,,,NA,,,?,,n,WP comes from where N-045 + X-007 went 0408,
1999-05-02,5:23,300m S of Justine,,p,HYC,1,,N-045 or X-007,WP,,simultaneous WP,,,no,,NA,,,?,,n,M-040 start GN until 0528 when he and N-042 LO TU to WP,
1999-05-02,5:36,-3.15033,35.61800,Justine,HYC,1,M-040,,WP,,"8a, 1t",,,,,NA,,,while AP den,,n,,
1999-05-02,5:40,-3.15033,35.61800,Justine,HYC,1,,,WP,,7a,,,,,NA,,,?,,n,NR of others,
1999-05-14,17:37,-3.15567,35.61500,Miro,HYC,1,M-082,,WP,,"6a, 2t, 4a",,,,,NA,,,after M-007 was GN at her and her 2 cubs for 7min,,n,M-100 AP LO den,
1999-05-23,6:31,-3.15033,35.61800,Justine,HYC,1,M-040,,WP,,"10a, 1t",,,,,NA,,,,,n,,
1999-05-23,9:20,-3.15033,35.58233,Eros,HYC,1,E-040,,WP,,"5a, 3s, 1t",,,,,NA,,,while WA around in den area,,n,,
1999-05-27,18:34,-3.14117,35.62483,Kunja birth,HYC,1,M-040,,WP,,"9a, 1t",,,,,NA,,,while L 50m from DH,,n,,
1999-05-27,18:59,400m N of Kunja birth,,p,HYC,1,,,WP,,15a,,,,,NA,,,from direction where 7 Munges LO to,,y,,
1999-05-27,19:00,2km N of Kunja birth,,p,HYC,1,,,WP,,"1a, 4s",,,,,NA,,,,,n,,
1999-05-27,19:34,-3.14117,35.62483,Kunja birth,HYC,1,M-126,,WP,,4s,,,,,NA,,,after being SN by M-007 (EA),,n,,
1999-05-27,19:42,-3.14117,35.62483,Kunja birth,HYC,1,M-126,,WP,,"4s, 1a",,,,,NA,,,after being CH by M-007 (EA),,n,,
1999-05-27,19:54,1km N of Kunja birth,,p,HYC,1,,,WP,,"1a, 1s, 4a",,,,,NA,,,?,,n,,
1999-05-27,20:02,-3.14117,35.62483,Kunja birth,HYC,1,M-125,,WP,,"1a, 4s, 2a",,,,,NA,,,?,,n,,
1999-05-27,20:08,-3.14117,35.62483,Kunja birth,HYC,1,M-125,,WP,,"3a, 3s",,,,,NA,,,after GN M-009,,n,,
1999-05-27,20:22,-3.14117,35.62483,Kunja birth,HYC,1,,M-125 or M-126,WP,,"1a, 4s, 1a, 1t",,,,,NA,,,after M-007 SN at him,,n,,
1999-05-27,20:28,-3.14117,35.62483,Kunja birth,HYC,1,M-117,,WP,,"2a, 4s, 1a",,,,,NA,,,after arriving at den 2027,,n,,
1999-05-27,21:24,-3.14117,35.62483,Kunja birth,HYC,1,M-088,,WP,,"1b, 2a, 2s, 1t",,,,,NA,,,after GT M-007 + M-100,,n,,
1999-05-28,0:02,-3.14117,35.62483,Kunja birth,HYC,1,M-046,,WP,,"14a, 1t",,,,,NA,,,?,,n,,
1999-05-28,5:20,1km NW of Kunja birth,,p,HYC,1,,,WP,,"6s, 4a",,,,,NA,,,?,,y,,
1999-05-28,5:20,1km SW of Kunja birth,,p,HYC,1,,,WP,,3a,,,,,NA,,,joins previous WP,,n,,
1999-05-28,18:23,-3.14117,35.62483,Kunja birth,HYC,1,,black,WP,,"1a, 4s, 1a",,,,,NA,,,in DH,,n,,
1999-05-28,18:34,-3.14117,35.62483,Kunja birth,HYC,1,,black,WP,,"3a, 1t, 6s",,,,,NA,,,in DH,,y,"M-100 AP, looks into DH",
1999-05-28,18:34,-3.14117,35.62483,Kunja birth,HYC,1,,black,WP,,"1a, 4s",,,,,NA,,,in DH,,n,"M-100 AP, looks into DH",
1999-05-28,19:08,-3.14117,35.62483,Kunja birth,HYC,1,,black,WP,,"7s, 7a",,,,,NA,,,in DH,,n,NR of others,
1999-05-28,19:49,-3.14117,35.62483,Kunja birth,HYC,1,,black,WP,,"1a, 4s, 1a",,,,,NA,,,in DH,,y,NR of others,
1999-05-28,19:50,-3.14117,35.62483,Kunja birth,HYC,1,,black,WP,,"13a, 1t",,,,,NA,,,in DH,,n,NR of others,
1999-05-28,23:15,1.5km W of Kunja birth,,p,HYC,1,,,WP,,8a,,,,,NA,,,?,,y,,
1999-05-28,23:16,1km SW of Kunja birth,,p,HYC,1,,,WP,,"14a, 1t",,,,,NA,,,?,,n,,
1999-05-28,23:35,-3.14117,35.62483,Kunja birth,HYC,1,N-042,,WP,,"10a, 1t",,,,,NA,,,only with cubs at den,,n,,
1999-05-29,3:27,-3.14117,35.62483,Kunja birth,HYC,1,M-129,,WP,,"1a, 1s, 3a",,,,,NA,,,after M-091 came to den with food (leg),,n,"3min later M-007, M-082, M-100 ap den. Before M-129, M-125 + M-126 WP but this is not recorded as we did not follow the sequence",
1999-05-29,5:28,500m SE of Kunja birth,,p,HYC,1,,,WP,,15a,,,,,NA,,,?,,n,,
1999-05-29,18:56,-3.14117,35.62483,Kunja birth,HYC,1,,black,WP,,17a,,,,,NA,,,in DH,,n,,
1999-05-29,20:02,700m W of Kunja birth,,p,HYC,1,,,WP,,"5a, 2s, 1a, 1t",,,,,NA,,,?,,y,,
1999-05-29,20:03,700m W of Kunja birth,,p,HYC,1,,,WP,,"13a, 1t",,,,,NA,,,?,,n,,
1999-05-29,20:12,-3.14117,35.62483,Kunja birth,HYC,1,M-125,,WP,,"1a, 5s",,,,,NA,,,?,,n,,
1999-05-29,20:55,600m W of Kunja birth,,p,HYC,1,,,WP,,"2a, 5s, 1a, 1s",,,,,NA,,,?,,n,,
1999-05-29,21:21,600m W of Kunja birth,,p,HYC,1,,,WP,,5a,,,,,NA,,,?,,n,,
1999-05-29,22:25,-3.14117,35.62483,Kunja birth,HYC,1,,,WP,,simultaneous WP,,,no,,NA,,,?,,n,,
1999-05-29,22:29,-3.14117,35.62483,Kunja birth,HYC,1,N-042,,WP,,7a,,,,,NA,,,?,,n,,
1999-05-30,0:03,1km W of Kunja birth,,p,HYC,1,,,WP,,"1a, 6s, 2a",,,,,NA,,,?,,n,,
1999-05-30,0:37,-3.14117,35.62483,Kunja birth,HYC,1,M-008,,WP,GN,"2a, 3s, 1a","2a, 2s",none,"1s, 1a",au_19990530_0037_M,Tape_N05,01:53,poor,"at den, 2min after arriving",,y?,,
1999-05-30,0:40,-3.14117,35.62483,Kunja birth,HYC,1,M-007,,WP,,"4s, 5a",3s,none,"1s, 5a",au_19990530_0040_M,Tape_N05,02:09,good,reply?,,n,,
1999-05-30,1:33,-3.14117,35.62483,Kunja birth,HYC,1,M-007,,WP,,"2a, 1s, 4a, 1t",,,,,NA,,,?,,y,,
1999-05-30,1:33,-3.14117,35.62483,Kunja birth,HYC,1,M-008,,WP,,7s,,,,,NA,,,reply?,,n,,
1999-05-30,5:31,600m NW of Kunja birth,,p,HYC,1,,,WP,,11a,,,,,NA,,,?,,n,,
1999-05-30,5:57,-3.14117,35.62483,Kunja birth,HYC,1,M-088,,WP,,"1a, 4t, 1a","1a, 3t",none,"1t, 1a",au_19990530_0557_M,Tape_N05,02:43,ok,reply far away,,y,,
1999-05-30,23:16,-3.14117,35.62483,Kunja birth,HYC,1,,black,WP,,8a,,,,,NA,,,in DH,,n,M-007 GU and AP DH,
1999-05-30,23:16,700m NW of Kunja birth,,p,HYC,1,,,WP,,8a,,,,,NA,,,?,,n,,
1999-05-30,23:33,600m NW of Kunja birth,,p,HYC,1,,N-042?,WP,,"8a, 2t, 1a",,,,,NA,,,N-042 LE den 2327,,n,,
1999-05-31,5:28,2km S of Kunja birth,,p,HYC,1,,,WP,,"1a, 4s, 1t",,,,,NA,,,?,,n,,
1999-05-31,5:50,1km E of Kunja birth,,p,HYC,1,,,WP,,11a,,,,,NA,,,?,,y,,
1999-05-31,5:50,700m S of Kunja birth,,p,HYC,1,,,WP,,"5s, 3a",,,,,NA,,,?,,n,,
1999-05-31,5:54,-3.14117,35.62483,Kunja birth,HYC,1,,black,WP,,10a,,,,,NA,,,in DH,,y,,
1999-05-31,5:55,-3.14117,35.62483,Kunja birth,HYC,1,,black,WP,,14a,,,,,NA,,,in DH,,n,,
1999-05-31,18:58,-3.14117,35.62483,Kunja birth,HYC,1,,black,WP,,10a,,,,,NA,,,in DH,,y,,
1999-05-31,18:58,-3.14117,35.62483,Kunja birth,HYC,1,,black,WP,,"11a, 1s, 3a or more",,,,,NA,,,"in DH, there were several simultaneous WPs of black cubs in DH",,y,,
1999-05-31,19:00,-3.14117,35.62483,Kunja birth,HYC,1,M-040,,WP,,"1b, 8a, 1t","1b, 3a",none,"5a, 1t",au_19990531_1900_M,Tape_N05,04:16,good,L 10m from DH,,n,,
1999-05-31,19:23,-3.14117,35.62483,Kunja birth,HYC,1,,black,WP,,9a,,,,,NA,,,in DH,,n,,
1999-05-31,19:40,-3.14117,35.62483,Kunja birth,HYC,1,,black,WP,,10a,,,,,NA,,,in DH,,n,,
1999-06-01,2:20,-3.14117,35.62483,Kunja birth,HYC,1,M-125,,WP,,10a,,,,,NA,,,after GT M-009,,n,,
1999-06-04,7:13,-3.18017,35.58583,Lemur,HYC,1,L-042,,WP,,"4a, 5s, 4a, 1t",,,,,NA,,,at den,,n,,
1999-12-05,18:39,-3.14700,35.57450,Empakai,HYC,1,E-040,,WP,,"5a, 6s, 1t",,,,,NA,,,"after being CH by E-001 + E-004, LE den area",,n,,
1999-12-06,6:43,-3.14917,35.58317,p,HYC,1,M-087,,WP,,"1a, 4s, 1a, 1s, 1a",,,,,NA,,,reply to WP from Lemalas?,,n,,
1999-12-15,17:26,-3.17833,35.55400,p,HYC,1,L-040,,WP,,"6s, 2a",,,,,NA,,,while WA,,n,,
2000-01-08,18:22,-3.18950,35.59867,Lome 4,HYC,1,L-042,,WP,,"1a, 5s, 2a, 1t",,,,,NA,,,while LE den area,,n,,
2000-01-09,17:44,-3.18950,35.59867,Lome 4,HYC,1,L-042,,WP,,"5s, 7a, 1t",,,,,NA,,,while AP den area,,n,it is raining,
2000-01-10,7:47,-3.15850,35.60383,Mais,HYC,1,M-140,,WP,,"1b, 11a",,,,,NA,,,after M-115 AP DH where M-140 was in,,n,,
2000-01-12,8:56,-3.17450,35.55067,p,HYC,1,A-054,,WP,,"10a, 1t",,,,,NA,,,after CH A-040 together with A-084 and having made SSF with A-084,,n,,
2000-02-05,6:35,-3.16283,35.60350,Maielo,HYC,1,L-040,,WP,,"1a, 1s, 2a, 2t",,,,,NA,,,while L and looking at A-056 who AP,,n,,
2000-02-05,6:50,200m of Maielo,,p,HYC,1,A-056,,WP,,"1a, 6s, 3a",,,,,NA,,,while WA away from den,,y,,
2000-02-05,6:50,1km S of Maielo,,p,HYC,1,,,WP,,12a,,,,,NA,,,reply to previous WP?,,n,,
2000-02-05,7:00,-3.16283,35.60350,Maielo,HYC,1,A-087,,WP,,"1a, 4s, 2a",,,,,NA,,,while LE den area,,n,,
2000-02-05,17:57,-3.15783,35.49350,Alibara,HYC,1,A-013,,WP,,"3a, 1s, 2a",,,,,NA,,,after cub R into DH bec A-050 AP,,n,,
2000-02-08,6:59,-3.18267,35.50217,p,HYC,1,S-042,,WP,,5s,,,,,NA,,,when L-084 AP him,,y?,,
2000-02-08,7:00,600m from previous location,,p,HYC,1,,,WP,,"5s, 1a, 1s, 1a",,,,,NA,,,reply?,,n,,
2000-02-24,18:55,-3.18783,35.58417,Long grass,HYC,1,L-040,,WP,,"1b, 1a, 8s, 2a",,,,,NA,,,while WA in den area,,n,after WP he takes an EQ leg L-127 was CW from,
2000-02-26,10:14,-3.23617,35.53333,p,HYC,1,L-044,,WP,,"5a, 1t",,,,,NA,,,wihle L in mud; L-045 AP L-044 after WP,,n,,
2000-02-28,7:03 - 7:30,-3.14083,35.49883,p,HYC,1,,many,WP,,simultaneous WP,,,no,,NA,,,"while surrounding a LI adf that was L in LG, 20 Airstrips around",,n,,
2000-03-03,18:20,400m N of Arena,,p,HYC,1,A-050,,WP,,"1b, 17a, 1t",,,,,NA,,,while RE next to A-040 who CW on WI H + BB,,n,A-102 also around,
2000-09-03,7:57,-3.15967,35.59883,Mape,HYC,1,M-040,,WP,,"5a, 1t, 2a",,,,,NA,,,was l at den together with m-007 + 8 cubs,,n,,
2000-09-03,8:17,-3.15967,35.59883,Mape,HYC,1,M-040,,WP,,"4a, 1t",,,,,NA,,,"after ap p tu m-046, m-052, n-042",,n,,
2000-09-03,8:22,-3.15967,35.59883,Mape,HYC,1,M-040,,WP,,"2a, 1t, 2a, 1t, 1a, 1t",,,,,NA,,,together with m-007 and 8 cubs,,n,,
2000-09-03,8:30,-3.15967,35.59883,Mape,HYC,1,M-040,,WP,,6a,,,,,NA,,,together with m-007 and 8 cubs,,n,,
2000-09-08,17:30,-3.16900,35.55883,Locki,HYC,1,L-042,,WP,,"1a, 4s, 1a, 1s, 2a, 2t",,,,,NA,,,while le den,,n,,
2000-09-09,7:01,-3.17167,35.57333,luchs,HYC,1,X-014,,WP,,"1a, 2s, 3a, 2t",,,,,NA,,,while le den area,,y ?,reply 3 min after this call,
2000-09-09,7:04,,,p,HYC,1,,,WP,,"6s, 1a, 1t",,,,,NA,,,3 min after whoop by x-014,,n,,
2000-09-17,6:33,,,,HYC,1,,M-081 or M-017,WP,,alarm,,,,,NA,,,"A-056 ap den, both adf look around, cubs r into dh",,,,
2000-09-21,9:13,-3.15733,35.60733,Masala,HYC,1,M-040,,WP,,"6a, 1s, 2a, 2t",,,,,NA,,,"a lot of animals around, also a lot af adm, M-040 shadowing M-006",,n,,
2000-09-22,17:54,-3.15733,35.60733,Masala,HYC,1,M-148,,WP,,6a,,,,,NA,,,m-017 ap den,,n,,
2000-10-10,8:45,-3.16900,35.55883,Locki,HYC,1,L-133,,WP,,"1a, 5s, 1a",,,,,NA,,,after being displaced by l-008,,n,,
2000-10-21,18:12,-3.16900,35.55883,Locki,HYC,1,L-040,,WP,,"1a, 7s, 2a",,,,,NA,,,,,n,,
2000-10-24,18:03,-3.14033,35.49733,arena,HYC,1,A-051,,WP,,"1s, 11a",,,,,NA,,,after ap a-016 (su) and being ch 3m by a-016,,n,,
2000-10-24,18:14,-3.14033,35.49733,arena,HYC,1,A-050,,WP,,"1s, 10s",,,,,NA,,,after ap a-001 (su) and being ap by a-127,,n,,
2000-10-25,18:20,-3.14033,35.49733,arena,HYC,1,M-041,,WP,,"1s, 5a, 1t",,,,,NA,,,while le den area,,n,,
2000-10-25,18:36,-3.14033,35.49733,arena,HYC,1,M-051,,WP,,"2a, 4s, 3a",,,,,NA,,,shortly before le den area,,n,,
2000-10-25,18:42,-3.14033,35.49733,arena,HYC,1,A-051,,WP,,"8a, 1t",,,,,NA,,,while le den area,,y,,
2000-10-25,18:42,500m se of arena den,,p,HYC,1,,,WP,,6a,,,,,NA,,,reply,,n,may be m-041 or m-051,
2000-10-25,18:47,400m s of arena den,,p,HYC,1,,,WP,,"2a, 4s, 8a, 1t",,,,,NA,,,reply ?,,n,,
2000-10-29,18:35,-3.16900,35.55883,locki,HYC,1,L-088,,WP,,"1a, 2s, 5a, 1t, 2a, 1t",,,,,NA,,,while l in den area,,n,,
2000-10-30,17:37,-3.14033,35.49733,arena,HYC,1,A-050,,WP,,"10a, 1t",,,,,NA,,,"while le den area, after sf a-009 + m-053",,y ?,,
2000-10-30,17:39,1km from arena den,,p,HYC,1,,,WP,,11a,,,,,NA,,,"while standing, reply ?",,n,,
2000-10-31,18:27,-3.16900,35.55883,locki,HYC,1,L-088,,WP,,"2a, 2s, 5a, 1t",,,,,NA,,,while l,,n,,
2000-11-10,8:00,-3.16900,35.55883,Locki,HYC,1,A-046,,WP,,"1a, 6s, 2a, 1t",,,,,NA,,,while le den area,,n,during focal follow of a-054,
2000-11-10,8:44,-3.16900,35.55883,locki,HYC,1,L-143,,WP,,"3a, 3s",,,,,NA,,,while s at dh,,n,"l-084 (l 60m away) gu, wa to l-143, lk body",
2000-11-12,7:53,,,p,HYC,1,A-054,,WP,,"13a, 1t",,,,,NA,,,"3 Shambas (intruding) are feeding on OS eggs, A-054 50m away, prob tries to recruit other Lemalas, but nobody comes","kill, at ostrich nest, intrusion",n,,
2000-11-12,7:54,,,p,HYC,1,A-054,,WP,,14a,,,,,NA,,,"3 Shambas (intruding) are feeding on OS eggs, A-054 50m away, prob tries to recruit other Lemalas, but nobody comes","kill, at ostrich nest, intrusion",n,,
2000-11-13,6:54,,,p,HYC,1,S-090,,WP,,5s,,,,,NA,,,"while wa around, when meeting s-082 + s-085 (who were together with it at carc before)",,n,A-019 comes lo after this wp,
2000-11-22,11:19,-3.16900,35.55883,locki,HYC,1,L-042,,WP,,"1b, 1a, 5s, 1a, 1s, 1a, 1s, 1t",,,,,NA,,,after arriving at den,,n,l-013 gu and ap den when he wp,
2000-11-27,8:05,,,p,HYC,1,A-018,,WP,,"5s, 1a, 1s, 1a",,,,,NA,,,"while ap lioness, lioness gu and sg, most other shambas around",around 3 adf lions,n,,
2000-12-09,6:41,-3.20683,35.57150,sari,HYC,1,T-040,,WP,,"1b, 3a, 6s, 1a, 1t",,,,,NA,,,"after wp from l-terr, while wa out of den area p with s-040",,n,,
2001-07-12,7:48,-3.15383,35.61367,mist,HYC,1,A-087,,WP,,"2a, 3s, 2a",,,,,NA,,,while le den area,,y ?,,
2001-07-12,7:49,-3.15383,35.61367,mist,HYC,1,L-163,,WP,,"1a, 2s, 3a",,,,,NA,,,after a-087 wp and le den area,,n,,
2001-07-15,8:45,,,p,HYC,1,L-015,,WP,,"1a, 12s, 1t",,,,,NA,,,"during boudary encoutner, l-015 + l-130 ap scene, 6 Airstrip not far from 8 other Lemalas, they chase TU the Airstrip for about 200m towards rim",in a-terr,n,,
2001-07-15,8:45,,,p,HYC,1,L-130,,WP,,about 5s,,,,,NA,,,starts wp after fourth wp of l-015,,n,,
2001-07-21,8:02,,,p,HYC,1,S-042,,WP,,unknown,,,no,,NA,,,"after le kill, before airstrips ap","kill, in a-terr",together with f-043,,
2001-07-21,8:02,,,p,HYC,1,F-043,,WP,,unknown,,,no,,NA,,,"after le kill, before airstrips ap","kill, in a-terr",together with s-042,,
2001-07-22,18:42,-3.15383,35.61367,mist,HYC,1,A-093,,WP,,"1a, 5s, 1a",,,,,NA,,,while le den area,,n,,
2001-07-23,6:48,close to mist,,p,HYC,1,M-008,,WP,,"1a, 6s, 2a, 1t",,,,,NA,,,after le den area,,y,,
2001-07-23,6:48,close to mist,,p,HYC,1,N-042,,WP,,"12a, 1t",,,,,NA,,,after le den area,,n,,
2001-07-26,11:00,close to border of a-terr,,p,HYC,1,L-004,,WP,,"11a, 1t",,,,,NA,,,wa around with her two cubs,,n,,
2001-07-26,11:15,close to border of a-terr,,p,HYC,1,X-014,,WP,,7a,,,,,NA,,,"after having met l-004, l-040 + a-054",,n,,
2001-07-31,7:49,,,p,HYC,1,L-095,,WP,,"1a, 4s, 2a",,,,,NA,,,"at WI kill with many immigrants, while ap carcass",kill,n,,
2001-08-01,7:03,,,p,HYC,1,M-092,,WP,,"2s, 5a, 1t",,,,,NA,,,"while lo in direction of munge territory, Munges were struggling with lions over a kill",,n,,
2001-08-03,8:00,,,p,HYC,1,L-095,,WP,,"1a, 4s, 1a, 1t",,,,,NA,,,while wa away from kill,kill,y,,
2001-08-03,8:00,,,p,HYC,1,,,WP,,"4s, 3t",,,,,NA,,,reply to l-095,kill,n,,
2001-08-07,18:27,200m S of mist den,,p,HYC,1,,,WP,,"14a, 1t",,,,,NA,,,,,n,,
2001-08-08,18:30,-3.16900,35.55883,locki,HYC,1,L-101,,AC,,alarm,,,no,,NA,,,"l-101 tries to SU l-146 + l-147, but is harassed a lot by l-160 + l-161",,,,
2001-08-14,8:18,,,p,HYC,1,A-085,,AC,,alarm,,,no,,NA,,,"we ap, A-085 makes several ac, he and other males re from carc",kill,,,
2001-08-16,6:57,-3.21800,35.57400,p,HYC,1,,,WP,,"4s, 3a",,,,,NA,,,while wa around with other cubs,,y ?,,
2001-08-16,6:57,-3.21800,35.57400,p,HYC,1,N-082,,WP,,13a,,,,,NA,,,while wa around in territory,,n,,
2001-08-20,07:06,-3.15050,35.52083,agame,HYC,1,A-011,,WP,,"4a, 1t",,,,,NA,,,"while l, a-048 gt him",,n,,
2001-08-20,18:58,-3.16900,35.55883,locki,HYC,1,L-040,,WP,,"7s, 1a, 1t",,,,,NA,,,after having ap and sf l-096,,n,,
2001-08-21,8:40,,,p,HYC,1,E-044,,WP,,8a,,,,,NA,,,"after arriving at kill, recruiting","at LI kill with MG-017, MG-018, MG-019, MG-020",n,,
2001-08-21,8:41,,,p,HYC,1,M-007,,WP,,6a,,,,,NA,,,"after arriving at kill, recruiting","at LI kill with MG-017, MG-018, MG-019, MG-020",n,,
2001-08-21,9:08,,,p,HYC,1,M-139,,WP,,"2a, 4s",,,,,NA,,,Munges took kill over from Ngoitokitoks at 9:02,"at LI kill with MG-017, MG-018, MG-019, MG-020",y,more wp from Ngoitokitoks,
2001-09-01,7:20,,,p,HYC,1,M-051,,WP,,"2a, 4s, 3a, 1t",,,,,NA,,,after baiting a-080 with 3 other males,,n,,
2001-09-02,18:43,-3.16900,35.55883,locki,HYC,1,L-040,,WP,,"9s, 1a",,,,,NA,,,before leaving den area,,y ?,,
2001-09-02,18:43,-3.16900,35.55883,locki,HYC,1,,,WP,,"6s, and, more",,,,,NA,,,reply to wp of L-040?,,n,,
2001-09-09,18:55,-3.16900,35.55883,locki,HYC,1,L-138,,WP,,"1a, 4s, 1a, 1t",,,,,NA,,,"while at den, herd of 9 bu passing den",,y,,
2001-09-09,18:55,-3.16900,35.55883,locki,HYC,1,,,WP,,"1a, 4s",,,,,NA,,,reply,,y,,
2001-09-09,18:55,-3.16900,35.55883,locki,HYC,1,,,WP,,"1a, 2s, 4a, 1t",,,,,NA,,,reply,,y,,
2001-09-09,18:56,-3.16900,35.55883,locki,HYC,1,,,WP,,unknown,,,no,,NA,,,reply,,y,,
2001-09-09,18:59,-3.16900,35.55883,locki,HYC,1,,,WP,,"1s, 8s, 2a",,,,,NA,,,,,n,,
2001-09-12,9:58,-3.16283,35.57017,p,HYC,1,E-089,,WP,,"1a, 1s, 2a, 3s, 4a",,,,,NA,,,"boundary clash with lemalas, while ap to kill together with e-090",kill,two other hy wp also,,
2001-09-16,8:16,just outside eagle den,,p,HYC,1,M-087,,WP,,"1a, 2s, 3a",,,,,NA,,,just after le den area,,n,during focal follow,
2001-09-18,18:33,,,p,HYC,1,M-053,,WP,,"5s, 2a",,,,,NA,,,"after having lost a-080 (who he was shadowing), while r through territory searching for s-080",,n,,
2001-09-19,6:40,-3.21483,35.56983,p,HYC,1,N-088,,WP,,"4s, 1a, 1t",,,,,NA,,,while wa around in s-terr,,n,,
2001-09-19,7:05,-3.22400,35.57383,p,HYC,1,N-093,,WP,,unknown,,,no,,NA,,,while wa around in s-terr,,y ?,,
2001-09-19,7:06,-3.22400,35.57383,p,HYC,1,N-088,,WP,,unknown,,,no,,NA,,,"while wa around in s-terr, joins wp by n-093",,n,,
2001-09-23,9:19,,,p,HYC,1,X-006,,AC,,alarm,,,no,,NA,,,"after being sn by L-131 at kill with L-131 + A-046, L-131 + A-046 do not seem to be concerned",kill,,,
2001-10-01,7:56,-3.20500,35.52133,p,HYC,1,L-083,,WP,,"1a, 3s, 4a",,,,,NA,,,"while wa around in terr, prob coming from kill",kill,n,,
2001-10-12,18:41,-3.16900,35.55883,locki,HYC,1,L-160,,WP,,"1a, 9s, 3a, 2s, 1t",,,,,NA,,,after arriving at den and before le den,,n,there were other wp prob by adf lemalas before,
2001-10-13,6:54,-3.20300,35.58283,p,HYC,1,N-093,,WP,,6a,,,,,NA,,,while l 100m from kill with other shambas,kill,n,,
2001-10-13,18:54,-3.15733,35.60733,masala,HYC,1,A-087,,WP,,"1a, 3s, 5a, 1t",,,,,NA,,,"a few minutes after arriving at den and being ch by m-007 + m-152, before le den area",,n,,
2001-10-17,6:51,-3.19033,35.62300,p,HYC,1,N-089,,WP,,6a,some,,,,NA,,,"m-007 + a-093 made wi kill, n-089 recruiting",kill,n,,
2001-10-17,6:54,-3.19033,35.62300,p,HYC,1,N-089,,WP,,"1a, 1s, 1a, 4s, 2t",,,,,NA,,,"m-007 + a-093 made wi kill, n-089 recruiting",kill,n,,
2001-10-17,6:55,-3.19033,35.62300,p,HYC,1,N-089,,WP,,"2a, 1s, 1a, 2t",,,,,NA,,,"m-007 + a-093 made wi kill, n-089 recruiting",kill,n,,
2001-10-17,7:01,-3.19033,35.62300,p,HYC,1,N-089,,WP,,"1a, 1s, 2t, 1s",,,,,NA,,,"m-007 + a-093 made wi kill, n-089 recruiting",kill,n,,
2001-10-17,7:03,-3.19033,35.62300,p,HYC,1,N-097,,WP,,7a,,,,,NA,,,while ap n-089 and m-007 + a-093 at kill,kill,n,,
2001-10-17,7:09,-3.17633,35.63283,p,HYC,1,,,WP,,unknown,,,no,,NA,,,munges prob recruiting others to drive off MG-017 and her sad from their kill,kill,y ?,,
2001-10-17,7:10,-3.17633,35.63283,p,HYC,1,,,WP,,unknown,,,no,,NA,,,munges prob recruiting others to drive off MG-017 and her sad from their kill,kill,y ?,,
2001-10-17,7:20,-3.19033,35.62300,p,HYC,1,N-097,,WP,,"8a, 1t",,,,,NA,,,at kill,kill,n,,
2001-10-17,7:22,-3.17633,35.63283,p,HYC,1,,,WP,,unknown,,,no,,NA,,,munges prob recruiting others to drive off MG-017 and her sad from their kill,kill,y ?,,
2001-10-17,7:24,-3.19033,35.62300,p,HYC,1,E-044,,WP,,"7a, 1t",,,,,NA,,,after having ea from kill,kill,n,,
2001-10-17,9:19,-3.19400,35.62050,p,HYC,1,N-005,,WP,,"5a, 1t",,,,,NA,,,after m-143 passes her eflat td and takes carcass remains,carc,n,,
2001-10-26,18:22,just outside Loft den,,p,HYC,1,L-088,,WP,,9a,,,,,NA,,,after leaving den area,,n,,
2001-10-29,8:50,-3.17100,35.53417,p,HYC,1,A-106,,WP,,"3s, 1t",,,,,NA,,,"during encounter with lemalas, recruiting ?",,n,,
2001-10-31,6:58,-3.20717,35.55083,p,HYC,1,S-040,,WP,,"7a, 1t",,,,,NA,,,while ap kill of s-084 + a-085,kill,n,,
2001-10-31,7:09,-3.20717,35.55083,p,HYC,1,S-099,,WP,,"4a, 2s, 3a",,,,,NA,,,while ap kill of s-084 + a-085,kill,n,,
2001-10-31,7:35,-3.20717,35.55083,p,HYC,1,S-099,,WP,,"1a, 5s, 2a, 1t",,,,,NA,,,while le kill,kill,n,,
2001-10-31,8:22,-3.20717,35.55083,p,HYC,1,S-084,,WP,,"3a, 1s, 6a, 1t",,,,,NA,,,after s-083 ch bk tu s-084,kill,n,,
2001-10-31,9:09,-3.20717,35.55083,p,HYC,1,S-094,,WP,,"11a, 1t",,,,,NA,,,while ap kill again,kill,y,,
2001-10-31,9:09,-3.20717,35.55083,p,HYC,1,S-040,,WP,,"10a, 1t",,,,,NA,,,reply,kill,n,,
2001-11-02,10:01,-3.16833,35.60500,p,HYC,1,M-100,,WP,,12a,,,,,NA,,,after ap carc and being submissive to m-006 + m-145,kill,n,,
2001-11-22,18:42,-3.14450,35.57483,E-001 birth,HYC,1,E-001,,WP,,"1s, 4a",,,,,NA,,,"after su, after interacting with other females",,n,,
2001-11-26,11:53,-3.12533,35.55800,p,HYC,1,L-133,,WP,,"1b, 8s, 1t",,,,,NA,,,"after L-095 and other A AP L-133 and other L, L-133 + L-132 AP A and A RE",kill,n,,
2002-04-01,07:36,-3.17450,35.59533,mandi,HYC,1,A-054,,WP,,"1s, 5a",,,,,NA,,,reply to wp by cub,,y,,
2002-04-01,07:36,400m from mandi,,p,HYC,1,,,WP,,about 10a,,,,,NA,,,,,n,,
2002-04-07,07:01,-3.17567,35.61283,moram,HYC,1,M-170,,WP,,"1s, 9a",,,,,NA,,,after arriving at den,,n,,
2002-04-20,08:19,p of nero,,p,HYC,1,T-080,,WP,,"1a, 5s, 1t",,,,,NA,,,while le area,,n,,
2002-04-24,07:02,-3.18517,35.50483,p,HYC,1,L-082,,WP,,"1a, 5s",,,,,NA,,,while wa around in terr,,n,,
2002-05-14,07:40,-3.17283,35.61533,p,HYC,1,M-133,,WP,,7a,,,,,NA,,,while WA around close to carc with LI,kill,n,,
2002-05-15,18:28,-3.16883,35.59533,p,HYC,1,L-042,,WP,,"2a, 3s, 6a",,,,,NA,,,"after l for prob a log time close to l-005 in border-area between m-, l- and e-terr. l-131, m-092, m-087 + e-101 wa around close to where they were l",,y,,
2002-05-15,18:28,-3.16883,35.59533,p,HYC,1,L-131,,WP,,"6a, 1t",,,,,NA,,,"reply to wp by l-042, while wa around together with m-092, m-087 + e-101",,n,,
2002-05-22,18:36,-3.17567,35.61283,moram,HYC,1,M-088,,WP,,"1a, 3s, 2a",,,,,NA,,,m-088 wp after m-132 bi  and lu her,,n,,
2002-05-30,18:29,-3.18267,35.49817,Fort,HYC,1,F-043,,WP,,"2a, 3s, 1a, 1t",,,,,NA,,,,,n,,
2002-05-30,18:46,-3.18267,35.49817,Fort,HYC,1,F-007,,WP,,"1a, 5s",,,,,NA,,,while WA back to den,,y,,
2002-05-30,18:47,-3.18267,35.49817,Fort,HYC,1,F-043,,WP,,"1a, 3s, 1a",,,,,NA,,,after GU and FO F-007,,y,,
2002-05-30,18:49,-3.18267,35.49817,Fort,HYC,1,F-004,,WP,,5a,,,,,NA,,,while AP den,,n,,
2002-06-16,07:20,,,p,HYC,1,A-087,,WP,,"4s, 2a, 1t",,,,,NA,,,while wa around in terr,,n,during focal follow,
2002-06-17,07:15,-3.16433,35.60233,p,HYC,1,E-085,,WP,,"2a, 1s, 6a",,,,,NA,,,after having killed WI adm,kill,y,,
2002-06-17,07:29,-3.16433,35.60233,p,HYC,1,E-043,,WP,,"1a, 2s, 1a",,,,,NA,,,"after having killed WI adm, while standing together with E-001 + E-085",kill,n,,
2002-06-19,08:02,,,p,HYC,1,M-126,,WP,,"1a, 5s, 1t",,,,,NA,,,"after ap A-009 from bh, sf bum, and after ap a-003, a lot of excitement around lions on a kill",LI at kill,n,,
2002-06-20,18:10,-3.18267,35.49817,fort,HYC,1,F-008,,WP,,"1a, 2s, 1t",,,,,NA,,,"after su, could be reply to wp from far away",,n,,
2002-06-20,18:33,-3.18267,35.49817,fort,HYC,1,F-002,,WP,,"1s, 11a",,,,,NA,,,"after emerging from den, while wa around in den area with tu, f-043 fo her with tu",,n,,
2002-06-21,18:11,-3.17567,35.61283,moram,HYC,1,A-093,,WP,,"1a, 6s, 1a",,,,,NA,,,while le den area,,n,,
2002-07-09,07:46,-3.16633,35.50450,p,HYC,1,A-119,,WP,,"1s, 1a, 5s, 2a, 1t",,,,,NA,,,,close to LI at WI kill,n,there was some wp before,
2002-07-14,18:45,-3.16200,35.61533,moru b,HYC,1,N-042,,WP,,14a,,,,,NA,,,while le den area,,n,,
2002-07-15,07:14,-3.20050,35.56300,p,HYC,1,A-085,,WP,,"1s, 3a, 3s, 5a",,,,,NA,,,while wa around in territory,,n,during focal follow,
2002-07-15,07:34,-3.20417,35.56000,p,HYC,1,A-085,,WP,,"3a, 4s, 1t",,,,,NA,,,while wa around in territory,,n,during focal follow,
2002-07-18,18:13,-3.19467,35.49950,Furahi,HYC,1,L-089,,WP,,"1a, 6s, 1a, 1t",,,,,NA,,,"while at den with 2adf, 5cubs",,n,,
2002-07-18,18:25,,,p,HYC,1,,,WP,,"3s, 3a",,,,,NA,,,,,y,,
2002-07-18,18:26,,,p,HYC,1,L-089,,WP,,12a,,,,,NA,,,aswer to the one from before,,n,,
2002-11-12,07:49,-3.15733,35.60733,masala,HYC,1,M-141,,WP,,"11a, 1t",,,,,NA,,,while ap den,,n,,
2002-11-17,09:14,,,p,HYC,1,M-104,,WP,,"1b, 3s, 1t",,,,,NA,,,while wa around in territory,,y,,
2002-11-17,09:22,,,p,HYC,1,M-104,,WP,,"1b, 5a, 1s",,,,,NA,,,"after having met l-133 + l-155, reply to wp from distance",,y,"reply prob from a-041, a-046 or f-084",
2002-11-17,09:27,,,p,HYC,1,L-155,,WP,,10a,,,,,NA,,,after having met l-133 and m-104,,n,,
2002-11-20,16:59,-3.15800,35.60650,mia,HYC,1,M-164,,WP,,"1b, 3a, 1s, 6a",,,,,NA,,,f-045 passing 20m from den,,n,,
2002-11-21,06:40,-3.18917,35.62417,p,HYC,1,L-090,,WP,,"9a, 1t",,,,,NA,,,after being fo by 5 ngoitokitoks,,n,,
2002-11-25,17:59,-3.14983,35.58050,enjere,HYC,1,M-092,,WP,,"1b, 6a",,,,,NA,,,just after having ap and le den,,?,,
2002-11-30,08:59,-3.19183,0.57233,p,HYC,1,M-104,,WP,,"3a, 3s, 2a, 1t",,,,,NA,,,after having ap and sf several lemalas,,n,,
2002-12-15,18:47,-3.17667,35.57533,look,HYC,1,L-088,,WP,,"1b, 8a, 1t",,,,,NA,,,reply to 2 whoops from distance,,n,,
2002-12-20,7:45,,,p,HYC,1,M-178,,WP,,"1b, 6s, 1a",,,,,NA,,,while wa around after kill and boundary clash with engitatis, after kill and boundary clash,n,,
2002-12-21,8:04,-3.17350,35.57650,p,HYC,1,A-041,,WP,,"1a, 9s, 1t",,,,,NA,,,"while wa around and ap look den, before ld 200m from look den",,n,,
2002-12-23,7:25,-3.18917,35.61783,p,HYC,1,E-046,,WP,,7a,,,,,NA,,,"while wa around in territory, then lo towards kill with many Ngotokitoks",kill,n,during focal follow,
2002-12-24,7:27,-3.17583,35.51167,p,HYC,1,M-133,,WP,,"7a, 1t",,,,,NA,,,"while waiting close to kill with 2 li adf + 1 li mcub, recruiting","kill, close to seneto crossing",n,,
2002-12-30,7:04,-3.16083,35.59450,p,HYC,1,L-123,,WP,,"1a, 6s",,,,,NA,,,while wa around in territory,,n,300m wsw of this location,
2002-12-31,7:03,-3.20417,35.58767,p,HYC,1,A-085,,WP,,"4a, 3s, 4a",,,,,NA,,,"after intrusion into l-terr, while ap s-terr",intrusion,n,close to Ngoitokitok junction,
2003-01-02,6:46,-3.16050,35.61467,p,HYC,1,A-087,,WP,,"2a, 1s, 4a",,,,,NA,,,while wa around in territory with a-093,,n,,
2003-01-07,6:30,between Moram hill and s-curve,,p,HYC,1,M-088,,WP,,"1b, 1a, 6s, 1t",,,,,NA,,,at kill with 1 adm LI and 9 other Munges,kill,y,,
2003-01-07,6:30,between Moram hill and s-curve,,p,HYC,1,M-168,,WP,,"1b, 6s, 2t",,,,,NA,,,at kill with 1 adm LI and 9 other Munges,kill,n,,
2003-01-07,18:05,-3.14600,35.58000,p,HYC,1,E-041,,WP,,"1a, 8s",,,,,NA,,,while wa around in territory,,n,during focal follow,
2003-01-07,18:57,-3.16333,35.58467,p,HYC,1,E-041,,WP,,"1b, 1a, 3s, 1t",,,,,NA,,,while wa around in territory,,n,during focal follow,
2003-01-08,9:02,-3.20017,35.52150,p,HYC,1,F-043,,WP,,"1a, 3s, 2a, 1t",,,,,NA,,,,,n,,
2003-01-08,9:05,-3.20017,35.52150,p,HYC,1,L-083,,WP,,"1a, 4s",,,,,NA,,,"while l close to f-002 (su f-102), f-006 (su f-105) + f-043",,y,,
2003-01-08,9:06,,,p,HYC,1,A-111,,WP,,4s,,,,,NA,,,while wa away from group with l-083,,n,,
2003-01-12,7:30,-3.15917,35.56800,p,HYC,1,L-116,,WP,,"1a, 5s",,,,,NA,,,"after having met 6 other engitatis, while wa around with e-041 (fo l-116)",,n,"during focal follow, wp from 500m away 07:34, and from far away 07:42",
2003-01-12,18:20,-3.17667,35.57533,look,HYC,1,L-190,,WP,,"9a, 1s",,,,,NA,,,after l-088 ap den and l-190 re into dh,,n,,
2003-01-13,7:28,-3.14033,35.49733,Arena,HYC,1,M-133,,WP,,"8a, 1t",,,,,NA,,,"after being ch by a-119 and having ap tu m-141, while le den area",,n,,
2003-01-14,18:51,,,p,HYC,1,L-083,,WP,,"1b, 2a, 3s, 1a, 1s, 1t",,,,,NA,,,"while l not far from other forester, after f-099 le and wa around",,n,,
2003-01-15,18:52,-3.19717,35.52017,p,HYC,1,L-083,,WP,,"1b, 7a, 1t",,,,,NA,,,after wa with f-006 + f-096 and le them,,n,,
2003-01-16,9:18,,,p,HYC,1,L-093,,WP,,"1b, 1a, 1s, 3a",,,,,NA,,,while wa around in terr,,y,,
2003-01-16,9:19,,,p,HYC,1,S-042,,WP,,"1b, 4s, 1a",,,,,NA,,,"reply to l-093, while ap l-093",,n,,
2003-01-17,7:42,-3.19817,35.52017,p,HYC,1,L-083,,WP,,"1a, 2s, 1t",,,,,NA,,,"after meeting f-006, f-043, s-042, l-089 + a-100 and interacting with them",,n,,
2003-01-17,7:45,-3.20083,35.52250,p,HYC,1,F-043,,WP,,"1b, 3s, 2a",,,,,NA,,,while standing around with other f-males,,y,,
2003-01-17,7:46,-3.20083,35.52250,p,HYC,1,S-042,,WP,,"1a, 4s, 2a, 1t",,,,,NA,,,"just after last wp by f-043, reply, while standing around with other f-males and then ap a-100",,y,,
2003-01-17,7:47,-3.20083,35.52250,p,HYC,1,L-089,,WP,,11a,,,,,NA,,,"reply to wp from before, while standing around close to other forest males",,n,,
2003-01-17,7:58,-3.20083,35.52250,p,HYC,1,L-089,,WP,,"9a, 1t",,,,,NA,,,"while ap a-100, fo by f-103 + f-104",,n,,
2003-01-17,8:07,-3.20250,35.52417,p,HYC,1,L-089,,WP,,"1b, 3a, 1s, 4a, 1t",,,,,NA,,,while l,,n,,
2003-01-17,8:19,-3.20250,35.52417,p,HYC,1,F-043,,WP,,"1a, 3s, 2a",,,,,NA,,,while fo f-006 after interaction with l-089,,y,,
2003-01-17,8:20,-3.20250,35.52417,p,HYC,1,L-089,,WP,,"6a, 1t",,,,,NA,,,"while fo f-006 after interaction with f-043, reply to f-043",,n,,
2003-01-17,17:27,-3.19967,35.52133,p,HYC,1,L-083,,WP,,"8a, 1t",,,,,NA,,,"after having ap f-cubs (f-103, f-099, f-100)",,y,,
2003-01-17,17:28,-3.20167,35.52150,p,HYC,1,,L-089 (or S-042),WP,,"2a, 3s",,,,,NA,,,"reply to L-083, L-083 stops wa, looks in direction of whoop",,n,,
2003-01-17,17:41,-3.20167,35.52150,p,HYC,1,L-089,,WP,,"1b, 8a",,,,,NA,,,"while wa 20m away from group with f-043, f-006, f-105, f-102, f-097, f-104",,n,,
2003-01-29,18:32,,,p,HYC,1,X-018,,WP,,"1a, 6s",,,,,NA,,,"while wa away from resting place, then ld not very far away from it",,n,during focal follow,
2003-01-29,18:33,,,p,HYC,1,X-018,,WP,,"3s, 1a, 1a",,,,,NA,,,after intraction with a-041 + f-084,,n,during focal follow,
2003-01-30,18:05,-3.17917,35.55600,p,HYC,1,A-084,,WP,,"2a, 3s, 3a, 1t",,,,,NA,,,"while wa away from resting place, then ld not very far away from it",,n,during focal follow,
2003-01-30,18:09,-3.17917,35.55600,p,HYC,1,A-049,,WP,,8a,,,,,NA,,,while ap a-084 and during gt a-084,,n,,
2003-02-04,7:30,,,p,HYC,1,L-153,,WP,,"1b, 1a, 8s, 1t",,,,,NA,,,"while wa around, before with mother, then alone",,n,,
2003-02-05,7:22,-3.15283,35.61383,mutschli,HYC,1,N-045,,WP,,"1b, 7s, 2a, 1t",,,,,NA,,,after m-141 + m-144 ap and pass n-045,,n,,
2003-02-06,7:08,,,p,HYC,1,M-092,,WP,,8a,,,,,NA,,,l-116 re from m-092,,n,,
2003-02-15,10:12,-3.15033,35.57983,p,HYC,1,L-131,,WP,,"9a, 1t",,,,,NA,,,"while wa away in territory, after interactions with females at dens",,n,during focal follow,
2003-03-06,18:19,just outside lake den,,p,HYC,1,L-102,,WP,,"3s, 4a",,,,,NA,,,after having looked into dh of lake den and having left den area,,n,,
2003-03-09,8:42,-3.19033,35.61483,p,HYC,1,N-107,,WP,,"8s, 1t",,,,,NA,,,after being bi by n-087,kill,n,,
2003-03-10,6:59,-3.16250,35.60483,p,HYC,1,N-045,,WP,,"7a, 1t",,,,,NA,,,"during encounter with engitatis, recruitment?",kill,n,a lot of whooping by engitatis at kill with 1 adm li,
2003-03-12,6:32,-3.17767,35.61217,p,HYC,1,N-083,,WP,,"2a, 4s, 3a",,,,,NA,,,"after interacting with A-093 + F-045, seems to be trying to immigrate into M-clan, fo the two other males",,n,,
2003-03-24,9:28,-3.15683,35.51217,p,HYC,1,L-095,,WP,,"3a, 2s, 2a, 1t",,,,,NA,,,"while wa around in territory, then ld",,n,,
2003-03-26,8:35,-3.15600,35.51500,p,HYC,1,A-128,,WP,,"1b, 8s, 1a",,,,,NA,,,after arriving at kill where many airstrips are waiting until 1 li adm leaves,kill,n,,
2003-03-26,9:32,,,p,HYC,1,M-041,,WP,,"7a, 1t",,,,,NA,,,after and before being dominated by a-011 + a-048,kill,n,,
2003-07-31,18:38,-3.15733,35.60733,masala,HYC,1,A-056,,WP,,"1a, 8s, 1a",,,,,NA,,,after gt a-087 and entering den area,,n,,
2003-08-01,08:05,-3.15767,35.56800,p,HYC,1,E-095,,WP,,"2a, 3s, 2a, 1t",,,,,NA,,,while ap carcass,kill,"y, from lemalas",,
2003-08-01,18:47,,,p,HYC,1,A-093,,WP,,"1s, 6s, 1a, 1t",,,,,NA,,,wa away from masala den with m-099 and m-185,,n,,
2003-08-08,07:36,-3.16900,35.55883,locki,HYC,1,F-084,,WP,,"1a, 2s, 4a, 1t",,,,,NA,,,while le den area,,n,during focal follow,
2003-08-08,18:35,,,alimama,HYC,1,L-118,,WP,,"1a, 1s, 10a",,,,,NA,,,while le den area,,n,could be reply to wp from distance,
2003-08-10,18:52,-3.15083,35.58400,echo,HYC,1,E-006,,WP,,"1b, 6s",,,,,NA,,,"while l, e-087 and e-001 su their cubs 20m next",,y,"reply 5s 1t from800m away, direction n",
2003-08-14,18:28,-3.15733,35.60733,masala,HYC,1,N-045,,WP,,"1a, 6s",,,,,NA,,,,,,,
2003-08-14,18:54,-3.15733,35.60733,masala,HYC,1,N-045,,WP,,"1b, 1a, 2s, 1a, 1s, 2a",,,,,NA,,,reply to whoop from distance,,n,,
2003-08-25,17:59,-3.15733,35.60733,masala,HYC,1,A-087,,WP,,6a,,,,,NA,,,"after ap m-147, while wa back to dh with adf and cubs",,n,during focal follow,
2003-08-25,18:40,-3.15733,35.60733,masala,HYC,1,A-056,,WP,,"1b, 1a, 4s, 1a, 1t",,,,,NA,,,"while at den, after gt a-087",,y,during focal follow of a-087,
2003-08-25,18:41,-3.15733,35.60733,masala,HYC,1,A-087,,WP,,"1a, 2s, 4a",,,,,NA,,,"while at den, after gt a-056, joins wp of a-056",,n,during focal follow,
2003-08-25,19:00,-3.15733,35.60733,masala,HYC,1,A-087,,WP,,9a,,,,,NA,,,while le den area,,n,after focal follow,
2003-08-26,8:26,-3.22500,35.57100,p,HYC,1,S-040,,WP,,16a,,none,,,video,,,"close to li at carc, recruiting, trying to take over carc","kill, in s-terr",y,,
2003-08-26,8:26,-3.22500,35.57100,p,HYC,1,A-019,,WP,,see video,none,none,see video,,video,,,"close to li at carc, recruiting, trying to take over carc","kill, in s-terr",y,,
2003-08-26,8:57,-3.22500,35.57100,p,HYC,1,N-045,,WP,,unknown,,,no,,NA,,,"close to li at carc, trying to take over carc","kill, in s-terr",others also wp,"shortly before shambas and intruders take over carc from li, a lot of vocalizations, also by intruders",
2003-08-26,18:13,-3.14983,35.58050,enjere,HYC,1,E-080,,WP,,"1b, 8a",,,,,NA,,,after e-083 ap eflat and e-080 gu when e-083 wa away; they gt while e-080 still wp,,n,,
2003-08-26,18:20,-3.14983,35.58050,enjere,HYC,1,L-116,,WP,,"8s, 1t",,,,,NA,,,while ap den area,,n,,
2003-09-12,18:49,-3.16233,35.60767,tisa birth,HYC,1,N-045,,WP,,"2a, 5s, 1a",,,,,NA,,,"while l in den area, after all adf left den area",,n,,
2003-09-26,6:40,-3.15800,35.60650,mia,HYC,1,A-087,,WP,,"1a, 3s, 4a",,,,,NA,,,while l just outside den area,,y,,
2003-10-14,7:43,-3.15650,35.60950,mgeni,HYC,1,N-045,,WP,,"1b, 5a, 1a, 1a, 1s",,,,,NA,,,while standing 2m next to m-152 (l),,n,,
2003-10-18,18:45,-3.15650,35.60950,mgeni,HYC,1,N-045,,WP,,"3a, 6s, 1t",,,,,NA,,,"while le den area, after having interacted with several adf",,n,,
2003-10-24,9:25,-3.16267,35.56550,lost,HYC,1,L-141,,WP,,7a,,,,,NA,,,"after being ap by l-004, l-101 + l-160, then also by l-135",,n,,
2003-10-24,9:33,-3.16267,35.56550,lost,HYC,1,L-008,,WP,,7a,,,,,NA,,,after interaction with l-141 and l-004,,n,,
2003-11-02,18:52,-3.16900,35.55883,Locki,HYC,1,A-046,,WP,,"1b, 2a, 7s, 1t","1b, 2a, 1s",none,"6s, 1t",au_20031102_1852_L,Tape_N04,28:58,poor,after arriving in den area,,n,very far at the beginning,
2003-11-06,18:56,-3.16900,35.55883,Locki,HYC,1,L-088,,WP,,3a,,,,,NA,,,"while le den area, l-189 + l-138 fo her",,n,,
2003-11-18,18:30,-3.15050,35.57533,p,HYC,1,E-006,,WP,,"1a, 7s",,,,,NA,,,while wa around in territory being followed by n-047,,n,,
2004-04-08,7:02,,,p,HYC,1,A-056,,WP,,"4a, 2s, 1t",,,,,NA,,,"while wa around, ap m-091 + m-201",,n,,
2004-04-08,18:54,-3.15967,35.59883,Mape,HYC,1,A-056,,WP,,"3a, 5s, 1a, 1s, 1t",,,,,NA,,,"while l in den area, 5min after wa to a-093",,n,,
2004-04-12,7:15,,,p,HYC,1,M-091,,WP,,"6a, 1t",,,,,NA,,,at wi calf kill,kill,n,,
2004-04-14,6:50,-3.15967,35.59883,Mape,HYC,1,A-056,,WP,,"3a, 5s, 3a, 1t",,,,,NA,,,"after interacting with m-082 + m-017 at den, before ld again",,n,,
2004-04-14,7:02,-3.15967,35.59883,Mape,HYC,1,M-198,,WP,,11a,2a,none,9a,au_20040414_0702_M,Tape_N05,05:26,good,"while le den area, alert looking in a direction",,n,"M-198 wa away from micro, no changes of rec level",
2004-04-14,7:04,-3.15967,35.59883,Mape,HYC,1,A-093,,WP,,"1a, 6s",1a,none,6s,au_20040414_0704_M,Tape_N05,06:05,poor,"while le den area, alert looking in a direction",,n,"A-093 wa away from micro, no changes of rec level",
2004-04-14,7:29,-3.15967,35.59883,Mape,HYC,1,M-198,,WP,,about 6a,,,,,NA,,,while le den area and ap m-082,,y,,
2004-04-14,7:30,-3.15967,35.59883,Mape,HYC,1,A-056,,WP,,"8s, 3a",,,,,NA,,,while l at den,,n,,
2004-04-14,8:41,-3.15083,35.58400,Echo,HYC,1,M-136,,WP,,"1a, 3s, 1t, 1a, 1s",,,,,NA,,,after le den area,,n,,
2004-04-17,18:32,,,p,HYC,1,E-006,,WP,,"2a, 6s, 1t",,,,,NA,,,"while wa around with e-116 + e-095, a lot of ssf, like coalition walk",,n,,
2004-04-18,17:25,,,p,HYC,1,N-045,,WP,,"3a, 5s, 2t",,,,,NA,,,at elephant carcass while Richard Hoare and Robert Fyumagwa are at elephant carcass,elephant carcass,n,,
2004-04-18,17:39,,,p,HYC,1,M-169,,WP,,3s,,,,,NA,,,"after lo, ap towards",elephant carcass,n,,
2004-04-18,17:40,,,p,HYC,1,N-045,,WP,,"6a, 1t",,,,,NA,,,while l next to m-099,elephant carcass,n,,
2004-04-18,17:44,,,p,HYC,1,A-093,,WP,,"1a, 5s, 1t",,,,,NA,,,reply to wp from distance,elephant carcass,n,,
2004-04-18,17:53,,,p,HYC,1,N-045,,WP,,"8a, 1s, 1a, 3s, 2t",1a,none,"7a, 1s, 1a, 3s, 2t",au_20040418_1753_M,Tape_N05,07:22,good,while l and looking away,elephant carcass,n,25m away and   N-045 looking away,
2004-04-18,18:20,,,p,HYC,1,N-045,,WP,,"5a, 3s, 3a, 2s, 1a, 1s, 1t",,,,,NA,,,,elephant carcass,n,,
2004-04-18,18:29,,,p,HYC,1,A-093,,WP,,"1b, 4s, 2a, 2t",,,,,NA,,,,elephant carcass,n,,
2004-04-19,7:27,,,p,HYC,1,A-056,,WP,,"15a, 1t",,,,,NA,,,while wa away,elephant carcass,n,,
2004-04-19,7:52,-3.13533,35.62333,p,HYC,1,M-099,,WP,,"1a, 5s","1a, 2s",none,3s,au_20040419_0752_M,Tape_N05,08:41,ok,during boundary encounter with umba clan,,n,"30m away, behind munge river",
2004-04-23,7:26,-3.15383,35.61367,mist,HYC,1,E-090,,WP,,"1b, 1a, 6s","1b, 1a, 1s",none,5s,au_20040423_0726_M,Tape_N05,09:27,ok,"after interacting with M-122, M-148 + M-100, and then U-080",,n,"40m away, last 2s while l, with sounds from wildebeest",
2004-04-27,6:32,-3.15850,35.60617,p,HYC,1,L-126,,WP,,"1b, 6a, 1t","1b, 2a",none,"4a, 1t",au_20040427_0632_M,Tape_N05,10:31,good,while wa around in territory,,n,"30m away, looking away from us, with sounds from birds, along road between Moram hill and Munge river",
2004-04-27,7:22,,,p,HYC,1,L-126,,WP,,"2a, 2s",2a,none,2s,au_20040427_0722_M,Tape_N05,11:28,ok,after rain stopped and he gu and started ap remains of kill and many munges,kill,n,"25m away, looking away from us, along road between Moram hill and Munge river",
2004-04-30,18:40,-3.15383,35.61367,mist,HYC,1,A-056,,WP,,"3a, 5s, 1a, 1t",,,,,NA,,,"while wa around at den, after wp m-214 ap and gt a-056",,n,,
2004-05-02,18:58,-3.15083,35.58400,echo,HYC,1,L-123,,WP,,"1b, 4s, 1t",,,,,NA,,,"after ap den, while l 40m from e-006, e-083, e-085 + e-124",,n,,
2004-05-09,10:08,-3.14783,35.59183,p,HYC,1,E-116,,WP,,"5s, 2a, 1s, 3a",,,,,NA,,,during boundary encounter with munges,kill,n,,
2004-05-12,18:23,-3.17917,35.55433,p,HYC,1,F-084,,WP,,"1a, 2s, 1a, 1t",,,,,NA,,,"after gu and wa around, was l close to several subs",,n,,
2004-05-15,17:14,-3.15383,35.61367,mist,HYC,1,M-088,,WP,,"1a, 6s","1a, 2s",none,4s,au_20040515_1714_M,Tape_N05,12:05,good,"at den, excited, prob just has given birth, pa a lot, sniffing small cubs of m-122",,n,10m away,
2004-05-24,7:15,,,p,HYC,1,A-019,,WP,,"1a, 4s, 1t","1a, 2s",none,"2s, 1t",au_20040524_0715_S,Tape_N05,12:51,good,while wa through territory after being ch/fo by large group of lakette lions,,y,20m away,
2004-05-24,7:15,,,p,HYC,2,S-084,,WP,,"1b, 1a, 4s, 3a, 1t",none,none,"1b, 1a, 4s, 3a, 1t",au_20040524_0715_S,Tape_N05,12:56,good,"while wa through territory after being ch/fo by large group of lakette lions, joins A-019 after her first a and 2s",,y,20m away,
2004-05-24,7:15,,,p,HYC,3,S-086,,WP,,"1b, 7a, 1t",none,none,"1b, 7a, 1t",au_20040524_0715_S,Tape_N05,13:29,good,"while wa through territory after being ch/fo by large group of lakette lions, joins s-084 after her 1b, 1a, 4s and 2a",,n,"20m away, with sounds from birds",
2004-05-24,7:39,,,p,HYC,1,X-010,,WP,,unknown,,,no,,NA,,,"after meeting group with A-019, S-084, S-086, S-093 + S-cub",,y,,
2004-05-24,7:39,,,p,HYC,1,,"A-019, S-084, S-086 or S-093",WP,,unknown,,,no,,NA,,,reply to wp by X-010,,y,,
2004-05-24,7:39,,,p,HYC,1,,,WP,,unknown,,,no,,NA,,,reply to wp by X-010,,n,,
2004-05-25,7:24,-3.17161,35.59618,p,HYC,1,L-084,,WP,,"1a, 6s, 1t",,,,,NA,,,"after EQ foal kill, while slowly ap kill with other lem, after e-089 (new immigrant) ap her",kill,n,,
2004-05-25,19:00,-3.14333,35.61567,maroni,HYC,1,N-045,,WP,,"1b, 6a, 1t","1b, 2a",none,"4a, 1t",au_20040525_1900_M,Tape_N05,15:19,good,"after ap den together with M-099, is shadowing M-099",,n,"15m away, with sounds from wildebeest",
2004-06-01,18:37,-3.18650,35.62533,nero,HYC,1,L-090,,WP,,"3a, 1s, 5a, 1t",1a,none,"2a, 1s, 5a, 1t",au_20040601_1837_N,Tape_N05,16:08,ok,while le nero den,,n,"about 80m away, wa away",
2004-06-03,19:03,-3.15667,35.60950,muskat,HYC,1,N-045,,WP,,"1b, 6a","1b, 3a",none,3a,au_20040603_1903_M,Tape_N05,17:14,ok,"after interacting with A-093, several minutes after wp from distance",,y,"25m away, wa away, with sounds from wildebeest and birds",
2004-06-08,8:04,-3.11011,35.56951,p,HYC,1,U-040,,WP,,"2a, 6s, 3a, 1t",,,,,NA,,,"while wa around with u-118 + u-???, close to kill with adm li, more Umbas around",LI at kill,n,,
2004-06-14,7:43,-3.14970,35.50022,p,HYC,1,M-041,,WP,,"1b, 8a, 1t","1b, 2a",none,"6a, 1t",au_20040614_0743_A,Tape_N05,18:04,good,,,n,", in erosions below alinghi den",
2004-06-17,18:56,-3.15802,35.60587,mia,HYC,1,A-056,,WP,,"1b, 1a, 4s, 3a, 1t","1b, 1a",none,"4s, 3a, 1t",au_20040617_1856_M,Tape_N05,18:47,good,while ap den area,,n,10m away,
2004-06-18,7:19,-3.16284,35.51509,p,HYC,1,A-009,,WP,,9a,,,,,NA,,,"when ap kill with 2 adm li, many airstrips around",kill,n,,
2004-06-18,8:22,-3.16284,35.51509,p,HYC,1,A-003,,WP,,"8a, 3s, 4a, 1t",,,,,NA,,,"while hanging around close to kill with 2 adm li, many airstrips around",kill,n,,
2004-06-18,8:25,-3.16284,35.51509,p,HYC,1,A-009,,WP,GN,"11a, 1t",1a,none,"10a, 1t",au_20040618_0825_A,Tape_N05,20:16,good,"while hanging around close to kill with 2 adm li, many airstrips around",kill,n,"30m away, with sounds from wildebeest",
2004-06-18,8:25,-3.16284,35.51509,p,HYC,2,A-003,,WP,GN,"18a, 1t",none,none,"18a, 1t",au_20040618_0825_A,Tape_N05,20:37,good,"while hanging around close to kill with 2 adm li, many airstrips around",kill,n,"20m away, with sounds from wildebeest",
2004-06-18,8:26,-3.16284,35.51509,p,HYC,1,A-009,,WP,,"12a, 1t",,,,,NA,,,"while hanging around close to kill with 2 adm li, many airstrips around",kill,n,,
2004-06-18,8:40,-3.16284,35.51509,p,HYC,1,A-080,,WP,,unknown,,,no,,NA,,,"while hanging around close to kill with 2 adm li, many airstrips around",kill,n,,
2004-06-18,8:40,-3.16284,35.51509,p,HYC,1,A-105,,WP,,unknown,,,no,,NA,,,"while hanging around close to kill with 2 adm li, many airstrips around",kill,n,joins a-080,
2004-06-18,8:42,-3.16284,35.51509,p,HYC,1,A-013,,WP,,unknown,,,no,,NA,,,"while hanging around close to kill with 2 adm li, many airstrips around",kill,n,,
2004-06-18,8:51,-3.16284,35.51509,p,HYC,1,A-003,,WP,,unknown,,,no,,NA,,,"while hanging around close to kill with 2 adm li, many airstrips around",kill,n,,
2004-06-18,8:51,-3.16284,35.51509,p,HYC,1,A-125,,WP,,unknown,,,no,,NA,,,"while hanging around close to kill with 2 adm li, many airstrips around",kill,n,returning male,
2004-06-27,18:21,-3.15796,35.60595,mia,HYC,1,N-045,,WP,,"1a, 6s, 1a, 1t",,,,,NA,,,while le den area,,n,,
2004-06-28,17:50,-3.15796,35.60595,mia,HYC,1,M-098,,WP,,"2a, 3s, 1a, 1t",,,,,NA,,,after gt cubs and being bi by m-152,,n,,
2004-06-28,18:47,-3.16900,35.55883,locki,HYC,1,L-194,,WP,,"1a, 4s, 1t",,,,,NA,,,while ap den area,,n,,
2004-10-16,9:25,-3.15698,35.56124,lassi,HYC,1,F-084,,WP,,11a,,,,,NA,,,"standing at den and sg, l-102, l-105, l-151 + acub around",,n,,
2004-11-07,6:30,-3.18215,35.60826,p,HYC,1,T-091,,WP,,"1a, 5s, 3a, 1t",,,,,NA,,,while l 20m from remains of kill,"kill, between moram hill and s-curve",n,,
2004-11-15,18:14,-3.15650,35.60950,mgeni,HYC,1,A-056,,WP,,"1a, 4s, 2a, 1t",,,,,NA,,,"while l 20m from den with females and cubs, a-087 gu and ap after wp",,n,,
2004-11-15,18:42,-3.15650,35.60950,mgeni,HYC,1,A-087,,WP,,8a,,,,,NA,,,"after being ap quickly by m-132 and ap by n-045 + a-056, n-045 + a-056 then ssf tu where a-087 was standing",,n,,
2004-11-19,18:10,-3.14454,35.57765,eremit,HYC,1,L-116,,WP,,"5s, 1a",,,,,NA,,,while wa away,,y,,
2004-11-19,18:11,-3.14454,35.57765,eremit,HYC,1,E-006,,WP,,"1b, 2a, 5s, 1t",,,,,NA,,,"after dominating e-083, while wa 30m from dh and ld",,y,,
2004-11-19,18:11,-3.14454,35.57765,eremit,HYC,1,L-123,,WP,,"4s, 1t",,,,,NA,,,while l 30m from e-006 and 50m from dh,,n,,
2004-11-19,18:25,-3.14454,35.57765,eremit,HYC,1,N-047,,WP,,"1b, 6a","1b, 1a",none,5a,au_20041119_1825_E,Tape_N07,00:00,poor,while wa away,,n,"about 100m away from recorder, rec level at 9",
2004-11-25,7:49,-3.18090,35.60040,p,HYC,1,S-087,,WP,,9a,,,,,NA,,,while other males try to mate with n-108,,n,,
2004-11-25,8:21,-3.16977,35.58998,p,HYC,1,S-087,,WP,,"1b, 4a, 1s, 2a, 1t",,,,,NA,,,while wa around with other ngoitokitoks males and n-108,,n,,
2004-11-30,7:07,-3.13949,35.54483,p,HYC,1,A-136,,WP,,"2a, 3s, 4a",,,,,NA,,,"while trying to take over kill from lake lions, before encounter with engitatis",kill,n,,
2004-11-30,7:33,-3.13949,35.54483,p,HYC,1,A-136,,WP,,"2a, 3t",,,,,NA,,,"while trying to take over kill from lake lions, after encounter with engitatis",kill,n,,
2004-11-30,8:00,-3.13949,35.54483,p,HYC,1,A-013,,WP,,"1a, 12s",,,,,NA,,,"while trying to take over kill from lake lions, after encounter with engitatis",kill,y,,
2004-11-30,8:00,-3.13949,35.54483,p,HYC,1,A-125,,WP,,"4s, 1a, 2s, 1a, 1t",,,,,NA,,,"while trying to take over kill from lake lions, after encounter with engitatis, many other wps",kill,y,,
2004-11-30,8:01,-3.13949,35.54483,p,HYC,1,A-136,,WP,,"1a, 4s, 4a",,,,,NA,,,"while trying to take over kill from lake lions, after encounter with engitatis, many other wps",kill,y,,
2004-11-30,8:09,-3.13949,35.54483,p,HYC,1,A-114,,WP,,"3a, 1s, 11a, 1t",,,,,NA,,,"while trying to take over kill from lake lions, after encounter with engitatis, many other wps",kill,y,,
2004-11-30,8:14,-3.13949,35.54483,p,HYC,1,A-125,,WP,,12a +,,,,,NA,,,"while trying to take over kill from lake lions, after encounter with engitatis, many other wps",kill,y,,
2004-11-30,8:19,-3.13949,35.54483,p,HYC,1,A-114,,WP,GN,13a,1a,none,12a,au_20041130_0819_A,Tape_N07,01:04,good,"while trying to take over kill from lake lions, after encounter with engitatis, many other wps",kill,y,"about 30m away from recorder, vehicle in background, other hyenas present + vocalising",
2004-12-02,7:50,-3.14523,35.52481,argos 3,HYC,1,A-102,,WP,,"1b, 8a",,,,,NA,,,"wa, while le den area",,y,,
2004-12-02,7:50,400 m away,,p,HYC,1,,,WP,,"3s, 2a",,,,,NA,,,,,n,,
2004-12-08,18:18,-3.15383,35.61367,mist,HYC,1,N-045,,WP,,"1b, 5a, 1t",,,,,NA,,,"while l in den area, after m-180 ap den",,n,,
2004-12-08,18:26,just outside mist den area,,p,HYC,1,,,WP,,"1a, 4s, 1t",,,,,NA,,,while wa away from mist den area,,n,,
2004-12-09,8:29,-3.23479,35.54757,p,HYC,1,T-013,,WP,,"1b, 5s, 1a, 1t",,,,,NA,,,"reply to wp from boundary encounter between triangles and shambas, then lo to encounter",,n,,
2004-12-30,7:00,close to serengeti den,,p,HYC,1,X-010,,WP,,"1a, 5s, 1a",,,,,NA,,,while ap serengeti den,,n,,
2004-12-31,7:16,,,p,HYC,1,E-006,,WP,,"1a, 10s",,,,,NA,,,during encounter with lemalas over carc in Munge river,carc,y,,
2004-12-31,18:30,-3.14500,35.57782,eremit,HYC,1,M-136,,WP,,"1a, 4s, 1t",,,,,NA,,,while wa away from den,,y,,
2004-12-31,18:31,700m from m-136,,p,HYC,1,,,WP,,"7s, 1a",,,,,NA,,,,,n,,
2005-01-01,7:01,-3.14500,35.57782,eremit,HYC,1,L-123,,WP,,"1b, 2a, 4s, 3a",,,,,NA,,,"after interacting with females, while le den area",,n,,
2005-01-01,8:46,-3.19556,35.51976,p,HYC,1,A-118,,WP,,6s,,,,,NA,,,after gu,,n,,
2005-01-02,8:08,-3.17017,35.58913,p,HYC,1,L-084,,WP,,"1a, 5s",,,,,NA,,,during encouter with munges,kill,n,,
2005-01-02,18:56,-3.15383,35.61367,mist,HYC,1,A-087,,WP,,7a,,,,,NA,,,after interacting with m-099 + n-045,,y,,
2005-01-02,18:57,-3.15383,35.61367,mist,HYC,1,A-056,,WP,,"1b, 6a, 2s",,,,,NA,,,before le den area,,n,,
2005-01-06,6:36,-3.16192,35.58228,p,HYC,1,A-128,,WP,,"1a, 6s, 1a",,,,,NA,,,while wa around,,n,,
2005-01-08,18:05,-3.14346,35.49950,asparagus,HYC,1,A-003,,WP,,"1b, 8a",,,,,NA,,,while le den,,n,,
2005-01-09,7:54,-3.16370,35.59512,p,HYC,1,T-091,,WP,,"5s, 1a, 1t",,,,,NA,,,"after ap and interacting with m-100, while ap other hy at remains of kill",kill,n,,
2005-01-20,7:06,,,p,HYC,1,M-158,,WP,,alarm,,,,,NA,,,"while ea at kill with ngoitokitoks, all look up, M-158 ea first again",kill,,,
2005-01-29,18:41,-3.15667,35.60950,muskat,HYC,1,M-198,,WP,,6a,,,,,NA,,,after arriving at den and being lu by m-180,,n,,
2005-01-31,18:43,,,p,HYC,1,L-131,,WP,,"12a, 1t",,,,,NA,,,"while WA around in periphery, prob reply to other wp",,n,,
2005-02-01,7:27,-3.15305,35.59342,p,HYC,1,L-123,,WP,,"2a, 6s, 3a",,,,,NA,,,"while wa away from other engitatis at remains of kill, reply to wp from scratching rocks",kill,n,,
2005-02-11,7:20,-3.14728,35.49891,amani,HYC,1,M-041,,WP,,"8a, 1t",7a,none,"1a, 1t",au_20050211_0720_A,Tape_N07,02:13,good,"lying, reply to another whoop far away",,y,with sounds from birds,
2005-02-11,7:20,-3.14728,35.49891,amani,HYC,2,A-185,,WP,,8a,none,none,8a,au_20050211_0720_A,Tape_N07,02:20,good,"lying, reply to M-041",,n,with sounds from birds,
2005-02-14,7:37,,,p,HYC,1,A-135,,WP,,"6a, 1t",,,,,NA,,,while greeting a-013,,y,,
2005-02-14,7:37,,,p,HYC,1,,,WP,,"5s, 1t",,,,,NA,,,reply to wp by a-135,,y,,
2005-02-14,7:37,,,p,HYC,1,M-041,,WP,,"1b, 5a, 1t",,,,,NA,,,another reply?,,n,,
2005-06-15,10:21,-3.15851,35.52793,p,HYC,1,M-041,,WP,,"4a, 1t",,,,,NA,,,"wa around with tu close to li at eq carc hy prob killed, other a around","kill, goose pond",n,,
2005-06-15,18:19,-3.14333,35.61567,maroni,HYC,1,N-045,,WP,,"1b, 4a, 2s, 1a, 1t",,,,,NA,,,"after interacting with adf, before ch A-093 for 20m",,n,,
2005-06-19,6:47,-3.13954,35.62917,p,HYC,1,A-093,,WP,,"1a, 7s, 1t",,,,,NA,,,while wa around in terr,behind munge river,n,"no reply but t-091 ap, then they gt",
2005-06-21,6:50,-3.15832,35.52163,p,HYC,1,A-102,,WP,,"1b, 7a",,,,,NA,,,"while l, after being ap by l-133 (intruder)",intrusion,n,in a-terr plains,
2005-06-21,8:08,,,p,HYC,1,M-041,,WP,,"6a, 1t",,,,,NA,,,"close to fresh kill with a-013 + a-166, just after a-013 + a-159 ap","kill, in a-terr plains",n,,
2005-06-22,18:16,-3.15617,35.61083,majani,HYC,1,A-093,,WP,,"1a, 4s",,,,,NA,,,while le den area,,n,,
2005-06-23,12:44,-3.17567,35.50702,,HYC,1,L-093,,WP,,"1b, 8a, 1t",,,,,NA,,,"while wa around with f-006, f-096 + f-113, after meeting f-002 + f-099",,n,"no reply but t-091 ap, then they gt",
2005-06-27,7:16,-3.16616,35.55642,,HYC,1,E-089,,WP,,"1b, 1a, 1s, 5a, 1t",,,,,NA,,,"after being ap p by m-139, a-128 + a-148",,n,,
2005-06-27,7:53,-3.17047,35.55809,p,HYC,1,E-089,,WP,,"3s, 6a",,,,,NA,,,"after wa around together and interacting with m-139, a-128 + a-148, then ld",just outside locki den area,n,,
2005-06-27,8:08,,,p,HYC,1,M-104,,WP,,"7a, 1t",,,,,NA,,,"while entering den area, before ap adf in den area",just outside locki den area,n,,
2005-06-29,8:05,,,p,HYC,1,M-041,,WP,,5a,,,,,NA,,,"while being challenged by x-017 + l-128, close to li at kill, x-017 + l-128 wa p tu, m-041 lookingin their direction","close to lions at kill, in a-terr",n,,
2005-06-29,8:15,,,p,HYC,1,M-041,,WP,,8a,,,,,NA,,,"while being challenged by x-017 + l-128, close to li at kill, m-041 looking in their direction, also sg","close to lions at kill, in a-terr",n,,
2005-06-29,8:34,,,p,HYC,1,M-041,,WP,,8a,,,,,NA,,,"while being challenged by x-017 + l-128, close to li at kill, m-041 looking in their direction, also sg, wa around with tu","close to lions at kill, in a-terr",n,,
2005-06-29,8:57,,,p,HYC,1,M-041,,WP,,"9a, 1t",,,,,NA,,,"after being challenged by x-017 + l-128, close to a-137 (l)","close to lions at kill, in a-terr",n,,
2005-06-29,9:13,,,p,HYC,1,M-041,,WP,,8a,,,,,NA,,,"after being challenged by x-017 + l-128, while ap li atkill together with a-116","close to lions at kill, in a-terr",n,,
2005-07-02,8:38,-3.15457,35.51336,p,HYC,1,M-041,,WP,,7a,,,,,NA,,,close to 2 li adm at remains of kill that prob hy made,in a-terr,n,,
2005-07-02,18:26,-3.14333,35.61567,maroni,HYC,1,A-056,,WP,,"2a, 5s, 2a",,,,,NA,,,while l close to dh,,n,,
2005-07-05,18:55,-3.14333,35.61567,maroni,HYC,1,A-093,,WP,,"1b, 1a, 8s, 4a, 1t","1b, 1a, 1s",none,"7s, 4a, 1t",au_20050705_1855_M,Tape_N06,00:04,ok,reply to wp from about 500m away,,y,a bit far away,
2005-07-05,19:02,-3.14333,35.61567,maroni,HYC,2,A-056,,WP,,"1b, 3a, 3s, 5a","1b, 1a",none,"2a, 3s, 5a",au_20050705_1902_M,Tape_N06,01:10,good,"maybe reply to A-093, at least two cubs whooping at the same time",,y,"cub starts wp during wp of A-056, close at beginning, then started wa away",
2005-07-07,18:40,-3.14873,35.51888,amrit,HYC,1,M-041,,WP,,"8a, 1t",,,,,NA,,,while l at den,,y,,
2005-07-07,18:54,-3.14873,35.51888,amrit,HYC,1,X-017,,WP,,"1a, 5s, 1t","1a, 1s",none,"4s, 1t",au_20050707_1854_A,Tape_N06,02:42,good,"after ap den and interacting with others, while wa away from den again",,n,"8m away in the beginning, then wa away",
2005-07-08,8:56,-3.19888,35.61991,p,HYC,1,F-080,,WP,,"1a, 2s, 12a",1a,none,"2s, 12a",au_20050708_0856_N,Tape_N06,03:14,ok,"after meeting ngoitokitoks and interacting with S-085 + N-082 during intrusion, while wa towards t -terr",intrusion,n,"first 30m away, then wa away quite quickly so sound fades away, bird song",
2005-07-09,18:04,-3.18019,35.58102,p,HYC,1,A-150,,WP,,"4s, 5a",,,,,NA,,,"after interacting with a-146 + a-128, a-146 gu",l-terr,n,,
2005-07-09,18:08,-3.18019,35.58102,p,HYC,1,A-146,,WP,,"1b, 1a, 4s, 1t",,,,,NA,,,"after pa (with gland not out) and sg together with a-150, after wp a-128 gu, a-150 + a-146 wa p tu, a-128 joins",l-terr,n,,
2005-07-13,18:43,-3.16900,35.55883,locki,HYC,1,M-104,,WP,,"5a, 2s, 2a, 1t",4a,none,"1a, 2s, 2a, 1t",au_20050713_1843_L,Tape_N06,05:37,ok,"after ap den area and meeting L-160, L-102 + L-180 who le den area prob to go hunting",,n,"about 20m away, behind vehicle",
2005-07-18,17:37,-3.14873,35.51888,amrit,HYC,1,A-151,,WP,,"3s, 5a",,,,,NA,,,"while l 5m from a-119 (su cub), when a-116 ap and passes 8m away",,n,returning male,
2005-08-08,6:40,-3.16231,35.56209,lagos,HYC,1,L-218,,WP,,"3a, 3s, 1a",,,,,NA,,,"after entering den area and ap tu l-160, while standing next to l-160",,n,,
2005-08-08,6:43,-3.16231,35.56209,lagos,HYC,1,L-218,,WP,,"3a, 3s, 2a, 1t, 3a, 1t",,,,,NA,,,"after interacting with l-160, while ap l-013 together with l-185, shortly afterwards, l-102 + other adf ap den area and l-160 hides in dh",,n,,
2005-08-22,18:25,resting place close to hippo pool,,p,HYC,1,L-102,,WP,,"1b, 2a, 1s, 6a, 1t",,,,,NA,,,after getting up and ap other lemalas at resting place,,n,,
2005-08-28,18:37,-3.15718,35.56513,p,HYC,1,L-160,,WP,,"3a, 7s, 2a, 1s, 1t",,,,,NA,,,while wa away,periphery of limit den,very far away,,
2005-09-03,9:01,-3.18100,35.49772,fear,HYC,1,L-082,,WP,,5s,,,,,NA,,,several other adm and adf forests around at this den,,n,,
2005-09-09,8:01,-3.18227,35.49811,fort,HYC,1,L-083,,WP,,"1b, 5a, 1s, 1a, 1t",,,,,NA,,,"after interacting with f-006, f-094 + cubs at den, while le den area",,n,,
2005-09-09,8:59,-3.19387,35.50214,mounds,HYC,1,L-083,,WP,,"1b, 7a, 1s",,,,,NA,,,while wa around in terr with f-006 + f-113,,n,,
2005-09-12,7:41,-3.15801,35.55291,p,HYC,1,L-164,,WP,,"7s, 2a",,,,,NA,,,"after arriving close to 2 li adm at carc, many other lemalas around","kill, close to hippo pool",n,,
2005-09-15,6:49,-3.15804,35.59606,p,HYC,1,M-174,,WP,,"2a, 2s, 5a",,,,,NA,,,"during encounter with engitatis, recruitment","kill, boundary between engitatis and munges",y,,
2005-09-15,6:50,-3.15804,35.59606,p,HYC,1,E-094,,WP,,"1b, 2a, 3s, 1t",,,,,NA,,,"during encounter with engitatis, recruitment","kill, boundary between engitatis and munges",y,,
2005-09-15,6:54,-3.15804,35.59606,p,HYC,1,T-091,,WP,,"1a, 3s, 1a, 1a, 3a",,,,,NA,,,"during encounter with engitatis, recruitment","kill, boundary between engitatis and munges",y,,
2005-09-15,6:55,-3.15804,35.59606,p,HYC,1,E-090,,WP,,"1a, 5s, 1a",1a,none,"5s, 1a",au_20050915_0655_M,Tape_N06,06:37,good,"during encounter with engitatis, recruitment","kill, boundary between engitatis and munges",y,"about 60m away, starts wp just after T-091 finished, loud birds",
2005-09-16,7:02,-3.18546,35.60619,p,HYC,1,N-110,,WP,,"1b, 11a",,,,,NA,,,"during boundary patrol, after meeting lions",close to bent in road,n,,
2005-09-18,7:36,-3.18711,35.56830,p,HYC,1,A-151,,WP,,"1b, 4s, 1a, 1t",,,,,NA,,,while wa away after lemalas and shambas encounter at boundary,boundary between lemalas and shambas,y,reply from s-terr by prob shamba member,
2006-01-29,7:09,-3.17667,35.57533,look,HYC,1,M-104,,WP,,"7a, 1t",,,,,NA,,,"after sf sh of l-146, then sg",,n,,
2006-01-30,8:08,-3.13736,35.52629,p,HYC,1,A-081,,WP,,"11a, 1t",,,,,NA,,,while waiting with other airstrips close to 1 li adm + 1 li adf at eland carc,while waiting with other airstrips close to 1 li adm + 1 li adf at eland carc,n,,
2006-01-30,8:08,-3.13736,35.52629,p,HYC,1,A-081,,WP,,"11a, 1t",,,,,NA,,,while waiting with other airstrips close to 1 li adm + 1 li adf at eland carc,while waiting with other airstrips close to 1 li adm + 1 li adf at eland carc,n,,
2006-02-02,8:27,-3.19191,35.60447,p,HYC,1,L-127,,WP,,"1b, 7a, 1s, 1t",,,,,NA,,,"while wa around by himself, was at den before and fo adf when they wa away",between s-curve and niukje river,n,,
2006-02-02,8:27,-3.19191,35.60447,p,HYC,1,L-127,,WP,,"1b, 7a, 1s, 1t",,,,,NA,,,"while wa around by himself, was at den before and fo adf when they wa away",between s-curve and niukje river,n,,
2006-02-05,18:20,-3.16226,35.56215,lagos,HYC,1,M-139,,WP,,"1a, 5s, 1a",,,,,NA,,,while wa away,,n,,
2006-02-05,18:20,-3.16226,35.56215,lagos,HYC,1,M-139,,WP,,"1a, 5s, 1a",,,,,NA,,,while wa away,,n,,
2006-02-07,7:50,-3.23933,35.53549,p,HYC,1,X-041,,WP,,"12a, 1t",,,,,NA,,,after le den area and wa towards rim,,n,,
2006-02-12,8:13,-3.14770,35.63167,p,HYC,1,E-094,,WP,GN,"2a, 7s",none,none,"2a, 7s",au_20060212_0813_M,Tape_N06,07:52,excellent,"while close to lioness at kill, other munges around","kill, interaction with LI",y,"was l 15m from microphone while WP, WP in direction of microphone",
2006-02-12,8:13,-3.14770,35.63167,p,HYC,2,M-212,,WP,GN,"2a, 3s, 1t",none,none,"2a, 3s, 1t",au_20060212_0813_M,Tape_N06,09:00,excellent,"while close to lioness at kill, other munges around, joined in while e-094 wp","kill, interaction with LI",y,about 30m from microphone,
2006-02-12,8:36,-3.14770,35.63167,p,HYC,1,E-094,,WP,,"1a, 7s",,,,,NA,,,"while close to lioness at kill, other munges around",kill,n,,
2006-02-12,8:46,-3.14770,35.63167,p,HYC,1,M-152,,WP,,"7s, 2a",,,,,NA,,,"while close to lioness at kill, other munges around",kill,n,,
2006-02-12,8:47,-3.14770,35.63167,p,HYC,1,M-100,,WP,,"8a, 1t",1a,none,"7a, 1t",au_20060212_0847_M,Tape_N06,10:19,excellent,"while close to lioness at kill, other munges around","kill, interaction with LI",n,about 40m from microphone,
2006-02-12,8:53,-3.14770,35.63167,p,HYC,1,M-180,,WP,"GN, LA","2a, 3s, 7a, 1t",none,none,"2a, 3s, 7a, 1t",au_20060212_0853_M,Tape_N06,11:18,excellent,"while close to lioness at kill, other munges around","kill, interaction with LI",n,"wp together with E-094, E-094 closer to microphone",
2006-02-12,8:53,-3.14770,35.63167,p,HYC,2,E-094,,WP,"GN, LA","6a, 1s, 1a, 4s",none,none,"6a, 1s, 1a, 4s",au_20060212_0853_M,Tape_N06,11:18,excellent,"while close to lioness at kill, other munges around","kill, interaction with LI",n,"wp together with M-180, E-094 closer to microphone",
2006-02-12,8:53,-3.14770,35.63167,p,HYC,3,M-152,,WP,"GN, LA","2a, 4s, 1a",none,none,"2a, 4s, 1a",au_20060212_0853_M,Tape_N06,12:59,ok,"while close to lioness at kill, other munges around","kill, interaction with LI",n,"after her wp some sounds from lioness that attacked, sound interference with phone",
2006-02-12,9:05,-3.14770,35.63167,p,HYC,1,M-100,,WP,GN,14a,1a,none,13a,au_20060212_0905_M,Tape_N06,14:49,excellent,"while close to lioness at kill, other munges around","kill, interaction with LI",n,,
2006-02-12,9:05,-3.14770,35.63167,p,HYC,2,M-231,,WP,,"3s, 1a",none,none,"3s, 1a",au_20060212_0905_M,Tape_N06,15:23,excellent,"while close to lioness at kill, other munges around","kill, interaction with LI",n,joins M-100 after 13th a (including the one that we missed),
2006-02-12,9:12,-3.14770,35.63167,p,HYC,1,E-094,,WP,,"6s, 5a",,,"3s, 2a",,NA,,,"while close to lioness at kill, other munges around",kill,n,,
2006-02-12,9:17,-3.14770,35.63167,p,HYC,1,M-226,,WP,,"3s, 2a",none,none,"3s, 2a",au_20060212_0917_M,Tape_N06,15:51,good,"while close to lioness at kill, other munges around","kill, interaction with LI",n,,
2006-02-12,9:17,-3.14770,35.63167,p,HYC,2,E-094,,WP,,"2a, 6s, 2a, 1s, 1t","2a, 1s",none,"5s, 2a, 1s, 1t",au_20060212_0917_M,Tape_N06,16:27,excellent,"while close to lioness at kill, other munges around","kill, interaction with LI",n,,
2006-02-12,9:19,-3.14770,35.63167,p,HYC,1,E-094,,WP,,"2s, 1a, 9s, 1a, 3s",none,none,"2s, 1a, 9s, 1a, 3s",au_20060212_0919_M,Tape_N06,17:03,excellent,"while close to lioness at kill, other munges around","kill, interaction with LI",n,,
2006-02-12,9:31,-3.14770,35.63167,p,HYC,1,M-148,,WP,,unknown,,,no,,NA,,,"while close to lioness at kill, other munges around",kill,n,,
2006-02-12,9:32,-3.14770,35.63167,p,HYC,1,M-100,,WP,,unknown,,,no,,NA,,,"while close to lioness at kill, other munges around",kill,n,,
2006-02-12,9:33,-3.14770,35.63167,p,HYC,1,M-100,,WP,,unknown,,,no,,NA,,,"while close to lioness at kill, other munges around",kill,n,,
2006-02-12,9:33,-3.14770,35.63167,p,HYC,1,E-094,,WP,,"4a, 5s, 2t",,,,,NA,,,"while close to lioness at kill, other munges around",kill,n,,
2006-02-12,9:40,-3.14770,35.63167,p,HYC,1,M-148,,WP,,"5a, 1s, 1a, 2t",5a,none,"1s, 1a, 2t",au_20060212_0940_M,Tape_N06,18:02,good,"while close to lioness at kill, other munges around","kill, interaction with LI",n,a bit far away,
2006-02-12,9:48,-3.14770,35.63167,p,HYC,1,M-226,,WP,"GN, LA",NA,none,none,NA,au_20060212_0948_M,Tape_N06,18:26,good,"while close to lioness at kill, other munges around","kill, interaction with LI",n,"M-226 identified as potential vocaliser; others around are: E-094, M-212, M-100, M-180, M-152, M-231, M-148",
2006-02-12,9:50,-3.14770,35.63167,p,HYC,1,M-100,,WP,,unknown,,,no,,NA,,,"while close to lioness at kill, other munges around",kill,n,,
2006-02-12,18:04,-3.19723,35.51551,p,HYC,1,L-082,,WP,,"7s, 1a",,,,,NA,,,"after meeting F-008, while wa around in territory",,n,close to miti mitatu,
2006-02-12,18:57,-3.19467,35.49950,furahi,HYC,1,F-006,,WP,,"7s, 1a, 1s, 1a",,,,,NA,,,while l at den,,n,,
2006-02-15,8:21,-3.17698,35.57535,look,HYC,1,S-042,,WP,,"2a, 4s, 2a, 1t",,,,,NA,,,while wa away,,n,,
2006-02-28,18:06,,,lush,HYC,1,M-104,,WP,,"7a, 2s, 1t",,,,,NA,,,,,n,,
2006-03-25,9:34,-3.15083,35.58400,echo,HYC,1,E-043,,WP,,"1b, 5s, 2a",,,,,NA,,,"after coming to den and entering dh, gn, while wa away from den area",,n,,
2006-03-31,7:22,-3.17745,35.60109,,HYC,1,M-225,,WP,,6a,,,,,NA,,,while wa around 2 sadm li at remains of wi carc,close to 2sadm lions at kill,y,,
2006-03-31,7:22,-3.17745,35.60109,,HYC,1,M-212,,WP,,"1b, 1a, 1s, 1a, 3s, 1t",,,,,NA,,,while wa around 2 sadm li at remains of wi carc,close to 2sadm lions at kill,n,,
2006-04-06,6:54,-3.18292,35.61070,,HYC,1,N-110,,WP,,8a,,,,,NA,,,"while wa around not far from li at kill, after wp harassed by several males",LI at kill,n,,
2006-04-18,7:18,-3.19225,35.50346,p,HYC,1,M-141,,WP,,"11a, 1t",,,,,NA,,,prob after le den area,between furahi den and lake,n,,
2006-08-28,18:42,-3.14623,35.61762,mozart,HYC,1,A-056,,WP,,"1b, 1a, 8s, 1t",,,,,NA,,,"after interacting with a-093 and adf, 2m from m-147 (l)",,y?,,
2006-08-28,18:44,-3.14623,35.61762,mozart,HYC,1,A-093,,WP,,"1b, 1a, 7s, 1t, 1a, 1t",,,,,NA,,,"reply to a-056? while l 60m from den, a-056 gu and wa 5m in direction of a-093 while a-093 wp",,n,,
2006-09-07,6:38,-3.17387,35.62020,p,HYC,1,S-087,,WP,,"5a, 1t",,,,,NA,,,"gu and wp after l together with l-090 + n-102, while wp ap n-102 (l), rubs head on her head",between moram hill and niukie river,n,,
2006-09-07,10:10,-3.17288,35.57787,p,HYC,1,A-137,,WP,,"1b, 3a, 3s, 1a, 1t",,,,,NA,,,while wa around in territory,in shamba ya fisi,n,,
2006-09-11,18:47,400m south of shumli 2,,p,HYC,1,,,WP,,"5s, 2a",,,,,NA,,,while wa through territory,,n,"m-144 (standing at den with cubs) turns, looks in direction of whoop, listens and wa towards whooping hy",
2006-09-12,7:19,-3.15707,35.59120,p,HYC,1,M-236,,WP,,6s,,,,,NA,,,"after m-203 + m-204 sv m-236, close to 2sadm li at kill","kill, on scratching rocks triangle",n,,
2006-09-12,7:23,-3.15707,35.59120,p,HYC,1,M-203,,WP,,"1b, 2a, 1s, 1a, 1s, 1a, 1t",,,,,NA,,,"after gu, close to 2sadm li at kill","kill, on scratching rocks triangle",n,,
2006-09-12,9:10,-3.15707,35.59120,p,HYC,1,M-203,,WP,,4a,,,,,NA,,,"after li gu, wa 15m from kill and sh","kill, on scratching rocks triangle",n,,
2006-09-19,18:41,-3.20572,35.57724,shumli,HYC,1,M-144,,WP,,"1a, 3s",,,,,NA,,,"reply to whoop from distance (towards ngoitokitok), while l close to dh, stops whoop because other whoop from distance (from direction l-terr), then wa towards wp from direction l-terr",,y,,
2006-10-31,18:32,-3.15710,35.61296,Mango,HYC,1,A-093,,WP,,"1a, 9s, 12a, 1t",,,,,NA,,,while l 20m from den,,n,,
2007-02-18,7:29,-3.14707,35.64089,p,HYC,1,M-183,,WP,,"1s, 7a",,,,,NA,,,while l on floor close to li at carc,"kill, above Waeldli",y,reply from about 1km away on plain between moram and munge river,
2007-02-23,7:36,-3.18650,35.62533,nero,HYC,1,A-122,,WP,,"8a, 1t",,,,,NA,,,,,y,,
2007-02-23,7:36,-3.18650,35.62533,nero,HYC,1,T-099,,WP,,4a,,,,,NA,,,,,n,,
2007-03-03,9:16,-3.16207,35.61190,,HYC,1,T-091,,WP,,"1b, 1a, 7s",,,,,NA,,,while wa away from carc after feeling uncomfortable at carc in m-terr but with more lemalas than munges,close to bu carc,n,,
2007-03-21,6:47,-3.15064,35.58428,p,HYC,1,M-188,,WP,,"2a, 5s, 3a",,,,,NA,,,after wa through territory and meeting e-085 (cw on bone),,n,close to scratching rocks hill,
2007-03-28,6:46,-3.18650,35.62533,nero,HYC,1,M-097,,WP,,"2a, 9s, 1t",,,,,NA,,,while l close to den with several females and sad,,n,,
2007-03-28,7:41,-3.18650,35.62533,nero,HYC,1,M-097,,WP,,"1a, 9s, 1t",,,,,NA,,,"while l, after fo n-108 for 30m and ld, then gu and fo n-108 + n-115 again",,n,,
2007-03-28,8:09,-3.18650,35.62533,nero,HYC,1,F-080,,WP,,unknown,,,no,,NA,,,while le den area (loaping),,y,,
2007-03-28,8:09,-3.18650,35.62533,nero,HYC,1,M-097,,WP,,unknown,,,no,,NA,,,"reply to f-080, while ap den area",,y,,
2007-03-28,8:10,-3.18650,35.62533,nero,HYC,1,S-085,,WP,,unknown,,,no,,NA,,,while le den area (loaping),,y?,,
2007-03-28,8:15,just outside den area,,p,HYC,1,A-122,,WP,,"1a, 3s, 4a",,,,,NA,,,while wa away from den area,,n,,
2007-04-06,7:05,-3.14983,35.58050,enjere,HYC,1,E-006,,WP,,"1a, 10s, 1t",,,,,NA,,,"while l at den with other females, prob heard something, is very alert, excited, groaning almost constantly",,n,,
2007-04-06,7:25,-3.14983,35.58050,enjere,HYC,1,E-006,,WP,,"4a, 7s",,,,,NA,,,after and before gn a lot and wa around with tu,,n,,
2007-05-18,6:41,-3.17114,35.61080,p,HYC,1,S-084,,WP,,unknown,,,no,,NA,,,,"at lion kill with 10 li and 5 munges, in m-terr",n,,
2007-05-19,7:30,-3.18100,35.58183,Lupo,HYC,1,L-282,,WP,,6a,,,,,NA,,,when l-153 + 4 cubs le den,,n,,
2007-05-21,6:38,-3.18650,35.62533,nero,HYC,1,A-122,,WP,,"1b, 2a, 2s, 8a",,,,,NA,,,while wa around in den area,,n,,
2007-05-24,8:06,-3.14983,35.58050,enjere,HYC,1,M-170,,WP,,10a,,,,,NA,,,"while l 50m from den with several adf and cubs, may be reply to several previous wp from distance",,n,,
2007-06-09,7:17,-3.20591,35.62260,p,HYC,1,L-090,,WP,,"12a, 1t",,,,,NA,,,"while fo n-128 together with x-025, n-123, s-085, n-133? x-025 (mouting/shadowing n-128) ap th l-090 while l-090 is wp",centre of n-terr,n,,
2007-06-17,7:08,-3.16316,35.60426,murgi,HYC,1,A-056,,WP,,"3a, 3s, 8a, 1t",,,,,NA,,,while le den area,,n,,
2007-06-21,6:50,-3.14983,35.58050,enjere,HYC,1,M-136,,WP,,"1b, 1a, 1s, 1a, 1s, 4a, 2s, 1t",,,,,NA,,,"reply to several whoops from distance where engitatis have an encounter with lemalas over a wi carc, while at den with several adf and cubs",wi carc and boundary clash,n,,
2007-06-21,7:00,-3.14983,35.58050,enjere,HYC,1,M-136,,WP,,"2a, 2s, 1a, 1s, 2a, 1s, 1a, 1s, 1a, 1t",,,,,NA,,,"reply to several whoops from distance where engitatis have an encounter with lemalas over a wi carc, while at den with several adf and cubs, e-116 + e-101 join with wp",wi carc and boundary clash,y,,
2007-06-21,7:31,-3.14983,35.58050,enjere,HYC,1,E-124,,WP,,"1b, 2a, 3s, 1a",,,,,NA,,,reply to several whoops from distance where engitatis have an encounter with lemalas over a wi carc,wi carc and boundary clash,n,,
2007-07-04,7:57,-3.16900,35.55883,locki,HYC,1,L-133,,WP,,"3s, 1a, 2s, 2a, 1t",,,,,NA,,,after trying to su her two cubs but harassed and then lu by l-205,,n,,
2007-11-20,6:57,-3.16250,35.61567,moll,HYC,1,E-094,,WP,,"1a, 4s, 2a, 1t",,,,,NA,,,"after ap den and greeting cubs, while le den area",,n,,
2007-11-23,6:44,-3.16250,35.61567,moll,HYC,1,L-126,,WP,,"9a, 1t",,,,,NA,,,"while le den area, only cubs at den",,n,,
2007-11-26,7:28,-3.16045,35.56874,p,HYC,1,M-139,,WP,,"6s, 3a,1t",,,,,NA,,,"resting 30m next to carc, where some l ea","kill, close to crossing to scratching rocks",n,,
2007-12-14,6:45,-3.16483,35.61033,Micky,HYC,1,A-093,,WP,,"1a, 6s",,,,,NA,,,"while l at den, many muges around, reply to whoop from distance",,n,,
2007-12-26,8:05,-3.15733,35.56500,limit,HYC,1,M-193,,WP,,"3s, 3a, 1t",,,,,NA,,,after interacting with l-187 at den and while wa away from den together with m-104 + l-171,,n,,
2007-12-29,9:23,-3.15733,35.56500,limit,HYC,1,,prob L-304,WP,,"1a, 4s",,,,,NA,,,5 min after L-187 le den and did not su L-304 although it wh heavily,,n,,
2008-01-09,7:08,-3.16684,35.62718,p,HYC,1,X-066,,WP,,"1a, 3s, 4a",,,,,NA,,,"was l, heard wp from distance, gu wa in direction of whoop and wp",close to niukye river,y,,
2008-01-11,6:37,-3.18650,35.62533,nero,HYC,1,X-025,,WP,,unknown,,,no,,NA,,,while wa away from den,,n,,
2008-01-19,7:01,-3.16215,35.60102,p,HYC,1,F-100,,WP,,"1b, 5s, 1a, 1t",,,,,NA,,,"after meeting other munges at kill, while wa away from kill",kill,y,,
2008-01-19,7:22,-3.16294,35.60220,p,HYC,1,E-131,,WP,,"2a, 6s",,,,,NA,,,reply to a male,kill,y,,
2008-01-19,7:23,-3.16294,35.60220,p,HYC,1,F-100,,WP,,8s,,,,,NA,,,,kill,y,,
2008-01-24,7:20,-3.16190,35.60823,p,HYC,1,E-094,,WP,,"2a, 3s, 2a, 1t",,,,,NA,,,"while wa around with m-147, m-282, m-283, m-267, n-047 also around",,n,,
2008-01-24,7:25,-3.15775,35.59945,p,HYC,1,M-226,,WP,,unknown,,,no,,NA,,,"while wa around in m-terr close to m-091, e-131, l-190 (intrusion)","returning male, intrusion",n,,
2008-01-25,8:02,-3.16573,35.57577,lego 3,HYC,1,A-128,,WP,,"1a, 6s, 1a",,,,,NA,,,"shile l 90m from dh, after ap den and shortly sf adf",,n,,
2008-01-27,9:07,-3.16573,35.57577,lego 3,HYC,1,X-061,,WP,,"2a, 7s",,,,,NA,,,"while wa away from dern area, after ap dh with adf up to 5m and sf",,n,,
2008-01-30,6:56,-3.17788,35.63333,nyuki,HYC,1,N-044,,WP,,"2a, 6s, 1a",,,,,NA,,,while standing 50m from dh,,n,,
2008-02-11,7:21,-3.17564,35.56102,p,HYC,1,A-146,,WP,,"1b, 5s, 1a",,,,,NA,,,"after interacting with other males, pasting and soft baiting of l-133",,n,,
2008-02-12,7:23,-3.15848,35.62359,p,HYC,1,M-243,,WP,,"4s, 4a",,,,,NA,,,"while wa around in terr, ap remains of carc",kill,n,,
2008-02-13,7:21,-3.15398,35.58627,p,HYC,1,L-148,,WP,,"1a, 3s, 1t",,,,,NA,,,while l 70m from group of engitatis,,n,,
2008-02-14,8:05,-3.16900,35.55883,locki,HYC,1,L-153,,WP,,"8s, 1t",,,,,NA,,,while leaving den area,,n,,
2008-02-16,7:08,-3.17154,35.61474,p,HYC,1,M-274,,WP,,"9a, 1t",,,,,NA,,,after m-254 takes over skin from t-111,kill,n,,
2008-02-16,9:31,-3.16900,35.55883,locki,HYC,1,E-089,,WP,,"9s, 1t",,,,,NA,,,while wa around in den area,,n,,
2008-03-14,6:26,-3.17151,35.61879,p,HYC,1,E-094,,WP,,"1b, 2a, 6s, 1t",,,,,NA,,,"while standing next to m-232 cw on bones, and other munges, prob reply to wp from n-terr","kill, triangle close to moram hill",y,,
2008-03-18,7:20,-3.18100,35.58183,lupo,HYC,1,L-187,,WP,,5a,,,,,NA,,,after being bi in bk by l-141 several times,,n,,
2008-03-30,8:21,-3.17772,35.63089,nyuki,HYC,1,N-044,,WP,,"10a, 1t",,,,,NA,,,"while le den area, wa to resting place",,n,,
2008-04-06,7:00,-3.16900,35.55883,locki,HYC,1,M-139,,WP,,"7s, 8a, 1t",,,,,NA,,,while l at periphery after being next to l-160 (su 2 cubs) at dh,,n,,
2008-04-06,7:17,-3.16900,35.55883,locki,HYC,1,M-139,,WP,,"2a, 4s, 7a, 1t",,,,,NA,,,back at dh from periphery,,n,,
2008-04-08,7:04,-3.17772,35.63089,nyuki,HYC,1,M-206,,WP,,"1a, 6s, 1a",,,,,NA,,,"while wa around in periphery of den area, several adf at remains of carc",carc,y,,
2008-04-10,8:28,-3.16900,35.55883,Locki,HYC,1,L-296,,WP,,"1b, 1a, 5s",,,,,NA,,,while l at den,,n,,
2008-04-20,6:28,-3.17014,35.61684,p,HYC,1,N-115,,WP,,"1b, 7a",,,,,NA,,,"after meeting s-114 + s-117, two prob new immigrants",,n,,
2008-09-21,8:08,-3.13218,35.51778,p,HYC,1,X-017,,WP,,2a 6s 2t,,,,,NA,,,while wa away from some f and m,,n,,
2008-10-24,8:35,-3.16900,35.55883,locki,HYC,1,A-146,,WP,,"1b, 5s, 1a",,,,,NA,,,"while le den area, but then ld just outside den area",,n,,
2008-11-10,10:23,-3.20285,35.53089,p,HYC,1,F-104,,WP,,"4a, 1t",,,,,NA,,,"while wa around after 5 shambas ap her and f-135 at resting place and she ap them, after which shambas re",source close to lerai forest,n,,
2009-05-26,8:10,-3.15113,35.51566,p,HYC,1,M-051,,WP,,"1b, 3a, 3s, 3a",,,,,NA,,,while wa around at re place with sevral males and females,,n,,
2009-05-29,7:31,-3.16959,35.63744,p,HYC,1,N-134,,WP,,"1b, 3s, 2a",,,,,NA,,,"at carc that ngoitokitoks took over from munges, munges still close",kill,n,,
2009-06-10,8:50,-3.18343,35.62397,p,HYC,1,A-122,,WP,,"2a, 1s, 4a, 1t",,,,,NA,,,"wa with m-194 and a-150 towards n-087, n-160, n-161 ",,n,,
2009-06-18,6:56,-3.21169,35.56306,p,HYC,1,S-105,,WP,,"1b, 11a, 1t",,,,,NA,,,,,n,,
2009-07-24,8:24,-3.19203,35.59962,p,HYC,1,M-232,,WP,,"3s, 3a",,,,,NA,,,while wa around with 8 ohther mungis after kill and boundary clash, after kill and boundary clash,n,,
2009-07-26,8:08,-3.15689,35.51405,asterix,HYC,1,L-095,,WP,,10a,,,,,NA,,,"while leaving den area, after gt a-230 and also a-250",,n,,
2009-08-05,17:37,-3.16250,35.61567,moll,HYC,1,F-100,,WP,,"1b, 7s, 1a",,,,,NA,,,"was re in periphery of den area for at laest 1h20min, then gu, ap adf + cubs at den, sf around and wa away, wp while le den area",,n,,
2009-08-07,7:36,-3.19050,35.61483,nama,HYC,1,N-162,,WP,,"1b, 9s",,,,,NA,,,after n-108 ap d and ld 30m from dh,,n,,
2009-08-08,7:42,,,e-083 birth,HYC,1,L-202,,WP,,"2a, 5s, 2t",,,,,NA,,,"after sf around adf close to dh, while about to le den area but them decides to ld 50m from dh",,n,,
2009-08-18,6:35,-3.16730,35.61415,p,HYC,1,L-131,,WP,,"7a, 1t",,,,,NA,,,while wa around with several adf,,n,,
2009-08-18,6:43,-3.16194,35.61193,p,HYC,1,M-122,,WP,,"1a, 1s, 1a, 1t",,,,,NA,,,"while standing close to remains of carc, other cw on it, she looking around, could have been reply",kill,y,,
2009-08-18,6:53,-3.16194,35.61193,p,HYC,1,M-122,,WP,,"2s, 2a, 1t",,,,,NA,,,"while standing close to remains of carc, other cw on it, she looking around, reply to other wp",kill,n,,
2009-08-18,7:22,-3.16194,35.61193,p,HYC,1,L-126,,WP,,"7a, 1t",,,,,NA,,,while wa away from other hy at carc,kill,n,,
2009-08-26,8:10,-3.19050,35.61483,nama,HYC,1,A-122,,WP,,"9a, 1t",,,,,NA,,,"after ap den and interacting with adf + cubs and pa, then wa around in den area",,n,,
2009-08-26,8:17,-3.19050,35.61483,nama,HYC,1,A-122,,WP,,"11a, 1t",,,,,NA,,,while le den area,,n,,
2009-08-27,7:09,-3.19050,35.61483,nama,HYC,1,M-214,,WP,,"7s, 2t",,,,,NA,,,"after interacting with adf and cubs, while le den area",,n,,
2009-08-29,7:04,-3.17394,35.61091,p,HYC,1,N-123,,WP,,"1b, 1a, 3s, 2a, 1t",,,,,NA,,,while ap n-125,,n,,
2009-12-30,9:20,-3.17689,35.57540,look,HYC,1,M-089,,WP,,"1b, 8a, 1t",,,,,NA,,,while wa away from den,,n,,
2010-01-02,7:42,-3.17695,35.62941,p,HYC,1,M-206,,WP,,"1a, 6s, 2t",,,,,NA,,,while wa in periphery of den,periphery of nyuki den,n,,
2010-01-06,9:43,-3.18267,35.49817,fort,HYC,1,A-123,,WP,,"1b, 1a, 3s, 1a",,,,,NA,,,while le den area,,n,,
2010-01-25,7:53,-3.17800,35.57730,p,HYC,1,A-150,,WP,,"2a, 4s, 3a",,,,,NA,,,"while wa in front of l-151, l-146 shifting their cubs",between losirua and look dens,n,,
2010-02-02,7:02,-3.17772,35.63089,nyuki,HYC,1,S-085,,WP,,"1b, 9a, 1t",,,,,NA,,,"4min after entering den area and interacting with adf, while le den area, while wp ap n-154, gt n-154, then le den area",,n,,
2010-02-05,6:49,,,,HYC,1,M-162,,WP,,"9a, 2t",,,,,NA,,,while wa around close to erratum den,,y,,
2010-02-05,6:49,,,,HYC,1,,,WP,,"3s, 1t",,,,,NA,,,while wa around close to erratum den,,y,,
2010-02-05,6:50,,,,HYC,1,L-227,,WP,,"4a, 1t",,,,,NA,,,while wa around close to erratum den,,y?,,
2010-02-05,6:53,,,,HYC,1,E-144,,WP,,"2a, 4s, 1a, 2s, 1a, 1s, 1t",,,,,NA,,,while wa around close to erratum den,,n,,
2010-02-05,7:10,,,p,HYC,1,E-144,,WP,,"3a, 3s, 5a, 1t",,,,,NA,,,"after ch wi calf with others, may be reply to other wp from distance",,y,,
2010-02-05,7:10,,,p,HYC,1,M-162,,WP,,4a,,,,,NA,,,"after ch wi calf with others, reply to wp from distance and wp by e-144, starts while e-144 still wp",,n,,
2010-02-15,8:02,-3.14948,35.56958,essig,HYC,1,E-192,,WP,,"1a, 5s",,,,,NA,,,"while wa from essig den to puddle/resting place, 120m from essig den, all adults (e-006, e-116, e-144, e-171) gu and lo to e-192, all le den area together and ld together at puddle/resting place",,n,,
2010-02-21,6:38,,,p,HYC,1,L-131,,WP,,"1b, 6a, 1t",,,,,NA,,,"while wa around in terr, while ap m-183 (also wa around)",,n,,
2010-03-09,7:21,-3.17737,35.50854,p,HYC,1,A-198,,WP,,6a,,,,,NA,,,"while wa around in terr, ap other forests",close to seneto spring,n,,
2010-03-25,6:55,-3.17574,35.58448,p,HYC,1,M-244,,WP,,"1b, 10a, 1t",,,,,NA,,,"while wa away from leguan den (no adf or cubs at den), could be reply to wp from quite far away",close to leguan den,n,,
2010-03-25,6:55,-3.17574,35.58448,p,HYC,1,M-244,,WP,,"1b, 10a, 1t",,,,,NA,,,"while wa away from leguan den (no adf or cubs at den), could be reply to wp from quite far away",close to leguan den,,,
2010-04-03,7:34,-3.16900,35.55883,locki,HYC,1,L-258,,WP,,8a,,,,,NA,,,after being bi by l-206,,n,,
2010-04-04,7:59,-3.18193,35.60130,p,HYC,1,M-254,,WP,,8a,,,,,NA,,,"sees 3 ngoitokitoks intruding, ap them, sf their scent when about 150m away and immediately starts whooping",intrusion,n,"in m-terr but shambas in this area for several weeks now, so must think that this is their territory",
2010-04-04,8:00,-3.17901,35.60652,p,HYC,1,M-254,,WP,,about 12a,,,,,NA,,,after meeting 3 ngoitokitoks and while ap group of shambas,"in m-terr but shambas in this area for several weeks now, so must think that this is their territory",n,,
2010-04-04,8:20,-3.16900,35.55883,locki,HYC,1,L-245,,WP,,6a,,,,,NA,,,after ap l-187 and being lu and bi by l-187,,n,,
2010-04-26,8:20,resting place close to lake,,p,HYC,1,A-198,,WP,,"1b, 9a",,,,,NA,,,"after re and gu and ap group of other forests (several males), after wp, a-198 is ap by a-199 and a-199 puts ch bk a-198",,n,,
2010-04-27,8:43,-3.19927,35.52342,,HYC,1,A-199,,WP,,"1a, 4s, 3a, 1t",,,,,NA,,,wa around close to remains of 2 ad wi kills,at kill with other f,n,,
2010-04-27,8:58,-3.19927,35.52342,,HYC,1,F-006,,WP,,"1a, 1s, 5a",,,,,NA,,,wa around close to remains of 2 ad wi kills,at kill with other f,n,,
2010-04-27,9:03,-3.19927,35.52342,,HYC,1,F-097,,WP,,7a,,,,,NA,,,wa around close to remains of 2 ad wi kills,at kill with other f,y,,
2010-04-27,9:03,-3.19927,35.52342,,HYC,1,F-132,,WP,,"1b, 7a",,,,,NA,,,wa around close to remains of 2 ad wi kills,at kill with other f,n,,
2010-04-27,9:07,-3.19927,35.52342,,HYC,1,A-199,,WP,,"1b, 4s, 1t",,,,,NA,,,wa around close to remains of 2 ad wi kills,at kill with other f,n,,
2010-10-10,8:45,-3.16900,35.55883,Locki,HYC,1,E-089,,WP,,"11a, 1t",,,,,NA,,,while l at den,,n,,
2010-10-18,7:37,-3.19050,35.61483,nama,HYC,1,A-122,,WP,,"2a, 3s, 4a",,,,,NA,,,"after ap den and interacting with adf + cubs, while le den area",,n,,
2010-10-21,8:53,-3.19083,35.61483,nioka,HYC,1,M-194,,WP,,"1a, 3s, 2a",,,,,NA,,,"after ap adf at den, while le den area but after wp return to den",,n,,
2010-10-21,9:09,-3.19540,35.60662,p,HYC,1,M-194,,WP,,"2a, 2s, 5a",,,,,NA,,,"after wa from den (see above) to this resting place, shortly sf n-171 who has already been resting here",,n,,
2010-10-21,9:22,-3.19540,35.60662,p,HYC,1,M-194,,WP,,"2a, 3a, 1s, 1t",,,,,NA,,,after gu from this location and lo towards ngoitokitok picknick place,,n,,
2010-10-31,7:10,-3.19083,35.61483,nioka,HYC,1,N-125,,WP,,"1b, 5a, 1t",,,,,NA,,,after some n loaped away and wp,,"some n wp in distance, difficult to say whether reply",,
2010-11-06,7:36,-3.16872,35.55862,Locki,HYC,1,A-146,,WP,,"1b, 6s, 1t",,,,,NA,,,while l 50m from dh,,n,,
2010-11-13,6:40,-3.19083,35.61483,nioka,HYC,1,N-082,,WP,,"1b, 11a, 1t",,,,,NA,,,"after interacting with adf (su) and cubs, whil standing in den area",,y,,
2010-11-13,6:41,-3.19083,35.61483,nioka,HYC,1,N-109,,WP,,"12a, 1t",,,,,NA,,,reply to wp from n-082,,n,,
2010-11-26,6:42,-3.14395,35.53706,p,HYC,1,L-095,,WP,,"1b, 11a, 1t",,,,,NA,,,wa around at carcass spot,kill,n,,
2010-12-14,8:22,periphery of fix den,,p,HYC,1,T-116,,WP,,"1b, 4a, 2s, 1t",,,,,NA,,,while wa away from den,,n,,
2010-12-22,7:33,-3.18594,35.63727,p,HYC,1,M-228,,WP,,"8s, 1t",,,,,NA,,,"while ap resting place, fo by n-150",close to resting place,n,,
2010-12-22,13:50,-3.18891,35.62389,p,HYC,,,,WP,,see video,,none,see video,,video,,,mobbing lion(s)/recruiting at kill,mobbing lion(s)/recruiting at kill,y,,
2011-01-04,6:57,-3.18650,35.62533,nero,HYC,1,M-228,,WP,,"1b, 7s, 1a",,,,,NA,,,while le den area,,n,,
2011-01-09,8:20,-3.20236,35.52065,fix,HYC,1,A-185,,WP,,"13a, 1t",,,,,NA,,,while le den area,,n,,
2011-01-09,9:13,-3.20236,35.52065,fix,HYC,1,A-124,,WP,,"1a, 5s, 5a, 1t",,,,,NA,,,reply to wp by other hy to which a-185 reply while lo to carcass,carc,n,,
2011-01-09,10:20,-3.20257,35.52162,p,HYC,1,A-124,,WP,,"1b, 15a",,,,,NA,,,"after lying close to f-107, f-118 + f-006 (su) for a long time, looks into direction of wp from before. there is a carc in the shamba area to which two other hy went after the wp from before",at resting place close to fix den,n,,
2011-01-10,06:54,-3.16900,35.55883,locki,HYC,1,A-137,,WP,,"2a, 2s, 2a, 1t",,,,,NA,,,while le den area,,n,,
2011-01-10,07:36,-3.20236,35.52065,fix,HYC,1,A-142,,WP,,"1a, 6s, 4a, 1t",,,,,NA,,,"after ap den area, passing adf + sf a-123",,n,,
2011-02-18,08:30,-3.14660,35.52200,argos 3,HYC,1,L-196,,WP,,"2a, 5s, 4a",,,,,NA,,,while wa around in peripherie,,n,,
2011-03-03,08:37,-3.20359,35.57177,p,HYC,1,M-197,,WP,,"1a, 8s, 1t, 2a",,,,,NA,,,"after interacting with m-158 + m-181, then with s-105, pa, and ld when all others left. m-286 ap m-197 while m-197 wp and stands to gt",,n,,
2011-03-05,06:56,-3.19745,35.57457,p,HYC,1,M-271,,WP,,see video,,none,see video,vi_20110305_0656_S,video,,,"shortly before m-158,m-197,m-254 made a coalition against m-271, then m-271 and m-254 greeted.m-271 whooped while walking away and LD a bit further.",,"? Heard whoops a few minutes later, quite far and  coming from the den area or lemala clan",,
2011-03-10,07:58,-3.19394,35.62115,p,HYC,1,X-025,,WP,,"3a, 5s, 3a",,,,,NA,,,"after harassing n-128 together with other males, while wa away",,n,,
2011-03-10,08:09,-3.19302,35.61803,p,HYC,1,M-206,,WP,,"3s, 1a, 1t",,,,,NA,,,"after harassing n-128 together with other males, while wa away",,n,,
2011-03-11,09:10,-3.17021,35.55682,p,HYC,1,A-150,,WP,,"1a, 4s, 3a, 1t",,,,,NA,,,"while wa from one resting place to other, just after listening to prob other whoop",,n,,
2011-03-13,08:09,,,,HYC,,E-089,,WP,,,,,,vi_20110313_0809_L,,,,,,,,
2011-07-20,09:29,-3.19747,35.60485,ngoitokitok swamp,HYC,1,M-228,,WP,,"1a, 6s, 4a",,,,,NA,,,"after coming from river and ap and interacting with m-277 and n-125, while wa towards river resting place where other ngoitokitoks are resting",,n,,
2011-07-22,07:38,,,p,HYC,1,M-267,,WP,,"1a, 5s",,,,,NA,,,many males shadowing n-128,,n,,
2011-07-22,08:06,,,p,HYC,1,M-194,,WP,,"2a, 4s",,,,,NA,,,many males shadowing n-128,,n,,
2011-07-22,09:41,,,p,HYC,1,M-194,,WP,,"2a, 5s, 1t",,,,,NA,,,many males shadowing n-128,,n,,
2011-07-22,09:47,,,p,HYC,1,A-122,,WP,,"1b, 9a",,,,,NA,,,many males shadowing n-128,,n,,
2011-08-10,09:10,resing place next to hippo pool,,p,HYC,1,E-164,,WP,,"1b, 1a, 4s, 2a, 1t",,,,,NA,,,"after wa to resting place and ap and interacting with several lemalas, while leaving resting place towards swamp",,n,,
2011-08-20,08:37,-3.20100,35.51407,Folepi,HYC,1,A-138,,WP,,"3a, 3s",,,,,NA,,,"after resting at den 20m from suckling adf for at least 1 hour, while leaving den area",,n,,
2011-08-20,09:50,,,p,HYC,1,A-138,,WP,,"11a, 1t",,,,,NA,,,"after excitement at den due to zebras trying to hit cubs and f-136 le den area, a-138 also le den area",,n,,
2011-08-21,07:41,-3.20781,35.57177,p,HYC,1,M-271,,WP,,"1b, 3s, 3a",,,,,NA,,,walking alone,,n,,
2011-08-21,08:30,-3.20438,35.58635,p,HYC,1,M-271,,WP,,"2a, 1s, 5a",,,,,NA,,,walking alone,,n,,
2011-08-25,07:45,-3.15476,35.56410,p,HYC,1,L-292,,WP,,"2a, 3s, 2a, 1t",,,,,NA,,,"whooped while approaching the others (l-205,m-193,l-336,l-171,a-146,l-246,l-349,l-321,m-144,l-243,l-255)",kill,n,,
2011-08-25,07:55,-3.15577,35.55497,p,HYC,1,M-193,,WP,,"3a, 2s, 3a",,,,,NA,,,"WP while LE others (L-336, L-171, A-146, L-246, L-349, L-321, M-144, L-243, L-255)",,n,,
2011-08-26,09:57,-3.15635,35.55567,p,HYC,1,A-146,,WP,,"1b, 1a",,,,,NA,,,"ran towards S-113 and M-244(?),tail up S-113 and M-244(?) were baiting L-335. A-143 defended L-335; AP L-335, muzzle-muzzle, TW and AP TU the two males. WP while LE them to join L-336 at resting place.",,n,,
2011-08-30,08:48,close to den,,p,HYC,1,S-087,,WP,,"11a, 1t",,,,,NA,,,while ap den area,,n,,
2011-08-31,08:37,,,,,,L-281,,WP,,,,,,vi_20110831_0837_L,,,,,,,,
2011-08-31,,,,,,,E-089,,WP,,,,,,vi_20110831_0856_L,,,,,,,,
2011-09-01,07:00,,,p,HYC,1,L-293,,WP,,see video,"1b, 1a, 1s",none,see video,vi_20110901_0700_L,video Eve,,,walking towards engitati territory,,yes,,
2011-09-01,07:01,,,p,HYC,1,,,WP,,see video,1b ,none,see video,vi_20110901_0701_L,video Eve,,,resting with E-139 at swamp,,n,,
2011-09-01,07:01,,,p,HYC,1,,E-139?,WP,,see video,1b,none,see video,vi_20110901_0701_L,video Eve,,,resting with adm at swamp,,n,,
2011-09-02,07:29,,,p,HYC,1,A-146,,WP,,"1a, 4s,1t",,,,,NA,,,"was baiting L-335 with A-237, S-101, L-259, L-243, M-244, S-093, S-114, M-193, L-192",,n,,
2011-09-02,08:02,,,p,HYC,1,L-335,,WP,,see video,,none,see video,vi_20110902_0802_L,video,,,"was being baited by A-146, A-237, S-101, L-259, L-243, M-244, S-093, S-114, M-193, L-192. calling for help?",,,,
2011-09-13,08:44,-3.20100,35.51407,folepi,HYC,1,A-142,,WP,,9a,,,,,NA,,,"after staying quite close to F-107 (shadowed by A-123), just after ap T-116 who entered den area and passed most forests in den area and le den area again",,n,,
2011-09-30,07:15,-3.14806,35.52559,p,HYC,1,L-137,,WP,,7a,,,,,NA,,,"was around remains of carc with other airstrips, then wa away from this group and wp",carc,n,,
2011-10-09,09:51,-3.16148,35.54806,p,HYC,1,L-192,,WP,,"3a,1s,6a",,,,,NA,,,wa around,,n,,
2011-11-25,07:24,-3.19050,35.61483,Nama,HYC,1,A-122,,WP,,"1b, 11a, 1t",,,,vi_20111125_0724_N,NA,,,"A-122 AP N-125(re), GT, AP N-143(2), SF, AP N-128(hole), WA away",,,,
2011-11-25,07:58,-3.20350,35.60200,Namba,HYC,1,A-122,,WP,,"1b, 10a",,,,vi_20111125_0758_N,NA,,,"A-122 AP N-089 with black cub, AP N-087(2), PA, WA away (but came back)",,,,
2011-11-25,08:52,-3.15744,35.56679,p,HYC,1,L-293,,WP,,"1a, 4s, 1a, 1t",,,,,NA,,,after wa around with N-152 + 4 other adm and re for a few minutes,,n,,
2011-11-28,08:43,-3.18459,35.60466,p,HYC,1,E-131,,WP,,"1a, 5s, 1t",,,,,NA,,,while wa around in overlapping area n/m-terr,,n,,
2011-11-28,08:55,-3.18121,35.60874,p,HYC,1,E-131,,WP,,"4s, 2a",,,,,NA,,,while wa around in overlapping area n/m-terr,,n,,
2011-11-28,09:16,-3.17468,35.60313,p,HYC,1,E-131,,WP,,"3a, 5s, 1t",,,,,NA,,,"while wa around in overlapping area n/m-terr, just after meeting and sf m-344 + m-345",,n,,
2012-10-01,09:05,,,,HYC,1,L-082,,WP,,,,,,,L4-11,,,,,,,
2012-10-09,08:17,-3.16826,35.56379,lestat,HYC,1,L-171,,WP,,"1b, 1a, 4s, 3a, 1t",,,,,NA,,,"L-171 was l 40m from dh with L-205, L-320, L-377 + cubs, got up and wa 100m to periphery of den area, passing A-146 (l 50m from dh), then ld about 90m from dh with adf + cubs",,n,,
2012-10-20,07:15,,,Morast 2,HYC,1,E-094,,WP,,"1a, 5s, 4a, 1t",,,,,NA,,,"E-094 was resting at den, then gu and ap, sf M-122, then M-291 enters den area and passes E-094, E-094 re 6m, wp, ld",,n,,
2012-11-03,09:12,-3.20085,35.56964,p,HYC,1,S-105,,WP,,see video,1b,none,see video,,S4-175,,,"before AP TU S-139 at resting place, S-139 bum low, bare teeth, crawl, S-105 GN, cub at den Simple WP, S-105 replies while walking back to den",,reply to cub,,
2012-11-05,08:35,-3.16826,35.56379,lestat,HYC,1,L-082,,WP,,"1a, 7s, 2a, 1t",,,,,NA,,,"L-082 came to den, ap cubs and sf on floor, then wp while le den area again (after staying for about 10min)",,n,,
2012-11-05,09:16,-3.17112,35.56263,p,HYC,1,L-082,,WP,,6s,,,,,NA,,,"L-082 came to this resting place after le den area, L-255 here and L-412 came her shortly after L-082, L-082 wp 1min after I biopsied L-412",,n,,
2013-02-15,10:48,-3.16285,35.55715,p,HYC,1,L-192,,WP,,"1b, 4a, 3s, 3t",,,,,NA,,,reply to wp from far away at hippo pool resting place,,n,,
2013-02-18,09:11,,,,HYC,,A-182,,WP,,,,,,,L5-35,,,,,,,
2013-02-18,09:14,,,,HYC,,A-182,,WP,,,,,,,L5-36,,,,,,,
2013-02-23,06:45,-3.15885,35.58514,moldau,HYC,1,M-249,,WP,,"1a, 4s, 1a",,,,,NA,,,"tried to go into dh but M-243 ap tu and gn loudly, M-249 re td eb and ld next to dh, M-243 goes into dh and gn, then M-249 wp",,y?,,
2013-02-25,07:06,-3.19440,35.59750,namanga,HYC,1,X-067,,WP,,"1b, 1a, 2s, 1t",,,,,NA,,,while le den area,,n,,
2014-05-05,06:52,-3.20367,35.57500,sobai,HYC,1,E-165,,WP,,"1s, 4a, 3s, 3t",,,,,NA,,,when le den area,,n,,
2014-05-17,07:21,-3.16900,35.55883,locki,HYC,1,A-182,,WP,,"9a, 2t",,,,,NA,,,while wa away from den area to resting place,,n,,
2014-05-27,08:11,-3.16900,35.55883,locki,HYC,1,E-199,,WP,,"1a, 4s, 1t",,,,,NA,,,while wa away from den area to resting place,,n,,
2014-05-29,07:46,-3.16900,35.55883,locki,HYC,1,M-139,,WP,,"11a, 1t",,,,,NA,,,"after ap females and cubs, groaning a lot while wa around",,n,,
2014-05-29,08:02,-3.16900,35.55883,locki,HYC,1,M-139,,WP,,"1b, 11a",,,,,NA,,,"after ap females and cubs, groaning a lot while wa around",,n,,
2014-05-29,08:29,-3.16900,35.55883,locki,HYC,1,A-146,,WP,,7s,,,,,NA,,,"after ap females and cubs, groaning a lot while wa around",,n,,
2014-05-29,08:43,-3.16900,35.55883,locki,HYC,1,M-139,,WP,,"12a, 1t",,,,,NA,,,"after ap females and cubs, groaning a lot while wa around",,n,,
2014-06-01,07:01,-3.14450,35.57150,evita,HYC,1,L-202,,WP,,"2a, 8s",,,,,NA,,,"after interacting with females and cubs, while le den area",,n,,
2014-06-18,07:26,-3.15833,35.58917,maki,HYC,1,E-094,,WP,,"1b, 6s, 1t",,,,,NA,,,"after interacting with adf and cubs, stays in den area and keeps interacting with cubs",,n,,
2014-11-21,09:22,-3.19440,35.59750,namanga,HYC,1,N-153,,WP,,"9a, 1t",,,,,NA,,,"after spending at least 2h 52min at den, also SU cubs, and while LE den area",,n,lions at bu carc and many shambas and quite a few ngoitokitoks at ngoitokitok swamp,
2014-11-21,10:55,-3.20556,35.59261,p,HYC,1,N-143,,WP,,"1a, 5s, 2a",,,,,NA,,,while LE area of lions at carc and many Shambas that drive Ngoitokitoks away and take over remains of carc,LI at carc and boundary clash,n,,
2017-06-18,07:21,-3.19973,35.61713,p,HYC,1,N-238,,WP,,6a,unknown,none,,,N-17-017,,good,not recorded,,n,,
2017-06-18,07:24,-3.19973,35.61713,p,HYC,1,N-236,,WP,,"9a, 1t, 2a, 1t",unknown,none,,,N-17-016,,ok,not recorded,,y,but loud noise of wind,
2018-03-16,16:42,,,p,HYC,1,F-231,,AC,mix,,,,,au_20180316_1642_F,F-18-016,,,F-231 baited by A-307 + A-328,,n,,AD
2018-09-12,08:39,-3.15907,35.55631,p,HYC,1,A-264,,WP,,"14a, 2t",,,,,NA,,,after interaction with L-329.,,n,,
2021-02-28,07:36,-3.12487,35.52713,efendi,HYC,1,L-202,,WP,,"2s, 1t",a few,none,,,E-21-006,,good,when challenged by X-083 + M-320,,n,,
2021-02-28,07:39,-3.12487,35.52713,efendi,HYC,1,L-202,,WP,,"1t, 1s, 4t",,none,,,E-21-007,,good,when challenged by X-083 + M-320,,n,,
2021-02-28,07:41,-3.12487,35.52713,efendi,HYC,1,L-202,,WP,,"1a, 1s, 3t",,none,,,E-21-008,,good,when challenged by X-083 + M-320,,n,,
2021-02-28,07:42,-3.12487,35.52713,efendi,HYC,1,L-202,,WP,,6t,,none,,,E-21-009,,good,when challenged by X-083 + M-320,,n,,
2021-03-05,09:38,-3.14117,35.51171,,WIL,1,,,CC,,NA,,none,NA,,WI-001,,,,,,,OH
2021-03-05,09:39,-3.14117,35.51171,,WIL,1,,,CC,,NA,,none,NA,,WI-002,,,,,,,OH
2021-03-05,09:48,-3.14117,35.51171,,CIC,1,,,CC,,NA,,none,NA,,CI-001,,,,,,,OH
2021-03-05,09:54,-3.14117,35.51171,,"WIL, CIC, BIR",1,,,CC,,NA,,none,NA,,WI-003,,,,,,,OH
2021-03-22,07:39,-3.20001,35.57171,Simple,HYC,1,L-316,,WP,,"1b, 5s, 1t","prob 1b, 2s",none,,,S-21-069,,,while resting close to den holes with females,,n,,OH
2021-09-09,08:16,-3.20550,35.56270,p/k,HYC,1,A-390,,WP,,"3a, 1s, 5a, 1t",none,none,"3a, 1s, 5a, 1t",vi_20210909_0815_S,NA,,good,,at adult WI carcass,n,,OH+ED
2021-09-09,08:26,-3.20550,35.56270,p/k,HYC,2,S-181,,WP,,10a,none,none,10a,vi_20210909_0815_S,NA,,good,after being dominated/chased by S-234+S-165 and then also S-292,at adult WI carcass,n,,OH+ED
2021-09-11,08:20,-3.21932,35.57991,,HYC,1,A-345,,WP,,"2a, 3s, 4a",none,,,,NA,,,after interacting with S-224+S-292 and trying to join their coalition walk,,n,,OH+ED
2022-02-25,10:05,-3.15556,35.55756,,HYC,1,,,GW,WH,,,,,au_20220225_1005_L,NA,,,,close to lions at remains of ad BU kill,,,OH+ED
2022-02-25,10:18,-3.15556,35.55756,,HYC,1,,,AC,"GN, LA",,,,,au_20220225_1018_L,NA,,,,close to lions at remains of ad BU kill,,,OH+ED
2022-02-25,10:37,-3.15556,35.55756,,HYC,1,,,WP,"GN, LA, WH",,,,,au_20220225_1037_L,NA,,,,close to lions at remains of ad BU kill,,includes lion roars,OH+ED
2022-04-23,09:08,-3.19873,35.59833,,HYC,1,,,WP,GN,,,,,au_20220423_0908_N,NA,,,,close to lions at remains of BU kill,,,OH+ED
2022-04-23,09:43,-3.19946,35.59687,,HYC,1,,,,,,,,,au_20220423_0943_N,NA,,,,close to lions at remains of BU kill,,,OH+ED
2022-04-23,09:45,-3.19946,35.59687,,HYC,1,,,,,,,,,au_20220423_0945_N,NA,,,,close to lions at remains of BU kill,,,OH+ED
2022-04-23,10:56,-3.19951,35.59682,,HYC,1,,,,,,,,,au_20220423_1056_N,NA,,,,close to lions at remains of BU kill,,,OH+ED
2022-04-23,11:07,-3.19951,35.59682,,HYC,1,,,,,,,,,au_20220423_1107_N,NA,,,,close to lions at remains of BU kill,,,OH+ED
2022-04-23,11:10,-3.19951,35.59682,,HYC,1,,,,,,,,,au_20220423_1110_N,NA,,,,close to lions at remains of BU kill,,,OH+ED
2022-04-23,11:15,-3.19951,35.59682,,HYC,1,,,,,,,,,au_20220423_1115_N,NA,,,,close to lions at remains of BU kill,,,OH+ED
2022-04-23,11:21,-3.19873,35.59833,,HYC,1,,,,,,,,,au_20220423_1121_N,NA,,,,close to lions at remains of BU kill,,,OH+ED
2022-04-23,12:46,-3.20169,35.60062,,HYC,1,,,,,,,,,au_20220423_1246_N,NA,,,,close to lions at remains of BU kill,,,OH+ED
2022-04-23,12:57,-3.19929,35.59775,,HYC,1,,,,,,,,,au_20220423_1257_N,NA,,,,close to lions at remains of BU kill,,,OH+ED
2022-12-29,06:50,-3.20377,35.58161,Shist,HYC,1,A-374,,WP,,,none,none,,vi_20221229_0650_S,vi_20221229_0650_S,,ok,,,,,OH+ED
2022-12-29,07:24,-3.19728,35.58844,,HYC,1,A-390,,WP,"LA, GN","6a, 2t",none,none,"6a, 2t",vi_20221229_0724_S,vi_20221229_0724_S,,good,while baiting female together with other immigrants,,n,,OH+ED
2023-01-16,08:04,-3.18390,35.59096,,HYC,1,S-397,,WP,,"10a, 1t",,,,vi_20230116_0804_S,vi_20230116_0804_S,,,,,,,OH+ED
2023-01-16,08:22,-3.18390,35.59096,,HYC,1,S-398,,WP,,"3a, 1t",,,,vi_20230116_0804_S,vi_20230116_0804_S,,,,,,,OH+ED
2023-01-16,08:39,-3.18390,35.59096,,HYC,1,S-397,,WP,,"12a, 1t",2a,none,"10a, 1t",vi_20230116_0804_S,vi_20230116_0804_S,,,WP after one individual stole some food,at remains of kill,n,,OH+ED
2023-01-20,07:00,-3.17897,35.57139,,HYC,1,L-541,,WP,,"1a, 1s, 3s, 1t",none,none,"1a, 1s, 3s, 1t",vi_20230120_0700_L,vi_20230120_0700_L,,good,after several intense interactions where she dominated her mother L-329,at remains of kill,n,,OH+ED
2023-02-01,07:12,-3.16385,35.52299,p/k,HYC,1,L-515,,WP,,"1a, 4s, 5a",none,none,"1a, 4s, 5a",vi_20230201_0712_A,vi_20230201_0712_A,,,while LE group of Airstrips at remains of ad WI kill,at remains of kill,n,,OH+ED
2023-02-04,07:53,-3.17252,35.52684,,HYC,1,L-501,,WP,,"1b, 1a, 7s, 1t, 1a, 1t",none,none,"1b, 1a, 7s, 1t, 1a, 1t",,NA,,,"while leaving, after social sniffing with S-376 and pasting",,y,reply 18a may have been A-530,OH+ED
2023-02-13,08:32,-3.16946,35.52132,,HYC,1,L-470,,WP,,8a,none,none,8a,vi_20230213_0832_A,vi_20230213_0832_A,,ok,"while LE group of Airstrip males F-233+L-518+S-360, subadult male A-574 and female A-355, after having interacted a lot, defending by F-233, scapegoating by several males","several males interested in female, defending, scapegoating, many interactions",n,,OH+ED
2023-07-18,08:42,-3.16711,35.55726,RPlHippoLake,HYC,1,T-171,,WP,,"1a, 8s, 1a, 1t",none,none,"1a, 8s, 1a, 1t",vi_20230718_0842_L,vi_20230718_0842_L,,ok,"after interacting with adm and adf at resting place and walking away. After wp, A-430 comes and T-171 + A-430 show strong coalition formation",at resting place not far from Locki den,n,,OH+ED
2023-07-25,07:45,-3.16576,35.56310,Lestat2,HYC,1,A-264,,WP,,"15a, 2t",5a,none,"10a, 2t",vi_20230725_0745_L,vi_20230725_0745_L,,ok,while leaving den area,,n,,OH
2023-07-25,08:51,-3.16693,35.55750,RPlHippoLake,HYC,1,A-412,,WP,,"4a, 3s, 2a, 1t",1a,none,"3a, 3s, 2a, 1t",vi_20230725_0851_L,vi_20230725_0851_L,,good,after baiting L-523 together with three other males and passing group of Lemalas at carcass,,n,,OH
2023-11-04,07:05,-3.15760,35.58129,,HYC,,N-261,,WP,,"2a, 7a, 1s, 1a, 1t",2a,none,"7a, 1s, 1a, 1t",vi_20231104_0705_M,vi_20231104_0705_M,,,"after interacting with Munges, then boundary encounter with Lemalas over buffalo kill",boundary encounter,n,,OH+ED+MM
2023-11-04,07:20,-3.15969,35.57518,p/k,HYC,,L-544,,WP,,"9s, 1a, 1t",1s,none,"8s, 1a, 1t",vi_20231104_0719_L,vi_20231104_0719_L,,,while many Lemalas are killing adult buffalo,at site of BU hunt + kill,n,,OH+ED+MM
2023-11-04,07:26,-3.15969,35.57518,p/k,HYC,,S-357,,WP,,"5s, 1t, 1a",none,none,"5s, 1t, 1a",vi_20231104_0721_L,vi_20231104_0721_L,,ok,probably reply to whoops by Munges close by. S-356 then approached by three males (S-356+S-316+N-275),at site of BU hunt + kill,y,,OH+ED+MM
2023-11-04,07:27,-3.15969,35.57518,p/k,HYC,1,L-553,,WP,,,,,,vi_20231104_0727_L,vi_20231104_0727_L,,ok,while arriving at site of BU hunt+kill. L-539 AP PE L-553 then L-539 GT L-553,at site of BU hunt + kill,n,no WH as reply but is approached by sadm L-539 + greeting,OH+ED+MM
2023-11-04,08:38,-3.15969,35.57518,p/k,HYC,,L-XXX,,WP,"yell, cackle, whoop, groan",,,,,vi_20231104_0838_L,vi_20231104_0838_L,,,,,,,OH+ED+MM
2023-11-09,07:06,-3.17196,35.56645,,HYC,,S-356,,WP,,"1a, 3s, 3a",,,,NA,NA,,,"after interacting, other Lemalas whoop before and after",,,,OH+ED+MM
2023-11-12,06:35,-3.15800,35.60650,d,HYC,,S-188,,WP,,,,,,vi_20231112_0635_M,vi_20231112_0635_M,,ok,while walking by the Munge den area where several females and cubs are resting.,,n,,OH+ED+MM
2023-11-12,06:37,-3.15800,35.60650,d,HYC,,M-XXX,cub,WP,,,,,,vi_20231112_0637_M,vi_20231112_0637_M,,ok,while coming out from den hole at Munge Mia den.,,y,distant reply by unknown individual. Whoop at 00:00:38,OH+ED+MM
2023-11-12,06:39,-3.15800,35.60650,d,HYC,,M-XXX,cub,WP,,,,,,vi_20231112_0637_M,vi_20231112_0637_M,,ok,reply to cub whoop.,,n,at 00:01:45,OH+ED+MM
2023-11-14,07:14,-3.15800,35.60650,d,HYC,,M-XXX,,WP,,"2a, 3s, 1t",1a,none,"1a, 3s, 1t",vi_20231114_0717_M,vi_20231114_0717_M,,ok,unknown. Cub whooping from inside den hole with several cubs and adult interacting around den.,,n,first asymmetric is funky,OH+ED+MM
2023-11-14,07:34,-3.15800,35.60650,d,HYC,,M-XXX,,WP,,"1a, 4s, 1t",1a,none,"4s, 1t",vi_20231114_0734_M,vi_20231114_0734_M,,ok,WP by black cub while inside DEH. Maybe WP following intense squabble between sadm M-521 and cub M-533 over WIL skin.,,n,,OH+ED+MM
2023-11-26,06:42,-3.15800,35.60650,d,HYC,,N-228,,WP,,10s,2a,none,8s,NA,vi_20231126_0642_M,,ok,"whoop, very likely by Munge immigrant adm N-228 while going to Mia den and LD 30m away.",,n,not great quality due to voice over…,OH+ED
2023-12-03,07:43,-3.16445,35.61142,d,HYC,,X-153,,WP,,"6s, 1t",1s,none,"5s, 1t",NA,vi_20231203_0743_M,,good,WP while leaving den Mouse 2,,n,young individuals + adf M-500 resting at den LH when he started WP.,OH+ED
2023-12-03,10:00,-3.17760,35.60147,p,HYC,,X-153,,WP,,"5s, 1a",1s,none,"4s, 1a",NA,vi_20231203_1000_M,,good,WP while leaving RP where he approaches adf M-414+sad M-520,,n,,OH+ED
2023-12-12,06:54,-3.17633,35.59967,d,HYC,,N-238,,WP,,11a,2a,none,9a,NA,vi_20231212_0654_M,,ok,WP while leaving Den Mzee where he approached several natives males (M-498) but no detail on interactions,,n,,OH+ED
2023-12-12,09:00,-3.17633,35.59967,d,HYC,,M-498,,WP,,"1b, 1a, 4s, 1a,1t,1a",1b,none,"1a, 4s, 1a,1t,1a",NA,vi_20231212_0900_M,00:00,good,WP while leaving Den Mzee where many native Munge harassed adf M-430 shifting her 2 black cubs.,,y,,OH+ED
2023-12-12,09:01,NA,NA,p,HYC,,M-XXX,,WP,,"1a, 5s, 1a",none,none,"1a, 5s, 1a",NA,vi_20231212_0900_M,00:54,good,WP while leaving Den Mzee where many native Munge harassed adf M-430 shifting her 2 black cubs.,,n,this is the response to WP by nadm M-498,OH+ED
2023-12-13,07:07,-3.17653,35.61285,p,HYC,,N-228,,WP,,"1b, 2a, 4s, 4a",1b,none,"2a, 4s, 4a",NA,vi_20231213_0707_M,,good,WP while leaving resting area. Then approach and present to adf M-487 standing nearby. M-487 dominate (chin on back) N-228.,,n,,OH+ED
2023-12-13,07:30,-3.17661,35.60635,p,HYC,,M-XXX,,WP,,"1a, 3s, 6a",none,none,"1a, 3s, 6a",NA,vi_20231213_0730_M,,ok,"WP by young individual (maybe cub M-533). The whoop striggers interest and excitement among several adults, also triggers the arrival of adf M-419 (the mother of cub M-533). M-533 arrives in the area, and interatcs with M-419.",,n,,OH+ED
2023-12-13,07:54,-3.17741,35.60326,d,HYC,,M-XXX,cub,WP,,"1b, 2a, 2s, 1t",1b,none,"2a, 2s, 1t",NA,vi_20231213_0754_M,,good,"WP by black cub at den, probably to call its mother.",,n,,OH+ED
2023-12-13,08:15,-3.17820,35.60235,p,HYC,,M-532,,WP,,"1a, 1s, 1t, 1a",1a,none,"1s, 1t, 1a",NA,vi_20231213_0815_M,,good,M-532 WP while arriving at group composed of M-414+M-487+M-506+M-538+M-541+M-521+N-238. WP sequence is probably interrupted by other cub approaching M-532 to greet.,,n,WP sequence is probably interrupted by other cub approaching M-532 to greet.,OH+ED
