name,date,time,weight,bellyscore,feeding
L-094,1997-06-17,17:50,12.3,N,
L-094,1997-06-28,18:30,13.5,N,
L-094,1997-07-03,18:28,14.5,F,S
L-094,1997-07-12,18:05,14.2,N,
L-094,1997-07-16,17:14,13.8,N,
L-094,1997-07-17,9:34,14,N,
L-094,1997-07-17,17:50,14,N,
L-094,1997-07-26,17:16,15.5,N,
L-094,1997-08-10,17:26,17.5,N,
L-094,1997-08-14,8:34,18.9,F,
L-094,1997-08-14,17:50,18.4,N to F,
L-094,1997-08-16,17:42,18.7,F,
L-094,1997-08-26,16:48,18.8,N,
L-094,1997-08-27,17:12,18.8,N,
L-094,1997-08-28,16:50,18.9,N,
L-094,1997-08-29,16:54,19.4,F,
L-094,1997-08-30,17:44,19.3,N,
L-094,1997-09-04,8:49,19.8,F,
L-094,1997-09-06,6:55,20.7,F,
L-094,1997-09-08,9:33,19.9,N,
L-094,1997-09-10,7:49,20.3,N,
L-094,1997-09-11,6:49,20.6,N,
L-094,1997-09-13,18:15,20.2,N,
L-094,1997-09-15,9:56,20.6,N,
L-094,1997-09-15,17:28,20.5,N,
L-094,1997-09-16,17:22,20.6,N,
L-094,1997-09-17,18:58,20.5,N,
L-094,1997-09-18,19:34,20.4,N,
L-094,1997-09-19,19:05,20.6,N,
L-094,1997-09-27,16:50,21.1,N,
L-094,1997-10-02,17:17,20.9,N,
L-094,1997-10-03,17:42,21.2,N,
L-094,1997-10-04,18:15,20.9,N,
L-094,1997-10-07,18:19,20.7,N,
L-094,1997-10-10,18:28,20.9,N,
L-094,1997-10-11,17:38,20.5,N,
L-094,1997-10-12,18:31,20.5,N,
L-094,1997-10-13,17:43,20.5,N,
L-094,1997-10-20,18:24,20.5,N,
L-094,1997-10-21,8:09,20.8,N,
L-094,1997-10-23,7:40,20.9,N,
L-094,1998-01-12,17:20,26.5,N,
L-094,1998-01-17,16:55,27.6,N to F,
L-094,1998-01-26,17:06,27.8,N,
L-094,1998-02-03,6:35,27.9,N,
L-094,1998-02-28,7:35,30.4,N,
L-094,1998-03-05,18:56,30.9,N,
L-094,1998-03-07,17:31,30.6,N,
L-094,1998-03-13,21:17,30.3,N,
L-094,1998-04-01,10:04,35.2,N,
L-094,1998-04-12,18:07,35.2,N,
L-094,1998-04-15,18:17,35.1,N,
L-094,1998-04-18,19:01,36.1,N,
L-094,1998-04-19,18:47,37.5,N,
L-094,1998-04-29,7:02,36.4,N,
L-096,1997-09-16,20:10,12,N,
L-096,1997-10-03,18:26,12.5,N,
L-096,1997-10-06,17:55,12.1,N,
L-096,1997-10-07,17:50,12.2,N,
L-096,1997-10-09,6:49,12.2,N,
L-096,1997-10-10,18:39,12.3,N,
L-096,1997-10-12,18:29,12.2,N,
L-096,1997-10-13,17:37,12.1,N,
L-096,1997-10-21,7:54,12,N,
L-096,1997-10-21,17:28,12,N,
L-096,1998-01-17,17:54,18.1,F,
L-096,1998-01-26,18:04,18.3,N,
L-096,1998-01-29,17:48,19.2,N,
L-096,1998-01-30,8:11,19.4,N,
L-096,1998-01-30,17:55,19.3,N,
L-096,1998-02-06,7:57,19.2,N,
L-096,1998-02-07,18:55,19,N,
L-096,1998-03-06,8:09,21.2,N,
L-096,1998-03-07,19:01,21,N,
L-096,1998-03-20,19:00,21.1,N,
L-096,1998-03-30,17:52,22.4,N,
L-096,1998-04-01,17:17,24,N,
L-096,1998-04-06,17:42,24.6,N to F,
L-096,1998-04-09,17:21,26.2,F,
L-096,1998-04-11,17:19,25.6,F,
L-096,1998-04-14,17:49,24.3,N,
L-096,1998-04-18,18:54,24.7,N,
L-096,1998-04-19,18:06,24.3,N,
L-096,1998-05-04,8:15,24.6,N,
L-096,1998-05-09,16:43,24.4,N,
L-096,1998-05-10,17:31,24.5,N,
L-096,1998-05-11,16:50,24.3,N,
L-096,1998-05-13,15:34,24.5,N,
L-096,1998-05-15,18:41,24.7,N,
L-096,1998-05-27,18:29,24.2,N,
L-096,1998-05-31,18:46,24.3,N,
L-096,1998-06-16,18:25,26.2,N,
L-096,1998-06-30,17:59,27.1,N,
L-096,1998-07-12,18:19,29.8,F,
L-096,1998-07-19,17:37,29.7,F,
L-096,1998-08-20,9:35,31.6,F,
L-096,1998-08-31,18:05,31.7,F,
L-096,1998-09-01,17:51,29.4,N,
L-096,1998-09-21,7:38,29,N,
L-096,1998-10-20,6:29,33.1,F,
L-096,1998-10-23,17:53,28.8,N,
L-096,1999-04-03,9:15,36.5,F,
L-096,1999-04-11,18:26,40.4,F,
L-096,1999-04-22,18:30,43,F,
L-096,1999-04-24,17:38,37.6,N,
L-096,1999-04-25,7:45,39.3,N to F,
L-096,1999-05-03,17:18,37.6,N,
L-096,1999-05-15,7:13,45.4,F to B,
L-096,1999-06-08,7:30,41.7,N,
L-096,1999-06-09,7:41,50,F to B,
L-096,1999-12-02,7:40,47.8,N,
L-096,2000-01-09,19:00,48.6,N,
L-096,2000-03-11,8:00,50.6,N,
L-096,2000-10-15,18:45,56.6,N,
L-096,2000-10-27,18:49,56.6,N,
L-096,2002-11-21,18:23,50.9,N,
L-096,2002-12-22,17:56,54.9,N,
L-096,2002-12-29,9:47,57.3,N to F,
L-096,2003-03-13,7:43,57.7,N,
L-097,1997-09-15,18:10,12.8,N,
L-097,1997-09-16,20:15,13,N,
L-097,1997-09-17,19:10,12.8,N,
L-097,1997-09-18,18:25,12.6,N,
L-097,1997-09-19,19:30,12.7,N,
L-097,1997-10-03,17:54,13.2,N,
L-097,1997-10-04,18:20,13,N,
L-097,1997-10-06,17:51,12.8,N,
L-097,1997-10-07,17:51,12.9,N,
L-097,1997-10-09,6:40,12.9,N,
L-097,1997-10-10,18:29,12.9,N,
L-097,1997-10-11,17:43,12.9,N,
L-097,1997-10-12,18:28,13.2,N,
L-097,1997-10-13,17:33,13.1,N,
L-097,1997-10-21,7:51,13,N,
L-097,1997-10-21,17:20,13,N,
L-097,1998-01-12,17:28,17.6,N,
L-097,1998-01-17,17:53,19.2,N to F,
L-097,1998-01-21,17:11,19.5,N,
L-097,1998-01-25,18:35,20.2,N,
L-097,1998-01-26,17:48,20,N,
L-097,1998-01-29,17:46,20.2,N,
L-097,1998-01-30,8:08,20.6,N,
L-097,1998-02-01,8:24,21.2,N to F,
L-097,1998-02-06,7:36,20.3,N,
L-097,1998-02-07,18:53,20.3,N,
L-097,1998-02-08,17:02,20.6,N,
L-097,1998-02-23,9:17,20.9,N,
L-097,1998-03-06,7:55,21.4,N,
L-097,1998-03-07,18:58,21.1,N,
L-097,1998-03-19,17:40,21.6,N,
L-097,1998-03-20,18:52,21.6,N,
L-097,1998-03-21,17:19,21.4,N,
L-097,1998-03-30,18:44,22.8,N,
L-097,1998-04-03,18:43,23.8,F,
L-097,1998-04-06,17:33,24.5,N,
L-097,1998-04-09,17:42,26.1,F,
L-097,1998-04-11,17:19,26.4,F,
L-097,1998-04-14,17:17,24.6,N,
L-097,1998-04-18,17:36,24.7,N,
L-097,1998-04-19,10:20,24.5,N,
L-097,1998-05-04,8:11,25.3,N,
L-097,1998-05-09,16:35,24.1,N,
L-097,1998-05-10,9:04,24.6,N,
L-097,1998-05-15,18:35,24.6,N,
L-097,1998-05-18,18:53,24.7,N,
L-097,1998-05-24,18:26,24.1,N,
L-097,1998-05-27,17:21,24.8,N,
L-097,1998-05-28,17:48,24.8,N,
L-097,1998-05-30,18:08,25.2,N,
L-097,1998-05-31,18:18,24.7,N,
L-097,1998-06-10,14:33,25.4,N,
L-097,1998-06-16,18:33,26,N,
L-097,1998-07-04,8:26,27.1,N,
L-097,1998-07-07,17:41,25.3,N,
L-097,1998-07-12,18:18,24.5,T,
L-097,1998-07-13,16:44,24.4,T,
L-097,1998-08-17,18:15,26.8,N,
L-097,1998-08-30,18:16,26.2,N,
L-097,1998-08-31,18:01,30.4,F,
L-101,1997-08-14,18:14,8.6,N,
L-101,1997-10-03,17:50,12.5,N,
L-101,1997-10-06,18:19,12.2,N,S
L-101,1997-10-07,17:54,12.1,N,
L-101,1997-10-10,18:47,11.9,N,
L-101,1997-10-11,18:35,12.1,N,
L-101,1997-10-12,18:43,12,N,
L-101,1997-10-21,17:25,12.5,N,
L-101,1998-02-03,7:53,23.3,N,
L-101,1998-02-06,19:02,22.8,N,
L-101,1998-02-08,17:03,24.8,N,
L-101,1998-03-06,8:32,26.9,N,
L-101,1998-04-12,18:20,28.6,N,
L-101,1998-04-15,18:24,28.6,N to F,
L-101,1998-04-18,17:32,30.9,F to B,
L-101,1998-05-27,18:47,32.4,N,
L-101,1998-05-28,18:15,31.4,N,
L-101,1998-05-30,18:39,31.2,N,
L-101,1998-06-03,18:12,31.7,N,
L-101,1998-06-16,18:13,32.2,N,
L-101,1998-06-18,18:37,36.2,F,
L-101,1998-08-17,18:53,33.1,N,
L-101,1998-08-28,18:24,38.5,F,
L-101,1998-09-15,7:10,37.8,N to F,
L-101,1998-10-23,18:06,35.4,N,
L-101,1998-12-05,18:33,40.5,N to F,
L-101,1999-04-25,7:34,60.8,B,
L-101,1999-05-21,7:38,60.6,F to B,
L-101,1999-06-04,7:12,50.3,N,
L-101,1999-12-29,19:04,57.8,N,
L-101,2000-02-21,18:50,74,B,
L-101,2000-02-25,18:24,68.7,N to F,
L-101,2000-09-24,8:45,72.9,N to F,
L-101,2000-09-30,18:20,73.1,N to F,
L-101,2000-10-07,7:35,76.7,F to B,
L-101,2000-10-10,18:07,74.7,F to B,
L-101,2000-10-14,6:50,70.7,N to F,
L-101,2000-10-15,6:25,72.5,N to F,
L-101,2000-10-21,17:44,73,N,
L-101,2000-10-22,6:40,78.3,F,
L-101,2000-10-26,7:46,77.1,F to B,F
L-101,2000-10-27,18:15,71.4,N,
L-101,2000-10-30,7:53,78.6,B,F
L-101,2000-10-31,17:57,72.3,N,
L-101,2000-11-02,18:19,74.1,N to F,
L-101,2000-11-02,18:40,74.7,N to F,F
L-101,2000-11-10,8:30,73,N,
L-101,2000-11-21,18:39,71.3,N,
L-101,2000-12-02,18:17,70.2,N,
L-101,2000-12-10,7:58,74.8,F to B,
L-101,2001-07-14,18:50,69.1,N,
L-101,2001-07-15,7:21,65.3,N,
L-101,2001-07-19,18:50,74,F,
L-101,2001-07-26,7:39,66.4,N,
L-101,2001-09-14,18:45,65.3,N,
L-101,2001-10-01,18:54,71.7,N to F,
L-101,2001-10-12,18:00,73,F,
L-101,2001-10-24,18:05,65.2,N,
L-101,2001-10-26,18:07,65.4,N,
L-101,2001-11-02,18:39,76.6,F to B,
L-101,2001-11-09,9:09,67.4,N to F,
L-101,2001-11-20,18:27,76.5,F to B,
L-101,2001-11-25,17:48,65.9,N,
L-101,2001-11-26,13:07,76.5,B,F
L-101,2002-04-08,7:12,77.3,F,
L-101,2002-04-18,9:28,65.6,N,
L-101,2002-04-20,18:00,66.6,N,
L-101,2002-04-22,17:40,63.6,N,
L-101,2002-04-24,17:52,63.2,N,
L-101,2002-04-27,17:49,62.7,N,
L-101,2002-05-06,18:30,61.1,N,
L-101,2002-05-13,18:15,69.9,N to F,F
L-101,2002-05-15,6:43,62.1,N,
L-101,2002-05-21,7:22,66,N,
L-101,2002-05-24,7:38,61.2,N,
L-101,2002-06-21,9:08,64.4,N,
L-101,2002-06-24,6:40,66,N,
L-101,2002-06-26,18:44,66.7,N,
L-101,2002-07-15,9:38,59.5,N,
L-101,2002-11-21,17:29,61.3,N,
L-101,2002-12-21,9:02,74,F to B,
L-101,2002-12-25,19:01,63.5,N,
L-101,2003-03-12,8:19,72.5,B,
L-101,2003-03-23,17:02,63,N,
L-101,2003-09-05,18:48,67,F,
L-101,2003-09-19,18:01,67.5,N to F,
L-101,2003-10-08,18:28,62,N,
L-101,2003-10-15,17:50,61.6,N,
L-101,2003-10-19,18:25,62.2,N,
L-101,2003-10-24,10:18,68.5,F,
L-101,2003-10-31,7:43,74.9,B,
L-101,2003-11-02,18:06,63,N,
L-101,2003-11-10,18:29,64.2,N,
L-101,2003-11-11,8:40,64.5,N,
L-101,2004-04-13,8:38,76.6,F to B,
L-101,2004-04-13,18:34,74,F,
L-101,2004-05-22,18:51,65.6,N,
L-101,2004-05-25,7:27,70.5,F,
L-101,2004-06-21,8:10,78.3,F to B,
L-102,1997-08-14,18:12,8.6,N,
L-102,1997-09-15,18:20,11.6,N,
L-102,1997-09-18,18:52,11.4,N,
L-102,1997-10-11,18:44,12.1,N,
L-102,1997-10-13,17:40,12,N,
L-102,1997-10-20,18:38,12.5,N,
L-102,1997-10-21,7:02,12.3,N,
L-102,1998-01-21,18:45,23.2,N to F,S
L-102,1998-01-25,19:05,22.4,N,
L-102,1998-01-28,9:19,23,N,
L-102,1998-01-30,8:04,24.9,F,S
L-102,1998-02-01,17:06,23.5,N,
L-102,1998-02-03,7:40,23.3,N,
L-102,1998-02-05,8:17,22.6,N,
L-102,1998-02-06,7:16,22.3,N,
L-102,1998-02-08,17:08,22.3,N,
L-102,1998-02-27,17:50,24,N,
L-102,1998-03-06,8:18,24.3,N,
L-102,1998-03-07,19:14,24.8,N,
L-102,1998-04-12,17:15,26.8,N,
L-102,1998-04-15,18:20,28,N to F,
L-102,1998-04-16,18:30,26.8,N,
L-102,1998-04-18,17:34,29.2,F to B,
L-102,1998-04-29,9:17,31.2,F,
L-102,1998-05-05,17:56,31.2,N,
L-102,1998-05-17,9:34,32.8,N,
L-102,1998-05-20,18:53,31.4,N,
L-102,1998-05-23,16:59,29.5,N,
L-102,1998-05-28,18:12,32.6,N,
L-102,1998-05-30,18:09,33.1,N to F,
L-102,1998-05-31,17:21,30.9,N,
L-102,1998-06-03,8:41,34.8,F,
L-102,1998-06-03,18:15,33.6,F,
L-102,1998-06-04,8:39,31.9,N,
L-102,1998-06-10,12:26,31.7,N,
L-102,1998-06-18,18:17,35.8,F,
L-102,1998-06-20,17:57,38.3,B,
L-102,1998-06-29,17:40,34.9,N,
L-102,1998-07-04,17:44,34.7,N,
L-102,1998-07-08,10:24,32.6,N,
L-102,1998-07-09,8:48,36.5,F,
L-102,1998-07-13,9:49,32.7,N,
L-102,1998-07-19,17:24,40.6,F to B,
L-102,1998-08-07,17:05,37.2,N,
L-102,1998-08-17,16:54,35.4,N,
L-102,1998-08-28,18:39,38.3,F,
L-102,1998-08-30,17:11,40.9,F,
L-102,1998-08-31,18:26,36.5,N,
L-102,1998-09-01,17:57,35.7,N,
L-102,1998-09-19,18:18,35.5,N,
L-102,1998-10-03,18:28,35.8,N,
L-102,1998-10-12,7:06,32.8,N to T,
L-102,1998-10-19,9:05,33.6,N to T,
L-102,1998-10-20,8:22,40.8,B,
L-102,1998-10-29,7:07,32.7,N,
L-102,1998-12-05,18:42,40.8,N to F,
L-102,1998-12-06,18:09,40.6,N to F,
L-102,1998-12-22,18:02,43.4,N,
L-102,1999-04-22,18:24,47.6,N to F,
L-102,1999-04-23,10:37,46,N,
L-102,1999-04-23,18:25,53.4,B,F
L-102,1999-04-25,6:46,50.2,F,
L-102,1999-05-04,7:59,47.1,N,
L-102,1999-05-08,8:53,45.2,N,
L-102,1999-05-09,9:03,54,F to B,
L-102,1999-05-10,8:37,50.8,N to F,
L-102,1999-12-13,17:11,53.3,N,
L-102,2000-01-10,17:10,58,N,
L-102,2000-02-16,6:56,62.2,N to F,
L-102,2000-03-04,8:28,69.8,B,
L-102,2000-09-04,8:10,68.9,N to F,
L-102,2000-09-08,7:27,64.3,N to F,
L-102,2000-09-11,18:45,62,N,
L-102,2000-09-17,6:59,70,F,
L-102,2000-09-20,18:33,63.3,N,
L-102,2000-09-30,7:56,66,N,
L-102,2000-10-03,18:22,64.3,N,
L-102,2000-10-07,8:08,68.8,N to F,
L-102,2000-10-10,21:54,65.6,N,
L-102,2000-10-14,6:42,65,N,
L-102,2000-10-15,18:28,64.2,N,
L-102,2000-10-21,17:48,67.6,N,
L-102,2000-10-27,18:42,67.2,N,
L-102,2000-10-30,7:16,73.4,B,F
L-102,2000-11-07,17:58,68.1,N,
L-102,2000-11-09,18:47,68.2,N,
L-102,2000-12-02,18:21,65.4,N,
L-102,2000-12-09,7:10,64.4,N,
L-102,2000-12-10,8:10,68.9,F to B,
L-102,2001-07-13,18:27,60,N,
L-102,2001-07-14,18:24,63.6,N,
L-102,2001-07-17,8:10,63.1,N,
L-102,2001-07-26,7:04,63.2,N,
L-102,2001-08-02,17:37,61.3,N,
L-102,2001-08-08,17:57,59.1,N,
L-102,2001-08-24,18:54,64,N to F,
L-102,2001-09-01,18:13,63.5,N,
L-102,2001-09-14,17:47,62.7,N,
L-102,2001-09-25,18:16,65.1,N,
L-102,2001-10-24,18:29,64.1,N,
L-102,2001-11-02,17:46,71.2,F,
L-102,2001-11-09,8:29,64.5,N to F,
L-102,2001-11-21,9:27,66.5,F,
L-102,2001-11-26,9:48,60.4,N,
L-102,2001-11-26,13:10,68.8,F,F
L-102,2002-05-27,8:47,58.7,N,
L-102,2002-05-29,18:50,58.7,N,
L-102,2002-06-01,7:25,56.6,N,
L-102,2002-06-03,17:58,57.2,N,
L-102,2002-06-22,18:26,59.6,N,
L-102,2002-07-15,9:14,62.2,N to F,
L-102,2002-11-07,8:00,62.4,N to F,
L-102,2002-11-14,6:28,63.2,N to F,
L-102,2002-11-21,8:46,64.1,F,
L-102,2002-11-21,18:14,65.5,F,
L-102,2002-12-15,17:59,60.8,N,
L-102,2002-12-21,7:38,72.9,B,F
L-102,2002-12-24,18:21,66.4,F,
L-102,2002-12-25,18:07,61.9,N,
L-102,2002-12-30,9:53,58.5,N,
L-102,2003-01-05,18:08,59.8,N,
L-102,2003-01-12,18:14,65.6,N to F,
L-102,2003-03-06,18:14,64,N,
L-102,2003-08-12,18:06,64,N to F,
L-102,2003-08-23,18:13,61.1,N,
L-102,2003-09-07,18:46,66.6,N to F,
L-102,2003-09-09,6:55,69.2,B,
L-102,2003-10-18,7:28,61.5,N,
L-102,2003-10-19,18:26,60.4,N,
L-102,2003-10-24,10:39,64.7,F,
L-102,2003-10-29,17:57,61.7,N,
L-102,2003-11-10,18:45,62.3,N,
L-102,2003-11-13,9:03,67.7,F,
L-102,2004-05-03,10:51,76,F,
L-102,2004-05-14,17:52,77.4,F,
L-102,2004-06-07,9:12,61.4,N,
L-102,2004-10-16,9:38,72.2,F,
L-102,2004-10-22,17:42,64.5,N,
L-102,2004-11-16,17:40,63.9,N,
L-102,2004-11-18,17:36,66.2,N,
L-102,2004-11-20,18:36,60.3,N,
L-102,2004-12-18,18:43,72,F,
L-102,2004-12-23,18:50,64.5,N,
L-102,2004-12-29,18:20,62.5,N,
L-102,2005-06-26,18:51,66.7,F,
L-102,2005-07-24,18:52,64.5,N,
L-102,2005-08-03,18:57,66.8,N to F,
L-102,2005-08-12,7:53,62.7,N,
L-102,2006-02-05,9:07,77.7,B,
L-102,2006-02-14,18:43,70.2,N to F,
L-102,2006-03-07,19:10,69.3,N to F,
L-102,2006-03-08,19:00,70.2,N to F,
L-102,2006-03-26,18:56,74,F,
L-102,2006-04-16,9:47,80,B,F
L-102,2006-09-24,19:03,71.5,F,
L-102,2007-03-05,18:35,69.9,F,
L-102,2007-05-20,8:58,67.3,F,
L-102,2007-06-25,6:55,66.6,N to F,
L-102,2008-01-14,7:35,62.6,N,
L-102,2008-01-26,7:28,70.2,F,
L-102,2008-02-22,10:04,67.5,N,
L-102,2008-04-29,10:25,58.6,N,
L-102,2008-09-24,0:00,65.5,N,
L-102,2009-08-02,9:13,72.9,F,
L-102,2010-05-24,8:55,62.7,N,
L-105,1998-04-11,18:25,15.5,F,
L-105,1998-04-29,18:47,16.7,N to F,
L-105,1998-05-03,17:53,16.4,N,
L-105,1998-05-09,16:40,16.7,N,
L-105,1998-05-12,15:21,16.9,N,
L-105,1998-05-13,15:39,17.6,N,
L-105,1998-05-20,18:35,17.8,N,
L-105,1998-05-23,17:12,17.1,N,
L-105,1998-05-25,17:24,16.6,N,
L-105,1998-05-28,18:34,16.8,N,
L-105,1998-05-31,17:21,17,N,
L-105,1998-06-07,16:40,17.4,N,
L-105,1998-06-08,16:15,17.3,N,
L-105,1998-06-10,10:29,17.3,N,
L-105,1998-06-11,18:01,17.5,N,
L-105,1998-06-19,17:37,17,N,
L-105,1998-06-20,17:57,17.1,B,
L-105,1998-06-29,17:47,17.9,N,
L-105,1998-07-07,17:31,18.3,N,
L-105,1998-07-10,18:02,17.3,N,
L-105,1998-07-13,18:15,17.3,N,
L-105,1998-07-15,17:28,17.2,N,
L-105,1998-07-16,17:17,16.8,N,
L-105,1998-07-17,17:22,16.6,N,
L-105,1998-07-19,17:48,17,N,
L-105,1998-07-20,17:02,17.2,N,
L-105,1998-08-06,17:43,19.1,N,
L-105,1998-08-17,18:50,18.1,N,
L-105,1998-08-28,18:02,18.6,N to F,
L-105,1998-09-03,17:20,18.6,N,
L-105,1998-09-17,17:36,21,N,
L-105,1998-09-18,18:10,20.4,N,
L-105,1998-10-12,7:12,18.3,N to T,
L-105,1998-10-20,8:58,21.2,N to F,
L-105,1998-10-23,17:47,19.1,N,
L-105,1998-11-12,18:27,18.5,N to T,
L-105,1999-04-03,9:49,25.9,N,
L-105,1999-04-04,17:29,25.5,N,
L-105,1999-04-16,18:20,31.4,F,
L-105,1999-04-20,17:48,29.25,N,
L-105,1999-04-20,18:49,33,F,F
L-105,1999-04-22,18:40,32.3,F,
L-105,1999-04-23,10:38,31.1,N,
L-105,1999-04-23,18:32,35.8,B,F
L-105,1999-04-25,6:38,30.5,N,
L-105,1999-05-08,8:37,29.6,N,
L-105,1999-05-20,17:38,30.7,N,
L-105,1999-05-21,7:44,33.4,F,
L-105,1999-06-05,17:48,28.8,N,
L-105,1999-06-08,7:01,30.2,N,
L-105,1999-06-09,7:33,36,F,
L-105,1999-11-29,8:52,38.3,N,
L-105,1999-11-30,17:38,38.2,N,
L-105,1999-12-02,17:20,38,N,
L-105,1999-12-06,7:43,42.2,F,
L-105,1999-12-15,17:57,38.2,N,
L-105,1999-12-25,6:20,47.6,F to B,
L-105,1999-12-31,10:52,40,N,
L-105,2000-02-02,8:37,43.8,N,
L-105,2000-02-21,18:15,46.5,F,F
L-105,2000-03-16,17:01,45.2,N,
L-105,2000-09-05,9:38,53.3,N,
L-105,2000-09-08,9:10,55.7,N,
L-105,2000-10-04,9:12,52.2,N,
L-105,2000-10-22,7:30,56.4,N,
L-105,2000-10-22,7:51,57.7,N,F
L-105,2000-10-29,8:00,55.1,N,
L-105,2000-11-13,18:37,55.1,N to F,
L-105,2000-11-20,8:37,55,N to F,F
L-105,2000-11-22,18:07,54.3,N,
L-105,2000-12-02,18:19,60.3,F,
L-105,2000-12-10,7:56,59.3,F,
L-105,2001-07-15,7:37,56.1,N,
L-105,2001-08-02,7:04,57.5,F,
L-105,2001-09-14,18:34,56.8,N,
L-105,2001-09-25,17:24,56.9,N,
L-105,2001-10-08,0:00,53.8,N,
L-105,2001-10-13,8:31,62.3,F,
L-105,2001-10-30,18:54,62.4,F,
L-105,2001-11-02,18:02,62.8,F,
L-105,2001-11-07,9:22,60.6,F,
L-105,2001-11-07,18:43,59,F,
L-105,2001-11-21,9:09,61,F,
L-105,2001-11-22,7:18,60.7,F,
L-105,2001-11-23,9:31,64.1,F,
L-105,2001-11-24,17:10,62.6,N to F,
L-105,2001-11-25,17:46,58.2,N,
L-105,2001-11-26,11:17,56.8,N,
L-105,2001-11-26,11:44,60.5,F,F
L-105,2001-11-29,17:03,65.7,B,
L-105,2002-04-01,18:16,60.1,N to F,
L-105,2002-04-07,17:03,58.2,N to F,
L-105,2002-04-14,18:20,55.7,N,
L-105,2002-04-24,18:48,56.2,N,
L-105,2002-04-26,18:18,54.9,N,
L-105,2002-04-27,18:55,52.6,N,
L-105,2002-05-15,8:57,53,N,
L-105,2002-05-17,18:48,60.2,F,
L-105,2002-05-21,9:13,53.5,N,
L-105,2002-06-14,10:35,62,B,
L-105,2002-06-16,18:38,58.5,N to F,
L-105,2002-07-09,7:00,51.2,N,
L-105,2002-11-25,9:19,55.8,N,
L-105,2002-11-30,9:47,58,F,
L-105,2002-12-14,10:04,52.9,N,
L-105,2002-12-21,8:58,60.8,F to B,
L-105,2002-12-30,9:40,50.4,N,
L-105,2003-01-05,18:50,49.3,N,
L-105,2003-03-27,6:50,52.6,N,
L-105,2003-08-12,18:11,56.5,F,
L-105,2003-09-09,6:59,60.8,F to B,
L-105,2003-09-15,8:36,62.1,F,
L-105,2003-10-10,7:40,52.2,N,
L-105,2003-11-15,6:52,56.3,F,
L-105,2004-05-06,8:27,57.5,N to F,
L-105,2004-05-12,8:12,56.1,N,
L-105,2004-05-14,9:15,60.2,F,
L-105,2004-06-17,7:05,55.7,N,
L-105,2004-06-23,7:41,52.6,N,
L-105,2004-10-20,17:53,58,N to F,
L-105,2004-11-05,18:32,61,F,
L-105,2004-11-23,6:54,57.3,F,
L-105,2004-11-25,18:11,59.2,N to F,
L-105,2004-11-26,17:38,56,N,
L-105,2004-11-28,7:21,52.2,N,
L-105,2004-12-05,7:11,62.3,F,
L-105,2004-12-13,18:45,55.2,N,
L-105,2004-12-15,17:12,59.4,F,
L-105,2004-12-18,17:58,56.3,N to F,
L-105,2005-01-06,18:45,55.4,N,
L-105,2005-01-08,8:18,52.8,N,
L-105,2005-01-16,19:16,57.7,N to F,
L-105,2005-01-18,18:36,56.2,N,
L-105,2005-01-24,8:19,58.5,F,
L-105,2005-01-31,8:02,55.8,N,
L-106,1998-04-03,18:55,13.4,F,
L-106,1998-04-08,17:58,13.4,N,
L-106,1998-04-14,18:32,14,N,
L-106,1998-04-15,17:23,14,N,
L-106,1998-04-19,17:12,14.9,N,
L-106,1998-04-19,18:25,15.4,F,S
L-106,1998-04-29,18:48,15.7,N to F,
L-106,1998-05-03,16:47,15.2,N,
L-106,1998-05-04,8:38,15.3,N,
L-106,1998-05-06,16:55,15.5,N,
L-106,1998-05-08,17:54,15.5,N,
L-106,1998-05-09,16:39,15.6,N,
L-106,1998-05-10,16:09,15.8,N,
L-106,1998-05-11,16:35,15.6,N,
L-106,1998-05-12,15:19,15.9,N,
L-106,1998-05-13,15:35,16.6,N,
L-106,1998-05-14,8:00,16.8,N,
L-106,1998-05-14,9:40,16.9,N,S
L-106,1998-05-16,18:39,16,N,
L-106,1998-05-23,17:10,15.4,N,
L-106,1998-05-25,17:26,15,N,
L-106,1998-05-28,17:45,16.5,N,
L-106,1998-05-30,17:25,16.1,N,
L-106,1998-05-31,18:31,16,N,
L-106,1998-06-07,16:39,16.4,N,
L-106,1998-06-08,15:57,16.2,N,
L-106,1998-06-10,10:25,16.2,N,
L-106,1998-06-19,17:39,16.3,N,
L-106,1998-06-29,17:42,16.6,N,
L-106,1998-07-04,9:03,17.5,N,
L-106,1998-07-07,17:29,17,N,
L-106,1998-07-13,17:16,16.2,N,
L-106,1998-07-16,18:23,16.3,N,
L-106,1998-07-17,17:16,15.8,N,
L-106,1998-07-19,17:45,16.6,N,
L-106,1998-07-20,17:02,16.1,N,
L-106,1998-07-21,7:13,17.7,N,
L-106,1998-08-05,18:09,17.2,N,
L-106,1998-08-17,18:49,16.9,N,
L-106,1998-08-28,18:09,18,N to F,
L-106,1998-08-31,18:40,17.4,N,S
L-106,1998-09-03,17:19,17.8,N,
L-106,1998-09-17,18:10,20,N,
L-106,1998-09-18,17:33,19.2,N,
L-106,1998-09-20,18:00,18.7,N,
L-106,1998-10-20,8:57,20.3,N to F,
L-106,1998-12-05,17:46,19.7,N,
L-106,1999-04-04,17:15,29.6,N to F,
L-106,1999-04-16,18:27,31.9,F,
L-106,1999-04-20,18:52,34.2,F,F
L-106,1999-04-22,18:39,31.5,F,
L-106,1999-04-23,18:33,36.6,B,F
L-106,1999-04-24,17:18,32.9,N to F,
L-106,1999-05-04,17:54,34.8,B,F
L-106,1999-05-08,9:55,31.7,N to F,
L-106,1999-05-10,7:35,35.7,F to B,
L-106,1999-05-20,18:02,32.7,N to F,
L-106,1999-05-21,7:13,33.1,N to F,
L-106,1999-06-04,7:09,33.1,N,
L-106,1999-06-09,7:32,37.2,F,
L-106,1999-11-28,9:33,47.8,F,
L-106,1999-11-29,10:21,44.3,F,
L-106,1999-12-03,17:33,44.5,B,
L-106,1999-12-18,0:00,39.3,N,
L-106,1999-12-31,11:21,39.9,N,
L-106,2000-01-28,8:37,45.3,N to F,
L-106,2000-02-04,18:28,43.8,N,
L-106,2000-02-21,18:15,49.4,F,F
L-106,2000-09-27,17:58,51.9,N to F,
L-106,2000-09-30,8:00,52.6,F,
L-106,2000-11-14,8:20,47.6,N to F,
L-106,2000-11-20,17:43,47.5,N to F,
L-106,2000-11-22,17:50,48,N,
L-106,2000-12-07,18:56,47,N,
L-106,2000-12-08,18:20,50,N,
L-106,2001-07-28,6:45,52.2,N,
L-106,2001-09-11,6:57,55,F,
L-106,2001-10-15,8:37,54.7,N to F,
L-106,2001-10-24,6:45,55.8,F to B,
L-106,2001-10-31,6:28,51.5,N,
L-106,2001-11-26,9:25,54.9,N,
L-106,2002-07-10,7:06,53,N to F,
L-107,1998-05-29,8:07,13.2,N,
L-107,1998-05-30,17:26,13,N,
L-107,1998-06-07,16:45,13,N,
L-107,1998-06-08,16:14,13.1,N,
L-107,1998-06-10,11:07,13.2,N,
L-107,1998-06-11,18:00,13.3,N,
L-107,1998-06-14,17:02,13.2,F,
L-107,1998-06-18,17:53,13.2,N to F,
L-107,1998-06-20,17:10,13,N,
L-107,1998-06-30,17:34,14.1,N,
L-107,1998-07-03,9:17,14,N,
L-107,1998-07-03,18:30,13.9,N,
L-107,1998-07-04,17:34,14.2,N,
L-107,1998-07-05,17:40,13.5,N,
L-107,1998-07-10,17:51,14,N,
L-107,1998-07-13,18:32,14.4,N,
L-107,1998-07-16,18:04,15,N,
L-107,1998-07-17,17:45,14.6,N,
L-107,1998-07-19,18:06,15,N,
L-107,1998-07-20,17:19,15,N,
L-107,1998-08-05,18:33,16,N,
L-107,1998-08-06,17:40,16.1,N,
L-107,1998-08-07,17:35,16,N,
L-107,1998-08-08,18:02,15.9,N,
L-107,1998-08-17,16:30,17.1,N,
L-107,1998-08-28,18:20,18,F,S
L-107,1998-08-30,18:05,18.1,F,
L-107,1998-08-31,17:45,18.1,N to F,
L-107,1998-09-01,18:01,17.6,N,
L-107,1998-09-02,17:38,17.8,N,
L-107,1998-09-03,17:51,17.3,N,
L-107,1998-09-17,17:05,19.8,N,
L-107,1998-09-18,17:45,19.5,N,
L-107,1998-09-19,17:40,20.1,F,
L-107,1998-09-19,18:32,20.2,F,S
L-107,1998-10-03,17:36,20.1,N,
L-107,1998-10-11,17:43,19.3,N,
L-107,1998-10-20,17:42,19.7,N,
L-107,1998-10-29,7:02,20,N,
L-107,1998-11-07,17:32,20.1,N,
L-107,1998-11-12,17:35,20.3,N to F,
L-107,1998-12-05,17:30,21,N,
L-107,1998-12-19,17:08,21.3,N,
L-107,1998-12-22,17:48,21.8,N,
L-107,1999-04-23,18:00,30.2,B,F
L-107,1999-04-25,17:27,30.3,B,F
L-107,1999-05-04,18:38,24.1,N,
L-107,1999-05-08,16:40,22.9,N,
L-107,1999-05-10,16:53,26,N to F,
L-108,1998-03-30,18:40,9.7,N to F,
L-108,1998-04-01,17:25,10,F,
L-108,1998-04-29,8:38,13.1,F,
L-108,1998-05-03,16:50,12.2,N,
L-108,1998-05-05,17:00,12.4,N,
L-108,1998-05-06,16:56,13,N to F,
L-108,1998-05-08,17:55,12.9,N,
L-108,1998-05-09,16:43,12.7,N,
L-108,1998-05-10,16:58,13.1,N,
L-108,1998-05-11,16:34,13,N,
L-108,1998-05-12,14:34,13.2,N,
L-108,1998-05-13,15:37,13.3,N,
L-108,1998-05-14,7:29,13.8,F,
L-108,1998-05-18,18:22,13.7,N,
L-108,1998-05-20,17:43,13.8,N,
L-108,1998-05-25,17:37,14.7,N,
L-108,1998-05-26,18:20,14.3,N,
L-108,1998-05-28,7:34,14.6,N,
L-108,1998-05-29,8:07,14.4,N,
L-108,1998-05-30,17:23,13.8,N,
L-108,1998-06-01,18:44,14.6,N,
L-108,1998-06-20,17:08,13.7,N to T,
L-108,1998-06-21,8:36,14.6,N,
L-108,1998-06-29,17:45,13.9,N,
L-108,1998-06-30,17:44,13.8,N,
L-108,1998-07-03,9:11,13.7,N,S
L-108,1998-07-04,17:24,13.8,N,
L-108,1998-07-05,18:02,13.3,N to T,
L-108,1998-07-07,16:54,13.2,N,
L-108,1998-07-09,13:08,12.9,T,
L-108,1998-07-10,17:25,12.9,T,
L-108,1998-07-13,17:09,12.7,T,
L-108,1998-07-15,17:26,12.5,T,
L-108,1998-07-16,17:08,12.5,T,
L-108,1998-07-17,17:20,12.5,T,
L-108,1998-07-19,18:14,13,N to T,
L-108,1998-07-20,17:23,13.3,N to T,
L-108,1998-07-21,7:18,13.7,N,
L-108,1998-08-05,8:44,13.2,N,
L-108,1998-08-05,17:56,13.3,N,
L-108,1998-08-06,17:19,13.3,N to T,
L-108,1998-08-07,17:20,13,N to T,
L-108,1998-08-08,17:23,12.9,N to T,
L-108,1998-08-17,16:48,13.7,N,
L-108,1998-08-28,18:45,14.2,N,S
L-108,1998-08-30,18:03,15.2,F,
L-108,1998-08-31,17:20,14.3,N,
L-108,1998-09-01,17:39,14.1,N,
L-108,1998-09-02,17:42,13.8,N,
L-108,1998-09-03,17:54,13.5,N,
L-108,1998-09-18,17:36,13.6,T,
L-108,1998-09-19,16:42,13.3,T,
L-108,1998-09-20,17:34,13,T,
L-108,1998-10-03,17:05,12.5,T,
L-108,1998-10-11,17:16,12.2,T,
L-108,1998-10-29,8:03,13.3,N to T,
L-108,1998-11-07,17:11,13.5,N to T,
L-108,1998-11-12,17:58,13.2,N to T,
L-108,1998-12-05,17:40,13.7,T,
L-108,1998-12-11,16:50,14.1,T,
L-108,1998-12-13,18:31,14.3,T to F,
L-108,1998-12-22,6:49,15.1,N to T,
L-108,1999-04-04,18:25,20.6,N,
L-108,1999-04-11,18:12,25.8,F,
L-108,1999-04-25,11:17,28.6,F to B,F
L-108,1999-05-09,9:53,29,F,
L-108,1999-05-16,9:11,28.4,F,
L-108,1999-05-20,17:30,28.1,N,
L-108,1999-05-21,7:44,28,N,
L-108,1999-12-06,8:00,38.3,N to F,
L-108,1999-12-19,0:00,36.9,N,
L-108,2000-02-10,8:42,36.7,N,
L-108,2000-02-20,18:37,48.7,B,
L-108,2000-02-29,10:07,45.3,N to F,
L-108,2000-03-16,16:51,40.3,N,
L-108,2000-09-27,17:47,54.4,F,
L-108,2000-10-14,6:42,51,N,
L-108,2000-10-22,7:22,53.6,N,
L-108,2000-10-22,7:52,55,N to F,F
L-108,2000-10-29,7:50,52.1,N to F,
L-108,2000-10-30,6:27,56.9,F to B,F
L-108,2000-10-31,17:59,51.1,N,
L-108,2000-11-09,18:49,52.2,N to F,
L-108,2000-11-21,18:52,52.1,N to F,
L-108,2001-08-09,17:13,51.3,N,
L-108,2001-09-06,6:55,52.6,N,
L-108,2001-09-26,8:30,57.2,F to B,
L-108,2001-10-23,18:43,59.5,F,
L-108,2001-11-29,8:40,52.7,N,
L-108,2002-05-20,8:40,49.8,N,
L-108,2002-05-26,7:23,49.4,N,
L-108,2002-11-10,10:05,49.9,N to F,
L-108,2002-11-14,18:29,52.2,N to F,
L-108,2003-01-18,9:11,66.6,B,F
L-108,2003-03-23,17:59,52.8,N,
L-108,2003-03-27,8:02,54.8,N,
L-108,2003-08-23,7:06,53.3,N,
L-108,2003-09-03,17:53,51.6,N,
L-108,2003-09-07,6:52,52.5,N,
L-108,2003-10-15,6:22,51.7,N,
L-108,2003-10-31,10:05,50.3,N,
L-108,2003-11-14,7:05,56.3,F,
L-108,2004-05-31,7:11,54.5,F,
L-108,2004-06-14,8:34,56.1,F,
L-108,2004-10-21,7:06,53.9,N,
L-108,2004-11-22,18:39,56.9,F,
L-108,2004-11-28,6:57,49.1,N,
L-108,2005-02-13,6:52,51.6,N to F,
L-108,2005-06-25,7:32,51.2,N,
L-108,2005-07-19,9:11,48.4,N,
L-108,2005-07-21,8:57,56.6,F to B,
L-108,2005-07-25,8:21,54.6,F,
L-108,2005-08-01,8:43,54.1,N to F,
L-109,1998-04-01,17:58,7.1,N to F,
L-109,1998-04-06,18:15,7.9,N,
L-109,1998-04-09,17:28,7.9,N,
L-109,1998-04-14,17:23,8.1,N,
L-109,1998-04-15,17:27,8.3,N,
L-109,1998-04-19,17:42,8.7,N to F,
L-109,1998-04-29,8:34,9.9,N,
L-109,1998-05-03,17:00,9.2,N,
L-109,1998-05-05,16:56,9.5,N,
L-109,1998-05-06,16:58,9.9,N to F,
L-109,1998-05-08,17:56,9.8,N,
L-109,1998-05-09,16:45,9.6,N,
L-109,1998-05-10,16:56,10,N,
L-109,1998-05-11,16:33,10,N,
L-109,1998-05-12,15:46,9.9,N,
L-109,1998-05-13,15:43,10.3,N,
L-109,1998-05-14,7:24,10.9,F,
L-109,1998-05-15,18:44,10.2,N,
L-109,1998-05-16,18:38,10.5,N,
L-109,1998-05-18,18:22,10.6,N,
L-109,1998-05-20,17:43,10.8,N,
L-109,1998-05-25,9:15,11.2,N,
L-109,1998-05-26,18:03,11.5,N to F,
L-109,1998-05-28,7:23,11.5,N,
L-109,1998-05-29,8:02,11.4,N,
L-109,1998-06-01,18:43,11.7,N,
L-109,1998-06-20,17:05,10.5,N to T,
L-109,1998-06-21,8:35,11,N,S
L-109,1998-06-29,17:50,10.9,N,
L-109,1998-06-30,17:32,10.9,N,
L-109,1998-07-03,9:12,10.8,N,
L-109,1998-07-04,17:21,10.7,N,
L-109,1998-07-05,17:35,10.4,N to T,
L-109,1998-07-07,16:57,10.3,N to T,
L-109,1998-07-09,13:04,10.2,T,
L-109,1998-07-10,17:26,10.2,T,
L-109,1998-07-13,17:01,10,T,
L-109,1998-07-15,17:16,9.9,T,
L-109,1998-07-16,17:16,9.8,T,
L-109,1998-07-17,17:14,9.8,T,
L-109,1998-07-19,18:06,10.6,N to T,
L-109,1998-07-20,17:03,10.4,N to T,
L-109,1998-08-05,18:14,10.8,N to T,
L-109,1998-08-06,17:33,11,N to T,
L-109,1998-08-07,17:21,10.8,N to T,
L-109,1998-08-08,17:26,10.7,N to T,
L-109,1998-08-17,16:36,10.7,T,
L-109,1998-08-28,10:10,12,N,
L-109,1998-08-28,18:47,11.6,N to T,S
L-109,1998-08-31,17:38,11.5,N,
L-109,1998-09-01,17:35,11.3,N,
L-109,1998-09-02,17:32,10.8,N to T,
L-109,1998-09-03,17:26,10.7,N to T,
L-109,1998-09-17,17:57,10.7,T,
L-109,1998-09-18,17:34,10.9,T,
L-109,1998-09-19,16:43,10.5,T,
L-109,1998-09-20,17:32,10.4,T,
L-109,1998-10-03,17:04,10.3,T,
L-109,1998-10-11,17:20,10,T,
L-109,1998-10-23,18:17,10.5,T,
L-109,1998-10-29,8:03,10.8,N to T,
L-109,1998-11-07,17:24,11,N to T,
L-109,1998-11-12,17:01,11.3,N to T,
L-109,1998-12-05,17:31,10.4,T,
L-109,1998-12-06,17:59,10.9,N to T,
L-109,1998-12-11,16:41,10.6,T,
L-109,1998-12-13,17:30,11.4,T to F,
L-109,1998-12-22,7:57,11.5,N to T,
L-109,1998-12-24,18:11,12,T to F,
L-109,1999-04-04,17:11,18.8,N to T,
L-109,1999-04-16,8:44,22.6,F,
L-109,1999-04-16,18:34,21.8,F,
L-109,1999-04-25,11:21,22.7,F,
L-109,1999-05-09,9:35,23.2,F,
L-109,1999-05-21,7:27,22.6,N,
L-111,1998-07-21,7:20,9.1,N,
L-111,1998-08-05,18:02,10,N,
L-111,1998-08-06,17:54,10.6,N,
L-111,1998-08-17,17:23,11.1,N,
L-111,1998-08-31,17:40,13.1,N,
L-111,1998-09-01,18:12,13.4,N,
L-111,1998-09-03,18:50,13.5,N,
L-111,1998-09-17,18:20,15.7,F,
L-111,1998-09-18,18:19,15.4,N,
L-111,1998-09-19,18:07,14.9,N,
L-111,1998-09-20,18:00,14.8,N,
L-111,1998-10-03,17:13,15.5,N,
L-111,1998-10-11,18:31,15.4,N,
L-111,1998-11-07,18:27,18,N,S
L-111,1998-11-12,17:47,19.7,N to F,S
L-111,1998-12-05,18:47,23.3,F,
L-111,1998-12-06,18:38,23.5,F,
L-111,1998-12-11,18:40,24.4,N to F,
L-111,1998-12-19,17:46,25.4,N,
L-111,1998-12-22,18:09,25.8,N to F,S
L-111,1998-12-24,18:40,25.6,N to F,
L-111,1999-04-06,18:01,35.2,F to B,
L-111,1999-04-18,7:06,38.6,F,
L-111,1999-04-25,7:29,38.5,N to F,
L-111,1999-05-04,18:30,37.4,N,
L-111,1999-05-08,17:35,38.4,N,
L-111,2000-01-09,19:02,48.5,N to F,
L-112,1998-07-21,7:56,7.9,N,
L-112,1998-08-05,18:51,8.8,N,
L-112,1998-09-01,17:42,10.4,N,
L-112,1998-09-02,17:36,10.7,N,
L-112,1998-09-03,18:41,10.3,N,
L-112,1998-09-17,17:40,11.7,N,
L-112,1998-09-18,17:34,12.1,N,
L-112,1998-09-19,17:33,11.9,N,
L-112,1998-10-03,17:17,11.4,N,
L-112,1998-10-11,17:37,11.1,N,
L-112,1998-10-23,18:00,11.9,N,
L-112,1998-10-28,9:08,11.8,N,
L-112,1998-11-07,17:13,13.5,N,
L-112,1998-11-12,17:26,13.5,N,
L-112,1998-12-19,18:13,16.4,N,
L-112,1998-12-22,18:22,16.8,N,
L-112,1999-04-03,10:00,22.6,N to F,
L-112,1999-04-04,17:57,23.4,N,
L-112,1999-04-25,6:51,24.3,N,
L-112,1999-05-03,17:13,23.2,N,
L-112,1999-05-09,8:41,25.3,N to F,
L-112,1999-06-04,9:12,22.5,N,
L-112,1999-06-08,6:46,21.7,N,
L-112,1999-11-29,9:18,33.3,N,
L-112,2000-01-08,18:20,36.6,N,
L-112,2000-01-09,17:59,35.9,N,
L-112,2000-01-10,18:37,36.3,N,
L-112,2000-01-28,9:58,39.7,F,
L-112,2000-02-24,18:54,43.1,F to B,
L-112,2000-03-11,7:36,38.5,N,
L-112,2000-03-12,6:51,36,N,
L-112,2000-09-04,8:13,50.8,N,
L-112,2000-10-14,7:02,50.8,N to F,
L-112,2000-10-22,7:31,53.4,N,
L-112,2000-10-22,7:49,53.6,N,F
L-112,2000-10-29,7:39,54.4,F,F
L-112,2000-12-09,8:52,57.8,F to B,
L-112,2001-07-14,18:00,53.6,N,
L-112,2001-07-17,8:14,55.1,N,
L-112,2001-07-19,18:02,49.1,N,
L-112,2001-08-02,17:27,53,N,
L-112,2001-09-03,6:51,55.3,N to F,
L-112,2001-09-25,18:30,58.4,F,
L-112,2001-10-01,18:14,52.7,N,
L-112,2001-11-21,9:24,62.8,F,
L-112,2001-11-27,8:17,60.4,F,
L-112,2002-04-06,8:58,56.1,N to F,
L-112,2002-04-07,7:56,56.2,N to F,
L-112,2002-04-13,8:22,55.9,N,
L-112,2002-04-18,9:06,57,F,
L-112,2002-04-22,17:40,55.4,N,
L-112,2002-05-18,8:57,55.4,N,
L-112,2002-05-21,8:58,52.9,N,
L-112,2002-06-03,18:37,53.4,N,
L-112,2002-07-19,17:30,51.4,N,
L-112,2003-01-03,9:45,52.9,N,
L-112,2003-01-17,10:04,54.8,N to F,
L-112,2003-10-18,7:28,52,N,
L-114,1998-09-01,17:48,8.4,N,
L-114,1998-09-02,17:53,8.5,N,
L-114,1998-09-17,18:23,9.9,N,
L-114,1998-09-18,17:48,9.7,N,
L-114,1998-09-19,17:19,9.7,N,
L-114,1998-09-20,18:49,9.6,N,
L-114,1998-10-03,17:09,9.4,N,
L-114,1998-10-11,18:11,9.2,N,
L-114,1998-10-20,18:16,9.9,N,
L-114,1998-10-23,18:10,9.8,N,
L-114,1998-11-07,17:19,10,N,
L-114,1998-11-12,17:12,9.6,N,
L-114,1998-12-06,18:11,9.9,N,
L-114,1998-12-13,17:34,11.6,N,
L-114,1998-12-19,17:09,11.1,N,
L-114,1998-12-21,17:33,11.5,N,
L-114,1998-12-22,6:54,11.1,N,
L-114,1998-12-22,6:54,11.1,N,
L-114,1998-12-24,18:22,11.4,N,
L-114,1999-04-04,18:36,17.8,N,
L-114,1999-04-06,18:55,17,N,
L-114,1999-04-16,18:59,17.4,N,
L-114,1999-04-18,6:57,18.5,N,
L-114,1999-04-19,17:31,17.2,N,
L-114,1999-04-19,18:53,20.6,F,F
L-114,1999-04-24,18:37,18.9,N,
L-114,1999-04-25,8:37,19.2,N,
L-114,1999-05-03,17:14,20,N,
L-114,1999-05-04,17:13,19.6,N,
L-114,1999-05-07,9:20,19.4,N,
L-114,1999-05-08,8:28,20.3,N,
L-114,1999-05-09,9:50,20,N,
L-114,1999-05-10,17:58,20.3,N,
L-114,1999-05-15,7:09,19.8,N,
L-114,1999-05-16,9:05,19.6,N,
L-114,1999-05-20,18:04,19.9,N,
L-114,1999-05-26,9:40,21.6,N to F,
L-114,1999-06-04,7:16,20.3,N,
L-114,1999-06-06,9:42,19.6,N,
L-114,1999-06-08,7:09,19,N,
L-114,1999-06-09,7:17,21,N,
L-114,1999-11-29,8:22,27.1,N,
L-114,1999-12-31,10:42,29.6,N,
L-114,2000-02-16,17:44,36.9,N to F,
L-114,2000-02-21,7:38,33.7,N,
L-114,2000-02-22,8:55,32.7,N,
L-114,2000-03-14,7:17,34,N,
L-114,2000-03-16,7:27,35,N to F,
L-114,2000-03-20,8:48,36.5,N to F,
L-114,2000-09-08,7:12,49.9,F,
L-114,2000-09-27,17:45,50.2,F,
L-114,2000-10-22,7:48,52.1,F,
L-114,2000-10-26,7:16,50,F,F
L-114,2000-10-29,8:02,51.1,F,
L-114,2000-11-12,8:15,55.5,F to B,
L-114,2000-11-21,18:33,51.8,F,
L-114,2000-11-22,11:03,55.4,F to B,
L-114,2000-12-10,8:10,53.1,F,
L-114,2001-07-26,7:06,54.5,N to F,
L-114,2001-08-02,18:25,50.8,N,
L-114,2001-08-24,18:58,50.4,N to F,
L-114,2001-09-07,6:43,56.6,N to F,
L-114,2001-09-10,9:38,63.2,B,
L-114,2001-09-27,9:45,59.1,F to B,
L-114,2001-11-20,18:36,57.7,F,
L-114,2001-11-21,9:13,61.4,F to B,
L-114,2001-11-22,7:47,57.5,F,
L-114,2002-05-15,8:48,52.3,N,
L-114,2002-11-20,6:38,55.3,N to F,
L-114,2002-11-27,8:18,52.9,N,
L-114,2003-01-17,9:57,53.2,N to F,
L-114,2003-02-09,6:59,60,F to B,
L-114,2003-02-14,7:00,60,F to B,
L-114,2003-08-08,7:28,55.5,N to F,
L-114,2003-09-05,17:34,54.4,N,
L-114,2003-10-29,6:39,48.3,N,
L-114,2003-10-31,8:24,52.6,F,
L-114,2004-04-13,7:43,57.3,F,
L-114,2004-05-07,8:44,55.6,N,
L-114,2004-06-17,6:52,55.7,N,
L-114,2004-06-23,8:03,55.7,N,
L-114,2004-06-24,7:15,56,N,
L-114,2004-06-26,7:27,60,B,
L-114,2004-10-20,18:12,50.2,N,
L-114,2004-11-06,18:05,51.2,N,
L-114,2004-11-18,6:24,49,N,
L-114,2005-01-08,7:53,56.2,N to F,
L-114,2005-01-16,17:21,60.2,F,
L-114,2005-01-18,18:48,57.4,N to F,
L-114,2005-01-24,8:26,65.3,B,
L-114,2005-01-31,8:38,63.3,B,
L-114,2005-08-03,18:18,59.4,N to F,
L-114,2005-08-16,6:37,58.9,N to F,
L-114,2005-08-24,18:38,58.6,N,
L-114,2007-05-19,7:08,56.3,N,
L-114,2007-05-21,9:45,54.7,N,
L-114,2007-05-26,7:44,58.2,N to F,
L-114,2007-06-15,8:19,56.3,N,
L-114,2007-06-25,11:26,63.2,B,
L-114,2008-01-10,6:44,59.7,F,
L-114,2008-02-04,9:14,72.8,B,
L-114,2008-12-07,8:21,54.5,N,
L-114,2009-07-04,10:10,59,F,
L-114,2010-04-03,7:13,61.6,F,
L-116,1998-12-22,18:48,21.3,N to F,S
L-116,1998-12-24,18:40,21.2,N to F,
L-117,1998-09-17,18:13,9.2,F,
L-117,1998-09-18,17:41,9,N to F,
L-117,1998-09-19,18:23,9.3,N,S
L-117,1998-09-20,17:39,8.9,N,
L-117,1998-10-03,17:05,9.4,N,
L-117,1998-10-11,17:12,9.2,N,
L-117,1998-10-20,17:43,9.5,N,
L-117,1998-10-23,18:01,10.1,N,
L-117,1998-10-28,9:27,9.5,N,
L-117,1998-11-07,17:10,10,N,
L-117,1998-11-12,17:12,10,N,
L-117,1998-12-05,17:50,13.3,N to F,
L-117,1998-12-05,17:50,13.6,F,S
L-117,1998-12-06,18:08,13.2,N to F,
L-117,1998-12-11,16:46,13.7,N,
L-117,1998-12-13,17:34,14.4,F,
L-117,1998-12-19,17:15,14.5,N,
L-117,1998-12-19,18:06,14.6,N,
L-117,1998-12-21,17:38,15,N,
L-117,1998-12-22,6:51,14.9,N,
L-117,1998-12-22,18:23,14.9,N,S
L-117,1998-12-24,18:24,14.9,N,
L-117,1999-04-04,17:50,22,N,
L-117,1999-04-24,18:39,25.7,N,
L-117,1999-05-04,17:16,24.6,N,
L-117,1999-05-21,7:14,26.4,N,
L-118,1998-11-07,17:50,8.2,N,
L-118,1998-11-12,17:42,8.2,N,
L-118,1998-12-06,18:37,11.1,N to F,
L-118,1998-12-19,18:55,12.6,N,S
L-118,1998-12-22,18:33,12.7,N to F,S
L-118,1999-04-04,18:00,21.2,N,
L-118,1999-04-24,18:15,23,N,
L-118,1999-05-03,17:24,23.8,N to F,
L-118,1999-05-04,18:38,22.8,N,
L-118,1999-05-21,7:15,24,N,
L-118,1999-06-08,18:29,24,N,
L-118,1999-11-30,17:57,33.8,N,
L-118,2000-01-09,18:26,37,N,
L-118,2000-03-20,9:00,44.8,N to F,
L-118,2001-08-03,7:07,56.3,N,
L-118,2002-11-06,8:45,61.4,F,
L-118,2002-11-16,7:15,57.4,F,
L-118,2003-03-23,17:12,54.8,N,
L-118,2003-03-24,8:45,57.2,N,
L-118,2003-03-27,8:03,54.6,N,
L-118,2003-09-07,10:04,53.9,N,
L-118,2004-06-14,8:35,53.5,N,
L-118,2004-10-21,7:20,54.4,N,
L-118,2004-12-02,6:59,54.4,N,
L-118,2005-06-18,7:49,58.2,N to F,
L-118,2005-06-25,7:39,58.8,N to F,
L-118,2005-07-21,9:04,50.8,N,
L-118,2005-08-06,8:01,63.3,F to B,
L-119,1999-05-07,9:31,25.6,N,
L-119,1999-05-08,8:38,25.3,N,
L-119,1999-05-15,7:10,26.8,N,
L-119,1999-06-08,7:18,28.3,N,
L-124,1999-12-15,18:25,15.5,N,
L-124,1999-12-18,0:00,16,N,
L-124,2000-01-12,18:45,18.2,N,
L-124,2000-01-28,7:40,19.3,N,
L-124,2000-01-29,17:19,19.5,N,
L-124,2000-01-31,17:04,19.3,N,
L-124,2000-02-02,17:51,19.4,N,
L-124,2000-02-04,17:14,20.8,F,
L-124,2000-02-07,17:53,20.3,N,
L-124,2000-02-10,7:33,20.3,N,
L-124,2000-02-25,16:58,21.5,N,
L-124,2000-03-16,17:53,22.3,N,
L-124,2000-03-19,7:54,21.9,N,
L-124,2000-09-06,18:16,40.7,N,
L-124,2000-09-17,6:51,43.7,F,
L-124,2000-09-18,7:53,44,F,
L-124,2000-09-21,18:39,40.4,N,
L-124,2000-09-30,18:15,42.3,N,
L-124,2000-10-03,18:24,43,N,
L-124,2000-10-10,19:37,44.9,N to F,
L-124,2000-10-10,21:58,44.8,N to F,
L-124,2000-10-14,6:29,47.7,F,
L-124,2000-10-15,18:50,43.3,N,
L-124,2000-10-22,7:12,45.7,N,
L-124,2000-10-26,7:14,46.4,F,F
L-124,2000-10-29,8:00,44.2,N,
L-124,2000-11-09,18:44,46.8,N to F,
L-124,2000-11-10,7:01,47.3,N to F,
L-124,2000-11-19,9:40,47.6,N,
L-124,2000-11-21,18:10,46.7,N to F,
L-124,2000-12-02,18:16,51.9,F,
L-124,2000-12-07,18:50,45.6,N,
L-124,2000-12-10,8:00,53,B,
L-124,2001-07-12,0:00,50.1,N,
L-124,2001-07-26,7:02,53.3,N,
L-124,2001-08-19,8:03,55.5,N,
L-124,2001-09-25,18:41,53.8,N,
L-124,2001-09-30,8:47,57.1,N to F,
L-124,2001-10-08,9:11,55,N to F,
L-124,2001-10-12,18:14,56.6,F,
L-124,2002-04-08,17:22,60.8,F,
L-124,2002-04-13,9:16,57.2,N,
L-124,2002-04-15,18:21,54.8,N,
L-124,2002-04-18,17:57,57.3,N,
L-124,2002-04-22,17:42,55.3,N,
L-124,2002-05-06,8:32,52.9,N,
L-124,2002-05-17,8:12,55.4,N,
L-124,2002-05-24,6:30,54.4,N,
L-124,2002-05-29,8:16,52.5,N,
L-124,2002-06-06,10:47,51.6,N,
L-124,2002-06-22,18:07,56.2,N,
L-124,2002-07-05,17:49,52.4,N,
L-124,2002-07-09,7:10,54.8,N to F,
L-124,2002-11-14,6:31,64.6,F,
L-124,2002-11-15,18:27,60.6,N to F,
L-124,2002-11-18,17:03,56.1,N,
L-124,2002-11-21,17:04,56.9,N,
L-124,2002-12-24,18:20,57.9,N,
L-124,2003-03-27,6:52,52.6,N,
L-124,2003-08-06,18:12,59.7,N to F,
L-124,2003-09-04,18:57,54,N,
L-124,2003-09-05,17:32,59.7,N to F,
L-124,2003-09-07,18:35,59.1,N to F,
L-124,2003-09-09,7:01,62.3,F to B,
L-124,2003-10-23,18:39,54.8,N,
L-124,2003-10-24,18:47,59.1,F,
L-124,2003-10-31,7:32,56.7,N to F,
L-124,2003-11-13,8:39,62,F to B,
L-124,2004-04-13,7:06,59.3,F,
L-124,2004-04-24,6:56,58.4,N,
L-124,2004-05-06,7:41,59,N,
L-124,2004-05-14,7:01,67.7,B,
L-124,2004-05-18,8:06,63.7,N to F,
L-124,2004-05-22,6:34,58.4,N,
L-124,2004-10-18,9:11,68.9,B,
L-124,2004-10-26,6:45,66.6,F to B,
L-124,2004-12-13,17:54,58.1,N to F,
L-124,2004-12-15,18:47,61.9,F,
L-124,2004-12-18,17:45,59.4,F,
L-124,2005-01-06,8:05,60.6,N to F,
L-124,2005-01-08,7:34,58.7,N,
L-124,2005-01-16,19:10,61.1,F,
L-124,2005-01-18,18:34,60.8,N to F,
L-124,2005-01-24,8:22,59,N to F,
L-124,2005-02-11,18:28,70.4,F to B,
L-125,2000-01-12,18:30,16.7,N,
L-125,2000-01-29,17:15,18.4,N,
L-125,2000-01-31,17:00,17.5,N,
L-125,2000-02-02,17:53,17.3,N,
L-125,2000-02-04,18:19,18.7,F,
L-125,2000-02-07,17:59,18.2,N,
L-125,2000-02-10,7:31,17.4,N,
L-125,2000-02-25,16:57,19.7,N,
L-125,2000-03-16,17:34,20.3,N,
L-125,2000-03-19,7:54,20.3,N,
L-130,1999-12-27,17:45,10.6,N,
L-130,1999-12-29,17:40,10.8,N,
L-130,2000-01-08,18:36,12.1,N,
L-130,2000-01-10,17:36,12.2,N,
L-130,2000-01-12,16:51,12.4,N,
L-130,2000-01-29,17:24,14,N,
L-130,2000-02-02,18:31,14.6,N,
L-130,2000-02-04,17:06,15.4,F,
L-130,2000-02-07,17:56,16.1,F,
L-130,2000-02-10,17:55,15.5,N,
L-130,2000-02-16,17:47,16,N,
L-130,2000-02-25,19:04,16.1,N,
L-130,2000-02-26,17:39,16.4,N,
L-130,2000-03-01,18:35,17.3,N,
L-130,2000-03-04,8:29,19.5,N to F,
L-130,2000-03-12,17:13,19.6,F,
L-130,2000-03-13,17:23,19.6,N to F,
L-130,2000-03-14,17:06,20,N,
L-130,2000-03-16,17:21,18.8,N,
L-130,2000-11-13,19:04,45.5,F,
L-130,2000-12-02,18:22,47.9,F,
L-130,2000-12-08,18:25,49.7,F to B,
L-130,2000-12-10,8:02,52,B,
L-130,2001-08-02,7:58,58.8,F,
L-130,2001-09-30,8:50,57.4,N,
L-130,2001-10-07,17:58,65.3,B,
L-130,2001-10-25,18:45,58.6,N,
L-130,2001-11-07,18:42,55.5,N,
L-130,2001-11-21,6:58,58.3,N,
L-130,2001-12-02,17:56,60.4,F,
L-130,2002-04-13,18:30,64.6,N to F,
L-130,2002-04-22,8:02,66.1,N to F,
L-130,2002-05-17,18:49,73,B,
L-130,2002-05-21,9:17,66,N to F,
L-130,2002-06-01,7:26,56.6,N,
L-130,2002-06-03,18:33,56.9,N,
L-130,2002-06-24,6:42,62,N to F,
L-130,2002-06-26,18:30,61,N,
L-130,2002-07-05,18:51,59,N,
L-130,2002-07-07,18:39,63.7,F,
L-131,1999-12-06,17:58,9.8,N,
L-131,1999-12-15,18:00,10.2,N,
L-131,1999-12-20,18:44,10.2,N,
L-131,1999-12-27,17:44,10.2,N,
L-131,1999-12-29,17:10,10.6,N,
L-131,1999-12-30,18:26,10.3,N,
L-131,2000-01-08,18:25,11.8,N,
L-131,2000-01-12,17:24,12,N,
L-131,2000-01-29,18:32,14.3,N,
L-131,2000-02-02,18:47,14.3,N,
L-131,2000-02-04,17:07,15.3,F,
L-131,2000-02-07,18:00,15.6,F,
L-131,2000-02-10,18:06,14.9,N,
L-131,2000-02-16,17:57,15.6,N,
L-131,2000-02-25,19:00,16.1,N,
L-131,2000-02-26,17:38,16,N,
L-131,2000-03-01,18:34,17.1,N,
L-131,2000-03-13,17:59,19.3,N to F,
L-131,2000-11-02,18:25,42.9,F,
L-131,2000-11-10,7:03,42.3,N to F,
L-131,2000-11-13,18:39,44,F,
L-131,2000-11-15,18:49,43.8,F,
L-131,2000-11-21,18:46,44,N to F,
L-131,2000-12-09,7:47,46.4,N to F,
L-131,2001-09-28,8:17,53.7,N to F,
L-131,2001-10-25,18:43,53.2,N,
L-131,2001-11-12,7:33,59.1,F,
L-131,2002-04-21,6:50,59.2,F,
L-131,2002-05-15,18:20,50.2,N to T,
L-131,2002-06-13,7:07,54.8,N,
L-131,2002-07-07,8:13,50.3,N,
L-131,2002-11-22,7:08,60.8,F to B,
L-131,2002-11-23,7:14,55,N,
L-131,2002-11-28,6:50,56.7,N to F,
L-131,2002-12-15,6:43,51.7,N,
L-131,2002-12-24,10:05,55,N to F,
L-131,2002-12-30,9:30,55.4,N,
L-131,2003-01-01,18:41,55.1,N,
L-131,2003-02-15,10:23,57.7,N to F,
L-131,2003-03-20,19:12,48.8,N,
L-131,2003-03-24,7:06,54.8,N to F,
L-131,2003-10-30,9:14,54.3,N,
L-131,2004-04-14,18:22,53,N,
L-131,2004-04-17,18:38,52.2,N,
L-131,2004-12-06,18:50,57.2,N to F,
L-131,2005-01-31,18:40,57.4,N,
L-131,2005-08-23,7:23,55.6,N,
L-131,2005-09-15,7:39,55.7,N,
L-131,2010-04-28,7:01,57.3,N,
L-131,2010-05-24,6:45,56.1,N,
L-131,2010-10-22,9:00,61.9,F,
L-135,2000-11-20,17:50,27.3,N to F,
L-135,2000-12-07,18:43,28,N,
L-135,2002-04-26,19:20,51.4,N,
L-135,2002-05-07,7:51,50.6,N,
L-135,2002-05-18,8:54,52.9,N,
L-135,2002-05-21,9:23,50.3,N,
L-135,2002-06-03,18:18,48.6,N,
L-135,2002-11-18,17:46,48.4,N,
L-135,2002-11-21,18:00,50.6,N,
L-135,2002-11-27,6:55,50.3,N,
L-135,2002-12-02,8:29,50.2,N,
L-135,2002-12-14,10:09,49.6,N,
L-135,2002-12-25,16:44,50.6,N,
L-135,2003-03-25,18:26,52.5,N,
L-135,2003-08-23,18:10,56,N,
L-135,2003-09-15,8:06,63.4,N to F,
L-135,2003-09-16,9:58,59.6,N,
L-135,2003-10-18,7:29,55.7,N,
L-135,2003-10-29,18:36,56.1,N,
L-135,2003-10-31,8:17,58.8,N to F,
L-135,2004-04-24,6:57,51.6,N to T,
L-140,2000-09-30,18:32,18.4,N,S
L-140,2000-10-03,18:25,18.7,N,
L-140,2000-10-10,18:02,18.9,N,
L-140,2000-10-14,6:32,18.7,N,
L-140,2000-10-15,6:33,18.9,N,
L-140,2000-10-21,17:31,21.3,N,
L-140,2000-10-22,6:40,20.3,N,
L-140,2000-10-25,7:29,22.1,N to F,
L-140,2000-10-26,8:00,22.6,F,F
L-140,2000-10-27,18:10,21.3,N,
L-140,2000-10-30,7:13,24,B,F
L-140,2000-11-02,17:34,22.8,N to F,
L-140,2000-11-07,17:57,21.8,N,
L-140,2000-11-08,18:40,22.7,N,
L-140,2000-11-13,18:09,23,N,
L-140,2000-11-19,17:54,24,N,
L-140,2000-11-21,18:28,24.4,N,
L-140,2000-11-22,18:07,24.2,N,
L-140,2000-12-02,0:00,26.5,F,
L-143,2000-11-20,18:09,8.3,N,
L-143,2000-12-07,18:40,9.1,N,
L-143,2000-12-08,18:21,9.1,N,
L-146,2001-07-19,17:57,13.4,N,
L-146,2001-07-26,7:46,13.7,N,S
L-146,2001-08-08,18:10,14.8,N,
L-146,2001-08-20,17:56,15.7,N,
L-146,2001-09-01,19:00,16.7,N,
L-146,2001-09-02,18:20,16.5,N,
L-146,2001-09-09,18:33,16.7,N,
L-146,2001-09-25,17:48,17.2,N,
L-146,2001-10-07,18:03,18.3,N,
L-146,2001-10-26,18:08,20.3,N,
L-146,2001-10-30,17:44,20.1,N,
L-146,2001-11-02,17:49,20.2,N,
L-146,2001-11-03,8:31,21.3,N,
L-146,2001-11-11,18:14,19.5,N,
L-146,2001-11-20,18:00,20.7,N,
L-146,2001-11-25,17:58,20.2,N,
L-146,2001-12-02,18:02,21.7,N,
L-146,2002-04-07,8:48,37.3,F,
L-146,2002-04-08,17:00,34.4,N to F,
L-146,2002-04-14,17:37,35.5,F,
L-146,2002-05-17,8:14,37.3,F to B,
L-146,2002-05-17,17:50,37.5,F to B,F
L-146,2002-05-27,9:21,31.5,N,
L-146,2002-06-21,9:10,34.9,N,
L-146,2002-07-19,7:51,35,N,
L-146,2002-11-06,7:28,34.9,N,
L-146,2002-11-20,9:12,37.3,N,
L-146,2002-11-21,17:04,37.4,N,
L-146,2002-11-27,7:38,37,N,
L-146,2002-11-30,8:50,38.3,N to F,
L-146,2002-12-10,17:36,42.2,F,
L-146,2002-12-21,9:00,47.9,B,
L-146,2002-12-25,17:46,40.8,N,
L-146,2002-12-30,9:41,39.7,N,
L-146,2003-01-05,18:38,38.5,N,
L-146,2003-02-04,6:55,47,B,
L-146,2003-03-19,8:58,45.7,N,
L-146,2003-09-07,18:42,53.1,F,
L-146,2003-10-10,7:35,48.4,N,
L-146,2003-10-18,7:30,53,N,
L-146,2003-10-29,6:36,51.8,N,
L-146,2003-10-31,7:35,55.6,F,
L-146,2003-11-15,6:53,52.5,N to F,
L-146,2004-04-24,8:29,55.3,N,
L-146,2004-06-10,18:27,55.4,N,
L-146,2004-12-15,18:07,60.5,N to F,
L-146,2004-12-18,17:47,62,N to F,
L-146,2005-06-22,6:41,69.3,B,
L-146,2005-08-03,18:54,63.5,N to F,
L-146,2005-08-22,19:00,59.2,N,
L-146,2005-09-05,7:14,60.4,N,
L-146,2006-02-28,18:27,71.4,F,
L-146,2007-05-22,9:20,64.1,N to F,
L-146,2007-05-26,6:45,65.3,F,
L-147,2001-07-13,18:39,12.6,N,
L-147,2001-07-14,18:51,12.7,N,S
L-147,2001-07-19,17:49,12.9,N,
L-147,2001-07-26,7:38,13.1,N,S
L-147,2001-08-20,19:02,15,N,
L-147,2001-08-24,18:27,15.4,N,
L-147,2001-09-02,18:15,15.7,N,
L-147,2001-09-09,18:22,16.1,N,
L-147,2001-09-25,17:26,16.4,N,
L-147,2001-10-01,19:00,18.5,N,
L-147,2001-10-07,18:55,18.4,N,
L-147,2001-10-26,18:12,20.4,N,
L-147,2001-10-29,18:37,19.6,N,
L-147,2001-10-30,17:39,20.2,N,
L-147,2001-11-02,17:54,21.1,N,
L-147,2001-11-09,6:58,20.9,N,
L-147,2001-11-11,17:57,20.1,N,
L-147,2001-11-20,18:01,22.1,N,
L-147,2001-11-25,17:56,20.6,N,
L-147,2001-12-02,18:10,21.9,N,
L-148,2001-07-13,18:34,11.9,N,
L-148,2001-07-17,8:24,12.4,N,
L-148,2001-07-19,17:57,12.1,N,
L-148,2001-08-02,17:31,12.6,N,
L-148,2001-08-08,17:36,12.7,N,
L-148,2001-08-20,17:32,13.5,N,
L-148,2001-08-24,18:06,13.7,N,
L-148,2001-09-01,18:18,14.3,N,
L-148,2001-09-02,17:58,14.3,N,
L-148,2001-09-14,17:42,15.2,N,
L-148,2001-09-25,17:18,15.6,N,
L-148,2001-10-26,17:22,19.5,N,
L-148,2001-11-07,17:49,19,N,
L-148,2001-11-29,17:59,19.1,N,
L-148,2002-04-06,7:14,32.5,N to F,
L-148,2002-04-08,7:22,31.4,N,
L-148,2002-05-07,7:46,30.8,N,
L-148,2002-05-08,18:07,30.3,N,
L-148,2002-05-17,17:36,33.6,F,F
L-148,2002-11-11,9:29,35.3,F,
L-148,2002-11-27,7:32,32.2,N,
L-148,2002-11-30,8:59,36.6,F,
L-148,2002-12-25,17:14,35.2,N,
L-148,2003-01-03,9:39,41.1,F to B,
L-148,2003-02-04,11:30,38.1,N to F,
L-148,2003-03-13,6:37,39.1,N,
L-148,2003-03-29,9:35,42.1,N,
L-148,2003-10-10,7:28,44.4,N,
L-148,2003-10-27,6:55,45.7,F,
L-148,2003-10-31,8:14,48.5,F,
L-148,2003-11-16,18:36,49.6,F,
L-148,2004-04-24,6:35,51,N,
L-148,2004-05-12,18:19,55,F to B,
L-148,2004-05-14,9:30,56.2,F,
L-148,2004-05-25,9:34,56.2,F,
L-148,2004-06-10,8:10,53.1,N to F,
L-148,2004-11-28,8:42,57.5,F,
L-148,2004-12-05,9:48,58,N to F,
L-148,2004-12-06,18:49,53.3,N,
L-148,2004-12-08,8:45,53.6,N,
L-148,2004-12-18,9:46,53.5,N,
L-148,2004-12-19,7:44,56.2,F,
L-148,2005-01-31,18:47,54.4,N,
L-148,2005-02-09,6:47,55.8,N,
L-148,2005-09-06,19:02,55.9,N,
L-148,2006-03-13,8:50,56.4,N,
L-148,2006-03-23,9:12,61.3,F,
L-148,2006-03-25,6:38,57.8,N to F,
L-148,2006-04-09,7:35,55.3,N,
L-148,2006-04-16,9:22,57.7,N to F,F
L-148,2007-06-08,10:07,53.5,N,
L-148,2008-01-10,6:35,54.8,N to F,
L-148,2008-02-13,7:12,62.6,F,
L-148,2009-08-05,9:25,53.7,N,
L-148,2010-01-04,6:44,60.3,F,
L-148,2010-11-15,8:33,56.5,N to F,
L-149,2001-08-08,18:28,11.1,N,
L-149,2001-08-20,17:46,13.5,N,
L-149,2003-08-22,18:36,38,N,
L-149,2003-09-05,17:45,34.8,N,
L-150,2001-07-17,8:23,11.7,N,
L-150,2001-08-02,18:08,13.1,N,
L-150,2001-09-02,19:00,14.8,N,
L-150,2001-09-09,18:52,14.7,N,
L-150,2001-09-14,17:59,15.6,N,
L-150,2001-10-01,18:12,17,N,
L-150,2001-10-12,18:05,17.4,N,
L-150,2001-10-13,8:36,17.8,N,
L-150,2001-10-17,18:22,18.7,N,
L-150,2001-10-29,18:45,20.2,N,
L-150,2001-10-30,17:35,19.8,N,
L-150,2001-11-02,17:47,22,N to F,S
L-150,2001-11-07,18:05,19.7,N,
L-150,2001-11-20,17:06,20.4,N,
L-150,2001-11-24,17:26,19.8,N,
L-150,2002-04-22,7:58,33.1,F,
L-150,2002-05-15,6:46,29.1,N,
L-150,2002-05-17,8:02,28.8,N,
L-150,2002-05-17,18:11,30.7,N to F,F
L-150,2002-05-21,17:21,27.8,N,
L-151,2001-07-14,18:27,11,N,
L-151,2001-07-17,8:17,11.5,N,
L-151,2001-07-19,18:00,11.2,N,
L-151,2001-07-26,7:23,12.3,N,
L-151,2001-08-02,18:06,12.6,N,
L-151,2001-08-08,17:44,12.5,N,
L-151,2001-08-20,17:38,13.7,N,
L-151,2001-08-24,19:05,14.5,N,
L-151,2001-09-01,18:15,15.1,N,
L-151,2001-09-02,17:52,15,N,
L-151,2001-09-09,18:16,15.1,N,
L-151,2001-09-14,17:43,15.9,N,
L-151,2001-09-25,18:17,16.7,N,
L-151,2001-10-01,18:10,17.1,N,
L-151,2001-10-12,17:49,17.3,N,
L-151,2001-10-17,18:27,19,N,
L-151,2001-10-26,17:24,18.1,N,
L-151,2001-10-29,18:50,18.8,N,
L-151,2001-11-02,17:42,22,N to F,S
L-151,2001-11-07,17:25,18.8,N,
L-151,2001-11-11,17:32,18.6,N,
L-151,2001-11-20,16:56,18.8,N,
L-151,2001-11-21,17:55,18.8,N,
L-151,2001-11-25,18:49,18.5,N,
L-151,2002-04-01,17:20,26.8,N,
L-151,2002-04-07,7:58,27.2,N,
L-151,2002-05-15,6:47,27.3,N,
L-151,2002-05-17,8:01,27.2,N,
L-151,2002-05-17,17:46,30.4,N to F,F
L-151,2002-05-21,17:18,26.1,N,
L-151,2002-06-03,17:59,26,N,
L-151,2002-07-19,18:14,31.1,F,
L-151,2002-11-16,9:19,26.6,N,
L-151,2002-11-21,18:02,29.9,F,
L-151,2002-11-30,8:48,31.4,B,
L-151,2002-12-10,17:41,27.2,F,
L-151,2002-12-25,17:15,26.7,N,
L-151,2002-12-30,9:58,26.7,N,
L-151,2003-02-14,6:40,29.8,F,
L-151,2003-02-14,17:42,28.7,N to F,
L-151,2003-03-27,17:19,30.4,F,
L-151,2003-08-06,18:16,36.3,N,
L-151,2003-08-12,18:24,39.9,F,
L-151,2003-09-07,18:36,41.8,F to B,
L-151,2003-10-19,18:31,38.6,N,
L-151,2003-10-25,8:21,41,F,
L-151,2003-10-31,7:52,40,N to F,
L-151,2004-04-13,18:25,47.1,N,
L-151,2004-05-25,7:07,49,N to F,F
L-151,2004-06-22,8:57,50.9,F,
L-151,2004-06-24,7:08,48,N to F,
L-151,2004-12-05,6:47,62,B,
L-151,2005-01-02,8:52,57.1,F,
L-151,2005-01-06,7:45,54.4,N,
L-151,2005-01-21,7:26,57.8,F,
L-151,2005-06-16,8:18,57.6,F,
L-151,2005-06-22,10:33,59.1,F,
L-151,2005-08-03,18:55,56,N to F,
L-151,2005-08-05,7:03,58.4,F,
L-151,2005-08-11,6:42,55.6,N,
L-151,2005-08-15,8:48,57.9,F,
L-151,2006-03-12,18:14,63.4,F,
L-151,2006-03-14,18:35,65.4,F,
L-151,2006-03-26,18:42,63.2,F,
L-151,2006-08-30,8:09,59.7,F,
L-151,2007-05-19,6:46,55.2,N,
L-151,2007-05-26,7:06,57.3,F,
L-151,2007-05-31,7:35,65,F to B,
L-151,2007-06-15,7:59,61.9,F,
L-151,2007-11-19,7:57,67.7,F,
L-151,2008-01-02,7:00,66,B,
L-151,2008-01-14,7:56,58.8,N,
L-151,2008-02-05,7:35,64.2,F,
L-151,2008-03-16,8:44,66.4,F,
L-151,2008-04-13,10:17,55.2,N,
L-151,2008-04-29,10:27,60.8,F,
L-151,2008-05-08,8:29,59,F,
L-151,2009-05-25,7:52,61.4,F,
L-151,2010-04-03,7:17,59.3,N to F,
L-152,2001-07-19,18:05,10.7,N,
L-152,2001-07-26,7:11,12,N to F,
L-152,2001-08-02,17:28,12.3,N,
L-152,2001-08-08,17:41,12.8,N,
L-152,2001-08-20,18:50,14.1,N,
L-152,2001-08-24,18:32,14.6,N,
L-152,2001-09-01,18:41,14.9,N,
L-152,2001-09-02,18:07,15.2,N,
L-152,2001-09-09,18:17,16,N,
L-152,2001-09-14,18:03,16.8,N,
L-152,2001-09-25,17:37,17,N,
L-152,2001-10-01,18:01,16.9,N,
L-152,2001-10-12,18:11,18.6,N,
L-152,2001-10-26,17:23,20.1,N,
L-152,2001-11-02,17:44,20.3,N,
L-152,2001-11-07,17:46,20.3,N,
L-152,2001-11-11,18:10,20.5,N,
L-152,2001-11-21,18:44,21.1,N,
L-152,2001-11-22,8:29,21.1,N,
L-152,2001-11-25,18:18,21.3,N,
L-152,2001-11-29,17:33,21.1,N,
L-152,2001-12-02,18:26,21.5,N,
L-152,2002-04-07,9:03,30.9,N to F,
L-152,2002-05-08,18:32,27.5,N,
L-152,2002-11-20,6:22,29.4,N,
L-153,2001-08-24,18:37,12.3,N,
L-153,2001-11-02,18:27,16.8,N,
L-153,2001-11-07,17:42,16.6,N,
L-153,2001-11-09,7:01,17.1,N,
L-153,2001-11-11,18:19,16.8,N,
L-153,2001-11-21,7:02,17.4,N,
L-153,2001-11-24,17:49,16.5,N,
L-153,2001-11-25,19:15,17.4,N,S
L-153,2001-11-29,17:23,17.3,N,
L-153,2001-12-02,17:47,17.5,N,
L-153,2002-04-06,9:01,29.3,F,
L-153,2002-04-11,7:03,28.6,N,
L-153,2002-04-18,8:41,28.4,N,
L-153,2002-04-26,18:23,28.3,N,
L-153,2002-04-27,17:55,27.7,N,
L-153,2002-05-21,9:53,26.7,N,
L-153,2002-06-14,10:25,28.1,N,
L-153,2002-06-16,18:19,27.2,N,
L-153,2002-07-05,18:55,27.5,N,
L-153,2002-11-18,18:26,27.2,N,
L-153,2002-12-14,10:10,28.1,N,
L-153,2003-02-04,7:19,29.2,F,
L-153,2003-02-09,7:16,29.2,N to F,
L-153,2003-03-12,8:12,33.5,B,
L-153,2003-03-27,18:56,28.6,N,
L-153,2003-09-19,17:59,36.1,F,
L-153,2003-10-24,6:37,33.7,N,
L-153,2003-10-29,6:35,34.6,N,
L-153,2003-10-31,7:52,43.1,B,
L-153,2003-11-10,17:53,34.5,N,
L-153,2003-11-15,7:50,37.7,N to F,
L-153,2004-05-03,10:02,40.7,N,
L-153,2004-05-14,8:46,47.1,F to B,
L-153,2004-05-25,8:44,47.7,B,
L-153,2004-06-08,7:46,42.9,N,
L-153,2004-06-17,7:01,44.1,N to F,
L-153,2004-06-24,7:06,42,N,
L-153,2004-10-29,9:16,48.2,F,
L-153,2004-12-01,17:46,53.1,F,
L-153,2004-12-19,9:22,48.7,N,
L-153,2005-02-03,6:36,51.5,F,
L-153,2005-06-16,10:17,52.4,N to F,
L-153,2005-06-22,6:38,55.8,F,
L-153,2005-07-05,7:35,53.6,F,
L-153,2005-08-15,6:40,54.3,F,
L-153,2005-08-22,18:18,50.2,N,
L-153,2005-08-24,18:40,53.9,N,
L-153,2006-01-22,18:01,61.6,B,
L-153,2006-02-05,7:45,59.2,B,
L-153,2007-03-03,17:46,55.7,N,
L-153,2007-03-05,18:38,61.2,F,
L-153,2007-03-06,19:02,63.2,F to B,
L-153,2007-03-16,18:10,66.9,B,
L-153,2007-06-04,7:56,63.2,F to B,
L-153,2007-06-15,8:26,60.3,F,
L-153,2007-06-27,6:59,62.5,F,
L-153,2008-02-05,6:45,57.1,N to F,
L-153,2008-02-10,7:42,59,N to F,
L-153,2008-02-14,8:49,56.9,N to F,
L-153,2008-03-15,8:48,65.6,B,
L-153,2008-10-04,6:41,58.7,N to F,
L-153,2008-11-17,7:12,62.8,F,
L-153,2009-05-25,9:19,66.9,B,
L-153,2009-06-12,9:46,56.8,N,
L-154,2001-08-02,18:35,7.8,N,
L-154,2001-08-24,18:48,8.3,N,
L-154,2001-09-25,17:28,10.2,N,
L-154,2001-10-01,18:24,9.9,N,
L-154,2001-10-07,18:28,10,N,
L-154,2001-10-12,18:03,10.8,N,
L-154,2001-10-29,18:31,11.5,N,
L-154,2001-11-07,17:29,11.3,N,
L-154,2001-11-11,17:51,11.6,N,
L-154,2001-11-21,7:02,12.1,N,
L-154,2001-11-22,8:19,11.6,N,
L-154,2001-11-24,18:35,12.1,N,
L-154,2001-12-02,17:55,11.9,N,
L-154,2002-04-07,8:42,21.1,N to F,
L-154,2002-04-08,6:56,20.9,N,
L-154,2002-04-11,6:42,20.2,N,
L-154,2002-04-13,8:10,20.7,N,
L-154,2002-04-14,9:19,21.2,N,
L-154,2002-05-07,9:23,21.2,N,
L-154,2002-05-21,9:55,20.4,N,
L-154,2002-07-15,9:56,17.5,N,
L-155,2001-09-02,18:36,10.1,N,
L-155,2001-10-01,18:38,10.1,N,
L-155,2001-10-07,18:09,10.5,N,
L-155,2001-10-12,18:18,10.9,N,
L-155,2001-10-29,18:28,11.7,N,
L-155,2001-10-30,17:48,11.9,N,
L-155,2001-11-02,18:27,12.8,N,S
L-155,2001-11-07,17:21,12.2,N,
L-155,2001-11-11,17:58,12.5,N,
L-155,2001-11-21,6:59,13.2,N to F,
L-155,2001-11-22,8:13,12.4,N,
L-155,2001-11-23,8:24,13,N to F,
L-155,2001-11-24,18:02,13,N to F,
L-155,2001-11-25,18:33,13.3,N to F,S
L-155,2001-11-29,18:16,13,N,
L-155,2001-12-02,17:57,13.1,N,
L-155,2002-04-07,8:39,23.2,N to F,
L-155,2002-04-08,6:51,23.3,N to F,
L-155,2002-04-11,7:27,22.5,N,
L-155,2002-04-13,8:09,23.2,N,
L-155,2002-05-07,7:49,23.4,N,
L-155,2002-05-18,10:04,23.3,N,
L-155,2002-05-21,9:56,22.5,N,
L-155,2002-07-15,9:47,21.4,N,
L-155,2002-11-17,8:48,21.4,T,
L-155,2002-11-21,9:17,21.7,N to T,
L-155,2002-11-23,9:18,23.2,N,
L-155,2002-12-21,9:00,26.5,F,
L-155,2002-12-29,9:25,24.2,N,
L-155,2003-08-29,8:51,31.1,N,
L-155,2003-10-29,8:58,34.7,F,
L-155,2004-05-06,8:37,45.3,F to B,
L-155,2004-05-14,8:31,44.1,F,
L-155,2004-05-26,18:40,42.3,N,
L-155,2004-06-23,8:02,39.7,N,
L-155,2004-10-25,11:27,46,N,
L-155,2004-11-03,7:25,44.6,N,
L-155,2004-11-26,19:03,45.5,N,
L-155,2004-12-01,17:20,46,N to F,
L-156,2001-08-02,18:38,5.5,N,S
L-156,2001-08-20,17:37,6.2,N,
L-156,2001-09-01,18:17,6.8,N,
L-156,2001-09-14,17:49,6.5,N to T,
L-156,2001-09-25,17:41,7.5,N,
L-156,2001-10-01,18:17,7.7,N,
L-156,2001-10-07,17:52,7.7,N,
L-156,2001-10-27,8:23,8.1,N,
L-156,2001-10-29,18:09,8,N,
L-156,2001-10-30,17:36,8.4,N,
L-156,2001-11-02,18:16,9,N,
L-156,2001-11-03,8:27,9.4,N,
L-156,2001-11-07,17:18,8.7,N,
L-156,2001-11-09,6:46,9.1,N,
L-156,2001-11-20,16:56,9.5,N,
L-156,2001-11-21,17:51,9.2,N,
L-156,2001-11-22,8:22,9.4,N,
L-156,2001-11-23,8:28,8.9,N,
L-156,2001-11-24,17:13,9.2,N,
L-156,2001-11-24,18:15,9.4,N,S
L-156,2001-11-29,17:40,9.3,N,
L-156,2001-12-02,18:20,9.3,N,
L-156,2002-04-01,17:18,18.2,N,
L-156,2002-04-06,10:04,19.8,N to F,
L-156,2002-04-07,8:21,19.6,N to F,
L-156,2002-04-08,6:53,19.4,N,
L-156,2002-04-13,7:39,19.2,N,
L-156,2002-05-09,9:17,20.7,N,
L-156,2002-05-18,8:59,21,N,
L-156,2002-05-27,9:20,19.8,N,
L-156,2002-06-21,9:07,21.4,N,S
L-156,2002-06-22,8:55,21.5,N,
L-156,2002-07-05,17:44,20.5,N,
L-156,2002-11-06,0:00,24.2,N to F,
L-156,2002-11-14,17:10,22.8,N,
L-156,2002-11-30,8:54,25.3,F,
L-156,2002-12-13,8:56,24,N,
L-156,2002-12-22,8:03,25.7,N to F,
L-156,2002-12-29,9:23,25.1,N,
L-156,2003-01-01,8:35,27.5,B,
L-156,2003-01-05,17:11,24.1,N,
L-156,2003-02-04,6:43,28.3,F,
L-156,2003-02-05,10:12,28.2,F,
L-156,2003-03-17,17:45,27.8,N,
L-156,2003-03-29,11:14,28.5,N to F,
L-156,2003-08-06,18:18,35.6,N,
L-156,2003-08-08,7:30,36.7,N to F,
L-156,2003-08-26,6:35,34.1,N,
L-156,2003-08-28,18:06,33.6,N,
L-156,2003-09-05,8:55,32.7,N,
L-156,2003-11-09,17:13,35.2,N,
L-156,2003-11-15,17:25,36.2,N to F,
L-156,2004-05-01,8:03,40.3,N,
L-156,2004-05-18,6:50,48.2,F to B,
L-156,2004-06-05,7:35,44.6,N,
L-156,2004-06-14,6:55,44.6,N to F,
L-156,2004-06-17,7:07,42.3,N,
L-156,2004-10-20,17:46,46.3,N,
L-156,2004-11-03,7:55,53.9,B,
L-156,2004-11-06,17:27,49.2,N,
L-156,2004-11-07,7:45,51.6,F to B,
L-156,2004-11-26,6:33,46,N,
L-156,2004-12-01,18:25,57.7,B,
L-156,2004-12-05,6:49,53.4,B,
L-156,2004-12-19,6:31,47.7,N,
L-156,2005-01-02,8:47,47.1,N,
L-156,2005-01-24,8:57,51.2,F,
L-156,2005-01-24,17:48,51.1,F,
L-156,2005-07-09,7:35,57.5,B,
L-156,2005-07-09,8:33,58.2,B,F
L-156,2005-07-14,7:31,50.8,N to F,
L-156,2005-09-18,8:13,50.1,N,
L-156,2006-02-02,18:32,50.3,N,
L-156,2006-08-24,18:43,49.6,N,
L-156,2006-09-29,18:45,50.4,N to F,
L-156,2007-06-27,7:02,58.2,B,
L-157,2001-08-02,18:50,4.4,N,S
L-157,2001-08-20,17:58,5,N,
L-157,2001-08-24,18:50,5.8,N,
L-157,2001-09-01,18:39,5.8,N,
L-157,2001-09-14,18:36,6,N to T,
L-157,2001-09-25,18:00,6.8,N,
L-157,2001-10-07,18:33,7.1,N,
L-157,2001-10-27,8:27,7.9,N,
L-157,2001-10-29,18:09,7.7,N,
L-157,2001-10-30,18:02,8,N,
L-157,2001-11-02,18:19,8.3,N,
L-157,2001-11-07,17:44,8.4,N,
L-157,2001-11-09,6:47,8.6,N,
L-157,2001-11-20,17:12,8.6,N,
L-157,2001-11-21,17:50,8.4,N,
L-157,2001-11-22,7:30,8.7,N,
L-157,2001-11-23,8:17,8.3,N,
L-157,2001-11-24,17:27,8.4,N,
L-157,2001-11-29,17:18,8.5,N,
L-157,2002-04-06,10:06,16.4,N to F,
L-157,2002-04-07,8:23,16.7,N to F,
L-157,2002-04-08,7:01,16.4,N,
L-157,2002-04-13,7:40,15.8,N,
L-157,2002-05-09,9:18,16.9,N,
L-157,2002-05-27,9:31,16.8,N,
L-157,2002-06-21,9:15,18.1,N,
L-157,2002-06-22,9:07,17.6,N,
L-157,2002-07-05,17:47,17.4,N,
L-158,2001-11-09,6:53,9.5,N,
L-158,2001-11-24,17:40,9.8,N,
L-158,2002-04-14,18:27,18.8,N,
L-158,2002-04-18,8:40,19.2,N,
L-158,2002-04-26,7:03,20.2,N,
L-158,2002-05-06,8:07,20,N,
L-158,2002-05-21,18:13,19.7,N,
L-158,2002-05-29,8:21,20.5,N,
L-159,2001-11-09,7:13,11.8,N,
L-159,2001-11-11,18:38,11.5,N,
L-159,2001-11-21,7:09,11.9,N,
L-159,2001-11-23,8:33,11.9,N,
L-159,2001-11-24,18:40,12.1,N,
L-159,2001-11-25,18:44,12.3,N to F,S
L-159,2001-11-29,18:17,12.2,N,
L-159,2001-12-02,17:45,12.4,N,
L-159,2002-04-01,17:47,18.6,N,
L-159,2002-04-06,9:08,19.5,N to F,S
L-159,2002-04-08,7:15,19,N to F,
L-159,2002-04-08,17:26,18.5,N,
L-159,2002-04-11,7:24,19.2,N,
L-159,2002-04-13,18:51,18.9,N,
L-159,2002-04-14,17:34,18.5,N,
L-159,2002-04-18,8:39,18.8,N,
L-159,2002-04-26,7:05,19.8,N,
L-159,2002-05-06,8:04,18.9,N,
L-159,2002-05-19,7:52,21.2,N,
L-159,2002-05-21,18:12,20,N,
L-159,2002-05-29,8:14,20.3,N,
L-160,2003-03-25,18:45,52.7,N,
L-160,2003-09-05,18:50,64.3,F,
L-160,2003-10-19,18:29,56.2,N,
L-160,2003-10-31,7:34,62.4,N to F,
L-160,2003-11-02,18:08,58.8,N,
L-160,2003-11-09,18:35,55.9,N,
L-160,2004-04-13,18:24,65.3,F,
L-160,2004-04-15,18:42,62,N,
L-160,2004-05-18,6:51,69.8,N to F,
L-160,2004-05-25,7:31,71.6,F to B,
L-160,2004-05-26,18:30,66,N,
L-160,2004-10-22,17:43,66.6,N,
L-160,2004-11-16,17:41,62.4,N,
L-160,2004-12-05,6:46,74.2,B,
L-160,2005-06-26,18:52,71.7,F,
L-160,2005-07-20,18:53,67.4,N,
L-160,2005-07-24,18:36,69.6,N to F,
L-160,2005-08-22,18:54,69.2,N to F,
L-160,2005-08-24,18:32,70,N to F,
L-160,2006-01-29,19:05,72.7,F,
L-160,2006-02-05,7:47,73,F,
L-160,2006-03-13,19:00,67,N,
L-160,2006-04-13,8:42,73.4,F,
L-160,2007-03-05,18:36,73.2,F,
L-160,2007-05-26,7:49,63.3,N,
L-160,2007-06-08,7:22,75.4,F to B,
L-160,2007-06-15,8:04,73.5,F to B,
L-160,2007-12-15,7:15,71.4,F,
L-160,2008-01-02,8:04,76.4,B,
L-160,2010-05-02,7:25,71.5,B,
L-161,2001-07-13,18:15,22.6,N,
L-161,2001-08-02,7:57,24.8,F,
L-161,2001-08-08,18:05,24.1,N to F,
L-161,2001-08-24,18:15,25.6,N,
L-161,2001-09-02,17:56,26.5,N,
L-161,2001-09-09,9:38,26.8,N,
L-161,2001-09-14,17:52,27.4,N,
L-161,2001-09-25,17:31,26.3,N,
L-161,2001-10-07,18:17,29,F,
L-161,2001-10-12,18:38,29.5,N to F,
L-161,2001-10-17,18:20,29.3,N to F,
L-161,2001-11-12,8:06,35.2,B,
L-161,2001-11-21,6:49,32.4,F,
L-161,2001-11-22,7:36,31.6,N to F,
L-161,2001-11-24,18:17,30.3,N,
L-161,2001-11-29,18:41,32.2,N to F,
L-161,2002-04-01,17:05,42.3,F,
L-161,2002-04-05,10:32,48.3,B,
L-161,2002-04-07,7:57,47.4,F to B,
L-161,2002-04-08,7:16,46,F,
L-161,2002-04-11,7:20,43.7,N,
L-161,2002-05-07,7:52,42.5,N,
L-161,2002-05-09,9:44,44.3,N,
L-161,2002-05-15,9:45,43,N,
L-161,2002-05-17,17:45,51,F to B,F
L-161,2002-05-19,7:50,44.5,N,
L-161,2002-05-21,7:23,43.4,N,
L-161,2002-05-24,18:30,42,N,
L-161,2002-05-29,8:07,40.5,N,
L-161,2002-06-03,18:00,41.3,N,
L-161,2002-06-22,17:42,45,N to F,
L-161,2002-06-24,8:53,47.6,N to F,
L-161,2002-07-05,17:36,44,N,
L-161,2002-07-19,17:37,43.9,N,
L-161,2002-11-07,9:50,45.9,N,
L-161,2002-11-15,17:54,46.1,N,
L-161,2002-11-15,18:29,46.8,N,F
L-161,2002-11-17,6:40,50.2,N to F,
L-161,2002-11-23,8:19,48.6,N,
L-161,2002-11-25,7:59,48,N,
L-161,2002-11-30,9:02,49.1,N,
L-161,2002-12-21,8:59,53.4,B,
L-161,2002-12-24,18:35,52.5,N to F,
L-161,2002-12-29,17:28,49.8,N,
L-161,2002-12-30,18:05,49.4,N,
L-161,2003-01-05,18:46,49.2,N,
L-161,2003-02-09,8:03,55.4,F to B,
L-161,2003-03-27,18:36,52.2,N,
L-161,2003-08-08,8:41,56.2,N,
L-161,2003-08-23,18:20,53.7,N,
L-161,2003-08-30,7:46,58,N to F,
L-161,2003-09-15,8:35,59.5,N to F,
L-162,2001-11-24,18:21,8.4,N,
L-162,2001-11-25,19:10,8.9,N,S
L-162,2001-11-29,17:24,8.6,N,
L-162,2002-04-01,17:24,17.1,N,
L-162,2002-04-08,17:28,18.9,N,
L-162,2002-04-13,7:56,18.8,N,
L-162,2002-04-27,17:38,19,N,
L-162,2002-05-17,18:23,21,N,
L-162,2002-05-18,9:01,20.5,N,
L-162,2002-05-19,7:58,20.9,N,
L-162,2002-05-21,10:01,19.8,N,
L-162,2002-07-05,19:08,21.3,N,
L-162,2002-07-15,10:04,22.4,N,
L-162,2002-11-21,17:48,22.2,N,
L-162,2002-11-23,18:56,22.3,N,
L-162,2002-12-22,17:46,24.3,N,
L-162,2002-12-29,9:53,24,N to F,
L-162,2003-01-17,9:50,24.1,N,
L-162,2003-03-12,8:47,31.3,F,
L-162,2003-03-23,17:05,27.7,N,
L-162,2003-03-25,18:55,27.9,N,
L-162,2003-03-27,18:45,27.4,N,
L-162,2003-08-08,6:46,34.6,N,
L-162,2003-10-29,6:38,34,N,
L-162,2003-10-31,7:46,43.5,B,
L-162,2004-04-24,6:55,43.7,N,
L-162,2004-05-01,7:59,42,N,
L-162,2004-05-25,8:36,45.5,N,
L-162,2004-10-13,7:15,48.8,N,
L-162,2004-10-16,8:57,51,F,
L-162,2004-10-20,17:50,48.6,N,
L-162,2004-11-06,17:14,47.8,N,
L-162,2004-12-01,18:00,57.2,F to B,
L-162,2004-12-05,7:28,58,B,
L-162,2004-12-27,18:48,50.8,N,
L-162,2004-12-29,17:56,49.5,N,
L-162,2005-01-02,8:43,51.9,N to F,
L-162,2005-01-08,7:39,48.6,N,
L-162,2005-08-03,7:25,54.6,N,
L-162,2006-01-21,0:00,59.1,F,
L-162,2006-03-12,8:20,58.9,F,
L-162,2006-08-24,18:56,51.6,N,
L-162,2006-09-29,18:47,53.6,N,
L-162,2007-03-03,17:47,53.9,N,
L-162,2007-03-11,18:07,60.5,F,
L-162,2007-03-16,17:56,64.1,F to B,
L-162,2007-05-26,6:41,55.6,N to F,
L-162,2007-05-28,8:33,59,F,
L-162,2007-05-31,7:51,61.9,F,
L-162,2008-01-02,7:58,58.4,F to B,
L-162,2008-01-30,8:39,58,N to F,
L-162,2008-02-02,7:33,61.3,F,
L-162,2008-03-16,8:45,56.7,N to F,
L-162,2008-04-13,10:06,63.5,F to B,
L-162,2008-11-28,8:08,55.4,N,
L-162,2009-12-30,6:33,61.3,F,
L-162,2010-03-24,8:26,61.3,F,
L-163,2001-11-24,18:45,7.5,N,
L-163,2001-11-29,18:24,7.5,N,
L-163,2001-12-02,17:57,7.5,N,
L-163,2002-04-01,17:15,15.8,N,
L-163,2002-04-08,17:37,17.8,N,
L-163,2002-04-13,8:00,17.6,N,
L-163,2002-04-27,17:33,17.8,N,
L-163,2002-05-17,18:25,19.4,N,
L-163,2002-05-18,9:07,18.7,N,
L-163,2002-05-19,8:12,19.2,N,
L-163,2002-05-21,10:02,18.5,N,
L-163,2002-06-22,18:10,20.3,N,
L-163,2002-07-05,19:02,19.6,N,
L-163,2002-07-15,10:07,20.2,N,
L-163,2002-12-22,17:45,19.7,N,
L-163,2003-01-17,9:50,19.9,N,
L-163,2003-03-21,9:40,23.3,N,
L-163,2003-03-28,18:35,22.7,N,
L-163,2003-08-22,18:02,26.9,N,
L-163,2003-10-31,8:29,26.6,N,
L-163,2004-05-25,7:15,35.6,N,
L-163,2004-10-29,7:30,39.7,F,
L-163,2004-11-03,8:28,41.8,F,
L-163,2004-11-26,7:19,40,N,
L-163,2004-12-01,17:59,45.9,F to B,
L-163,2004-12-05,18:37,44.5,N to F,
L-164,2001-11-24,17:35,12.2,N,
L-164,2001-11-25,18:10,12.6,F,
L-164,2001-11-29,17:05,12.9,N to F,
L-164,2002-04-01,17:11,26,N,
L-164,2002-04-08,7:19,28.8,F,
L-164,2002-04-27,18:40,28.1,N,
L-164,2002-05-06,8:05,30.1,F,
L-164,2002-05-17,18:14,33.5,F,
L-164,2002-05-19,7:55,32.5,N to F,
L-164,2002-05-24,18:24,32.5,N,S
L-164,2002-07-19,17:53,35.1,N,
L-164,2002-11-15,18:39,44.4,F,
L-164,2002-12-15,18:07,44.3,N,
L-164,2002-12-21,9:08,48.5,F,
L-164,2002-12-29,18:18,45.6,N to F,
L-164,2003-02-09,7:26,50,F,
L-164,2003-08-30,7:47,52.5,N,
L-164,2003-10-19,18:43,50.5,N,
L-164,2003-10-29,18:38,52.5,N,
L-164,2003-11-15,6:54,57,F,
L-164,2004-05-01,7:35,52.7,N,
L-164,2004-05-24,17:29,51.8,N,
L-164,2004-10-25,11:26,55.3,N,
L-164,2006-03-07,18:38,53.4,N,
L-167,2002-04-24,18:54,17.2,N,
L-167,2002-04-27,18:50,17.7,N,
L-167,2002-05-29,8:26,15.5,N,
L-167,2002-06-14,11:05,18,N to F,
L-167,2002-06-16,18:32,16.5,N,
L-167,2002-06-21,8:51,17.4,N,
L-167,2002-06-22,17:54,17.5,N,
L-167,2002-11-07,9:22,17.3,N to T,
L-167,2002-11-14,9:06,15.4,T,
L-167,2002-11-18,17:57,15.8,T,
L-167,2002-11-25,9:20,16,T,
L-167,2002-11-30,9:35,14.7,T,
L-168,2002-04-27,18:35,16.4,N,
L-168,2002-06-14,10:22,17.4,N,
L-168,2002-06-16,18:11,17.7,N,
L-168,2002-06-21,8:50,18.6,N,
L-168,2002-06-22,17:50,18.2,N,
L-168,2002-07-04,16:54,17.2,N,
L-168,2002-11-07,9:13,18.8,N to T,
L-168,2002-11-14,9:07,19.3,N to T,
L-168,2002-11-30,9:50,18,N to T,
L-169,2002-05-24,18:55,15,N,
L-169,2002-06-01,7:51,14.4,N,
L-169,2002-06-03,18:08,14.3,N,
L-169,2002-06-07,8:50,14.3,N,S
L-169,2002-06-14,10:30,15.5,N,
L-169,2002-06-16,18:38,14.9,N,
L-169,2002-06-21,8:25,15.5,N,
L-169,2002-06-22,17:09,15,N,
L-169,2002-06-24,9:02,15.2,N,
L-169,2002-06-26,18:20,15.1,N,
L-169,2002-07-04,17:54,14.4,N,
L-172,2002-05-24,18:27,13.2,N,
L-172,2002-06-01,7:47,13,N,
L-172,2002-06-03,18:15,12.8,N,
L-172,2002-06-07,8:57,13.1,N,
L-172,2002-06-14,10:47,14.4,N,
L-172,2002-06-26,18:00,15.5,N,
L-172,2002-06-29,7:06,15.1,N,
L-172,2002-07-05,18:15,15,N,
L-172,2002-07-07,17:30,15,N,
L-172,2002-07-13,18:21,15.6,N,
L-172,2002-07-19,19:04,15.9,N,
L-172,2002-11-04,17:16,24.9,N,
L-172,2002-11-14,6:29,23.1,N,
L-172,2002-11-21,17:52,22.8,N,
L-172,2002-11-23,18:49,23.2,N,
L-172,2002-12-11,18:42,26.8,N,
L-172,2002-12-21,9:06,29.5,F,
L-172,2002-12-30,18:17,26.9,N,
L-172,2003-01-05,17:53,28,N,
L-172,2003-01-12,17:57,29,N,
L-172,2003-03-21,9:32,31.3,N,
L-172,2003-03-27,18:15,32.6,N,
L-173,2002-05-06,17:12,11.6,N,
L-173,2002-05-24,18:20,12.7,N,
L-173,2002-06-03,18:11,12.8,N,
L-173,2002-06-07,8:55,13.2,N,
L-173,2002-06-14,10:45,14.4,N,
L-173,2002-06-16,18:34,15.1,N,S
L-173,2002-06-24,8:55,15.9,N,
L-173,2002-06-26,18:10,15.7,N,
L-173,2002-06-29,7:05,15.5,N,
L-173,2002-07-05,18:07,15.6,N,
L-173,2002-07-07,17:32,15.6,N,
L-173,2002-07-13,17:48,15.7,N,
L-173,2002-07-19,18:20,16.2,N,
L-174,2002-04-18,18:23,6.7,N,
L-174,2002-04-22,18:24,7.6,F,
L-174,2002-04-24,18:15,7.3,N,
L-174,2002-04-27,18:12,7.6,N,
L-174,2002-05-19,8:09,9.3,N,
L-174,2002-05-27,9:27,9.6,N,
L-174,2002-06-01,7:42,9.6,N,
L-174,2002-07-04,18:00,10.8,N,
L-174,2002-07-13,18:20,10.8,N,
L-174,2002-07-19,17:38,11.2,N,
L-174,2002-11-07,7:09,15.7,N,
L-174,2002-11-25,8:01,16.8,N,
L-174,2002-12-15,18:23,16.4,N,
L-174,2002-12-25,17:40,16.9,N,
L-174,2002-12-30,17:29,16.8,N,
L-174,2003-01-03,9:40,16.8,N,
L-174,2003-01-17,10:05,16.6,N,
L-174,2003-02-16,7:12,17.9,N,
L-176,2002-06-07,9:02,11.3,N,
L-176,2002-06-16,19:00,13.8,N,S
L-176,2002-06-21,8:32,13.7,N,
L-176,2002-06-22,17:11,14,N,
L-176,2002-06-26,18:05,14.1,N,
L-176,2002-06-29,7:06,14.4,N,
L-176,2002-07-05,18:18,14.9,N,
L-176,2002-07-07,17:22,14.5,N,
L-176,2002-07-07,19:02,15,N to F,S
L-176,2002-07-13,17:45,15.4,N,
L-176,2002-07-15,8:51,15.6,N,
L-176,2002-07-15,18:25,15.5,N,
L-176,2002-07-19,18:13,16.2,N,
L-176,2002-11-04,17:15,25.1,N,
L-176,2002-11-07,6:44,24.9,N,
L-176,2002-11-14,6:46,25.3,N,
L-176,2002-11-15,17:56,25.9,N,
L-176,2002-11-17,6:43,25.7,N,
L-176,2002-11-21,9:17,25.3,N,
L-176,2002-11-23,18:02,25.3,N,
L-176,2002-12-11,17:08,25.7,N,
L-176,2002-12-15,18:00,27.1,N,
L-176,2002-12-24,17:40,28.9,N to F,
L-176,2002-12-25,18:09,28.8,N,
L-176,2002-12-29,17:41,29.2,N,
L-176,2002-12-30,18:03,29,N,
L-176,2003-01-12,17:44,29,N,
L-176,2003-02-04,18:18,30.5,F,
L-176,2003-02-09,7:28,35.1,F,
L-176,2003-02-14,18:03,33.3,F,
L-176,2003-02-16,7:14,34.5,N,
L-176,2003-03-09,18:34,34,N,
L-176,2003-03-14,6:45,36.6,N to F,
L-176,2003-03-27,18:01,35.5,N,
L-176,2003-09-04,18:14,35.7,N,
L-176,2003-10-18,7:01,38.4,N,
L-176,2003-10-31,8:00,39.8,N to F,
L-176,2003-11-10,18:04,39.3,N,
L-176,2003-11-16,18:00,39.2,N,
L-176,2004-05-14,9:04,54.1,B,
L-176,2004-05-25,7:05,51.6,F,F
L-176,2004-06-10,8:10,46.4,N,
L-176,2004-06-17,6:50,48.3,N,
L-177,2002-05-24,8:00,6.4,N,S
L-177,2002-06-14,10:40,8.1,N,S
L-177,2002-06-16,18:07,8.3,N,
L-177,2002-06-22,17:07,8.7,N,
L-177,2002-06-26,18:12,8.6,N,
L-177,2002-07-07,17:25,8.4,N,
L-177,2002-07-13,17:47,8.6,N,
L-177,2002-07-15,8:52,8.7,N,
L-177,2002-07-15,18:28,8.6,N,
L-177,2002-07-19,18:19,8.3,N,
L-177,2002-11-07,6:47,14.2,N,
L-177,2002-11-14,6:57,15.1,N,S
L-177,2002-11-23,18:30,15.5,N,
L-177,2002-11-25,8:06,15.1,N,
L-177,2002-11-28,17:04,14.8,N,
L-177,2002-12-11,17:10,16.4,N,
L-177,2002-12-15,18:09,16.2,N,
L-177,2002-12-24,18:29,16.3,N,
L-177,2002-12-25,17:32,16.3,N,
L-177,2002-12-30,17:51,16.2,N,
L-177,2003-01-05,17:48,17,N,
L-177,2003-01-12,17:50,17.4,N,
L-177,2003-02-14,7:14,20.3,N,
L-177,2003-02-16,7:34,20.9,N,
L-177,2003-03-09,18:16,22.7,N,
L-177,2003-03-14,7:03,22.9,N,
L-177,2003-03-19,18:10,22.6,N,
L-177,2003-03-27,18:07,22.3,N,
L-179,2002-07-07,18:59,7.5,N,
L-179,2002-07-15,8:59,8.4,N,
L-181,2002-12-25,19:02,15.8,N,
L-181,2003-01-12,17:52,16.8,N,
L-181,2003-02-04,18:45,21.5,N,
L-182,2002-11-23,18:08,13.5,N,
L-182,2002-11-25,8:04,13.7,N,
L-182,2002-12-30,18:28,18.3,N,
L-182,2003-01-05,17:59,18.6,N,
L-182,2003-01-12,18:15,19.7,N,S
L-182,2003-02-09,6:45,23.4,N,
L-182,2003-02-16,7:27,24.2,N,
L-185,2003-02-14,18:22,13.4,N,
L-185,2003-03-06,18:16,16.2,N,
L-185,2003-03-09,18:51,15.3,N,
L-185,2003-03-14,6:56,15.8,N,
L-185,2003-03-17,18:12,15.4,N,
L-185,2003-03-19,8:57,14.9,N,
L-185,2003-03-21,18:47,15.4,N,
L-185,2003-03-25,17:52,16,N,
L-185,2003-03-27,18:25,15.8,N,
L-185,2003-03-30,18:13,15.2,N,
L-185,2003-09-17,8:27,22.6,N,
L-185,2003-10-23,17:48,23.1,N,
L-185,2003-10-24,18:13,23.5,N,
L-185,2003-11-11,7:15,23.2,N,
L-185,2003-11-15,6:58,23.3,N,
L-185,2004-04-13,7:38,34.1,F,
L-185,2004-04-13,18:21,33.3,F,
L-185,2004-04-24,8:28,30.5,N,
L-185,2004-05-01,7:35,32.4,N,
L-185,2004-05-19,18:24,39.3,F,
L-185,2004-05-24,0:00,34.9,N,
L-185,2004-06-27,7:45,33.7,N,
L-185,2004-10-25,11:23,37.5,N,
L-185,2004-11-03,7:48,45.3,B,
L-185,2004-12-15,18:44,40.4,N,
L-185,2005-01-02,8:44,41.8,N to F,
L-185,2005-01-06,7:08,39.6,N,
L-185,2005-01-24,17:48,42.3,F,
L-185,2005-02-03,6:39,45.6,F,
L-185,2005-06-21,18:46,42.3,N,
L-185,2005-06-22,6:52,46.2,F,
L-185,2005-07-05,6:47,45.5,N,
L-185,2005-07-09,7:45,53.2,B,
L-185,2005-07-23,7:03,50.6,N to F,
L-185,2005-08-06,6:43,44.6,N,
L-185,2005-08-22,18:00,46.9,N,
L-185,2005-08-28,18:28,50.9,N,
L-185,2005-09-05,7:11,50.3,N,
L-185,2006-01-27,8:35,50,N,
L-185,2006-02-27,18:45,50.7,N to F,
L-185,2006-04-14,8:42,50.9,N to F,
L-186,2002-11-14,6:37,12.2,N,
L-186,2002-11-23,19:00,12.7,N,
L-186,2002-11-25,8:10,12.9,N,
L-186,2002-11-28,17:05,12.4,N,
L-186,2002-12-11,17:58,12.8,N,
L-186,2002-12-15,18:10,13.2,N,
L-186,2002-12-24,17:56,13.6,N,
L-186,2002-12-25,17:40,13.3,N,
L-186,2002-12-30,18:29,13.3,N,
L-186,2003-01-05,17:35,13.3,N,
L-186,2003-01-12,17:50,13.8,N,
L-186,2003-02-04,18:26,12.4,N,
L-186,2003-02-09,6:43,13.4,N,
L-186,2003-02-14,7:08,14.7,N,
L-186,2003-02-14,18:00,14.4,N,
L-186,2003-02-16,7:35,14.9,N,
L-186,2003-03-06,17:53,16.9,N,
L-186,2003-03-09,18:38,16,N,
L-186,2003-03-14,6:48,16.3,N,
L-186,2003-03-17,17:48,16.1,N,
L-186,2003-03-19,8:55,15.7,N,
L-186,2003-03-21,18:22,15.7,N,
L-186,2003-03-25,17:51,16.3,N,
L-186,2003-03-27,17:47,16.2,N,
L-186,2003-03-30,18:11,15.8,N,
L-186,2003-10-24,10:40,23.7,N,
L-186,2003-10-25,8:20,24.3,N to F,
L-186,2003-11-11,7:14,25.3,N,
L-188,2002-12-29,18:05,11.9,N,S
L-188,2003-03-06,18:15,19,N,
L-188,2003-03-09,19:15,19.1,N,
L-188,2003-03-14,6:52,20.1,N,
L-188,2003-03-21,18:56,20.5,N,
L-188,2003-03-27,17:58,21.2,N,
L-188,2003-03-30,18:16,21.5,N,
L-189,2002-12-29,18:06,11.5,N,S
L-189,2002-12-30,18:16,11.7,N,
L-189,2003-01-12,18:04,12.8,N,
L-189,2003-02-14,18:24,15.9,N,
L-189,2003-03-06,18:18,18.6,N,
L-189,2003-03-14,6:54,19.6,N,
L-189,2003-03-17,18:16,19.5,N,
L-189,2003-03-19,18:18,19.4,N,
L-189,2003-03-21,18:56,19.8,N,
L-189,2003-03-27,17:50,20.6,N,
L-189,2003-08-12,18:58,35.5,F,
L-189,2003-08-30,7:50,35.6,F,
L-189,2003-10-08,17:47,36,N,
L-189,2003-10-19,18:42,35.1,N,
L-189,2003-10-23,18:29,38.2,N,
L-189,2003-10-29,18:08,40.1,N to F,
L-189,2003-11-13,9:11,43.6,F,
L-189,2003-11-15,6:52,45.6,F,
L-190,2003-02-14,18:55,8.7,N to F,
L-190,2003-03-06,18:55,11,N,
L-190,2003-03-17,18:32,11.6,N,
L-190,2003-09-07,18:50,22.2,N,
L-190,2003-10-29,18:03,23.7,N,
L-190,2004-05-26,18:38,29.2,N,
L-190,2004-11-25,17:42,31.9,N,
L-190,2004-11-28,17:27,30,N,
L-190,2004-12-05,17:40,33.9,N to F,
L-190,2006-01-29,6:57,51,N to F,
L-190,2006-02-02,18:37,47.3,N,
L-190,2006-09-24,18:59,44.6,N,
L-190,2006-09-27,18:55,49,F,
L-190,2007-05-22,6:45,52.2,N,
L-190,2007-05-28,7:39,54,N,
L-191,2003-08-12,18:35,11.6,N,
L-191,2003-09-07,18:45,11.9,N,
L-191,2003-09-09,7:36,12.1,N,
L-191,2003-10-08,18:40,13,N,
L-191,2003-10-23,18:55,14.4,N,
L-191,2003-10-24,18:47,14.1,N,
L-191,2004-05-22,18:39,25.5,N,
L-191,2004-05-25,7:12,26.8,N,F
L-191,2004-06-24,7:18,23.7,N,
L-191,2004-10-16,8:14,32.9,N to F,
L-191,2004-10-25,9:19,28.3,N,
L-191,2004-11-03,8:29,30.2,N,
L-191,2004-11-30,6:54,28.5,N,
L-191,2004-12-05,18:23,30,N,
L-191,2005-01-02,7:15,33,N to F,
L-191,2005-01-21,7:32,33.5,N,
L-191,2005-02-03,8:34,41.3,B,
L-191,2005-06-22,6:40,39.5,F,
L-191,2005-07-05,7:36,39.7,N to F,
L-191,2005-07-09,7:36,48.5,B,
L-191,2005-07-23,7:49,44.6,F,
L-191,2005-08-03,18:33,42,N to F,
L-191,2005-09-18,8:11,44.1,N,
L-191,2006-01-27,8:30,47.4,N,
L-191,2006-09-29,18:43,54.4,N to F,
L-191,2007-06-27,8:17,62.6,B,
L-191,2008-01-02,8:09,63,B,
L-191,2008-01-26,7:14,51.3,N,
L-191,2009-08-02,7:07,59.2,F,
L-192,2003-09-09,8:04,11.2,N,
L-192,2003-11-02,18:47,13.2,N,
L-192,2004-05-01,8:53,21.7,N,
L-192,2004-05-03,10:31,22,N,
L-192,2004-05-07,9:25,21.3,N,
L-192,2004-05-22,6:45,23.4,N,
L-192,2004-11-04,17:40,28,N,
L-192,2004-11-18,6:27,26.6,N,
L-192,2005-02-03,9:07,30.5,N to F,
L-192,2005-02-05,19:00,30.6,N,
L-192,2005-06-22,7:55,37.5,F,
L-192,2005-06-27,8:01,37.9,F,
L-192,2005-07-23,6:55,36.6,N,
L-192,2005-08-03,7:49,42.8,B,
L-192,2005-09-05,10:45,46.2,B,F
L-192,2006-01-29,9:32,46.3,F,
L-192,2006-03-07,18:51,45.3,N,
L-192,2006-09-24,18:50,51,F,
L-192,2007-11-19,8:02,54.1,N,
L-192,2007-12-16,8:51,54.2,N,
L-192,2008-01-02,7:23,53.7,N to F,
L-192,2008-01-30,8:25,47.7,N,
L-192,2008-02-02,7:43,47,N,
L-192,2008-02-14,8:51,51.7,N,
L-192,2008-04-21,7:27,60.4,B,
L-192,2008-04-24,7:12,53.1,N,
L-192,2009-06-06,7:47,51.2,N,
L-192,2010-05-19,8:15,52.6,N,
L-194,2004-05-12,18:22,31.5,N to F,
L-194,2004-05-25,9:03,31.4,N,
L-194,2004-05-26,18:31,30.6,N,
L-194,2004-06-10,17:35,28.7,N,
L-194,2004-06-22,17:21,32.1,N,
L-194,2005-01-06,18:54,41.4,N,
L-194,2005-01-21,7:33,44.3,F,
L-194,2005-01-22,18:58,42.6,N,
L-194,2005-06-21,18:39,44.8,N,
L-194,2005-07-05,7:50,51.3,F,
L-194,2005-07-09,6:48,55.5,B,
L-194,2005-07-18,6:48,50.2,N,
L-194,2006-02-01,7:30,48.6,N,
L-194,2006-02-27,6:51,48.7,N,
L-194,2006-03-26,7:14,54.3,F,
L-194,2007-05-12,6:58,52,N,
L-194,2007-06-02,6:48,59.5,F to B,
L-194,2007-06-05,6:42,54.2,N,
L-194,2008-04-07,7:03,53.6,F,
L-194,2008-04-14,6:54,54.6,F,
L-194,2008-11-09,7:05,53.5,N,
L-194,2009-06-24,6:38,52,N,
L-194,2009-07-24,7:11,55.7,F,
L-196,2003-09-04,19:03,7.5,N,S
L-196,2003-10-08,18:48,9.9,N,
L-196,2003-10-23,18:38,11.1,N,S
L-196,2003-10-24,18:47,10.7,N,
L-196,2003-10-29,17:58,10.8,N,
L-196,2003-11-02,18:09,10.9,N,
L-196,2003-11-09,18:46,11.5,N,
L-196,2003-11-14,17:54,11.5,N,
L-196,2004-04-25,19:02,25.4,N,
L-196,2004-05-01,7:39,26.5,N,
L-196,2004-05-14,7:00,27.9,N to F,
L-196,2004-05-18,8:14,30.4,N to F,
L-196,2004-05-22,6:33,28.6,N,
L-196,2004-05-22,18:16,28.1,N,
L-196,2004-05-24,17:58,28,N,
L-196,2004-05-25,9:00,28.6,N,
L-196,2004-06-21,8:04,28.4,N,
L-196,2004-06-22,17:20,27.6,N,
L-196,2004-10-16,8:13,38.4,F,
L-196,2004-12-15,17:14,36.7,N,
L-196,2004-12-19,9:12,37.4,N,
L-196,2005-01-06,18:46,37,N,
L-196,2005-01-14,19:07,38.1,N,
L-196,2005-08-05,9:49,45.1,F,
L-196,2005-08-06,6:44,42.6,N,
L-196,2006-01-27,18:58,48.7,N,
L-196,2006-01-29,6:56,53.3,F,
L-196,2006-03-19,18:38,51,N to F,
L-196,2006-08-24,18:09,50.3,N,
L-196,2006-09-20,9:13,48.3,N,
L-196,2006-09-25,8:08,49.6,N to F,
L-196,2007-06-07,7:01,55,N to F,
L-203,2004-11-06,18:35,41.9,N,
L-203,2004-11-16,18:19,42.4,N,
L-203,2004-11-18,18:49,44.4,N,
L-203,2004-12-05,6:52,49.7,B,
L-203,2004-12-27,18:57,43,N,
L-203,2005-01-08,7:35,44.7,N,
L-203,2005-01-16,19:12,47.6,N to F,
L-203,2005-01-18,18:35,47,N,
L-203,2005-01-31,7:33,45.4,N,
L-203,2005-02-03,9:05,46.9,N,
L-203,2005-06-21,19:54,50,N,
L-203,2005-06-22,8:18,57.2,B,
L-203,2005-07-09,6:56,57.3,B,
L-203,2005-07-20,18:16,50.5,N,
L-203,2005-08-03,7:26,52,N,
L-203,2005-08-05,7:04,53.9,N to F,
L-203,2005-08-12,7:14,49.9,N,
L-203,2005-08-22,18:04,55.3,N,
L-203,2005-08-24,18:41,50.2,N,
L-203,2005-09-05,10:27,58.3,F,F
L-203,2006-01-25,18:17,55.4,N,
L-203,2006-02-27,18:47,54.6,N,
L-203,2006-03-19,18:18,55.2,N,
L-203,2006-03-26,19:04,52.8,N,
L-203,2007-06-07,7:00,57.5,N,
L-203,2007-07-07,7:24,52.1,N to T,
L-205,2004-05-22,18:50,23.5,N,
L-205,2004-05-24,18:12,23.1,N,
L-205,2005-01-06,18:59,31.6,N,
L-205,2005-01-18,18:47,32.9,N,
L-205,2005-01-21,8:00,33.4,N to F,
L-205,2005-06-16,8:19,40.8,F,
L-205,2005-06-26,18:53,38.7,N to F,
L-205,2005-07-14,7:30,43.8,N to F,
L-205,2005-08-03,18:56,47.9,F,
L-205,2005-08-05,7:07,52.1,B,
L-205,2005-08-30,7:38,52.6,F,
L-205,2005-09-18,6:48,50.7,N,
L-205,2006-01-29,6:59,61.7,N to F,
L-205,2006-02-10,8:00,61.4,F,
L-205,2006-02-27,18:42,58.8,N,
L-205,2006-03-26,19:09,59.9,F,
L-205,2006-09-24,17:52,58.6,N,
L-205,2008-01-14,7:45,66.3,F,
L-205,2008-02-11,8:12,58.6,N,
L-205,2008-02-14,8:44,60.5,N to F,
L-205,2008-03-24,8:10,64.9,F,
L-206,2004-05-22,7:03,22.1,N,
L-206,2004-05-22,18:25,22.1,N,
L-206,2004-06-10,18:32,21,N,
L-206,2004-12-15,17:57,30.8,N,
L-206,2004-12-29,18:08,33.1,N,
L-206,2005-01-06,19:03,31.7,N,
L-206,2005-01-22,19:07,32.2,N,
L-206,2005-07-05,7:22,41.4,N to F,
L-206,2005-07-14,7:32,48.7,F,
L-206,2005-07-24,18:31,44,N,
L-206,2005-07-31,7:50,42.9,N,
L-206,2005-08-15,7:25,45,F,
L-206,2005-08-22,18:47,46.8,N,
L-206,2005-08-30,7:37,53.7,F,
L-206,2005-09-05,10:36,53.5,F to B,F
L-206,2006-02-27,18:59,58.8,N,
L-206,2006-08-27,18:51,60,N,
L-206,2006-09-21,18:58,59.3,N,
L-206,2007-05-22,6:38,60.5,N to F,
L-206,2007-12-15,8:33,65.9,N to F,
L-206,2008-01-04,7:09,70,F,
L-206,2008-01-14,7:05,69.7,F,
L-206,2008-02-05,7:27,66.9,F,
L-206,2008-02-10,6:56,64.4,N to F,
L-206,2008-03-24,8:18,71,F to B,F
L-206,2008-11-27,8:13,70,F to B,
L-206,2009-06-11,7:17,74.2,B,
L-206,2009-08-29,7:58,72.2,F to B,
L-206,2010-03-27,9:37,61.1,N,
L-218,2004-12-23,17:31,18.7,N,
L-218,2004-12-29,18:20,19.9,N,S
L-218,2005-01-06,17:39,20.3,N,
L-218,2005-01-24,17:56,23.1,N to F,
L-218,2005-06-16,8:23,24.2,N,
L-218,2005-08-03,8:03,32.9,F,
L-218,2005-08-12,7:10,29.9,N,
L-218,2005-08-22,19:00,32.4,N to F,
L-218,2005-08-30,7:43,37.7,F to B,
L-218,2006-01-29,6:55,51,F,
L-218,2006-02-05,7:46,55.7,B,
L-218,2006-02-10,7:57,54.1,B,
L-218,2006-02-14,18:45,52.3,F,
L-218,2006-02-28,17:34,49.9,N,
L-218,2006-03-07,19:09,50.5,N,
L-218,2006-03-08,19:05,50,N,
L-218,2006-03-13,19:02,52.6,F,
L-218,2006-03-26,18:39,52.9,F,
L-218,2006-08-24,18:19,56.4,F,
L-218,2006-08-27,18:53,53.4,N,
L-218,2006-09-28,6:31,64,B,
L-218,2007-05-21,9:45,52.7,N,
L-218,2008-01-30,8:28,58.2,N,
L-219,2004-11-25,18:32,17.9,N,
L-219,2004-11-26,18:09,18,N,
L-219,2004-12-15,17:23,19.1,N,
L-219,2004-12-22,8:29,20.1,N,
L-219,2004-12-23,17:31,20.1,N,
L-219,2004-12-29,18:22,19.6,N,
L-219,2005-01-06,7:48,20,N,
L-219,2005-01-14,17:47,21.1,N,
L-219,2005-01-21,7:28,21.9,N,
L-219,2005-01-22,18:03,21.9,N,
L-219,2005-01-24,18:50,21.5,N,
L-219,2005-01-31,8:06,21,N,
L-219,2005-02-05,18:08,22.9,N to F,
L-221,2005-01-06,17:58,18.5,N,
L-221,2005-01-08,8:16,18.7,N,
L-221,2005-01-14,17:48,18.2,N,
L-221,2005-01-16,19:10,20.4,N,
L-221,2005-06-21,17:39,32.4,N,
L-221,2005-06-22,6:50,33.8,F,
L-221,2005-06-26,18:53,34.5,F,
L-221,2005-07-05,7:49,36.2,F,
L-221,2005-07-09,6:51,41.8,B,
L-221,2005-07-18,6:46,37.5,N,
L-221,2005-07-20,18:08,37,N,
L-221,2005-07-22,7:41,41.4,F,
L-221,2005-07-24,18:10,39.4,N to F,
L-221,2005-07-31,7:30,38.1,N,
L-221,2005-08-15,8:49,36.1,N,
L-221,2006-01-25,18:14,47.9,N to F,
L-221,2006-03-07,19:12,46.9,N,
L-221,2006-03-12,18:12,51.6,F,
L-221,2006-09-27,19:02,56.5,F,
L-222,2005-06-22,6:49,37.3,F,
L-222,2005-07-09,6:59,43.4,B,
L-222,2005-07-20,18:54,38.7,N,
L-222,2005-07-24,18:12,41.2,N to F,
L-222,2005-07-31,7:28,40,N,
L-222,2005-08-11,6:45,37.2,N,
L-222,2005-08-15,8:53,39.3,F,
L-222,2005-08-22,18:17,40.8,N,
L-222,2005-09-05,10:30,48.6,B,F
L-222,2005-09-18,6:44,43,N,
L-222,2005-09-21,7:41,44.9,N to F,
L-222,2006-01-27,18:59,48.3,N,
L-222,2006-02-05,7:49,54.7,B,
L-222,2006-09-27,19:03,56.4,F,
L-225,2005-01-06,17:44,10.1,N,
L-225,2005-01-08,8:06,10.5,N,
L-225,2005-01-14,17:54,11.4,N,
L-225,2005-01-18,18:41,12.5,N,
L-225,2005-01-24,8:28,12.6,N,
L-225,2005-02-03,6:46,13.4,N,
L-225,2005-02-05,18:14,13.7,N,
L-225,2005-02-11,17:49,14.8,N,
L-225,2005-06-22,6:46,22.8,F,
L-225,2005-08-03,18:12,25,N,S
L-225,2005-08-05,9:52,24.5,N,
L-225,2005-08-15,6:45,24,N,
L-225,2005-08-16,6:38,24.2,N,
L-225,2005-08-24,18:38,25.6,N,
L-225,2005-08-28,18:27,24.9,N,
L-225,2005-08-30,7:40,26,N to F,
L-225,2006-02-05,18:51,33.6,N to F,
L-225,2006-02-27,18:12,35.1,N,
L-225,2006-09-27,18:34,43.6,F,
L-225,2007-03-06,19:00,51.9,F,
L-225,2007-05-26,7:48,48.5,N,
L-225,2007-06-08,7:20,52.8,F,
L-225,2008-04-13,9:10,48.6,N,
L-225,2008-05-08,8:30,51.4,N,
L-225,2008-12-07,10:00,50.3,N,
L-225,2009-08-02,7:45,55.8,F,
L-225,2009-08-17,7:29,57.1,F to B,
L-225,2010-04-28,7:53,59.3,F,
L-225,2010-05-24,8:46,55,N to F,
L-225,2010-11-14,16:27,60,F,
L-227,2005-01-08,7:38,13,N,
L-227,2005-01-22,19:01,14.4,N,
L-227,2005-01-24,18:53,15.2,N,
L-227,2005-02-03,6:41,14.7,N,
L-227,2005-06-24,9:26,25.1,N,
L-227,2005-07-18,7:25,29.4,N to F,S
L-227,2005-07-22,7:19,29.8,F,
L-227,2005-07-23,7:54,29,N to F,
L-227,2005-08-06,6:42,27,N,
L-227,2005-08-11,6:51,26.9,N,
L-227,2005-09-16,8:22,30.5,N to F,
L-227,2006-01-22,18:12,35.6,F,
L-227,2006-03-08,19:11,35.9,N,
L-228,2004-12-29,18:40,11.4,N,
L-230,2004-11-25,18:48,7.5,N,
L-230,2004-12-05,7:11,8.6,N,
L-230,2004-12-15,17:34,9.5,N,
L-230,2004-12-18,17:48,9.9,N,S
L-230,2005-02-03,6:53,13.7,N,
L-230,2005-02-05,18:26,14.1,N,
L-243,2005-07-22,7:55,14.7,N,
L-243,2005-07-24,18:18,15.5,N,
L-243,2005-08-12,7:53,18.7,N,
L-243,2005-08-22,18:53,18.2,N,
L-243,2005-08-24,18:35,18.4,N,
L-243,2005-09-12,7:03,23.6,N to F,
L-243,2005-09-18,6:47,25,N,
L-243,2006-02-02,19:10,31.1,N,
L-243,2006-03-07,18:37,33.5,N,
L-243,2006-09-24,18:52,36.4,N,
L-246,2005-08-24,18:34,8.5,N,
L-261,2007-06-08,7:59,49.5,F,
L-261,2007-06-29,8:05,52.3,F,
L-261,2007-12-15,8:37,56.4,N to F,
L-261,2008-01-02,7:02,57.8,F,
L-261,2008-01-14,7:06,53,N,
L-261,2008-02-05,7:17,57.9,N,
L-261,2008-04-29,10:23,54.7,N,
L-261,2008-11-17,7:15,64.9,N to F,
L-261,2009-05-25,9:21,64.1,F,
L-262,2006-02-14,18:49,9.2,N,
L-262,2006-03-19,18:56,13.3,N,
L-262,2006-03-26,18:45,14,N,
L-277,2007-05-19,6:58,16.8,N,
L-279,2007-05-19,7:20,16.3,N,
L-279,2007-05-22,6:47,16.2,N,
L-279,2007-05-26,7:45,16.5,N,
L-279,2007-05-28,7:43,17.7,N to F,
L-279,2007-05-31,7:48,17.3,N,
L-279,2007-06-04,8:00,18.3,N,
L-279,2007-06-15,8:00,18.2,N,
L-279,2007-06-16,9:24,18.5,N,
L-279,2007-06-25,11:24,18.8,N,S
L-279,2007-06-29,8:03,19.4,N,
L-279,2007-07-04,7:41,19.6,N,
L-279,2007-07-06,8:21,19,N,
L-279,2007-11-26,7:40,25.4,N,
L-279,2008-01-05,9:56,24.6,N,
L-279,2008-01-10,6:52,23.4,N,
L-279,2008-02-04,8:51,28.7,F,
L-279,2008-03-11,8:15,29.2,N,
L-280,2007-05-19,7:18,10.6,N,
L-280,2007-05-26,6:47,10.6,N,
L-280,2007-05-28,7:28,11.6,N to F,
L-280,2007-05-31,7:44,11.3,N,
L-280,2007-06-04,8:06,11.7,N,
L-280,2007-06-08,7:29,11.9,N,
L-280,2007-06-16,9:27,11.8,N,
L-280,2007-06-25,11:22,11.6,N,S
L-280,2007-06-27,8:16,12,N,
L-280,2007-06-29,8:02,12,N,
L-280,2007-07-04,7:39,11.7,N,
L-280,2007-07-06,8:28,11.9,N,
L-280,2007-11-26,7:30,15.9,N,
L-280,2008-01-05,8:47,15,N to T,
L-280,2008-01-10,6:54,14.6,N to T,
L-280,2008-02-04,9:15,19.2,B,
L-280,2008-02-11,8:40,16.3,N,
L-280,2008-03-11,8:13,17,N,
L-280,2008-04-21,9:10,16.9,N,
L-281,2007-06-04,8:10,14.8,N,
L-281,2007-07-06,8:25,19,N,
L-282,2008-03-15,8:54,27.9,F,
L-288,2008-01-02,8:15,24.7,N,
L-288,2008-02-02,7:47,28,N,
L-292,2007-06-25,7:39,10.2,N,
L-292,2007-06-29,6:55,10.6,N,
L-292,2007-11-26,7:11,27.9,N to F,
L-292,2008-02-05,7:39,36.1,F to B,
L-292,2008-04-13,9:37,33.4,N,
L-292,2008-04-17,8:23,33.7,N to F,
L-293,2007-06-25,7:22,10.3,N,
L-293,2007-06-29,6:51,10.8,N,
L-293,2008-01-14,7:12,28.8,N,
L-293,2008-02-05,7:15,33.9,F,
L-293,2008-04-13,9:35,35.9,N,
L-299,2008-02-05,8:14,17.2,F,
M-099,1997-08-26,18:27,17.3,N,
M-099,1997-09-01,18:39,17,N,
M-099,1997-09-14,18:42,16.6,N,
M-099,1997-09-20,17:49,17.3,N,
M-099,1997-09-28,18:17,18.5,F,
M-099,1997-10-03,7:15,18.4,N,
M-099,1998-01-18,9:36,26.5,N to F,
M-099,1998-01-18,19:10,26.6,N to F,
M-099,1998-01-22,18:44,28,N,
M-099,1998-01-26,8:19,28.8,N to F,
M-099,1998-02-03,9:37,26.3,N,
M-099,1998-02-10,18:02,27.4,N,
M-099,1998-02-19,7:35,31,F,
M-099,1998-02-23,6:38,33.1,B,
M-099,1998-03-17,19:14,34,N,
M-099,1998-03-19,8:58,39.8,B,F
M-099,1998-04-05,7:12,37.6,F,
M-099,1998-04-07,6:53,36.6,N,
M-099,1998-04-09,9:28,37.4,F,
M-099,1998-05-17,10:46,34.1,N,
M-099,1998-06-20,7:43,37.8,N,
M-099,1998-07-06,7:14,40.8,F,
M-099,1998-07-13,6:58,42.3,F,
M-099,1998-07-18,17:11,40.5,N to F,
M-099,1998-08-06,7:15,45.6,B,
M-099,1998-08-19,7:11,47.2,B,
M-099,1998-08-29,17:05,43.7,N,
M-099,1998-09-03,6:56,41.5,N,
M-099,1998-09-05,19:42,45.3,N to F,
M-099,1998-09-06,19:46,45.4,N,
M-099,1998-09-07,7:01,43.6,N,
M-099,1998-09-08,8:23,41.7,N,
M-099,1998-09-09,5:26,41,N,
M-099,1998-09-17,6:51,45.7,F,
M-099,1998-10-02,18:27,42.6,N,
M-099,1998-10-09,10:00,44.5,N,
M-099,1998-10-23,6:57,50.5,F,
M-099,1998-10-28,6:30,44.4,N,
M-099,1998-11-03,6:30,44.3,N,
M-099,1998-12-11,6:27,51.3,F,
M-099,1998-12-14,18:49,45.4,N,
M-099,1999-04-03,7:55,51.5,F,
M-099,1999-04-13,7:31,51.2,N,
M-099,1999-04-17,7:10,52.2,N to F,
M-099,1999-04-30,20:59,52.3,N,
M-099,1999-05-14,7:08,54,N to F,
M-099,1999-05-23,7:20,51.4,N,
M-099,1999-05-27,22:17,52.5,N,
M-099,1999-05-28,19:04,50.3,N,
M-099,1999-05-29,5:23,52.6,N,
M-099,1999-05-30,5:14,52.5,N,
M-099,1999-05-30,19:20,51.3,N,
M-099,2000-01-28,18:19,54.6,N,
M-099,2000-02-08,17:51,60.9,N to F,
M-099,2001-07-18,8:06,63,N to F,
M-099,2001-07-28,17:48,62,N,
M-099,2001-08-12,18:47,61.4,N,
M-099,2001-08-19,18:48,64.1,N to F,
M-099,2001-09-27,18:30,63.3,N,
M-099,2002-04-02,7:37,67.2,F,
M-099,2002-04-08,6:36,67.3,F,
M-099,2002-05-22,17:38,57.9,N,
M-099,2002-05-25,18:25,57.6,N,
M-099,2002-06-02,18:44,61,N,
M-099,2002-06-21,18:03,59.6,N,
M-099,2002-07-08,8:13,70.7,B,
M-099,2002-07-17,6:33,60,N,
M-099,2002-07-18,6:47,62.5,F,
M-099,2002-07-20,6:37,58.4,N,
M-099,2002-11-12,6:10,64.6,F,
M-099,2002-11-13,8:50,76.6,B,
M-099,2002-11-16,17:07,68,F,
M-099,2002-11-18,7:36,61,N,
M-099,2002-11-20,18:18,64.6,N to F,
M-099,2002-11-24,7:52,65.8,F,
M-099,2002-11-25,6:17,60.8,N,
M-099,2002-12-18,18:47,60.5,N,
M-099,2003-01-06,8:54,67.9,F,
M-099,2003-02-16,6:31,74.2,B,
M-099,2003-03-05,6:50,68.7,F,
M-099,2003-03-08,7:34,61.7,N,
M-099,2003-03-13,18:00,64.3,N,
M-099,2003-08-09,6:27,55.3,N,
M-099,2003-08-25,18:13,58,N,
M-099,2003-09-15,6:56,58,N,
M-099,2003-09-17,7:23,62.2,N to F,
M-099,2004-05-19,18:53,63.5,N,
M-099,2004-06-03,18:48,64.1,N,
M-100,1997-09-05,19:00,12.6,N,
M-100,1997-09-08,18:33,11.9,N,
M-100,1997-09-09,7:50,12.2,N,
M-100,1997-09-09,18:05,12.2,N,
M-100,1997-09-14,18:15,12.9,F,
M-100,1997-09-20,18:02,13.7,N to F,S
M-100,1997-10-01,6:30,15.1,N to F,
M-100,1997-10-01,17:42,15.1,N,
M-100,1997-10-06,6:46,15.7,N,
M-100,1997-10-07,6:56,16.1,F,F
M-100,1997-10-08,18:29,15.8,N,
M-100,1997-10-09,7:49,16.1,N,
M-100,1997-10-11,6:38,16.6,F,
M-100,1997-10-14,16:49,16.3,N,
M-100,1997-10-17,23:25,16.8,F,F
M-100,1997-10-18,17:42,16.4,N to F,
M-100,1998-01-18,9:22,30,F,
M-100,1998-01-26,19:00,29.8,N to F,
M-100,1998-01-28,7:10,30.4,F,
M-100,1998-02-04,18:44,29.8,N,
M-100,1998-02-10,21:36,31,N,
M-100,1998-02-14,11:07,30.1,N,
M-100,1998-02-19,7:02,32.3,F,
M-100,1998-02-23,6:40,34.3,B,
M-100,1998-03-06,16:43,35.2,F,
M-100,1998-03-17,19:15,36.2,N,
M-100,1998-04-02,8:46,38.2,F,
M-100,1998-04-09,6:49,40.6,F to B,
M-100,1998-05-04,7:01,38.4,F,
M-100,1998-05-05,18:30,37.5,N to F,
M-100,1998-05-18,17:55,38.7,N,
M-100,1998-05-23,6:27,42.3,B,
M-100,1998-05-31,6:46,38.5,N to F,
M-100,1998-06-04,6:54,37.8,N,
M-100,1998-06-14,7:58,42.7,B,
M-100,1998-07-06,7:09,44.3,B,
M-100,1998-07-18,10:21,41.2,N,
M-100,1998-07-21,6:39,41,N,
M-100,1998-08-06,7:03,43.4,N,
M-100,1998-08-07,6:51,44,F,
M-100,1998-08-18,6:50,44.9,F,
M-100,1998-08-27,18:27,42.8,N,
M-100,1998-08-28,6:37,49.2,B,
M-100,1998-08-29,17:22,44.4,F,
M-100,1998-09-03,6:49,43.6,N,
M-100,1998-09-04,18:34,45.2,N,
M-100,1998-09-06,3:19,47.8,F,
M-100,1998-09-06,3:19,45.5,N to F,
M-100,1998-09-07,7:08,44.3,N,
M-100,1998-09-07,22:44,50.5,B,
M-100,1998-09-09,3:45,48.6,F,
M-100,1998-09-12,18:45,46.3,F,
M-100,1998-10-02,18:39,46.4,N,
M-100,1998-10-23,6:56,51,F,
M-100,1998-10-26,18:26,46.2,N,
M-100,1998-10-28,6:29,46.3,N,
M-100,1998-12-14,18:50,47.1,N,
M-100,1999-04-27,20:24,52.5,N,
M-100,1999-04-28,20:14,51,N,
M-100,1999-04-29,3:03,59.5,B,F
M-100,1999-04-30,1:40,55.6,F,
M-100,1999-04-30,18:43,52.9,N,
M-100,1999-05-01,1:56,58.2,F,
M-100,1999-05-01,4:49,57.5,F,
M-100,1999-05-04,7:04,53.7,N,
M-100,1999-05-08,18:49,49.5,N,
M-100,1999-05-10,18:33,51.4,N,
M-100,1999-05-14,17:57,54,N to F,
M-100,1999-05-27,17:54,53.6,N,
M-100,1999-05-27,20:04,54.5,N,
M-100,1999-05-28,18:30,52,N,
M-100,1999-05-29,3:38,51.4,N,
M-100,1999-05-29,16:40,51.5,N,
M-100,1999-05-30,16:34,54.2,N,
M-100,1999-06-05,18:40,54.1,N,
M-100,1999-12-01,18:04,58.9,N,
M-100,1999-12-23,0:00,56.7,N,
M-100,1999-12-28,18:07,59.8,N,
M-100,2000-01-11,19:21,59.8,N,
M-100,2000-01-13,18:56,57.7,N,
M-100,2000-01-26,6:52,68,F,
M-100,2000-01-28,18:26,56.3,N,
M-100,2000-02-05,7:51,60.6,N,
M-100,2000-02-09,19:04,60.5,N,
M-100,2000-02-12,18:44,60.8,N,
M-100,2000-02-21,6:43,62.9,F,
M-100,2000-02-23,17:47,60.8,N,
M-100,2000-02-28,19:06,60.8,N to F,
M-100,2000-03-07,18:06,58.9,N,
M-100,2000-03-13,18:25,58.7,N,
M-100,2000-03-14,18:36,58.6,N,
M-100,2000-03-20,7:09,59.6,N,
M-100,2000-09-15,18:58,57.6,N,
M-100,2000-09-19,19:01,56.5,N,
M-100,2000-10-01,18:49,56.2,N,
M-100,2000-11-03,18:43,59.3,N to F,F
M-100,2001-07-12,7:06,60.8,N,
M-100,2001-07-22,6:52,68.3,B,
M-100,2001-07-22,18:05,67.9,B,
M-100,2001-07-28,17:48,60.3,N,
M-100,2001-09-07,18:26,55.3,N,
M-100,2001-09-15,17:14,65.3,F,
M-100,2001-11-01,17:14,61.6,N to F,
M-100,2001-11-02,10:07,56.4,N,
M-100,2002-04-02,17:25,56.3,N,
M-100,2002-04-27,7:44,55.4,N,
M-100,2002-05-06,7:30,54.8,N,
M-100,2002-11-18,6:36,52.7,N,
M-100,2002-11-20,17:31,54.9,N,
M-100,2002-12-01,18:54,61.3,F,
M-100,2002-12-10,8:10,60.8,N to F,
M-100,2003-03-07,19:03,68.8,F to B,
M-100,2003-03-29,18:06,61.9,N to F,
M-100,2003-10-18,18:35,60,N to F,
M-100,2004-05-28,19:00,67,F,
M-100,2004-06-13,17:34,61,N,
M-100,2004-06-14,18:24,65.8,N to F,
M-100,2004-06-24,6:36,70.1,B,
M-100,2005-06-27,18:42,64.4,N,
M-100,2005-07-02,18:34,63.3,N,
M-100,2006-09-23,18:15,58.9,N,
M-100,2007-03-03,6:38,67.7,F,
M-100,2007-06-17,6:28,64,F,
M-100,2008-04-07,7:03,68.3,F,
M-100,2010-05-24,7:48,59.8,N to F,
M-101,1997-08-20,18:33,10.5,N,
M-101,1997-08-21,18:51,10.4,N,
M-101,1997-08-22,18:32,10.2,N,
M-101,1997-08-23,4:42,10.2,N,
M-101,1997-08-26,6:43,11.3,F,
M-101,1997-08-26,18:04,11.15,N,
M-101,1997-08-27,18:33,11.5,N to F,
M-101,1997-08-31,19:00,10.9,N,
M-101,1997-09-01,17:53,11.4,N,
M-101,1997-09-02,6:27,11.6,F,
M-101,1997-09-03,6:43,11.2,N,
M-101,1997-09-04,7:09,10.9,N,
M-101,1997-09-04,17:57,11.1,N,
M-101,1997-09-05,17:24,11.2,N,
M-101,1997-09-08,18:00,11.1,N,
M-101,1997-09-09,7:38,11.6,N,
M-101,1997-09-09,17:53,11.5,N,
M-101,1997-09-10,18:15,11.1,N,
M-101,1997-09-11,17:55,11.4,N,
M-101,1997-09-28,18:39,11.1,N,
M-101,1997-09-29,17:49,11.3,N,
M-101,1997-09-30,18:43,11.5,N,
M-101,1997-10-01,6:30,11.6,N,
M-101,1997-10-03,7:33,11.4,N,
M-101,1997-10-06,6:36,11.7,N,
M-101,1997-10-07,7:04,12.4,N to F,S
M-101,1997-10-08,18:39,12.2,N,
M-101,1997-10-09,7:48,12.2,N,
M-101,1997-10-14,16:57,11.8,N,
M-101,1997-10-16,17:12,11.8,N,
M-101,1997-10-17,17:39,11.9,N,
M-101,1997-10-18,17:38,11.9,N,
M-101,1997-10-19,9:03,12.8,F,
M-101,1997-10-21,9:57,12.7,N,
M-101,1997-10-23,7:14,13.7,F,
M-101,1998-01-18,16:45,20.2,F,
M-101,1998-01-20,7:49,21.7,F,F
M-101,1998-01-23,7:46,20.6,N to F,
M-101,1998-01-26,8:19,19.9,N,
M-101,1998-01-26,18:56,19.7,N,
M-101,1998-01-28,7:04,20.9,N,
M-101,1998-01-30,19:00,22.3,F,
M-101,1998-02-04,17:29,21.1,N,
M-101,1998-02-10,22:03,20.8,N,
M-101,1998-02-19,8:12,23.1,F,
M-101,1998-03-19,8:59,27.6,F,F
M-101,1998-03-30,6:48,26.7,N,
M-101,1998-04-01,19:08,29.1,F,
M-101,1998-04-02,8:44,29.1,F,
M-101,1998-04-05,7:03,29.6,F,
M-101,1998-04-09,9:34,28.5,F,
M-101,1998-05-04,7:02,31.8,F,
M-102,1997-09-03,6:56,10.8,N,
M-102,1997-09-10,18:29,11.5,N,
M-102,1997-09-11,18:33,11.8,N,
M-102,1997-09-14,18:28,12,F,
M-102,1997-09-20,18:47,12.2,N,
M-102,1997-09-28,18:43,12.6,N,
M-102,1997-09-29,17:38,12.8,N,
M-102,1997-09-30,18:30,13,N,
M-102,1997-10-01,6:30,13.2,N,
M-102,1997-10-01,17:30,13.1,N,
M-102,1997-10-03,7:28,12.8,N,
M-102,1997-10-06,6:40,12.9,N,
M-102,1997-10-07,6:55,13.7,F,S
M-102,1997-10-08,18:28,13.4,N,
M-102,1997-10-09,7:47,13.5,N,
M-102,1997-10-11,6:39,13.1,N,
M-102,1997-10-12,8:42,13.6,N to F,
M-102,1997-10-14,16:46,13.1,N,
M-102,1997-10-16,17:14,14.1,F,
M-102,1997-10-17,6:45,14.4,F,
M-102,1997-10-17,17:38,14.2,N to F,
M-102,1997-10-17,23:48,14.2,N,
M-102,1997-10-18,17:37,14,N,
M-102,1997-10-19,8:59,14.9,F,S
M-102,1997-10-21,9:56,14.6,N,
M-102,1997-10-23,7:05,15.4,F,
M-102,1998-01-18,9:13,22.7,F,
M-102,1998-01-20,8:00,23.7,F,F
M-102,1998-01-23,7:45,23.4,F,
M-102,1998-01-26,8:26,22.4,N,
M-102,1998-01-28,7:03,22.8,N,
M-102,1998-01-30,19:01,23.9,F,
M-102,1998-02-02,8:06,23.3,N,
M-102,1998-02-03,10:22,23.8,N,
M-102,1998-02-04,17:19,23.1,N,
M-102,1998-02-10,18:37,22.9,N,
M-102,1998-02-19,8:29,24.9,N to F,
M-102,1998-02-22,7:51,24.9,F,
M-102,1998-02-24,7:08,27.1,F to B,
M-102,1998-03-02,6:46,27.7,B,
M-102,1998-03-04,17:38,28.1,N to F,
M-102,1998-03-06,16:55,28.4,N to F,
M-102,1998-03-17,19:13,29.6,N,
M-102,1998-03-19,8:57,31,F,F
M-102,1998-04-01,19:08,31.7,F,
M-102,1998-04-09,6:48,31,F,
M-102,1998-04-15,6:37,30.7,N,
M-102,1998-05-05,18:32,30.7,F,
M-102,1998-05-27,6:33,31.6,N to F,
M-102,1998-06-14,7:44,35.9,F to B,
M-102,1998-06-20,7:40,32.6,N,
M-102,1998-07-06,6:53,35.7,B,
M-102,1998-07-07,6:45,34,N to F,
M-102,1998-07-08,8:00,33.1,N,
M-102,1998-07-13,7:03,36,F,
M-102,1998-07-17,8:30,31.6,N,
M-102,1998-07-18,17:07,36.4,B,
M-102,1998-07-20,7:29,38.6,B,
M-102,1998-08-06,9:19,36.5,F to B,
M-102,1998-08-19,6:48,36.6,F,
M-102,1998-08-27,18:23,34.8,N,
M-102,1998-08-28,6:49,38.9,B,
M-102,1998-08-29,17:02,35.9,N to F,
M-102,1998-09-03,6:48,35.9,N,
M-102,1998-09-05,4:25,40.2,F,
M-102,1998-09-06,6:04,39.6,F,
M-102,1998-09-07,2:11,37.7,N,
M-102,1998-09-07,18:32,36.2,N,
M-102,1998-09-08,0:29,39.6,N,
M-102,1998-09-08,2:14,39.8,N,
M-102,1998-09-17,6:55,38.6,N,
M-102,1998-09-19,7:44,38.8,N,
M-102,1998-09-20,7:12,40.9,F,
M-102,1998-09-22,6:34,40.3,F,
M-102,1998-10-02,18:32,38.1,N,
M-102,1998-10-23,6:53,40.5,F,
M-102,1998-12-09,18:45,35.8,N,
M-102,1998-12-10,7:40,37.8,N to F,
M-102,1998-12-13,6:50,34.5,N,
M-102,1999-04-15,17:39,40.1,N,
M-102,1999-04-17,17:43,43,N to F,
M-102,1999-04-22,7:14,46.2,B,
M-102,1999-04-24,8:16,42,N,
M-102,1999-04-26,7:19,43.9,N,
M-102,1999-04-27,23:08,42.2,N,
M-102,1999-04-30,2:23,43.2,N,
M-102,1999-04-30,20:19,42.6,N,
M-102,1999-05-14,7:30,45,N to F,
M-102,1999-05-27,18:35,42.8,N,
M-102,1999-05-27,22:02,43.8,N,
M-102,1999-05-28,18:35,42.1,N,
M-102,2000-01-12,7:16,51,N,
M-102,2000-01-26,7:39,54.6,F to B,
M-102,2000-01-28,6:38,50.6,N,
M-102,2000-02-05,6:33,50.2,N,
M-102,2000-02-07,8:06,50.7,N,
M-102,2000-02-08,19:08,48.8,N,
M-102,2000-02-09,18:57,48.7,N,
M-102,2000-02-27,6:51,49.8,N,
M-102,2000-09-12,18:48,52.1,N,
M-103,1997-10-04,7:51,10.3,N to F,S
M-103,1998-01-26,8:41,16.7,N,
M-103,1998-02-09,19:57,17.6,N,
M-103,1998-02-10,18:48,16.8,N,
M-103,1998-02-11,21:58,17.2,N,
M-103,1998-02-12,18:56,16.6,N,
M-103,1998-02-14,11:09,16.9,N,
M-103,1998-02-19,8:13,18.7,N to F,
M-103,1998-02-23,6:46,18.7,F,
M-103,1998-03-02,8:56,21.2,F,
M-103,1998-03-06,16:45,21,N,
M-103,1998-03-19,8:57,22.3,F,F
M-103,1998-04-01,19:09,25.8,F,
M-103,1998-04-13,7:30,24,N,
M-104,1998-02-09,20:15,21,N to F,
M-104,1998-02-10,18:42,20.6,N,
M-104,1998-02-11,21:33,20.6,N,
M-104,1998-02-12,19:00,20.4,N,
M-104,1998-02-19,7:34,23.9,F,
M-104,1998-02-23,6:44,23.6,F,
M-104,1998-03-06,16:49,24.8,N,
M-104,1998-03-17,19:16,27.5,N,
M-104,1998-05-27,6:47,31.3,N,
M-104,1998-06-14,7:53,34.6,F to B,
M-104,1998-06-20,7:42,32.9,N,
M-104,1998-07-06,6:59,34,F,
M-104,1998-08-19,6:52,40.2,belly,
M-104,1998-08-29,18:23,38.3,F,
M-104,1998-09-15,6:26,38.2,F,
M-104,1998-10-22,12:19,38.7,N,
M-104,1998-10-23,6:40,42.4,F,
M-104,1998-10-28,6:33,38.1,N,
M-104,1998-11-08,6:22,39,N,
M-104,1998-11-11,7:26,42.7,F,
M-104,1998-11-13,6:25,44.5,F,
M-104,1998-12-06,6:21,40.1,N,
M-104,1998-12-10,7:41,43.3,F,
M-104,1998-12-13,6:59,38.6,N,
M-104,1999-04-03,7:50,45.5,N to F,
M-104,1999-04-11,8:51,40.3,N,
M-104,1999-04-23,6:24,42.8,N,
M-104,1999-04-26,6:53,43.3,N,
M-104,1999-04-30,4:20,42.6,N,
M-104,1999-05-09,6:55,44.5,N,
M-104,1999-05-09,7:20,47.4,F,F
M-104,1999-05-20,7:00,45.5,F,
M-104,1999-05-27,20:41,47.9,F,
M-104,1999-06-09,8:37,42.1,N to T,
M-104,1999-12-15,6:17,49.5,N,
M-104,1999-12-24,18:33,46.5,N,
M-104,2000-01-09,7:27,55.5,F,
M-104,2000-01-12,7:09,52,N,
M-104,2000-01-31,18:40,46.3,N,
M-104,2000-02-07,8:05,52.5,N,
M-104,2000-02-24,6:30,51.8,N,
M-104,2000-02-27,6:50,48,N,
M-104,2000-03-16,7:13,53.4,N,
M-104,2001-07-15,8:20,52.2,N,
M-104,2001-09-03,7:44,53.7,N,
M-104,2001-10-24,18:12,54.4,N,
M-104,2001-10-25,18:29,51.3,N,
M-104,2001-11-23,10:00,55.7,N to F,
M-104,2002-04-07,9:23,52,N,
M-104,2002-05-07,18:46,50.1,N,
M-104,2002-05-21,8:36,50.4,N,
M-104,2002-05-22,7:34,50,N,
M-104,2002-05-26,6:25,50.5,N,
M-104,2002-07-14,7:15,50.3,N,
M-104,2002-11-17,9:20,56.6,N to F,
M-104,2002-11-18,17:19,50.9,N,
M-104,2002-11-21,8:28,57.7,F,
M-104,2002-11-26,9:11,51.4,N,
M-104,2002-12-22,17:21,52.5,N,
M-104,2003-03-12,8:05,51,N,
M-104,2003-03-28,18:09,53.2,N,
M-104,2003-08-28,18:45,49.5,N,
M-104,2003-09-05,17:41,49.6,N,
M-104,2003-10-18,7:38,50.1,N,
M-104,2003-10-24,17:48,51.9,N,
M-104,2003-10-25,6:48,55.7,F,
M-104,2003-11-09,18:34,48.5,N,
M-104,2003-11-13,8:29,54.2,N,
M-104,2003-11-15,8:13,53.3,N to F,
M-104,2004-05-07,8:14,57,F,
M-104,2004-05-26,18:56,57,N to F,
M-104,2004-06-27,7:44,53.4,N,
M-104,2004-10-13,7:25,54.5,N,
M-104,2004-10-26,8:34,51,N,
M-104,2004-12-01,18:12,61.4,F to B,
M-104,2004-12-05,6:47,59.6,F,
M-104,2004-12-23,18:53,54.4,N,
M-104,2005-01-24,8:24,49.4,N,
M-104,2005-06-02,10:32,55.5,F,
M-104,2005-07-05,6:54,54.6,N to F,
M-104,2005-07-09,11:02,57.3,F,
M-104,2005-07-23,8:00,55.5,F,
M-104,2005-07-31,7:49,50.4,N,
M-104,2005-08-03,18:53,52.5,N,
M-104,2005-08-11,6:42,50.6,N,
M-104,2006-01-27,19:09,54.5,N,
M-104,2006-02-05,9:08,52.2,N,
M-104,2006-03-07,18:36,57.3,F,
M-104,2006-03-18,18:47,55.5,N to F,
M-104,2006-03-19,19:13,56.6,N to F,
M-104,2007-05-22,9:20,56.1,N to F,
M-104,2007-05-28,9:25,54.6,N,
M-104,2007-11-16,7:04,52.5,N,
M-104,2007-12-20,10:34,56.4,N to F,
M-104,2008-01-25,9:06,52.5,N,
M-104,2008-02-11,8:15,64.2,F to B,
M-104,2008-03-16,7:43,48.2,N to T,
M-104,2008-03-24,7:49,51.9,N,
M-104,2008-12-07,8:21,54.5,N,
M-104,2009-05-31,10:03,51.9,N,
M-104,2009-07-20,10:26,54,N,
M-105,1997-08-22,19:06,8.9,N,
M-105,1997-08-26,18:10,9.2,N,
M-105,1997-08-27,18:34,9.2,N,
M-106,1997-09-09,7:43,10,N,
M-106,1998-03-17,15:32,23.2,N to F,
M-106,1998-03-19,16:52,22.6,N to F,
M-106,1998-03-30,7:29,21.3,N,
M-106,1998-04-07,19:05,25.5,N,
M-106,1998-04-08,19:20,25.7,N,
M-106,1998-04-09,6:50,25.2,N,
M-106,1998-04-18,6:33,24.4,N,
M-106,1998-04-28,18:43,24.1,N,
M-106,1998-05-04,18:27,25.6,N,
M-106,1998-05-30,7:39,28.7,N,
M-106,1998-05-31,7:11,28.7,N,
M-106,1998-07-18,11:24,23,N to T,
M-106,1998-08-07,6:58,22.7,N,
M-106,1998-08-09,18:48,27.5,F,
M-106,1998-08-18,18:46,23.4,N,
M-106,1998-08-28,17:10,23.4,N to T,
M-110,1997-10-06,8:02,5.9,T,
M-110,1997-10-11,7:17,5.5,T,
M-110,1997-10-17,6:45,5,T,
M-110,1997-10-17,23:25,5.1,T,F
M-110,1997-10-18,17:36,5,T,
M-110,1997-10-19,9:14,5,T,
M-111,1997-09-27,18:33,6.6,N to T,
M-111,1997-10-04,8:01,5.9,T,
M-111,1997-10-06,7:42,5.7,T,
M-111,1997-10-08,18:16,5.5,T,
M-111,1997-10-11,7:05,5.2,T,
M-113,1998-04-01,18:54,19.4,N,
M-113,1998-04-07,19:03,19.4,N,
M-113,1998-04-08,19:25,19.2,N,
M-113,1998-04-09,7:07,19.3,N,
M-113,1998-04-17,18:30,19.5,N,
M-113,1998-04-18,6:55,19.4,N,
M-113,1998-04-28,18:32,19.4,N,
M-113,1998-05-04,18:13,20,N,
M-113,1998-05-05,18:33,19.7,N,
M-113,1998-05-08,7:22,20.1,N,
M-113,1998-05-17,10:48,21.4,N,
M-113,1998-05-27,6:35,22.2,N,
M-113,1998-07-10,6:53,22.8,N,
M-113,1998-07-18,17:05,23.9,N,
M-113,1998-07-19,8:59,23,N,
M-113,1998-08-27,18:02,25.1,N,
M-113,1998-08-31,8:43,24.3,N,
M-113,1998-09-05,17:52,25.7,N,
M-113,1998-09-08,5:10,24.6,N,
M-113,1998-09-12,18:28,24.4,N,
M-113,1998-10-03,19:06,25.1,N,
M-113,1998-10-26,18:25,26.7,N,
M-113,1998-11-13,7:16,32.8,F,
M-113,1998-12-09,16:55,29,N,
M-113,1998-12-10,6:30,29.2,N,
M-113,1999-04-11,17:13,37.3,N,
M-113,1999-04-12,6:40,41.1,F,
M-113,1999-04-15,17:46,38.5,N,
M-113,1999-04-22,6:48,40.4,F,
M-113,1999-04-26,6:28,39.7,N,
M-113,1999-04-28,2:44,39.3,N,
M-113,1999-04-29,2:26,45.5,F,F
M-113,1999-04-30,22:09,42.9,F,
M-113,1999-05-09,6:45,39.7,N,
M-113,1999-05-12,7:31,38.8,N,
M-113,1999-05-16,7:34,44.3,F,
M-113,1999-05-21,18:42,39.8,N,
M-113,1999-05-26,7:46,46.7,F,
M-113,1999-05-28,6:05,41.3,N,
M-113,1999-05-30,1:40,42.2,N,
M-113,1999-05-30,18:04,41,N,
M-113,1999-06-09,8:36,39.7,N,
M-113,1999-12-31,6:20,52,N to F,
M-113,2000-01-12,7:33,50.5,N,
M-113,2000-02-11,7:24,54.7,F,
M-113,2004-04-19,0:00,55.7,N,
M-113,2004-04-24,11:14,59.5,N to F,
M-114,1998-02-09,18:50,14.2,N to F,
M-114,1998-02-12,4:25,14.1,N,
M-114,1998-02-14,3:20,14.2,N,
M-114,1998-03-03,18:44,16.6,N,
M-114,1998-03-21,18:18,19.7,F,
M-114,1998-03-29,18:53,19.5,N to F,
M-114,1998-04-01,18:40,20.9,N,
M-114,1998-04-05,7:16,21.8,N to F,
M-114,1998-04-06,19:15,21.5,N,
M-114,1998-04-07,19:07,21.5,N,
M-114,1998-04-08,19:18,21.6,N,
M-114,1998-04-09,7:01,21.6,N,
M-114,1998-04-17,18:57,21.3,N,
M-114,1998-04-18,6:58,21.2,N,
M-114,1998-04-28,18:35,21.1,N,
M-114,1998-05-04,18:16,21.7,N,
M-114,1998-05-05,18:39,21.8,N,
M-114,1998-05-08,7:20,22.2,N,
M-114,1998-05-17,10:47,22,N,
M-114,1998-05-27,6:54,23.5,N,
M-114,1998-07-10,6:55,23.6,N,
M-114,1998-07-18,10:23,24.6,N,
M-114,1998-07-19,8:50,23.8,N,
M-114,1998-08-31,8:40,26,N,
M-114,1998-09-05,19:03,27.3,N,
M-114,1998-09-08,1:02,26.3,N,
M-114,1998-09-09,3:50,26.5,N,
M-114,1998-10-28,6:54,29.7,N,
M-114,1998-11-13,7:11,34.7,F,
M-114,1998-12-10,6:34,32.8,N,
M-114,1999-04-04,17:18,38.7,N,
M-114,1999-04-13,7:39,46,B,
M-114,1999-04-17,17:47,41.5,N,
M-114,1999-04-24,6:20,45.4,F,
M-114,1999-04-26,7:58,42.1,F,
M-114,1999-04-27,21:37,39.5,N,
M-114,1999-04-30,6:15,39,N,
M-114,1999-04-30,21:07,40,N,
M-114,1999-05-02,0:07,38.8,N,
M-114,1999-05-02,2:30,40.8,N,
M-114,1999-05-09,7:02,44.1,F,
M-114,1999-05-13,6:41,42.8,N to F,
M-114,1999-05-23,6:49,41.6,N,
M-114,1999-05-28,19:59,42.3,N,
M-114,1999-05-29,16:27,41.6,N,
M-114,1999-05-30,1:32,42,N,
M-114,1999-06-01,2:36,41.5,N,
M-114,1999-06-09,8:41,40.5,N,
M-114,1999-12-08,6:37,48.5,N,
M-114,1999-12-09,6:27,51.6,F,
M-114,2000-01-09,7:38,56,B,
M-114,2000-01-10,6:52,49.5,N,
M-114,2000-01-11,17:12,48.1,N,
M-114,2000-01-13,18:46,46.7,N,
M-114,2000-01-31,6:20,53.4,F,
M-114,2000-02-03,7:27,50.6,N,
M-114,2000-02-21,6:26,52.6,F,
M-114,2000-02-23,19:08,49,N,
M-114,2000-03-13,18:49,51.5,N,
M-115,1998-03-21,18:40,21.4,N to F,
M-115,1998-07-12,8:20,29,N,
M-115,1998-08-28,7:08,32.1,N,
M-117,1998-12-12,6:43,28.8,N to F,
M-117,1999-04-24,6:51,35.3,N,
M-117,1999-04-26,7:55,36.1,N to F,
M-117,1999-04-29,3:05,40.5,F,F
M-117,1999-04-30,7:47,36.3,N,
M-117,1999-05-09,6:57,41.2,F,
M-117,1999-05-12,7:38,43.2,B,
M-117,1999-05-14,7:31,39.6,F,
M-117,1999-05-23,6:52,38.6,N,
M-117,1999-05-27,20:28,43.4,F,
M-117,1999-05-28,17:13,38.9,N,
M-117,1999-05-29,16:28,39.2,N,
M-117,1999-05-30,19:13,38.5,N,
M-117,1999-05-31,19:55,38.3,N,
M-117,1999-06-02,7:18,40.8,F,
M-117,1999-12-28,18:09,49.7,F,
M-117,2000-01-26,6:49,54.7,F,
M-117,2000-02-03,6:59,50.3,N,
M-117,2000-02-15,19:17,47.8,N,
M-117,2000-02-21,6:29,51.8,F,
M-117,2000-02-27,7:28,50.6,N to F,
M-117,2000-02-28,19:02,49.5,N,
M-117,2000-03-06,18:58,47.9,N,
M-117,2000-03-13,18:59,54,N to F,
M-117,2000-03-16,6:50,54.5,N,
M-117,2002-07-14,8:20,59.9,N to F,
M-117,2002-11-08,8:52,60.2,N,
M-117,2003-03-28,6:59,58.9,N,
M-118,1999-05-30,18:18,28.7,N,
M-118,1999-06-05,19:02,29.4,N,
M-118,1999-06-09,8:48,32,F to B,
M-119,1998-12-18,19:00,17.3,N,
M-119,1999-04-26,7:43,24.9,N,
M-119,1999-04-29,18:03,26.7,N to F,
M-119,1999-04-30,18:52,25.6,N,
M-119,1999-04-30,21:13,26.7,N to F,
M-119,1999-05-01,18:43,24.9,N,
M-119,1999-05-02,3:47,29.6,F to B,F
M-119,1999-05-02,6:40,29.2,F to B,
M-119,1999-05-14,7:40,33.1,B,
M-119,1999-05-16,7:43,30.1,F,
M-119,1999-05-28,18:53,26.7,N,
M-119,1999-05-30,6:18,27.8,N,
M-119,1999-05-30,15:53,27.4,N,
M-119,1999-06-05,6:59,28,N,
M-119,1999-06-05,18:38,27.7,N,
M-120,1998-09-17,7:20,11.6,N,
M-120,1998-09-22,6:54,12.5,N,
M-120,1998-10-02,18:41,13.7,N,
M-120,1998-10-11,7:10,13.7,N,
M-120,1998-10-26,18:43,15.2,N,
M-120,1998-11-03,6:30,15.1,N,
M-120,1998-11-11,6:18,15.8,N,
M-120,1998-12-09,6:22,16.5,N,
M-120,1998-12-10,18:35,16.5,N,
M-120,1998-12-12,7:00,17.4,N,
M-120,1998-12-18,17:18,17,N,
M-120,1999-04-13,6:45,28,N,
M-120,1999-04-27,23:35,29.8,N,
M-120,1999-05-20,7:08,32,F,
M-120,1999-05-23,6:47,31.4,N,
M-120,1999-05-27,22:06,32.6,N,
M-120,1999-05-28,21:36,31.5,N,
M-120,1999-05-29,2:30,31.3,N,
M-120,1999-05-29,16:39,31.7,N,
M-120,1999-05-30,6:31,32.5,N,
M-120,1999-05-31,7:11,31.8,N,
M-120,1999-05-31,18:58,31.1,N,
M-120,1999-06-01,6:49,30.8,N,
M-120,1999-06-05,19:00,32.9,N,
M-120,1999-06-09,8:43,32.1,N to F,
M-120,1999-12-23,0:00,45.3,N,
M-120,2000-01-12,7:11,50.4,F,
M-120,2000-01-26,7:30,50.6,F,
M-120,2000-02-11,7:26,51.6,F,
M-120,2000-02-21,6:42,56.3,B,
M-120,2004-04-24,11:17,66.3,N to F,
M-121,1998-09-17,7:12,10.8,N,
M-122,1998-10-11,7:03,10.6,N,
M-122,1998-10-26,18:29,12.2,N,
M-122,1998-10-29,18:37,12,N,
M-122,1998-12-09,6:32,14.5,N,
M-122,1998-12-10,18:36,14.2,N,
M-122,1998-12-12,7:01,14.4,N,
M-122,1998-12-14,18:43,14.4,N,
M-122,1998-12-18,17:17,14.4,N,
M-122,1999-04-03,8:00,23.4,F,
M-122,1999-04-11,9:05,20.1,N,
M-122,1999-04-15,16:44,21.85,N,
M-122,1999-04-17,7:08,23.9,N to F,
M-122,1999-04-22,7:16,25.8,F,
M-122,1999-04-24,6:35,24.2,F,
M-122,1999-04-27,20:35,25.1,N,
M-122,1999-04-28,6:13,24.5,N,
M-122,1999-04-28,19:00,23.9,N,
M-122,1999-04-29,3:10,25.2,N,
M-122,1999-04-29,18:00,24,N,
M-122,1999-04-30,18:31,23.5,N,
M-122,1999-05-01,20:54,22.4,N,
M-122,1999-05-01,23:04,22.8,N,
M-122,1999-05-02,2:43,28,F to B,F
M-122,1999-05-04,7:03,25.9,N to F,
M-122,1999-05-14,7:10,27,F,
M-122,1999-05-14,17:48,25.2,N to F,
M-122,1999-05-19,17:15,24.5,N,
M-122,1999-05-23,6:48,26.9,N,
M-122,1999-05-27,21:44,25.8,N,
M-122,1999-05-28,19:06,25.6,N,
M-122,1999-05-30,6:51,25.6,N,
M-122,1999-05-30,16:09,25.5,N,
M-122,1999-06-05,7:00,28.6,F,
M-122,1999-06-05,18:37,28.3,N to F,
M-122,1999-06-09,8:52,26.2,N,
M-122,1999-12-14,7:58,41.6,F,
M-122,2000-01-10,6:20,38.3,N,
M-122,2000-01-12,6:41,43.7,F to B,
M-122,2000-02-05,6:27,40.6,N,
M-122,2000-02-07,8:19,41.1,N,
M-122,2000-02-28,18:41,42.7,N,
M-122,2000-03-02,19:10,40.6,N,
M-122,2000-10-10,6:23,50.3,N,
M-122,2001-07-22,6:50,63,B,
M-122,2001-07-22,18:45,62.5,B,
M-122,2001-07-27,18:59,59.3,N,
M-122,2001-07-28,18:46,55,N,
M-122,2001-08-07,18:15,52.4,N,
M-122,2001-08-12,18:04,54.7,N,
M-122,2001-08-19,18:45,55.3,N,
M-122,2001-08-25,19:00,57,N to F,
M-122,2001-09-07,18:40,51,N,
M-122,2001-09-23,7:14,52.3,N,
M-122,2001-11-08,18:22,56.2,N to F,
M-122,2002-04-07,7:10,59.2,F,
M-122,2002-04-14,6:23,63.8,F to B,
M-122,2002-05-18,18:38,56.3,N,
M-122,2002-06-06,6:51,57.6,F,
M-122,2002-06-21,18:17,50,N,
M-122,2002-07-04,18:43,54,N,
M-122,2002-07-08,8:09,57.7,F,
M-122,2002-07-14,18:21,52.7,N,
M-122,2002-11-12,6:37,55,N,
M-122,2003-03-08,7:49,55.5,N to F,
M-122,2004-06-13,18:46,53.9,N,
M-122,2004-06-17,18:37,56,N,
M-122,2004-06-22,6:40,60.3,F,
M-122,2004-11-30,17:56,58.9,N to F,
M-122,2004-12-08,18:40,56.2,N,
M-122,2007-02-22,6:38,55.3,N,
M-122,2007-06-16,6:44,65.1,F,
M-123,1998-10-29,18:43,11,N,
M-123,1998-12-12,6:55,13.8,N,
M-128,1999-05-10,18:44,13.1,N,
M-128,1999-05-14,18:00,14.2,F,S
M-128,1999-05-23,7:20,15,N,
M-129,1999-04-27,21:01,10,N,
M-129,1999-04-28,2:25,10.1,N,S
M-129,1999-05-01,22:23,10.2,N,
M-129,1999-05-10,18:39,11.1,N,
M-129,1999-05-27,17:53,12.5,N,
M-129,1999-05-28,3:48,12.9,N,
M-129,1999-05-28,16:08,12.4,N,
M-129,1999-05-28,20:25,13,N,S
M-129,1999-05-29,2:43,12.7,N,
M-129,1999-05-29,21:52,12.8,N,
M-129,1999-05-30,15:56,12.7,N,
M-129,1999-05-31,17:59,12.4,N,
M-129,1999-06-02,7:15,12.5,N,
M-129,1999-06-05,18:44,13,N,
M-129,1999-12-23,0:00,28,N,
M-129,2000-02-05,6:42,34.6,F,
M-129,2000-02-12,18:50,34.5,N,
M-129,2000-02-21,6:27,36.3,N to F,
M-129,2000-02-23,19:04,37.7,F,
M-129,2000-02-27,7:32,36.3,N,
M-129,2000-02-28,18:33,35.4,N,
M-129,2000-03-06,17:21,36.1,N,
M-129,2000-03-13,18:44,39,N,
M-129,2000-03-18,7:11,37.6,N,
M-129,2000-03-20,6:30,38.7,N to F,
M-129,2000-09-15,18:30,47,N,
M-129,2000-09-23,19:00,47.1,N,
M-129,2000-09-27,6:24,51.1,F,
M-129,2000-10-01,18:18,50,N,
M-129,2000-10-02,18:40,48.5,N,
M-129,2000-11-03,18:48,50.4,N,
M-129,2000-12-08,6:43,55.1,F,
M-129,2001-08-18,18:40,55.5,N,
M-129,2002-04-15,11:46,52.4,N,
M-129,2002-04-22,7:20,51,N,
M-129,2002-05-30,6:55,51.9,N,
M-129,2002-06-02,18:18,49.6,N,
M-129,2002-07-09,17:49,53.9,N,
M-129,2002-07-18,18:35,57.6,F,
M-129,2002-07-19,7:33,56.8,F,
M-130,1999-05-29,18:28,7.2,N,
M-130,1999-05-30,16:05,7.6,N,
M-130,1999-06-01,5:22,7.7,N,
M-131,1999-05-30,17:38,5.35,N,
M-133,1999-05-28,20:51,8.5,N,
M-133,1999-05-29,18:33,8.3,N,
M-133,1999-05-30,17:45,8.5,N,
M-140,2000-01-26,6:58,12.5,N to F,
M-140,2000-01-30,18:05,11.3,N,
M-140,2000-01-31,18:41,12.2,N,
M-140,2000-02-05,7:33,13.3,F,S
M-140,2000-02-08,18:17,13.5,N,
M-140,2000-02-09,17:30,13.5,N,
M-140,2000-02-12,18:38,14.2,F,S
M-140,2000-02-13,17:32,13.9,N,
M-140,2000-02-15,18:47,14.8,F,
M-140,2000-02-23,17:43,14.8,N to F,
M-140,2000-02-28,19:12,15.4,N to F,
M-140,2000-03-06,17:18,16.8,N to F,
M-140,2000-03-07,17:03,16.8,N,
M-140,2000-03-11,18:16,17.1,N,
M-140,2000-03-12,6:28,17.4,N,
M-140,2000-03-13,18:18,17.1,N,
M-140,2000-03-14,18:37,17.1,N,
M-140,2000-03-16,6:52,17,N,
M-140,2000-03-18,7:14,17.3,N,
M-140,2000-03-20,7:09,16.7,N,
M-140,2000-09-15,18:26,32,N,
M-140,2000-09-18,18:24,32.3,N,
M-140,2000-09-19,18:55,32.4,N,
M-140,2000-09-29,6:44,35.3,F,
M-140,2000-10-01,18:29,34.3,N,
M-140,2000-11-03,18:38,37.2,N to F,F
M-140,2000-12-08,7:23,40,F,
M-140,2000-12-09,17:59,37.9,N,
M-140,2000-12-10,18:34,37.8,N,
M-140,2001-07-22,7:40,55.9,B,
M-140,2001-07-28,17:48,48.5,N,
M-140,2001-08-12,18:02,46.1,N,
M-140,2001-09-15,18:37,50.6,F,
M-140,2001-09-23,7:15,48.7,N to F,
M-140,2001-10-11,7:19,55.6,F to B,
M-140,2001-10-28,6:41,53.6,F,F
M-140,2001-11-02,10:00,48.9,N,
M-140,2001-11-24,9:33,47.2,N,
M-140,2002-04-05,6:40,54.4,N,
M-140,2002-04-17,6:52,51.8,N,
M-140,2002-04-17,18:37,49.7,N,
M-140,2002-06-16,6:38,54,N,
M-140,2002-06-21,17:43,50.5,N,
M-140,2002-07-08,7:21,52.9,F,
M-140,2002-07-08,8:10,56.1,F,F
M-141,2000-01-26,6:53,10.4,N,
M-141,2000-02-09,18:15,11.6,N,
M-141,2000-02-12,18:48,12.2,F,S
M-141,2000-02-15,19:13,12.4,N to F,
M-141,2000-02-23,17:26,12.8,N,
M-141,2000-02-28,18:39,13,N,
M-141,2000-03-06,17:19,14.5,N to F,
M-141,2000-03-07,18:07,14.6,N,
M-141,2000-03-11,18:10,14.6,N,
M-141,2000-03-12,6:30,14.7,N,
M-141,2000-03-13,18:20,14.6,N,
M-141,2000-03-14,18:37,14.6,N,
M-141,2000-03-16,6:52,14.4,N,
M-141,2000-03-20,7:10,14.2,N,
M-141,2000-09-15,19:03,26.9,N,
M-141,2000-09-19,19:03,27.5,N,
M-141,2000-09-24,6:38,25.7,N,
M-141,2000-10-01,18:39,28.5,N,
M-141,2002-04-07,7:47,43,N,
M-141,2002-06-21,17:54,44.8,N,
M-141,2002-12-20,7:00,49.2,N,
M-141,2003-01-02,6:29,48.4,N,
M-141,2003-01-17,6:42,48,N,
M-141,2003-03-23,18:01,46.2,N,
M-141,2003-03-27,7:10,47,N,
M-141,2003-09-07,6:52,47.4,N,
M-141,2004-10-16,7:34,48.2,N,
M-141,2005-01-06,6:59,52.2,N,
M-141,2005-02-09,6:31,53.3,N to F,
M-142,2000-01-10,6:55,17.6,N,
M-142,2000-01-13,18:36,18.4,N,
M-142,2000-02-03,7:05,20.8,N,
M-142,2000-02-05,7:30,21.5,N,
M-142,2000-02-08,18:18,21.5,N,
M-142,2000-02-09,17:36,21.8,N,
M-142,2000-02-11,7:40,24,F,
M-142,2000-02-12,18:36,22.7,N,
M-142,2000-02-13,17:32,22.5,N,
M-142,2000-02-15,18:50,21.5,N,
M-142,2000-02-21,6:33,23.3,F,
M-142,2000-02-23,17:25,22.5,N,
M-142,2000-02-27,7:33,22.7,N,
M-142,2000-02-28,18:11,23,N,
M-142,2000-03-02,19:07,22.6,N,
M-142,2000-03-06,17:24,24,N,
M-142,2000-03-07,17:07,24.1,N,
M-142,2000-03-11,18:56,22.9,N,
M-142,2000-03-13,18:27,23.3,N,
M-142,2000-03-14,18:39,24.1,N,
M-142,2000-03-16,6:55,24.5,N,
M-142,2000-03-18,7:10,24.4,N,
M-142,2000-09-11,6:57,36.9,N,
M-142,2000-09-15,18:22,36.7,N,
M-142,2000-09-24,6:30,35.1,N,
M-142,2000-10-01,18:58,37,N,
M-142,2000-10-02,4:05,40.5,F,
M-142,2000-10-02,19:07,38,N,
M-142,2000-11-03,18:38,40.5,N,
M-142,2000-12-07,6:50,41.5,N to F,
M-142,2001-08-12,19:03,46.2,N,
M-142,2001-08-16,6:23,48.8,N,
M-142,2001-08-19,17:57,46.9,N,
M-142,2001-09-26,6:45,46.5,N to F,
M-142,2001-10-17,8:08,47.2,N,
M-142,2001-10-23,19:03,48.9,N,
M-142,2001-11-02,9:08,44.6,N,
M-142,2001-11-26,11:16,47.4,N,
M-142,2002-04-05,6:28,54.8,N to F,
M-142,2002-04-23,8:20,52.5,N to F,
M-142,2002-04-27,7:01,50.1,N,
M-142,2002-05-08,7:40,49.7,N,
M-142,2002-05-31,19:10,50,N,
M-142,2002-06-06,6:52,52.2,N,
M-142,2002-06-20,6:44,53.8,N,
M-142,2002-07-17,6:56,52.7,N to F,
M-142,2002-07-19,19:26,47.5,N,
M-142,2002-11-08,8:54,56.1,F,
M-142,2002-11-17,6:01,53.7,N,
M-142,2002-11-28,6:20,49.8,N,
M-142,2002-12-10,6:47,45.2,N,
M-142,2002-12-14,18:51,51.4,N,
M-142,2002-12-22,7:07,53,F,
M-142,2002-12-25,6:43,51.4,N,
M-142,2003-01-06,7:05,50.9,N,
M-142,2003-03-20,6:16,54.5,N to F,
M-148,2000-10-12,6:19,21.8,N,
M-148,2000-10-16,18:50,21.6,N,
M-148,2000-12-09,18:27,28.2,N to F,
M-148,2000-12-10,18:26,28.1,N,
M-148,2001-09-07,18:34,45,N,
M-148,2001-09-15,18:45,51.8,F,
M-148,2001-09-27,17:45,47.1,N,
M-148,2001-10-05,18:30,47.6,N,
M-148,2001-10-17,18:10,45.2,N,
M-148,2001-10-28,6:56,49.8,F,F
M-148,2001-11-01,18:53,47.5,N,
M-148,2002-11-12,6:15,59.8,N to F,
M-148,2002-11-20,19:00,54.2,N,
M-148,2002-12-14,18:28,57.4,N to F,
M-148,2002-12-20,6:58,61.7,F,
M-148,2003-09-06,6:26,60.4,N to F,
M-148,2004-12-02,18:03,62.3,N,
M-148,2010-04-28,6:49,68.6,N to F,
M-151,2000-10-01,18:58,14.2,N,
M-151,2000-10-02,2:40,14.5,N,
M-151,2000-10-09,17:52,14.8,N,
M-151,2000-10-10,6:16,15,N,
M-151,2000-10-11,17:47,14.8,N,
M-151,2000-10-12,6:18,14.9,N,
M-151,2000-10-12,17:43,14.8,N,
M-151,2000-10-16,17:32,14.9,N,
M-151,2000-10-17,6:19,15.7,N,
M-151,2000-10-20,17:47,15.4,N,
M-151,2000-10-25,6:29,16.3,N,
M-151,2000-10-28,18:08,16.4,N,
M-151,2000-12-05,7:27,21.8,N,
M-151,2000-12-06,6:35,20.9,N,
M-155,2000-10-02,18:40,12.8,N,
M-155,2000-10-09,18:19,13.1,N,
M-155,2000-10-11,17:37,13.35,N,
M-155,2000-10-11,18:40,13.5,N,S
M-155,2000-10-12,18:09,13.1,N,
M-155,2000-10-12,18:53,13.5,N,S
M-155,2000-10-16,17:47,13.5,N,
M-155,2000-10-17,6:18,14,N,
M-155,2000-10-20,17:53,13.8,N,
M-155,2000-10-22,17:08,13.7,N,
M-155,2000-10-25,6:27,13.9,N,
M-155,2000-10-28,17:40,13.7,N,
M-155,2000-11-06,18:28,14.9,N,
M-155,2000-11-09,6:37,15.3,N,
M-155,2000-12-06,6:37,17.4,N,
M-155,2000-12-09,17:21,17.8,N,
M-155,2000-12-10,16:59,18.7,N,
M-155,2001-07-18,6:54,29.1,N,
M-155,2001-07-20,17:00,29.2,N,
M-155,2001-08-06,6:28,34.8,N to F,
M-155,2001-09-07,18:23,32,N,
M-155,2001-10-17,8:11,37.6,F,
M-155,2002-04-14,7:24,44.6,F,
M-155,2002-04-17,6:57,43.6,N,
M-155,2002-04-20,6:57,44.1,N,
M-155,2002-04-22,7:10,47.2,F,
M-155,2002-04-23,8:09,44.2,N to F,
M-155,2002-04-27,6:15,43.9,N,
M-155,2002-04-27,7:46,44.1,N,
M-155,2002-05-06,7:25,46,F,
M-155,2002-05-18,6:30,47.5,F,
M-155,2002-05-30,9:11,47.1,F,
M-155,2002-06-01,6:45,45.5,N to F,
M-155,2002-07-19,19:36,46.2,N,
M-155,2002-11-24,6:17,53.1,F,
M-155,2002-12-22,7:28,53.7,F,
M-155,2002-12-25,6:50,50.9,N to F,
M-155,2003-01-01,7:47,49.3,N,
M-155,2003-01-02,6:25,52,F,
M-155,2003-01-03,8:36,49.2,N,
M-155,2003-01-06,7:18,49.4,N,
M-155,2003-01-06,8:40,50,N,F
M-155,2003-08-25,6:30,51.7,N,
M-155,2003-09-17,7:15,52.7,N,
M-155,2003-10-09,6:26,56.6,N to F,
M-155,2003-11-06,6:21,60.8,B,
M-155,2004-12-02,18:19,58,N,
M-157,2000-10-02,2:59,12,N,
M-157,2000-10-06,18:18,12.7,N,
M-157,2000-10-09,17:48,12.6,N,
M-157,2000-10-11,17:22,12.3,N,
M-157,2000-10-12,6:18,12.9,N to F,
M-157,2000-10-16,17:26,12.6,N,
M-157,2000-10-17,6:24,13.5,N,
M-157,2000-10-20,17:46,13.1,N,
M-157,2000-10-22,17:21,13.4,N,
M-157,2000-10-25,6:27,13.7,N,
M-157,2000-10-28,17:22,13.5,N,
M-157,2000-11-06,17:28,14.1,N,
M-157,2000-11-09,6:38,15,N,
M-157,2000-12-04,6:43,16.9,N,
M-157,2000-12-05,6:59,17.1,N,
M-157,2000-12-09,17:23,16.9,N,
M-157,2000-12-10,17:01,17,N,
M-157,2001-08-16,6:23,33,N,
M-157,2001-08-25,18:52,30.7,N,
M-157,2001-09-15,18:54,35.1,N to F,
M-157,2001-09-17,6:32,35.5,F,
M-157,2001-10-28,6:46,38.7,F,F
M-157,2002-04-17,6:53,47.1,N to F,
M-157,2002-04-27,6:50,45.9,N,
M-157,2002-05-18,18:35,47.3,N,
M-157,2002-05-25,18:38,43,N,
M-157,2002-06-21,18:23,45.1,N,
M-157,2002-07-04,18:44,45.8,N,
M-157,2002-07-08,7:22,50.3,N to F,
M-157,2002-07-20,7:11,45.3,N,
M-157,2002-11-20,18:55,49.5,N,
M-157,2002-11-26,17:45,48.4,N,
M-157,2002-12-01,17:44,53.2,F,
M-157,2002-12-14,18:33,49.7,N,
M-157,2003-03-08,6:22,52,N,
M-158,2000-10-02,2:42,11.4,N,
M-158,2000-10-06,18:20,12,N,
M-158,2000-10-09,17:51,11.7,N,
M-158,2000-10-11,17:17,11.7,N,
M-158,2000-10-12,6:22,12.2,N to F,
M-158,2000-10-12,18:15,12,N,
M-158,2000-10-12,18:25,12.1,N,S
M-158,2000-10-16,17:30,12.2,N,
M-158,2000-10-17,6:29,12.8,N,
M-158,2000-10-20,17:46,12.5,N,
M-158,2000-10-22,17:08,12.6,N,
M-158,2000-10-25,6:30,13.2,N,
M-158,2000-10-28,17:12,12.6,N,
M-158,2000-11-06,17:24,13.5,N,
M-158,2000-11-09,6:36,14,N,
M-158,2000-12-04,6:44,16.3,N,
M-158,2000-12-05,7:04,16.5,N,
M-158,2000-12-06,6:46,16.5,N,
M-158,2001-07-17,18:43,29,N,
M-158,2001-07-20,18:15,29.3,N,
M-158,2001-07-27,19:03,31.7,N,
M-158,2001-07-28,18:57,30.9,N,
M-158,2001-07-29,17:34,31,N,
M-158,2001-08-05,18:40,34.7,N,
M-158,2001-08-16,6:21,36.1,N to F,
M-158,2001-08-19,18:09,33.3,N,
M-158,2001-09-07,19:25,33.3,N,
M-158,2001-09-12,7:20,34.1,N,
M-158,2001-09-15,18:47,37.2,F,
M-158,2001-09-17,6:31,37.5,F,
M-158,2001-09-19,9:46,35.8,N to F,
M-158,2001-09-23,7:49,37.2,F,
M-158,2001-10-28,6:39,38.8,F to B,F
M-158,2001-11-02,9:21,36.1,N to F,
M-158,2001-11-02,10:05,36.5,N to F,F
M-158,2002-04-02,7:11,42.1,N to F,
M-158,2002-04-12,6:42,41.2,N,
M-158,2002-04-14,7:29,43.5,F,
M-158,2002-04-21,9:00,47.1,F,
M-158,2002-04-26,6:23,42.9,N,
M-158,2002-04-27,6:48,41.5,N,
M-158,2002-05-08,6:59,43.3,N,
M-158,2002-06-21,18:45,42.8,N,
M-158,2002-07-18,6:48,45.6,F,
M-158,2002-11-08,8:50,52.6,F to B,F
M-158,2002-11-24,6:16,47.2,N to F,
M-158,2002-11-25,16:54,43.9,N,
M-158,2002-12-11,6:01,46.2,F,
M-158,2002-12-13,6:37,47.7,F,
M-158,2002-12-20,6:58,52.6,F to B,
M-158,2002-12-22,7:27,50,F,
M-158,2002-12-25,7:17,50.8,F,
M-158,2003-01-06,7:03,47.3,N to F,
M-158,2003-03-07,19:10,47.5,F,
M-158,2003-09-03,7:10,51.3,F,
M-158,2003-09-05,6:37,51.3,N to F,
M-158,2003-09-08,18:46,50.5,N,
M-158,2004-04-12,6:40,55.6,F,
M-158,2004-06-26,7:14,52.7,N,
M-158,2004-10-13,8:37,54.2,N,
M-158,2004-11-16,6:46,60.3,F to B,
M-158,2004-11-26,7:26,54.9,N to F,
M-158,2004-12-22,7:31,52.7,N,
M-158,2005-01-10,17:39,57.4,F,
M-158,2005-06-24,6:32,51.2,N,
M-158,2005-08-18,18:25,60.3,F to B,
M-158,2005-09-18,7:24,56.6,N to F,
M-158,2006-03-15,7:56,55,N,
M-158,2006-03-28,7:00,52.7,N,
M-158,2006-03-29,9:44,55.6,N to F,
M-158,2006-04-10,7:04,51.4,N,
M-158,2006-08-26,18:50,52.7,N,
M-158,2007-07-02,7:02,54.3,N,
M-158,2007-12-24,6:42,65.3,B,
M-158,2008-02-04,6:48,54.8,N to F,
M-158,2008-04-13,6:40,58.3,F,
M-158,2008-10-18,6:35,55.6,N,
M-158,2008-10-25,8:11,54.4,N,
M-158,2008-11-25,8:09,55.8,F,
M-158,2008-11-29,7:13,63.8,B,
M-158,2008-12-05,7:33,63.9,F to B,
M-158,2009-06-01,9:29,54.6,N,
M-158,2009-06-18,7:00,54.3,N,
M-158,2009-07-25,7:53,53.4,N,
M-158,2009-07-29,6:36,62.4,F,
M-158,2010-10-25,6:36,64.2,F,
M-158,2013-02-14,10:39,57.1,F,
M-158,2013-02-22,8:37,56.7,F,
M-160,2000-12-09,17:47,12.2,N,
M-160,2000-12-10,18:18,12.2,N,
M-163,2001-08-25,19:10,23.6,N,
M-163,2001-10-05,18:02,26.6,N,
M-163,2001-10-09,19:08,26.4,N,
M-163,2001-10-28,7:10,29.6,F,F
M-163,2001-10-31,17:31,28.6,N,
M-166,2001-07-22,18:19,18.4,N,
M-166,2001-07-27,18:57,18.5,N,
M-166,2001-07-29,18:19,18.4,N,
M-166,2001-08-05,18:19,20.1,N,
M-166,2001-08-12,18:34,20.2,N,
M-166,2001-08-19,18:42,20.6,N,
M-166,2001-08-25,18:54,21.3,N,S
M-166,2001-09-23,18:33,23.5,N,
M-166,2001-09-27,18:05,24,N,
M-166,2001-09-28,17:18,23.3,N,
M-166,2001-10-02,17:40,25.6,N to F,
M-166,2001-10-05,17:48,24.6,N,
M-166,2001-10-28,7:09,28.6,F,F
M-166,2001-11-01,17:19,26.5,N,
M-166,2001-11-12,17:52,26.3,N,
M-166,2002-04-04,0:00,23.5,dead,
M-167,2001-08-05,18:08,18.7,N,
M-167,2001-09-09,10:39,19.8,N,
M-167,2001-09-23,18:23,21.1,N,
M-167,2001-09-27,17:58,21.4,N,
M-167,2001-10-02,19:03,22.6,N,
M-167,2001-10-05,17:56,22.6,N,
M-167,2001-10-11,6:21,23.5,N,
M-167,2001-10-28,8:39,27.2,F to B,F
M-167,2001-11-01,17:16,23.4,N,
M-167,2002-04-07,7:16,34.5,N,
M-167,2002-04-27,8:07,37.1,N,
M-167,2002-05-14,6:49,36.7,N,
M-167,2002-05-18,7:25,42.2,B,
M-167,2002-05-25,17:47,35.6,N,
M-167,2002-06-01,6:37,37.9,N,
M-167,2002-06-06,6:52,39.9,N to F,
M-167,2002-07-08,8:50,43.7,F,
M-167,2002-07-18,7:04,40.8,F,
M-170,2001-08-05,18:08,11.9,N,
M-170,2001-08-12,18:15,11.7,N,
M-170,2001-08-19,18:49,11.7,N,
M-170,2001-08-30,19:08,11.1,N,
M-170,2001-09-12,7:52,12.7,N,S
M-170,2001-09-23,18:10,13.6,N,
M-170,2001-09-27,18:18,13.6,N,
M-170,2001-09-28,17:59,13.3,N,
M-170,2001-10-02,17:37,13.8,N,
M-170,2001-10-05,18:17,14.3,N,
M-170,2001-10-09,17:58,13.8,N,
M-170,2001-10-13,18:15,14.6,N,
M-170,2001-10-28,8:29,15.9,F,F
M-170,2001-11-01,17:12,16,F,S
M-170,2001-11-08,17:57,15.3,N,
M-170,2001-11-12,17:55,15.2,N,
M-170,2002-04-02,17:26,23.8,N,
M-170,2002-04-07,7:19,24.2,N,
M-170,2002-04-17,18:12,26.2,N,
M-170,2002-04-20,19:00,25.3,N,
M-170,2002-04-26,6:44,26.5,N,
M-170,2002-04-27,7:02,26,N,
M-170,2002-05-06,7:34,26,N,
M-170,2002-05-08,7:41,26,N,
M-170,2002-05-14,6:47,26.3,N,
M-170,2002-06-21,17:45,27.1,N,
M-170,2002-07-08,9:26,31.8,F,
M-170,2002-07-17,6:55,28.5,N,
M-170,2002-11-28,6:22,31.6,N,
M-170,2002-12-01,18:54,34.8,F to B,
M-170,2002-12-10,8:11,34.7,N to F,
M-170,2002-12-22,6:20,30.5,N,
M-170,2003-03-26,18:22,37.7,N,
M-171,2001-09-12,7:47,12.1,N,S
M-171,2001-09-23,18:19,12.3,N,
M-171,2001-09-27,18:14,12.6,N,
M-171,2001-09-28,17:55,12.3,N,
M-171,2001-10-05,18:21,12.5,N,
M-171,2001-10-09,18:25,12.4,N,
M-171,2001-10-11,6:22,13.5,N,
M-171,2001-10-13,18:20,13.1,N,
M-171,2001-10-28,8:42,14.7,F,F
M-171,2001-11-01,17:14,14.5,N,S
M-171,2001-11-08,18:00,14.3,N,
M-171,2001-11-12,17:58,13.8,N,
M-171,2002-04-27,6:17,24.9,N,
M-171,2002-05-06,7:32,23.9,N,
M-171,2002-05-14,6:59,24.1,N,
M-171,2002-06-06,7:02,20.6,N to T,
M-172,2001-07-27,18:22,9.6,N,
M-172,2001-07-28,19:02,9.7,N,
M-172,2001-07-29,17:34,9.7,N,
M-172,2001-08-05,17:49,10,N,
M-172,2001-08-07,18:16,10.4,N,
M-172,2001-09-12,7:51,13.3,N,
M-172,2001-09-23,7:20,13.9,N,
M-172,2001-09-23,18:16,14.3,N,
M-172,2001-09-27,18:28,14.5,N,
M-172,2001-09-28,18:19,14.5,N,
M-172,2001-10-05,18:15,15.4,N,
M-172,2001-10-09,18:10,15.5,N,
M-172,2001-10-13,18:20,15.7,N,
M-172,2001-11-01,18:03,16.5,N,
M-172,2001-11-08,18:02,16.9,N,
M-172,2001-11-12,17:53,16.8,N,
M-173,2001-07-29,18:10,9.1,N,
M-173,2001-08-05,18:10,9.3,N,
M-173,2001-08-07,18:23,9.1,N,
M-173,2001-08-12,18:05,9.6,N,
M-173,2001-08-30,17:53,10.5,N,
M-173,2001-09-12,7:44,11,N,
M-173,2001-09-15,17:38,11.3,N,
M-173,2001-09-27,17:56,11.7,N,
M-173,2001-09-28,17:17,11.6,N,
M-173,2001-10-02,17:39,11.7,N,
M-173,2001-10-05,18:14,12,N,
M-173,2001-10-09,17:58,11.3,N,
M-173,2001-10-11,6:20,12.7,N to F,
M-173,2001-10-13,18:21,13.1,N,
M-173,2001-10-25,17:38,12.8,N,
M-173,2001-10-29,17:21,13.1,N,
M-173,2001-10-31,17:43,12.7,N,
M-173,2001-11-01,18:38,12.2,N,
M-173,2001-11-27,6:20,12.5,N,
M-173,2002-04-05,6:31,26.4,F,
M-173,2002-04-12,6:40,22.2,N,
M-173,2002-04-14,6:36,23.1,N,
M-173,2002-04-17,18:07,23.6,N,
M-173,2002-04-19,18:42,22.8,N,
M-173,2002-04-21,8:59,25.4,N to F,
M-173,2002-05-08,6:26,25.6,N,
M-173,2002-06-02,18:50,25.1,N,
M-173,2002-06-06,10:08,26.4,N,
M-173,2002-06-12,18:37,32,F,
M-173,2002-06-22,8:04,28.5,N,
M-173,2002-07-04,18:48,27,N,
M-174,2001-08-05,18:35,9.4,N,
M-174,2001-08-07,18:32,9.3,N,
M-174,2001-10-13,18:50,12.6,N,
M-174,2001-10-31,17:45,13.2,N,
M-174,2001-11-01,18:45,13,N,
M-174,2001-11-27,6:23,13.1,N,
M-174,2002-04-14,6:59,23.7,N,
M-174,2002-04-17,18:08,23.2,N,
M-174,2002-04-19,18:45,23,N,
M-174,2002-04-21,9:02,25.4,N to F,
M-174,2002-05-08,6:26,25.2,N,
M-174,2002-06-02,18:31,24.3,N,
M-174,2002-06-06,10:09,25.8,N,
M-174,2002-06-22,8:06,28.1,N,
M-174,2002-07-04,18:49,27.8,N,
M-174,2002-11-09,6:55,29.7,F,
M-174,2002-12-01,0:00,32.9,B,
M-174,2002-12-25,6:30,35.3,F,
M-174,2002-12-29,6:24,34.6,N,
M-174,2003-01-01,7:57,36.6,F,
M-174,2003-03-26,17:51,38.7,N to F,
M-174,2003-09-03,6:57,41,F,
M-174,2003-09-17,7:46,40.6,N,
M-174,2003-09-20,6:45,43.5,N,
M-174,2003-10-09,6:27,46,N,
M-174,2004-04-15,7:11,52.5,F,
M-174,2004-04-27,9:12,54.9,B,
M-174,2004-05-29,6:46,51.5,N,
M-174,2004-10-14,7:08,56.2,F,
M-175,2001-10-09,18:52,10.1,N,
M-175,2001-10-12,6:15,10.8,N,
M-175,2001-10-26,6:34,11.4,N,
M-175,2001-10-31,18:07,11.2,N,
M-175,2001-11-01,18:40,11.4,N,
M-175,2001-11-12,18:20,11.5,N,
M-175,2001-11-21,17:16,11.3,N,
M-175,2001-11-26,6:43,12.1,N,
M-175,2001-11-27,6:32,12,N,
M-175,2002-04-09,9:51,23.6,dead,
M-176,2001-09-28,17:43,10.3,N,
M-176,2001-10-02,18:02,10.8,N,
M-176,2001-10-05,18:19,11.4,N,
M-176,2001-10-09,18:03,10.9,N,
M-176,2001-10-11,6:34,11.4,N,
M-176,2001-10-12,6:13,11.6,N,
M-176,2001-10-13,18:31,11.9,N,S
M-176,2001-10-26,6:22,12.3,N,
M-176,2001-10-31,17:52,12.2,N,
M-176,2001-11-01,18:40,12.2,N,
M-176,2001-11-08,18:33,12.6,N,
M-176,2001-11-12,18:15,12.6,N,
M-176,2001-11-21,17:04,11.9,N,
M-176,2001-11-26,6:41,12.9,N,
M-176,2001-11-27,6:27,12.8,N,
M-176,2001-12-02,17:26,12.4,N,
M-176,2002-04-02,17:37,25.1,N to F,
M-176,2002-04-07,7:22,26.1,F,
M-176,2002-04-09,6:29,26.3,N to F,
M-176,2002-04-12,6:43,26.8,N to F,
M-176,2002-04-14,6:24,26.3,N,
M-176,2002-04-17,18:14,27.9,N to F,
M-176,2002-04-20,6:42,28.3,N to F,
M-176,2002-04-20,18:55,27.2,N,
M-176,2002-04-22,6:30,29.6,F,
M-176,2002-04-27,8:13,28.6,N,
M-176,2002-05-21,6:39,31.3,N,
M-176,2002-06-01,6:36,32.4,N to F,
M-176,2002-06-21,18:09,33.1,N,
M-176,2002-07-04,18:53,33.7,N,
M-176,2002-07-08,9:25,33.5,N to F,
M-176,2002-07-18,7:11,31.4,N,
M-176,2002-07-20,7:12,30.6,N,
M-176,2002-11-08,7:42,39.1,F,
M-177,2001-10-09,18:55,11.6,N,
M-177,2001-10-11,6:46,12.6,N to F,
M-177,2001-10-12,6:14,12.5,N,
M-177,2001-10-13,18:17,12.6,N,
M-177,2001-10-26,6:19,13.6,N,
M-177,2001-10-31,18:04,14.2,N,
M-177,2001-11-01,18:48,14.2,N,
M-177,2001-11-12,18:33,14.4,N,
M-177,2001-11-21,17:06,14.5,N,
M-177,2001-11-27,6:37,14.6,N,
M-178,2002-12-25,7:23,32.2,N,
M-178,2003-01-06,7:10,32.7,N,
M-178,2003-01-06,8:41,33.2,N,F
M-178,2003-03-08,6:22,37.7,N,
M-179,2002-04-20,19:03,13.2,N,
M-179,2002-07-20,18:53,18.8,N,
M-179,2002-11-08,7:53,26.6,N to F,
M-179,2002-12-10,7:46,27.2,N,
M-179,2002-12-22,7:29,29,F,
M-179,2002-12-25,7:26,29.5,N to F,
M-179,2003-01-06,8:51,29.1,N,
M-179,2003-03-06,6:19,33.5,N,
M-179,2003-03-08,6:24,33.5,N,
M-179,2003-03-20,6:25,34.9,N to F,
M-179,2003-03-29,11:13,38.9,N to F,
M-181,2002-05-18,18:36,11.1,N,
M-181,2002-05-21,6:45,11,N,
M-181,2002-06-06,7:28,12.9,F,
M-181,2002-06-21,17:45,14.9,N,S
M-181,2002-07-14,18:37,16.2,N,
M-181,2002-11-09,6:57,19.8,N,
M-181,2002-11-12,6:36,20.5,N,
M-181,2002-11-18,7:55,21.4,N,S
M-181,2002-11-20,17:49,20.8,N,
M-181,2002-11-20,18:58,21.6,N,S
M-181,2002-11-24,7:48,23.5,F,
M-181,2002-11-25,16:55,22.1,N,
M-181,2002-11-26,17:17,22.1,N,
M-181,2002-11-28,6:28,24,N,
M-181,2002-12-01,18:05,23.2,N,
M-181,2002-12-10,7:52,24.4,N,
M-181,2002-12-14,18:58,24.6,N,
M-181,2002-12-18,18:16,23.9,N,
M-181,2002-12-20,10:11,23.6,N,
M-181,2002-12-21,18:05,25.1,N,
M-181,2002-12-22,7:47,25,N to F,
M-181,2002-12-25,7:24,29.5,F,
M-181,2002-12-29,6:26,25.4,N,
M-181,2002-12-31,17:21,24.5,N,
M-181,2003-01-06,9:17,26.5,N,
M-181,2003-01-13,17:47,26.8,N,
M-181,2003-01-17,18:59,28.3,N to F,
M-181,2003-02-05,18:10,29.3,N,
M-181,2003-03-29,18:49,32.6,N to F,
M-181,2003-03-30,12:05,37.5,B,F
M-181,2003-09-05,6:59,38.5,N,
M-181,2003-09-20,7:21,40.2,N,
M-181,2003-10-09,6:31,42.2,N,
M-181,2003-11-03,6:26,38.1,N,
M-181,2003-11-06,6:22,41.6,N,
M-181,2004-04-27,9:11,49.6,F,
M-181,2004-05-09,18:43,50,N,
M-181,2004-05-20,7:22,48.9,N,
M-181,2005-06-27,18:38,52,N,
M-181,2005-08-24,6:54,53.4,N,
M-181,2006-09-25,18:52,58.7,F,
M-181,2007-12-24,7:23,56.4,N,
M-181,2008-02-04,6:49,52.6,N,
M-181,2008-03-21,8:49,53.4,N,
M-181,2008-04-18,7:27,52.4,N to T,
M-181,2008-10-29,7:37,59.1,F,
M-181,2008-11-14,8:26,55,N,
M-181,2010-03-19,6:35,55,N,
M-184,2002-12-22,6:31,20.9,N,
M-184,2002-12-25,7:20,21.9,N to F,
M-184,2002-12-29,6:50,21.9,N,
M-184,2002-12-31,18:30,21.3,N,
M-184,2003-01-13,18:24,22.5,N,
M-184,2003-01-17,19:04,24.8,N to F,
M-184,2003-02-16,6:34,28.8,F,
M-184,2003-03-07,19:04,31.1,N to F,
M-184,2003-03-08,6:44,31,N to F,
M-184,2003-03-13,18:02,30,N,
M-184,2003-03-18,18:35,29.2,N,
M-184,2003-03-29,11:34,30,N,
M-185,2002-11-20,18:30,15,N,
M-185,2002-11-25,6:14,15.7,N,
M-185,2002-11-26,17:33,15.8,N,
M-185,2002-11-28,6:31,15.8,N,
M-185,2002-12-01,18:02,15.7,N,
M-185,2002-12-14,18:25,17.4,N,
M-185,2002-12-18,18:07,17.5,N,
M-185,2002-12-22,6:21,18.3,N,
M-185,2002-12-29,6:43,19.7,N,
M-185,2002-12-31,17:25,19.6,N,
M-185,2003-01-03,8:37,20.6,N,
M-185,2003-01-13,18:13,20.6,N,
M-185,2003-02-16,6:33,26.6,F,
M-185,2003-03-07,19:11,27.7,N to F,
M-185,2003-03-13,18:51,28,N,
M-185,2003-03-18,18:56,27.5,N,
M-185,2003-03-26,18:14,27.3,N,
M-185,2003-03-29,11:40,27,N,
M-188,2002-12-14,18:44,21.1,N,
M-188,2002-12-18,18:25,21,N,S
M-188,2002-12-22,6:51,20.9,N,
M-188,2002-12-29,6:35,22.2,N,
M-188,2002-12-31,17:19,21.9,N,
M-188,2003-01-03,8:42,23.2,N,
M-188,2003-01-13,18:30,23.4,N,
M-188,2003-01-17,19:06,24.6,N,
M-188,2003-02-05,18:23,26.8,N,
M-188,2003-02-15,18:59,28.3,N to F,
M-188,2003-03-08,7:34,28.9,N,S
M-188,2003-03-18,18:13,28.4,N,
M-188,2003-03-26,17:49,30.1,N,
M-188,2003-08-25,18:22,37.5,N,
M-188,2003-09-20,6:41,40.5,N,
M-188,2003-10-09,18:35,41,N,
M-188,2004-06-06,18:37,51.1,N,
M-188,2006-03-25,6:41,53.3,N,
M-188,2007-05-20,7:53,54.8,N,
M-191,2002-12-22,6:23,15.8,N,
M-191,2002-12-25,6:28,15,N,
M-191,2002-12-29,6:27,15.8,N,
M-191,2002-12-31,17:21,16.1,N,
M-191,2003-01-03,8:44,16.5,N,
M-191,2003-01-13,17:50,17.8,N,
M-191,2003-01-17,18:59,18.5,N,
M-191,2003-02-05,18:14,20.7,F,S
M-191,2003-02-15,19:03,21.3,N,
M-191,2003-03-08,6:44,23.1,N,
M-191,2003-03-13,17:34,23.5,N,
M-191,2003-03-18,18:30,23.5,N,
M-191,2003-03-26,17:57,24.1,N,
M-191,2003-08-07,18:15,28.7,N,
M-191,2003-08-09,6:26,29.6,N,
M-191,2003-08-21,18:44,29.2,N,
M-191,2003-09-08,18:40,28.4,N,
M-191,2003-09-12,18:40,29.1,N,
M-191,2003-09-20,6:40,31.6,N,
M-191,2003-10-09,6:25,33.6,N,
M-191,2004-04-15,7:10,46.4,F,F
M-191,2004-04-30,18:32,43,N,
M-191,2004-05-03,6:38,43.4,N,
M-191,2004-05-29,6:48,50.1,F,
M-191,2004-06-03,18:45,45.7,N,
M-191,2004-10-16,7:01,48.2,N,
M-191,2004-10-19,6:25,52.3,N,
M-191,2004-10-25,7:22,58.1,B,
M-191,2004-12-20,19:00,54.7,N,
M-193,2002-12-14,18:40,9.7,N,
M-193,2003-03-24,18:37,18.5,N,
M-193,2003-03-29,18:32,19.6,N to F,
M-193,2003-08-07,17:45,23.7,N,
M-193,2003-09-03,7:08,24.6,N to F,
M-193,2003-09-05,6:59,24.4,N,
M-193,2003-09-12,18:50,24.3,N,
M-193,2003-10-23,6:20,28.9,N,
M-193,2003-11-11,6:25,30.7,N,
M-193,2004-05-28,19:03,43.1,N,
M-193,2004-06-03,18:59,42.4,N,
M-193,2004-06-13,17:33,42.1,N,
M-193,2004-06-14,18:48,44.3,N to F,
M-193,2004-06-17,18:37,42,N,
M-193,2004-06-22,6:41,44.4,N to F,
M-193,2004-11-06,7:06,48.8,N to F,
M-193,2004-11-19,6:54,49.4,F,
M-193,2005-01-09,7:18,51.8,N to F,
M-193,2005-01-29,6:58,52.3,N to F,
M-194,2002-12-01,18:04,7.6,N,
M-194,2002-12-25,7:21,9.9,N,
M-194,2003-01-03,8:38,11.3,N,
M-194,2003-01-13,18:08,11.8,N,
M-194,2003-01-17,19:02,12.6,N,
M-194,2003-02-05,18:16,14.5,F,S
M-194,2003-02-15,19:06,15.7,N to F,S
M-194,2003-03-08,6:40,17.8,N to F,
M-194,2003-03-13,17:36,17.9,N,
M-194,2003-03-18,18:14,17.8,N,
M-194,2003-03-24,18:36,17.9,N,
M-194,2003-03-26,17:48,18.3,N,
M-194,2003-03-29,18:29,19.1,N to F,S
M-194,2003-08-07,17:43,22.7,N,
M-194,2003-08-14,18:51,24,N,
M-194,2003-08-21,17:55,23.2,N,
M-194,2003-08-25,18:51,23.6,N,S
M-194,2003-09-03,7:09,24.5,N to F,
M-194,2003-09-05,6:38,24.2,N,
M-194,2003-09-12,18:46,23.6,N,
M-194,2003-09-15,6:58,24.7,N,
M-194,2003-09-20,6:43,25.3,N,
M-194,2003-10-14,7:10,30.1,N,
M-194,2003-10-23,6:19,30,N,
M-194,2003-11-11,6:24,30.2,N,
M-194,2003-11-13,6:28,29.5,N,
M-194,2004-05-03,6:41,44.3,N to F,
M-194,2004-05-19,18:55,43,N to F,
M-194,2004-05-29,6:35,45.9,N to F,
M-194,2004-06-14,17:36,45.1,N,
M-194,2004-06-26,17:31,42.7,N,
M-194,2004-10-16,7:09,46.5,N,
M-194,2004-11-07,10:17,49.4,N to F,
M-194,2004-11-19,6:33,46.7,N,
M-194,2004-12-14,18:51,47.1,N,
M-194,2004-12-28,18:27,48.4,N,
M-194,2005-01-02,8:00,47.2,N,
M-194,2005-01-09,7:17,49,N to F,
M-194,2005-02-08,6:48,48.9,N to F,
M-194,2005-07-09,8:32,46.2,N,
M-194,2005-08-02,18:10,43.8,N,
M-194,2005-08-03,6:45,50.4,F,
M-194,2005-08-28,17:21,53.5,N to F,
M-194,2005-09-12,6:42,52.4,N,
M-194,2006-02-10,6:48,49.1,N,
M-194,2006-03-16,8:34,53,N,
M-194,2006-09-29,8:47,51.4,N,
M-194,2007-03-12,8:00,54,N to F,
M-194,2007-12-25,6:30,48,N,
M-194,2008-11-14,7:19,49.5,N,
M-194,2008-11-29,7:31,53.9,N to F,
M-194,2009-05-29,6:42,49.5,N,
M-194,2009-07-24,9:03,57.4,F,
M-194,2009-08-14,9:03,58.6,F,
M-200,2003-08-21,18:34,9.2,N,
M-200,2003-08-25,18:14,9.9,N,
M-200,2003-09-08,18:05,9.8,N to T,
M-200,2003-09-15,7:24,9.8,N,
M-200,2003-09-20,7:50,9.8,N,S
M-200,2003-10-09,18:48,13.3,N,S
M-200,2003-10-14,7:13,13.3,N,
M-200,2003-10-18,17:44,13.7,N,
M-201,2003-08-21,18:37,11.7,N,
M-201,2003-09-08,18:19,13.4,N,
M-201,2003-10-14,7:10,14,N,
M-201,2003-10-18,17:48,14.5,N,
M-201,2003-10-27,17:47,14.3,N,
M-201,2003-11-06,6:22,15.7,N,
M-201,2003-11-08,18:35,15.5,N,
M-201,2003-11-13,6:20,14.6,N,
M-201,2004-05-29,6:47,38.2,N,
M-201,2004-05-29,18:49,38.1,N,
M-201,2004-06-01,8:53,38.3,N,
M-201,2004-06-06,18:36,36.6,N,
M-201,2004-06-27,7:04,35.7,N,
M-201,2004-06-27,18:58,35.1,N,
M-201,2004-10-14,7:09,45.3,F,
M-201,2004-10-19,6:26,45.2,N,
M-201,2004-11-07,6:43,45.7,N to F,
M-201,2004-11-15,17:48,46.1,N,
M-201,2004-11-30,6:37,50.9,B,
M-201,2004-12-14,18:07,49.2,N,
M-201,2004-12-21,19:11,47.9,N,
M-201,2004-12-29,7:08,47.2,N,
M-201,2004-12-30,17:16,48.1,N,
M-201,2005-02-03,19:17,49.1,N,
M-201,2005-07-02,10:27,51.5,N,
M-201,2005-07-20,8:55,50.1,N,
M-201,2005-08-02,8:13,57.3,F,
M-201,2005-08-24,18:54,58.5,F,
M-201,2005-08-29,6:44,63.3,B,
M-201,2005-09-21,17:38,57.8,N to F,
M-201,2008-01-18,7:34,66,N to F,
M-201,2008-02-20,6:50,66.5,N to F,
M-201,2009-08-09,6:44,60,N,
M-202,2003-09-08,18:44,11.1,N,
M-202,2003-09-20,6:53,12.1,N,
M-202,2003-10-14,7:09,12.4,N,
M-202,2003-10-18,17:55,12.6,N,
M-202,2003-10-27,17:48,12.4,N,
M-202,2003-11-06,6:22,14.2,N,
M-202,2003-11-08,17:46,13.8,N,
M-203,2003-08-21,18:49,8.5,N,
M-203,2003-11-06,6:48,12.5,N,S
M-203,2003-11-08,18:02,12.2,N,
M-203,2003-11-13,6:27,12.5,N,
M-203,2003-11-17,18:11,12.3,N,
M-203,2004-05-29,7:23,36.4,F,
M-203,2004-06-14,18:31,34.6,N,
M-203,2004-10-16,7:04,42.7,N,
M-203,2004-11-04,7:11,44,N,
M-203,2004-11-06,6:56,44.4,N to F,
M-203,2004-11-07,6:41,46.4,F,
M-203,2004-12-14,18:06,46.3,N,
M-203,2004-12-20,17:54,45.8,N,
M-203,2005-01-02,6:26,46.5,N,
M-203,2005-02-03,19:18,48.7,N,
M-203,2005-02-08,7:09,50,F,
M-203,2005-02-12,19:20,47.4,N,
M-203,2005-06-23,6:32,50,F,
M-203,2006-01-30,19:03,53.8,N,
M-203,2006-02-10,6:50,53.4,N,
M-203,2006-03-26,7:24,54.9,N,
M-203,2006-08-30,6:35,50.7,N,
M-203,2006-09-21,6:27,57.3,F,
M-203,2008-10-17,7:44,61,N,
M-203,2008-10-28,7:07,61.4,N to F,
M-203,2008-11-12,10:50,62.2,N to F,
M-203,2008-11-28,7:17,63,F,
M-203,2009-07-21,7:50,57.3,N to F,
M-203,2011-01-03,8:07,59.8,N to F,
M-204,2003-08-21,18:49,7.4,N,
M-204,2003-09-20,6:53,8.5,N to F,
M-204,2003-10-09,18:58,10.5,N,S
M-204,2003-10-14,7:14,10.9,N,
M-204,2003-10-18,17:45,11.3,N,
M-204,2003-10-27,17:48,11.3,N,
M-204,2003-11-06,6:43,11.8,N,S
M-204,2003-11-08,17:45,11.4,N,
M-204,2003-11-13,6:24,11.8,N,
M-204,2003-11-17,18:29,10.9,N,
M-204,2004-05-09,18:44,29.7,N,
M-204,2004-05-19,6:35,31.9,N to F,
M-204,2004-06-03,18:14,30.5,N,
M-204,2004-06-14,18:09,31.4,N,
M-204,2004-06-17,18:43,30,N,
M-204,2004-06-27,6:49,31.3,N,
M-204,2004-06-27,18:43,31,N,
M-204,2004-10-16,17:59,39.3,N,
M-204,2004-10-25,7:23,44.8,F to B,
M-204,2004-11-15,18:03,40.6,N,
M-204,2004-12-08,18:26,42.5,N,
M-204,2004-12-14,18:07,42.6,N,
M-204,2005-01-19,6:50,44.7,N to F,
M-204,2005-02-03,19:21,48.1,N to F,
M-204,2005-02-08,7:07,50,F to B,
M-206,2004-06-01,8:58,29.9,N,
M-206,2004-06-03,18:57,29.4,N,
M-206,2004-06-14,17:34,28.6,N,
M-206,2004-06-28,6:38,27.7,N,
M-206,2004-10-16,6:29,34.3,N,
M-206,2004-11-04,7:07,37,N to F,
M-206,2004-11-15,18:23,36.3,N,
M-206,2004-11-19,6:32,37.3,N,
M-206,2004-12-08,18:25,38.2,N,
M-206,2004-12-14,18:25,39.8,N,
M-206,2005-01-21,18:34,40.6,N to F,
M-206,2005-09-15,6:37,50.4,N to F,
M-206,2006-09-22,18:01,51.1,N,
M-206,2009-05-29,6:46,50.7,N,
M-206,2010-04-30,6:50,50.6,N,
M-206,2010-05-17,7:16,48.7,N,
M-214,2005-01-09,7:22,38.8,N,
M-214,2005-06-20,6:38,44.9,N,
M-214,2005-06-27,18:39,43.4,N,
M-214,2005-08-24,18:58,46.1,N,
M-214,2009-05-29,6:45,51.2,N,
M-214,2009-08-14,6:41,61.4,F,
M-217,2004-11-28,6:30,23,N,
M-217,2004-11-30,18:04,24.7,N to F,
M-217,2004-12-02,18:24,24,N,S
M-217,2004-12-08,17:38,25.4,N,
M-217,2004-12-14,18:43,26,N,S
M-217,2004-12-20,17:35,25.1,N,
M-217,2004-12-21,19:09,27.8,N,S
M-218,2004-06-22,6:48,8.3,N,
M-218,2004-06-24,6:37,8.4,N,
M-218,2004-11-19,6:38,18.7,N,
M-218,2004-11-28,6:25,20.5,N,
M-218,2004-11-30,18:42,21.7,N to F,
M-218,2004-12-02,18:19,21.2,N,S
M-218,2004-12-08,17:42,22,N,
M-218,2004-12-14,18:58,23.4,N,S
M-218,2004-12-20,17:22,22.6,N,
M-218,2005-01-02,18:40,23.4,N,
M-218,2005-02-08,6:45,31.1,B,
M-220,2005-01-02,6:34,25.8,N to F,
M-220,2005-01-07,19:02,27.2,N to F,
M-220,2005-01-22,7:23,26,N,
M-220,2005-01-29,6:58,30.2,B,
M-220,2005-02-08,7:10,35.5,B,
M-228,2005-06-24,18:48,25.5,N,
M-228,2005-07-02,18:22,25.4,N,
M-228,2005-07-16,7:49,26.2,N,S
M-233,2005-06-23,6:36,19,N,
M-233,2005-06-24,18:46,18.8,N,
M-233,2005-08-05,18:39,17.1,N,
M-233,2005-08-31,18:48,19.7,N,
M-233,2005-09-13,18:29,21,N,
M-233,2005-09-21,18:43,21.9,N,
M-234,2005-06-27,18:43,13.5,N,
M-234,2005-07-02,18:21,13.4,N,
M-234,2005-07-16,6:35,14.4,N,
M-234,2005-08-05,18:46,15.9,N,S
M-234,2005-08-19,18:55,17.1,N,
M-234,2005-08-31,18:47,18.2,N,
M-234,2005-09-21,18:22,20.2,N,
M-235,2005-07-16,18:46,14,N,
M-235,2005-08-15,18:51,15,N,
M-235,2006-03-26,7:40,40.5,F,
M-235,2006-03-31,6:54,36.6,N to F,
M-236,2006-02-06,18:54,32.7,N,
M-236,2006-03-26,7:45,38.7,F,
M-236,2007-06-16,6:48,58.5,N,
M-237,2005-08-31,18:56,14.6,N,
M-237,2005-09-13,19:00,17.1,N,
M-237,2005-09-21,18:47,18.4,N,
M-239,2005-08-19,18:58,15.6,N,
M-239,2005-09-13,18:37,19.9,N,
M-239,2005-09-21,19:07,20.5,N,
M-240,2005-06-27,18:43,10.4,N,
M-240,2005-07-16,7:01,10.4,N,
M-240,2005-08-02,18:33,11,N,
M-240,2005-08-05,18:43,10.7,N,
M-240,2005-08-19,19:03,11.6,N,
M-240,2005-08-24,18:56,12.4,N,
M-240,2005-09-21,18:25,14.7,N,
M-240,2006-03-26,7:36,33.8,F,
M-240,2007-03-08,7:05,53,F,
M-240,2007-06-05,6:30,54,N,
M-240,2008-11-25,9:16,61.8,F,
M-240,2009-08-23,6:42,54.3,N,
M-240,2010-03-23,6:56,57.7,N to F,
M-240,2010-04-17,7:20,61.7,F,
M-242,2005-08-31,19:03,14.1,N,
M-242,2005-09-13,18:31,16.5,N,
M-242,2005-09-21,18:57,17.6,N,
M-242,2006-03-16,8:48,37.7,B,
M-242,2006-03-26,7:30,40.6,B,
M-243,2005-06-27,18:43,10.4,N,
M-243,2005-08-14,18:48,13.8,N,S
M-243,2005-08-18,19:00,13,N,
M-243,2005-08-31,18:55,14.6,N,
M-243,2005-09-21,19:02,18,N,
M-243,2006-02-16,6:32,35.7,N to F,
M-243,2006-03-16,8:38,37.5,F to B,
M-243,2006-03-31,6:52,36.9,F,
M-243,2007-05-12,6:51,61.8,F,
M-243,2007-06-01,6:35,55.1,N,
M-253,2006-09-20,18:41,17.8,N,
M-258,2006-09-20,18:27,7.5,N,
M-262,2006-09-23,18:34,12.3,N,
M-262,2006-09-28,18:17,12.9,N,
M-262,2007-02-22,6:40,26.3,N,S
M-262,2007-07-01,6:32,34.4,N,
M-262,2007-12-19,6:38,44.5,N,
M-262,2008-04-18,7:29,58.6,F,
M-262,2008-05-08,6:57,50.2,N,
M-262,2009-07-29,6:38,57.2,F,
M-262,2009-08-23,9:59,50.1,N,
M-262,2010-03-23,6:30,52.1,N,
M-262,2010-10-25,6:35,61.3,N to F,
M-264,2006-09-20,18:34,11.3,N,S
M-264,2006-09-23,18:25,10.8,N,
M-264,2006-09-28,18:09,11.2,N,
M-264,2007-06-30,6:34,31,N,
M-264,2007-12-19,6:44,41,N,
M-264,2008-02-20,6:52,44.7,N,
M-264,2008-05-08,6:33,47.2,N,
M-264,2008-05-10,6:25,49.6,N to F,
M-265,2006-09-28,18:40,9.7,N,
M-266,2006-09-23,18:27,9.2,N,S
M-266,2006-09-28,18:48,9.5,N,
M-266,2007-03-03,6:40,22.5,N to F,
M-266,2007-06-17,6:38,33.3,N,
M-266,2007-06-23,6:37,30.9,N,
E-086,1999-05-13,22:00,14.1,N,
E-088,1999-05-11,18:36,16.2,N,
E-088,1999-05-12,18:01,16.3,N,
E-088,1999-05-20,18:44,18.3,N to F,
E-088,1999-05-26,18:32,17.5,N,
E-110,2002-05-19,17:25,13.1,N,
E-110,2002-05-26,17:33,12.4,N,
E-110,2002-05-28,18:28,12.1,N,
E-110,2002-05-29,17:30,11.8,N to T,
E-110,2002-06-05,17:19,11.9,T,
E-110,2002-06-18,17:50,12.9,N to T,
E-113,2002-05-29,17:52,4.1,T,
E-113,2002-05-31,18:41,4.4,T,S
E-113,2002-06-05,18:30,4,T,
N-089,1998-10-06,18:11,23.9,N,
N-089,1998-10-07,4:21,24.9,N,
N-089,1998-10-08,1:53,25.2,F,
N-089,1998-10-09,4:08,25.3,N,
N-092,1998-10-06,20:54,12.2,N,
N-092,1998-10-07,0:26,12.6,N,F
N-092,1998-10-07,0:26,12.2,N,
N-092,1998-10-09,5:00,12.5,N,
